[
    {
        "appVersion": "1.0.1",
        "at": "2023-11-17 13:30:06",
        "content": "Hindi",
        "repliedAt": null,
        "replyContent": null,
        "reviewCreatedVersion": "1.0.1",
        "reviewId": "36d2192c-ac2c-4edd-8c4f-3bade9739ee2",
        "score": 5,
        "thumbsUpCount": 0,
        "userImage": "https://play-lh.googleusercontent.com/a/ACg8ocJLT-1AgelG18WBdeoyjMA49Wh3fsPv8VleTV8mVaWU=mo",
        "userName": "Jitendra Kumar"
    },
    {
        "appVersion": "1.0.1",
        "at": "2023-11-17 03:21:16",
        "content": "Super very nice exchange",
        "repliedAt": null,
        "replyContent": null,
        "reviewCreatedVersion": "1.0.1",
        "reviewId": "272239e7-e361-4b30-aa26-96a3c56db92e",
        "score": 5,
        "thumbsUpCount": 3,
        "userImage": "https://play-lh.googleusercontent.com/a-/ALV-UjWB8e5TJ6mcRNPv18bfaiLWczSfc2EenETLD9Vh9hg0tA",
        "userName": "Madhan C"
    },
    {
        "appVersion": "1.0.1",
        "at": "2023-11-16 23:31:19",
        "content": "Super,App is Nice working",
        "repliedAt": null,
        "replyContent": null,
        "reviewCreatedVersion": "1.0.1",
        "reviewId": "d3d45b3f-7486-48a5-b330-de1b661d6aa0",
        "score": 5,
        "thumbsUpCount": 2,
        "userImage": "https://play-lh.googleusercontent.com/a-/ALV-UjVR0DgyUflE7UYLOtbcMFMp2mp1aq0zS9Ln8Dt65LVz-tk",
        "userName": "Uma Sankar"
    },
    {
        "appVersion": "1.0.1",
        "at": "2023-11-16 07:49:27",
        "content": "I don't want to give single Star",
        "repliedAt": null,
        "replyContent": null,
        "reviewCreatedVersion": "1.0.1",
        "reviewId": "0d2c69c2-eb41-43cc-85f5-cf6cecb5b33a",
        "score": 1,
        "thumbsUpCount": 0,
        "userImage": "https://play-lh.googleusercontent.com/a-/ALV-UjWLY9X6vfyGY3D09aeReJrbzTvQels4Ix_H0VKNfZH0HGo",
        "userName": "PETER ALFONSH"
    },
    {
        "appVersion": "1.0.1",
        "at": "2023-10-25 06:06:56",
        "content": "So good app",
        "repliedAt": null,
        "replyContent": null,
        "reviewCreatedVersion": "1.0.1",
        "reviewId": "fd702b3c-599b-4e02-8c9c-527f7438c0a3",
        "score": 5,
        "thumbsUpCount": 0,
        "userImage": "https://play-lh.googleusercontent.com/a/ACg8ocLT3Vy7yjLgCqmekM31eo6HBqUkGnUuxKldA_dkiJl5=mo",
        "userName": "Rajbir Sharma"
    },
    {
        "appVersion": "1.0.1",
        "at": "2023-10-23 04:56:11",
        "content": "Atlantis Exchange is a big ecosystem crypto exchange that is about to take over the crypto space, iam not surprised that they have a made a unique easy-to-use app. It is worth paying for.",
        "repliedAt": null,
        "replyContent": null,
        "reviewCreatedVersion": "1.0.1",
        "reviewId": "0b5d9ae4-cc2c-433e-a6fd-6a554a950ec3",
        "score": 5,
        "thumbsUpCount": 14,
        "userImage": "https://play-lh.googleusercontent.com/a-/ALV-UjXSQm-0koehX7Z8NEBWfWyi06cnNFsPpgX2RGYWVyDG89s",
        "userName": "Mulindwa Ibrahim"
    },
    {
        "appVersion": null,
        "at": "2023-10-09 21:52:26",
        "content": "Is very good in exchanging",
        "repliedAt": null,
        "replyContent": null,
        "reviewCreatedVersion": null,
        "reviewId": "47e8c729-a19e-4ab2-9cd2-4cf8e0c86cbf",
        "score": 5,
        "thumbsUpCount": 0,
        "userImage": "https://play-lh.googleusercontent.com/a/ACg8ocKQynEgGJPxUwWbP2GcgAu9yXCFb1qUn56Q8P5IUiH3=mo",
        "userName": "Joseph NDUBUISI"
    },
    {
        "appVersion": null,
        "at": "2023-10-07 16:24:27",
        "content": "Best crypto/currency app ever, AtlantisCex ecosystem is big with it's cutting edge project that includes atlantischain,Atlantis pay Atlantis BAAS ,Atlantis metapay, Atlantis Exchanges(Global and US) ,Atlantis coins\u00ae and many more to come in the crypto verse we await Atlantis full functionity and capacity Cheers to the 2023 exchange and many yrs to come \ud83e\udd42\ud83d\ude80\ud83d\ude80\ud83d\ude80\ud83d\udcc8\ud83e\udd1d\ud83d\udcb0\u2714\ufe0f",
        "repliedAt": null,
        "replyContent": null,
        "reviewCreatedVersion": null,
        "reviewId": "aeb65c40-8f7e-4eb1-9c59-dc11be539073",
        "score": 5,
        "thumbsUpCount": 1,
        "userImage": "https://play-lh.googleusercontent.com/a-/ALV-UjWHSXGMxYf1RcUm_s4szAirIpGN8d9LGKSXIO9Bz9yECg",
        "userName": "Ronke David"
    },
    {
        "appVersion": "1.0.1",
        "at": "2023-10-03 23:28:57",
        "content": "Here's everything is simple nd square.I Love \ud83d\udc95 my Atlantis and our technical team. Congratulations to all Atlantis family",
        "repliedAt": null,
        "replyContent": null,
        "reviewCreatedVersion": "1.0.1",
        "reviewId": "29a9ef2a-26b6-4640-a238-8de9d16f1a2c",
        "score": 5,
        "thumbsUpCount": 5,
        "userImage": "https://play-lh.googleusercontent.com/a-/ALV-UjV1glBQuJXufM6D5C2Zwh7IWYcr5FnaXcdmeMCKSl2HqwM",
        "userName": "Gulab Singh"
    },
    {
        "appVersion": null,
        "at": "2023-09-22 01:43:43",
        "content": "Good",
        "repliedAt": null,
        "replyContent": null,
        "reviewCreatedVersion": null,
        "reviewId": "959128bb-a0a3-4e52-a556-cd6806f863be",
        "score": 4,
        "thumbsUpCount": 0,
        "userImage": "https://play-lh.googleusercontent.com/a/ACg8ocLR-jPKtEgsXEWfntPVYwHp7hThkhFZPOfPFm3BaYmO=mo",
        "userName": "ahmadah bwala77"
    },
    {
        "appVersion": "1.0.1",
        "at": "2023-09-17 12:23:38",
        "content": "Good \ud83d\udc4d",
        "repliedAt": null,
        "replyContent": null,
        "reviewCreatedVersion": "1.0.1",
        "reviewId": "7ff37153-8deb-4f8f-abef-b33b9cdeed1b",
        "score": 5,
        "thumbsUpCount": 0,
        "userImage": "https://play-lh.googleusercontent.com/a-/ALV-UjVf1G3dG6Cr0bG7hxSEp5wpT7lbSnBjpB3ZRcnUYCUFTw",
        "userName": "om Guru"
    },
    {
        "appVersion": "1.0.1",
        "at": "2023-09-12 15:03:38",
        "content": "Lovely app, very secure the otp verification to the email, so authentication, but I just phone number authentication too",
        "repliedAt": null,
        "replyContent": null,
        "reviewCreatedVersion": "1.0.1",
        "reviewId": "9d0c10e6-bf0b-4d53-a2ed-6f4ee9d5c96e",
        "score": 4,
        "thumbsUpCount": 20,
        "userImage": "https://play-lh.googleusercontent.com/a-/ALV-UjURimZpv68rzn0PEXrFGjpVByKOCRoFixQ1KMagaHNu_w",
        "userName": "John Dagogo Sanga"
    },
    {
        "appVersion": "1.0.1",
        "at": "2023-08-30 16:03:35",
        "content": "this is garbage it always telling me wrong password or email address this is trash I want my money back not even worth a half a star I want my money back",
        "repliedAt": null,
        "replyContent": null,
        "reviewCreatedVersion": "1.0.1",
        "reviewId": "e2e93ce2-38f5-4354-8060-c09f84790665",
        "score": 1,
        "thumbsUpCount": 2,
        "userImage": "https://play-lh.googleusercontent.com/a-/ALV-UjW4aNlcsmFpC9oHo6TTdua-CDjdhISxjoNDNmtw2sRo_w",
        "userName": "Carlton Thomas"
    },
    {
        "appVersion": null,
        "at": "2023-08-25 04:06:23",
        "content": "I think it's scam apps.you will get to buy any coin but won't sell.Few month ago I was ordered to sell babydoge but this sell order wouldn't be completed yet.",
        "repliedAt": null,
        "replyContent": null,
        "reviewCreatedVersion": null,
        "reviewId": "a1a5dc67-6e66-4940-860d-f875eb54c939",
        "score": 1,
        "thumbsUpCount": 8,
        "userImage": "https://play-lh.googleusercontent.com/a/ACg8ocKYImi0UQ7kib1-4LRbt7YLclLvCoJTtBFfgkhBBgrC=mo",
        "userName": "Abdus Satter"
    },
    {
        "appVersion": "1.0.1",
        "at": "2023-07-22 13:49:13",
        "content": "Good exchange ,very simply function in trading thanks",
        "repliedAt": null,
        "replyContent": null,
        "reviewCreatedVersion": "1.0.1",
        "reviewId": "fd6dac6c-eb43-4aeb-a913-e2fb78d1d318",
        "score": 5,
        "thumbsUpCount": 5,
        "userImage": "https://play-lh.googleusercontent.com/a-/ALV-UjWPlwbMJKNxgr5LtX92ze08siKJnG-K_NTDaCO7kdQXJ_Y",
        "userName": "Mayur jaiswal"
    },
    {
        "appVersion": "1.0.1",
        "at": "2023-06-27 15:39:17",
        "content": "Good",
        "repliedAt": null,
        "replyContent": null,
        "reviewCreatedVersion": "1.0.1",
        "reviewId": "9d5fff7a-9afb-4d03-b93c-a3d5c210f8db",
        "score": 5,
        "thumbsUpCount": 1,
        "userImage": "https://play-lh.googleusercontent.com/a-/ALV-UjWHu5ADAVmszR-hyLxFqaAerw_NSLsCOt04i-OXlbEUhJc",
        "userName": "SURESH KUMAR KUMAWAT"
    },
    {
        "appVersion": "1.0.1",
        "at": "2023-06-06 08:23:38",
        "content": "Excellent",
        "repliedAt": null,
        "replyContent": null,
        "reviewCreatedVersion": "1.0.1",
        "reviewId": "85a1baa5-21f5-41e5-8c33-b2a56b31ea0b",
        "score": 5,
        "thumbsUpCount": 1,
        "userImage": "https://play-lh.googleusercontent.com/a-/ALV-UjUTaruizRaYBoti5GUSNwmxtsLk1uiPjYv7P4O_L5Ab0Q",
        "userName": "abdul mufeeyath"
    },
    {
        "appVersion": "1.0.1",
        "at": "2023-06-05 08:49:20",
        "content": "App working best to never login issues but when given to withdraw by low fee and normal exchanger \ud83e\udda9\ud83e\udda5",
        "repliedAt": null,
        "replyContent": null,
        "reviewCreatedVersion": "1.0.1",
        "reviewId": "e7d11df0-c51c-4b97-8c8a-7a04cdf76374",
        "score": 5,
        "thumbsUpCount": 16,
        "userImage": "https://play-lh.googleusercontent.com/a-/ALV-UjUcZc2VFgqeWB7-17NgHMRA4sUe3hmcocxDhCTa43mkfw",
        "userName": "mahesh shinde"
    },
    {
        "appVersion": "1.0.1",
        "at": "2023-06-05 04:49:36",
        "content": "Orders are taking long and exchange crypto currency for one to another is not easy task,no money at all",
        "repliedAt": null,
        "replyContent": null,
        "reviewCreatedVersion": "1.0.1",
        "reviewId": "55af4e26-2550-407a-b7ca-591dc90819d0",
        "score": 3,
        "thumbsUpCount": 24,
        "userImage": "https://play-lh.googleusercontent.com/a-/ALV-UjUrzVttvhKhC1sr2zPd3BePziEymSM1V72i512mFemf",
        "userName": "Sam K Brown"
    },
    {
        "appVersion": "1.0.1",
        "at": "2023-05-28 11:51:33",
        "content": "Scam exchanges and trash app don't invest on this exchange and don't buy this app",
        "repliedAt": null,
        "replyContent": null,
        "reviewCreatedVersion": "1.0.1",
        "reviewId": "7eab1e9b-4473-4211-97f8-04667f7a7c93",
        "score": 1,
        "thumbsUpCount": 6,
        "userImage": "https://play-lh.googleusercontent.com/a/ACg8ocJPwPdXDZTDz_LRNka477MggnLJUC8Jxf7dcJ7LYtFF=mo",
        "userName": "Kusa Turiko"
    },
    {
        "appVersion": "1.0.1",
        "at": "2023-05-10 18:30:03",
        "content": "Ok. Fast But USDT DEPOSIT ADDRESS DID NOT SHOW",
        "repliedAt": null,
        "replyContent": null,
        "reviewCreatedVersion": "1.0.1",
        "reviewId": "88dce287-7dfa-4ecd-8b04-165b97abf628",
        "score": 4,
        "thumbsUpCount": 2,
        "userImage": "https://play-lh.googleusercontent.com/a-/ALV-UjUiFMgX4JH5R9M0jpmFdBgX555DX9Ah5Qc3Q3iG3FN5KA",
        "userName": "Manojit Chakraborty"
    },
    {
        "appVersion": "1.0.1",
        "at": "2023-05-10 06:51:58",
        "content": "Good project",
        "repliedAt": null,
        "replyContent": null,
        "reviewCreatedVersion": "1.0.1",
        "reviewId": "251e4f48-2746-411c-80a0-1546a341fe9f",
        "score": 5,
        "thumbsUpCount": 1,
        "userImage": "https://play-lh.googleusercontent.com/a/ACg8ocInd_uZcNGMxgjKJ9_Mzv_RwOALGOWJXh3kMmQnD76t=mo",
        "userName": "Ibrahim Abdullahi"
    },
    {
        "appVersion": "1.0.1",
        "at": "2023-05-07 22:22:39",
        "content": "Awesome experience by the APP. Thanks Atlantis Exchange.",
        "repliedAt": null,
        "replyContent": null,
        "reviewCreatedVersion": "1.0.1",
        "reviewId": "7001be5e-56e9-4c62-a1b9-f0316aa8df0f",
        "score": 5,
        "thumbsUpCount": 3,
        "userImage": "https://play-lh.googleusercontent.com/a-/ALV-UjVeYeORNWNVso4X7BsWFOCQJYvmA3r7gyIkSnGprp04b7Q",
        "userName": "Lokesh Chaudhary"
    },
    {
        "appVersion": "1.0.1",
        "at": "2023-05-06 04:26:21",
        "content": "Good",
        "repliedAt": null,
        "replyContent": null,
        "reviewCreatedVersion": "1.0.1",
        "reviewId": "fd864bd4-aa99-4df6-a947-31051e9648d3",
        "score": 5,
        "thumbsUpCount": 1,
        "userImage": "https://play-lh.googleusercontent.com/a-/ALV-UjVLjsjudKZiN9nbLEbYeHjD_BM-cPExk00LcYYc_9tk4w",
        "userName": "sandip bagchi"
    },
    {
        "appVersion": "1.0.1",
        "at": "2023-05-01 06:23:47",
        "content": "Easy TO use Any one....Nice Appp.",
        "repliedAt": null,
        "replyContent": null,
        "reviewCreatedVersion": "1.0.1",
        "reviewId": "16b685d0-6df3-43f0-9efb-cd57b6a25e16",
        "score": 5,
        "thumbsUpCount": 1,
        "userImage": "https://play-lh.googleusercontent.com/a/ACg8ocKecGqCYjjnAXyULv4gmhMTAxKwSWLBjj-KKVfnIMrJ=mo",
        "userName": "Siva Kumar"
    },
    {
        "appVersion": "1.0.1",
        "at": "2023-04-30 16:49:54",
        "content": "Just now I download the ATLANTIS APP. It is very nice & I am happy .",
        "repliedAt": null,
        "replyContent": null,
        "reviewCreatedVersion": "1.0.1",
        "reviewId": "6a8565a5-d429-4e10-a78b-f52f51f2e47d",
        "score": 5,
        "thumbsUpCount": 1,
        "userImage": "https://play-lh.googleusercontent.com/a/ACg8ocK8ehrSLK3n0W-h9jfOGKm76TqwyzX-dHKbyLYx91g-=mo",
        "userName": "Madhab Chandra Dev"
    },
    {
        "appVersion": "1.0.1",
        "at": "2023-04-29 15:18:12",
        "content": "My experience sir , is that I put my password and email the system pop up that my password format is invalid , but that is same information I use in browser . So now I don't know if I lost the money I paid for the app . But the out look of the app is fine.",
        "repliedAt": null,
        "replyContent": null,
        "reviewCreatedVersion": "1.0.1",
        "reviewId": "870124d7-1b2d-4e5a-a5f2-162a0ec0ab6e",
        "score": 1,
        "thumbsUpCount": 40,
        "userImage": "https://play-lh.googleusercontent.com/a-/ALV-UjUxrVnFLrlqaR_SolRGQT6HxCNi3nIBntr_Ocq0c1v20A",
        "userName": "Ignatius Ogugua"
    },
    {
        "appVersion": "1.0.1",
        "at": "2023-04-29 01:27:24",
        "content": "Smooth and very interesting app. Thanks to the developer.",
        "repliedAt": null,
        "replyContent": null,
        "reviewCreatedVersion": "1.0.1",
        "reviewId": "5a13a7ec-f991-451d-beaf-65a50f5a9de2",
        "score": 5,
        "thumbsUpCount": 3,
        "userImage": "https://play-lh.googleusercontent.com/a/ACg8ocIVK4QbypadZlIzs2_zew3e8CW29P85GtxnzQV5xbBL=mo",
        "userName": "Chinedu Nnah"
    },
    {
        "appVersion": "1.0.1",
        "at": "2023-04-28 07:38:36",
        "content": "Very simple and to me the best so far with solid security consciousness.",
        "repliedAt": "2023-03-26 06:45:41",
        "replyContent": "Hi,\nSorry about the inconvenience. Try clearing the cache or reinstalling the app. In case the issue still persists, kindly send the error screenshot to info@AtlantisCEX.org along with the contact details so that we check this.",
        "reviewCreatedVersion": "1.0.1",
        "reviewId": "790a67ab-cb7a-415d-9829-37be40f6824a",
        "score": 4,
        "thumbsUpCount": 17,
        "userImage": "https://play-lh.googleusercontent.com/a-/ALV-UjWCr5brahmIEov1hda13ikG6I8bd7MJQNm-zPGHhr6n8RI",
        "userName": "Noah Ajekiigbe"
    },
    {
        "appVersion": "1.0.1",
        "at": "2023-04-26 05:45:32",
        "content": "This App is so well prepared and easy to a new crypto user. It's so fast and clear",
        "repliedAt": null,
        "replyContent": null,
        "reviewCreatedVersion": "1.0.1",
        "reviewId": "bfa92cea-f46f-45f4-a705-8cde60e1fcbc",
        "score": 5,
        "thumbsUpCount": 3,
        "userImage": "https://play-lh.googleusercontent.com/a/ACg8ocK7WPZM7_ErCdWm8kptzq88JgxFXNPopq4Q5E_Mua1C=mo",
        "userName": "Khiba Khiba"
    },
    {
        "appVersion": "1.0.0",
        "at": "2023-04-25 11:52:57",
        "content": "Good",
        "repliedAt": null,
        "replyContent": null,
        "reviewCreatedVersion": "1.0.0",
        "reviewId": "c76533df-0f60-442e-ad00-596101d561b8",
        "score": 5,
        "thumbsUpCount": 0,
        "userImage": "https://play-lh.googleusercontent.com/a-/ALV-UjVYLQ4bBUfzX5jNc_4L5PhR6lAHM-rubzEyrUbDGYCKsB8",
        "userName": "Tijani Adesina"
    },
    {
        "appVersion": "1.0.1",
        "at": "2023-04-25 11:12:44",
        "content": "Future world exchange - you have account in Atlantis you billionaire",
        "repliedAt": null,
        "replyContent": null,
        "reviewCreatedVersion": "1.0.1",
        "reviewId": "c11264d7-c4bb-4273-aed2-5e86089a28f0",
        "score": 5,
        "thumbsUpCount": 1,
        "userImage": "https://play-lh.googleusercontent.com/a-/ALV-UjUFbFG4kHrVu7okrsYdD1116MxR7JW9REt6BM27uYUmSgs",
        "userName": "smsajid 12056"
    },
    {
        "appVersion": null,
        "at": "2023-04-23 17:13:55",
        "content": "Good project,I hope Atlantis exchange One of the largest exchanges in the world will be an exchange.I think it will dominate the world by becoming one of the biggest exchanges in the future\ud83e\udd11\ud83e\udd73",
        "repliedAt": null,
        "replyContent": null,
        "reviewCreatedVersion": null,
        "reviewId": "279ca670-df2e-4ce6-b8cd-febc88393d4d",
        "score": 5,
        "thumbsUpCount": 1,
        "userImage": "https://play-lh.googleusercontent.com/a-/ALV-UjW43JUuZemrIq_9AEnkL0KzB7nISUZMZ20KKPVD-TXyEFM",
        "userName": "Md Saiful islam"
    },
    {
        "appVersion": "1.0.1",
        "at": "2023-04-22 21:38:41",
        "content": "Nice",
        "repliedAt": null,
        "replyContent": null,
        "reviewCreatedVersion": "1.0.1",
        "reviewId": "e33cb0c1-9078-4833-a83a-3604ccf02b31",
        "score": 5,
        "thumbsUpCount": 1,
        "userImage": "https://play-lh.googleusercontent.com/a-/ALV-UjXOUZl7QZUBcxyHHpbvS7v6hB9UqIg6_Ghw2pS0X6WbYQY",
        "userName": "First higher yoga-2"
    },
    {
        "appVersion": "1.0.1",
        "at": "2023-04-22 07:20:21",
        "content": "The app is fake ,i can't imagine that a paid app won't work after purchasing it.is not like is a free app. I think this app is a scam. It should be free not sold.",
        "repliedAt": null,
        "replyContent": null,
        "reviewCreatedVersion": "1.0.1",
        "reviewId": "4bee50c6-a19b-4b2e-905e-66b69ba5e74f",
        "score": 1,
        "thumbsUpCount": 0,
        "userImage": "https://play-lh.googleusercontent.com/a-/ALV-UjXpSDm7NTe0q-ShenWOn6WF3rmo4XRjms5sMT23GodwVxOB",
        "userName": "dready wizzy"
    },
    {
        "appVersion": "1.0.1",
        "at": "2023-04-21 06:51:53",
        "content": "My app is not logging in, it's telling me something went wrong",
        "repliedAt": null,
        "replyContent": null,
        "reviewCreatedVersion": "1.0.1",
        "reviewId": "9b9c23fe-5f93-4ab5-8692-748ebd089b31",
        "score": 1,
        "thumbsUpCount": 6,
        "userImage": "https://play-lh.googleusercontent.com/a-/ALV-UjXL2MUcqnW2iz8uLU0d5m_qdCVgOu3hPLdIyQyBNIFI4Yg",
        "userName": "Dorcas James"
    },
    {
        "appVersion": "1.0.1",
        "at": "2023-04-21 04:03:05",
        "content": "Super",
        "repliedAt": null,
        "replyContent": null,
        "reviewCreatedVersion": "1.0.1",
        "reviewId": "da5574ea-3e0e-494d-977a-a7666e226ccf",
        "score": 5,
        "thumbsUpCount": 2,
        "userImage": "https://play-lh.googleusercontent.com/a-/ALV-UjV19vf7ncd6Fb5onk_yz-B5puZqILZ6CjqalMCsMVToofs",
        "userName": "Raja Raja"
    },
    {
        "appVersion": "1.0.1",
        "at": "2023-04-20 11:10:51",
        "content": "Hope AtlantisCEX will be the best and number one exchange in the world and would be user friendly and safest and no other airdrops have given this much treasure. Hope this Ac airdrops will make us rich. God bless you and team.",
        "repliedAt": null,
        "replyContent": null,
        "reviewCreatedVersion": "1.0.1",
        "reviewId": "a4dbfd4c-7477-446f-8759-2fcc68797ea8",
        "score": 5,
        "thumbsUpCount": 7,
        "userImage": "https://play-lh.googleusercontent.com/a-/ALV-UjX0Li_8AQUD28L6Wft31xaoIMIeGHFk7dli8ZJrNxKmrA",
        "userName": "Gladson Robert"
    },
    {
        "appVersion": "1.0.1",
        "at": "2023-04-20 06:03:10",
        "content": "This is so woow, thanks AtlantisCex for bringing app that it so different with others app that I used before \ud83d\udc4f\ud83d\udc4f\ud83d\udc4f\ud83d\udc4f\u2764\ufe0f\ud83d\udc95\u2764\ufe0f",
        "repliedAt": null,
        "replyContent": null,
        "reviewCreatedVersion": "1.0.1",
        "reviewId": "036b3cd6-ad7e-4b84-a75b-17f7de700187",
        "score": 5,
        "thumbsUpCount": 2,
        "userImage": "https://play-lh.googleusercontent.com/a-/ALV-UjWJZOIqgUrGDIrSNp2tgmZvVTjKDEN2MS6cxA1JXO4crw",
        "userName": "Luvhengo Emely Lidzebe"
    },
    {
        "appVersion": "1.0.1",
        "at": "2023-04-18 10:36:05",
        "content": "Nice app",
        "repliedAt": null,
        "replyContent": null,
        "reviewCreatedVersion": "1.0.1",
        "reviewId": "9b3bcd3d-9182-426d-8181-f7455e22a220",
        "score": 5,
        "thumbsUpCount": 1,
        "userImage": "https://play-lh.googleusercontent.com/a/ACg8ocJhkVfZYLRiMvBf9adOuiW7pHTdv2vPX62uSFCoQYcl=mo",
        "userName": "Mbah Collins chigozie"
    },
    {
        "appVersion": "1.0.1",
        "at": "2023-04-17 13:25:03",
        "content": "Good project app",
        "repliedAt": null,
        "replyContent": null,
        "reviewCreatedVersion": "1.0.1",
        "reviewId": "44c907a5-6c91-4362-8427-133716c1d71a",
        "score": 5,
        "thumbsUpCount": 2,
        "userImage": "https://play-lh.googleusercontent.com/a/ACg8ocJjZUdux1N5-qKFhqALDuO8FPGIUq5Y2wEUL8Ut1VuW=mo",
        "userName": "Muruganandam S"
    },
    {
        "appVersion": "1.0.1",
        "at": "2023-04-16 12:19:34",
        "content": "Simple to use",
        "repliedAt": null,
        "replyContent": null,
        "reviewCreatedVersion": "1.0.1",
        "reviewId": "1866a0a6-8c51-49a9-b0cb-2b9fff42c955",
        "score": 3,
        "thumbsUpCount": 0,
        "userImage": "https://play-lh.googleusercontent.com/a-/ALV-UjXS8NJ6td86_DLCtpTdPtnF_nj60mBkgou3_QHIe54Y2bYe",
        "userName": "#hpy World"
    },
    {
        "appVersion": "1.0.1",
        "at": "2023-04-16 05:09:12",
        "content": "Forever the BEST..",
        "repliedAt": null,
        "replyContent": null,
        "reviewCreatedVersion": "1.0.1",
        "reviewId": "cab19f58-3650-491f-82b6-13dc3dfd55b5",
        "score": 5,
        "thumbsUpCount": 1,
        "userImage": "https://play-lh.googleusercontent.com/a/ACg8ocKy3Om0y3jNAOSaBZ3vYy5hgUmT3w0Q42EI8mopyyLK=mo",
        "userName": "Benedict Bulus"
    },
    {
        "appVersion": "1.0.1",
        "at": "2023-04-08 02:21:47",
        "content": "Good",
        "repliedAt": null,
        "replyContent": null,
        "reviewCreatedVersion": "1.0.1",
        "reviewId": "1162b272-803f-481b-8bb0-ed9b58990f4d",
        "score": 5,
        "thumbsUpCount": 1,
        "userImage": "https://play-lh.googleusercontent.com/a-/ALV-UjVxWeDIai_rAW3k7ZkecbMmTPY1RCRv4KqTxClbXKzdssM",
        "userName": "Kailash Chandra Patra"
    },
    {
        "appVersion": "1.0.0",
        "at": "2023-03-26 15:06:42",
        "content": "The best app ever",
        "repliedAt": "2023-03-26 21:15:34",
        "replyContent": "Thanks for taking out time to rate us. It really helps us to keep going and delivering the best :)",
        "reviewCreatedVersion": "1.0.0",
        "reviewId": "509cea32-2bea-468c-8dad-4d8a5e440f20",
        "score": 5,
        "thumbsUpCount": 0,
        "userImage": "https://play-lh.googleusercontent.com/a/ACg8ocIebUjDCwiiCDOTIEO-vqZY7-Jo6vr_x8LlZoG8d0BN=mo",
        "userName": "Omoleye michael"
    },
    {
        "appVersion": null,
        "at": "2023-03-22 03:49:04",
        "content": "My experience has been very good. I'm growing bigger and bigger with the exchange each day. New enovations coming, new things coming, wow, it's been wonderful. I can't wait for the full operation to start.",
        "repliedAt": "2023-03-26 06:14:19",
        "replyContent": "Thank you for providing your valuable feedback and 5-start comments.\n\nPlease reach out to us at info@AtlantisCEX.org, if you have other suggestions.",
        "reviewCreatedVersion": null,
        "reviewId": "6e7bff58-9562-4534-b223-605e62a41981",
        "score": 5,
        "thumbsUpCount": 6,
        "userImage": "https://play-lh.googleusercontent.com/a/ACg8ocLHn7lSgGrTuw9golLTidbSns0kqINLPvvDdW7Kcan0=mo",
        "userName": "Herrings Siluonde"
    },
    {
        "appVersion": "1.0.0",
        "at": "2023-03-20 16:11:16",
        "content": "Splendid and intuitive app.....clean, clear and cool app for a disruptive crypto experience",
        "repliedAt": "2023-03-26 05:29:32",
        "replyContent": "Thanks for your 5-Star review!!!\n\nPlease recommend our AtlantisCEX DApp to your friends, and don\u2019t hesitate to shoot us a note at info@AtlantisCEX.org if you have any questions.\n\nEnjoy.",
        "reviewCreatedVersion": "1.0.0",
        "reviewId": "ffd90c49-115f-48bb-b1ff-717e57f3b608",
        "score": 5,
        "thumbsUpCount": 5,
        "userImage": "https://play-lh.googleusercontent.com/a/ACg8ocJjkE_RxPd1dt4NrcGu8LpfrGvgApVWhwK6i5HcyXfv=mo",
        "userName": "Oluwasheyi Onafuwa"
    },
    {
        "appVersion": "1.0.0",
        "at": "2023-03-19 10:57:55",
        "content": "Nice AtlantisCEX App's , I am happy to download, very easy useful exchange@. AtlantisCex Best Exchange in the world.... Wait & see...\ud83e\udd70\ud83e\udd70\ud83e\udd70\ud83e\udd70",
        "repliedAt": "2023-03-26 06:17:57",
        "replyContent": "Thank you for taking the time to write this 5-star review.\n\nYour kind words encourage us greatly.\n\nEnjoy.",
        "reviewCreatedVersion": "1.0.0",
        "reviewId": "13c66f4f-c973-4c37-a376-b7f05132affb",
        "score": 5,
        "thumbsUpCount": 5,
        "userImage": "https://play-lh.googleusercontent.com/a-/ALV-UjXXFEwzTNHTgQZ8jD0jG_HGv9awzwm4TRXJaZw9HBMsStM",
        "userName": "SEKH AKBAR ALI"
    },
    {
        "appVersion": "1.0.0",
        "at": "2023-03-16 03:11:33",
        "content": "Best Crypto App in the world",
        "repliedAt": "2023-03-26 06:19:00",
        "replyContent": "Thank you very much for your 5-star review!!!\n\nPlease feel free recommend our AtlantisCEX DApp to your friends, and don\u2019t hesitate to shoot us a note at info@AtlantisCEX.org if you have any questions.\n\nEnjoy.\n\n",
        "reviewCreatedVersion": "1.0.0",
        "reviewId": "9b808588-9222-43b8-aff6-d3988fe52a5f",
        "score": 5,
        "thumbsUpCount": 1,
        "userImage": "https://play-lh.googleusercontent.com/a/ACg8ocL7Gma_-igvLRbaiOf87C4-7eQZIGCnb1kcfXQku2KH=mo",
        "userName": "Bundubhai Sardar Hussain"
    },
    {
        "appVersion": null,
        "at": "2023-03-12 15:33:35",
        "content": "Nice App & Good Project",
        "repliedAt": "2023-03-26 06:27:05",
        "replyContent": "Hi, thanks for your support all along.\n\nWe will keep working to provide a good user experience.\n\nYou can follow us on Facebook and Twitter to get the latest information.\n\nEnjoy.",
        "reviewCreatedVersion": null,
        "reviewId": "b4fa8fb6-e599-4c53-a334-97b8c857a822",
        "score": 5,
        "thumbsUpCount": 1,
        "userImage": "https://play-lh.googleusercontent.com/a-/ALV-UjWlApsDPlJguottcbh7UWXNcnF3D-Aiv8_-e5x6ctpvRW4",
        "userName": "Surendra Miri"
    },
    {
        "appVersion": "1.0.0",
        "at": "2023-03-10 14:15:17",
        "content": "Very good exchanges",
        "repliedAt": "2023-03-26 06:28:03",
        "replyContent": "Hi, thanks for your support all along. We will keep working to provide a good user experience.\nYou can follow us on Facebook and Twitter to get the latest information.",
        "reviewCreatedVersion": "1.0.0",
        "reviewId": "1a490a91-70b7-4885-a48f-872fa54c5f7d",
        "score": 5,
        "thumbsUpCount": 2,
        "userImage": "https://play-lh.googleusercontent.com/a/ACg8ocIBlTMtGIhzzWv31b0COiCm754BGQ335VLH678v50h6=mo",
        "userName": "Goutam Samanta"
    },
    {
        "appVersion": "1.0.0",
        "at": "2023-03-07 16:20:42",
        "content": "Best exchange",
        "repliedAt": "2023-03-26 06:25:31",
        "replyContent": "Thank you very much for your 5-star review!!!\n\nEnjoy.",
        "reviewCreatedVersion": "1.0.0",
        "reviewId": "3710e7e3-6a43-45e6-8e49-eb1918758460",
        "score": 5,
        "thumbsUpCount": 0,
        "userImage": "https://play-lh.googleusercontent.com/a-/ALV-UjVAH8CuJ_G6-OwFJlTeqln7pW7Xy1iikjNmrY1ZqzvRaw",
        "userName": "Agaba Abian"
    },
    {
        "appVersion": "1.0.0",
        "at": "2023-03-06 17:09:45",
        "content": "Atlantis exchange app,is a top notch class one dapps,that going to disrupt other traditional exchange soon and taking a first place soonest,given it secured and better features",
        "repliedAt": "2023-03-26 06:26:11",
        "replyContent": "Thanks for your 5-Star comments!!!\n\nPlease feel free recommend our AtlantisCEX DApp to your friends, and don\u2019t hesitate to shoot us a note at info@AtlantisCEX.org if you have any questions or suggestions.\n\nEnjoy.\n\n",
        "reviewCreatedVersion": "1.0.0",
        "reviewId": "66288e63-e021-4236-8b6e-8b1d837ea61f",
        "score": 5,
        "thumbsUpCount": 9,
        "userImage": "https://play-lh.googleusercontent.com/a/ACg8ocL0yiphxcArh1pcaLyetpxAkXWYkiP6qjgIb1zxA-b-=mo",
        "userName": "Shola David"
    },
    {
        "appVersion": "1.0.0",
        "at": "2023-03-06 16:26:15",
        "content": "Congrats for the App. Its a step ahead. Keep it up.",
        "repliedAt": "2023-03-26 06:29:45",
        "replyContent": "Thanks for your comments!!!\n\nPlease don\u2019t hesitate to shoot us a note at info@AtlantisCEX.org if you have any questions or suggestions.\n\nEnjoy.\n\n",
        "reviewCreatedVersion": "1.0.0",
        "reviewId": "da9d011a-aedb-4b50-8c14-5d85b5833c5f",
        "score": 3,
        "thumbsUpCount": 17,
        "userImage": "https://play-lh.googleusercontent.com/a-/ALV-UjXwEjtte1FIG2i3xgucIJlpUjixwqZPXWl9WhpivVROwC0",
        "userName": "Mun Bryan"
    },
    {
        "appVersion": "1.0.0",
        "at": "2023-03-06 07:32:12",
        "content": "Very nice app",
        "repliedAt": "2023-03-26 06:30:26",
        "replyContent": "Hi, thank you very much for your 5-star feedback.\n\nPlease feel free recommend our AtlantisCEX DApp to your friends, and don\u2019t hesitate to shoot us a note at info@AtlantisCEX.org if you have any questions or suggestions.\n\nEnjoy.\n\n\n",
        "reviewCreatedVersion": "1.0.0",
        "reviewId": "7c8d5d91-1741-4652-b6d1-0354642dd5fe",
        "score": 5,
        "thumbsUpCount": 2,
        "userImage": "https://play-lh.googleusercontent.com/a/ACg8ocKf4Bx9XpNfwDrqBhHxkIQ0GNf5YN1Pbwjiq8QPv10z=mo",
        "userName": "Ashok Kumar"
    },
    {
        "appVersion": "1.0.0",
        "at": "2023-03-05 23:42:49",
        "content": "Great opportunity by Atlantis ex",
        "repliedAt": null,
        "replyContent": null,
        "reviewCreatedVersion": "1.0.0",
        "reviewId": "a8c7d0ba-c90b-402b-bb01-5805ff8f17fe",
        "score": 5,
        "thumbsUpCount": 1,
        "userImage": "https://play-lh.googleusercontent.com/a-/ALV-UjVSB8ww-WcRIEF6Hv0xVxZD45JKoz6qIV8eWhrp2QAJ0phx",
        "userName": "updesh sharma"
    },
    {
        "appVersion": "1.0.0",
        "at": "2023-03-05 01:32:21",
        "content": "Good jab please withdraw complete the work best wishes",
        "repliedAt": null,
        "replyContent": null,
        "reviewCreatedVersion": "1.0.0",
        "reviewId": "e16575a9-3341-438d-95fa-34926fec4728",
        "score": 5,
        "thumbsUpCount": 3,
        "userImage": "https://play-lh.googleusercontent.com/a-/ALV-UjXE_KjSOLnaUoAiMV6jk68UKdJz9vEnRdFzKugIdU8hIlw",
        "userName": "dharmu halagappa"
    },
    {
        "appVersion": "1.0.0",
        "at": "2023-03-03 22:57:47",
        "content": "The flight is about to take up",
        "repliedAt": null,
        "replyContent": null,
        "reviewCreatedVersion": "1.0.0",
        "reviewId": "11abf1e7-ff61-4e6c-9c81-791531f98c6f",
        "score": 5,
        "thumbsUpCount": 1,
        "userImage": "https://play-lh.googleusercontent.com/a/ACg8ocLORsnwzytis4HZj5utN-nQNF3r5crS3LOI4dY0uULp=mo",
        "userName": "Lameedon karaye"
    },
    {
        "appVersion": "1.0.0",
        "at": "2023-03-03 06:17:21",
        "content": "Boom",
        "repliedAt": null,
        "replyContent": null,
        "reviewCreatedVersion": "1.0.0",
        "reviewId": "4084adcb-9a60-4b86-b388-824e62047164",
        "score": 5,
        "thumbsUpCount": 4,
        "userImage": "https://play-lh.googleusercontent.com/a/ACg8ocJftMZ91fUnohbB0vcgyA_S6JCMVP3ap2IqAXuCkcqR=mo",
        "userName": "Vishal Nijhawan"
    },
    {
        "appVersion": "1.0.0",
        "at": "2023-03-01 12:24:49",
        "content": "Best Exchange ever in the Crypto Space \ud83d\ude80 Lot of Unique functions added to this exchange when compared to other traditional Exchange's. Atlantis Exchange Gonna Rock and Atlantis Coin will be the Game Changer. Atlantis Coin Inc is US licenced Lawful Crypto-Fiat Platform with Potential to Takeover the Crypto space over the years. aBTC will replace the Traditional BTC. ATC will be the main payment system on Atlantis Chain / Atlantis MetaPay, and Other Atlantis Products. #ATC #aBTC #AC #CUC \ud83d\ude80",
        "repliedAt": "2023-03-26 06:31:14",
        "replyContent": "Thanks for your 5-Star comments and steady support!!!\n\nPlease feel free recommend our AtlantisCEX DApp to your friends, and don\u2019t hesitate to shoot us a note at info@AtlantisCEX.org if you have any questions or suggestions.\n\nEnjoy.\n\n",
        "reviewCreatedVersion": "1.0.0",
        "reviewId": "08d48413-07d7-48d9-ad50-e21f169d78b5",
        "score": 5,
        "thumbsUpCount": 9,
        "userImage": "https://play-lh.googleusercontent.com/a-/ALV-UjUIhLWrUAquZBAxJT4rrSjyGyaz0oWv0b5LFZeLDRPeg4eV",
        "userName": "Ashok sha S"
    },
    {
        "appVersion": "1.0.0",
        "at": "2023-02-28 04:35:29",
        "content": "App nic",
        "repliedAt": "2023-03-26 06:40:43",
        "replyContent": "Thank you so much for your encouraging star ratings!\n",
        "reviewCreatedVersion": "1.0.0",
        "reviewId": "8f1b5db6-8dea-4233-82b9-4988140b9c9f",
        "score": 5,
        "thumbsUpCount": 3,
        "userImage": "https://play-lh.googleusercontent.com/a-/ALV-UjWKJktxdq83fJmi1ATh-sfjsK26jreBZwrAOQTeSvZ4bzk",
        "userName": "Marwari raipur de boys"
    },
    {
        "appVersion": "1.0.0",
        "at": "2023-02-28 02:57:28",
        "content": "Very nice \ud83d\ude42",
        "repliedAt": "2023-03-26 06:40:58",
        "replyContent": "Thank you for your review. Enjoy reading & keep supporting us :)\nIf you have any feedback or suggestion, you could write to us at info@AtlantisCEX.org. We would love to hear from you!",
        "reviewCreatedVersion": "1.0.0",
        "reviewId": "e5bbced7-6b42-4de6-99ca-1de2ca820017",
        "score": 5,
        "thumbsUpCount": 1,
        "userImage": "https://play-lh.googleusercontent.com/a/ACg8ocKXf6nyOP8JdZUG653EupYM8SbllIRUGBgrSqXOAW0=mo",
        "userName": "Prashanta Das"
    },
    {
        "appVersion": "1.0.0",
        "at": "2023-02-26 13:08:01",
        "content": "Simply Superb",
        "repliedAt": "2023-03-26 06:41:52",
        "replyContent": "It is delightful to hear such positive words and it\u2019s always a pleasure to serve our users.",
        "reviewCreatedVersion": "1.0.0",
        "reviewId": "9e340dd1-17ff-4441-80a9-8cc863542216",
        "score": 5,
        "thumbsUpCount": 8,
        "userImage": "https://play-lh.googleusercontent.com/a/ACg8ocLUa8cZCEQS9ZtxoujGWK0PvUpD0g8mUX2zS33_a9ea=mo",
        "userName": "LC Graphics"
    },
    {
        "appVersion": "1.0.0",
        "at": "2023-02-26 11:28:30",
        "content": "Congratulations to the Atlantis team. Great move! All the best.",
        "repliedAt": "2023-03-26 05:44:22",
        "replyContent": "Thank you for your review.\n\nEnjoy reading & keep supporting us :)\n\nIf you have any feedback or suggestion, you could write to us at\uff1a info@AtlantisCEX.org\n\nWe would love to hear from you!\n\n\n\n",
        "reviewCreatedVersion": "1.0.0",
        "reviewId": "efcabe30-8bc0-4dfe-9989-837703a51e9d",
        "score": 5,
        "thumbsUpCount": 5,
        "userImage": "https://play-lh.googleusercontent.com/a/ACg8ocJhUQZpOvAXByR02Oerr2ciz0vtW5hz8PvztpRba63e=mo",
        "userName": "Mukund Sharma"
    },
    {
        "appVersion": "1.0.0",
        "at": "2023-02-26 09:44:46",
        "content": "\u0b8e\u0bb2\u0bcd\u0bb2\u0bbe\u0bae\u0bc7 \u0ba8\u0ba9\u0bcd\u0bb1\u0bbe\u0b95 \u0b89\u0bb3\u0bcd\u0bb3\u0ba4\u0bc1.\u0b86\u0ba9\u0bbe\u0bb2\u0bcd \u0b87\u0ba4\u0bc1 \u0b8e\u0baa\u0bcd\u0baa\u0bcb\u0ba4\u0bc1 \u0b9a\u0bbe\u0ba4\u0bcd\u0ba4\u0bbf\u0baf\u0bae\u0bbe\u0b95\u0bc1\u0bae\u0bcd.\u0b87\u0ba4\u0bc8 \u0ba8\u0bae\u0bcd\u0baa\u0bbf\u0ba4\u0bcd\u0ba4\u0bbe\u0ba9\u0bcd \u0b8e\u0bb2\u0bcd\u0bb2\u0bcb\u0bb0\u0bc1\u0bae\u0bcd \u0b86\u0bb5\u0bb2\u0bbe\u0b95 \u0b95\u0bbe\u0ba4\u0bcd\u0ba4\u0bc1\u0b95\u0bcd\u0b95\u0bca\u0ba3\u0bcd\u0b9f\u0bc1\u0bb3\u0bcd\u0bb3\u0bbe\u0bb0\u0bcd\u0b95\u0bb3\u0bcd Ac Ac \u0ba9\u0bcd\u0ba9\u0bcd\u0ba9\u0bcd\u0ba9\u0bc1...",
        "repliedAt": "2023-03-26 05:49:55",
        "replyContent": "Thanks for your 5-Star review!\n\nPlease recommend our AtlantisCEX DApp to your friends, and don\u2019t hesitate to shoot us a note at info@AtlantisCEX.org if you have any questions.\n\nEnjoy.\n",
        "reviewCreatedVersion": "1.0.0",
        "reviewId": "045cb21b-f140-46a8-a427-fe82595157bf",
        "score": 5,
        "thumbsUpCount": 4,
        "userImage": "https://play-lh.googleusercontent.com/a-/ALV-UjVCfZhGXLJ0UexWuiw-AzGDkgPbhfaN2VTanROMpVJHUmg",
        "userName": "Kattumannarkoil Bala"
    },
    {
        "appVersion": "1.0.0",
        "at": "2023-02-26 09:30:56",
        "content": "Very simple to use \ud83e\udd1d user friendly \ud83d\udc4d its just beginning, in future lots of things coming soon \ud83e\udd73 congratulations to the ATLANTIS EXCHANGE GLOBAL TEAM \ud83d\udc4d",
        "repliedAt": "2023-03-26 05:54:54",
        "replyContent": "Thank you for your encouraging words and 5-start recommendations!!!\n\nIf you have any feedback or suggestion, you could write to us at\uff1a info@AtlantisCEX.org",
        "reviewCreatedVersion": "1.0.0",
        "reviewId": "e7fbbaf4-dad2-47a0-98fe-436d253c162c",
        "score": 5,
        "thumbsUpCount": 10,
        "userImage": "https://play-lh.googleusercontent.com/a-/ALV-UjUCvm5hBMS16qbBY76ZuzUuW0a9UsA-819XtZb8BqVWD40",
        "userName": "TAMIL CRYPTO EARNINGS Forever"
    },
    {
        "appVersion": "1.0.0",
        "at": "2023-02-26 02:41:36",
        "content": "Atlantis exchange is one of the top most NO 1 . CRYPTO EXCHANGE. APP IS SUPER.FANTASTIC .IN FUTURE HE IS LEADING NO 1 CRYPTO WORLD.",
        "repliedAt": "2023-03-26 05:59:14",
        "replyContent": "\nThanks for your 5-Star recommendation!!!\n\nPlease feel free recommend our AtlantisCEX DApp to your friends, and don\u2019t hesitate to shoot us a note at info@AtlantisCEX.org if you have any questions.\n\nEnjoy.\n\n\n\n",
        "reviewCreatedVersion": "1.0.0",
        "reviewId": "5b54ff94-9d8a-459a-84a4-b96dfd71861b",
        "score": 5,
        "thumbsUpCount": 2,
        "userImage": "https://play-lh.googleusercontent.com/a/ACg8ocJ5gxA9vz3FzA4JZ0g2mPTLfSEIY_OJumMERpJGS6xQ=mo",
        "userName": "Shakul Karupu"
    },
    {
        "appVersion": "1.0.0",
        "at": "2023-02-26 00:30:08",
        "content": "Been waiting for this!!!!! App works flawlessly!",
        "repliedAt": "2023-03-26 06:09:11",
        "replyContent": "Thank you for your 5-start comments!\n\nWe are pleased that you enjoyed the AtlantisCEX DApp.\n\nIf there is anything we can do for you, just let us know at: info@AtlantisCEX.org\n\nHave a wonderful day!\n\n",
        "reviewCreatedVersion": "1.0.0",
        "reviewId": "d841a24c-2026-4f5a-81d2-be6f8853d2fa",
        "score": 5,
        "thumbsUpCount": 2,
        "userImage": "https://play-lh.googleusercontent.com/a-/ALV-UjWMz7yGOWJs02AFboayLe9lusi76Dst7gFiWC80Ik_fG2Q",
        "userName": "Alan Flowers"
    },
    {
        "appVersion": "1.0.0",
        "at": "2023-02-25 18:45:44",
        "content": "Very smooth experience thanks team",
        "repliedAt": "2023-03-26 06:42:24",
        "replyContent": "Thank you for your encouraging words. Enjoy.",
        "reviewCreatedVersion": "1.0.0",
        "reviewId": "e0fdeb0c-a72e-4888-af17-9ac3657ac782",
        "score": 5,
        "thumbsUpCount": 3,
        "userImage": "https://play-lh.googleusercontent.com/a-/ALV-UjVHzKiQbKs2JhKB6A5nBXwaSwVlVXYcWZR7cx5iOO9v29A",
        "userName": "George Fps-YT"
    },
    {
        "appVersion": "1.0.0",
        "at": "2023-02-25 11:40:36",
        "content": "We download this app and pay 7$ approx... Then what we get nothing no any additional coin or not any Airdrop, and no any other new features which is enable.. Same like web page.. Nothing is new.. Only we lost 7$ and when 1m people will download its means when developers got 1m*7$= 7 million $ then they will open this app.... Biggest scam",
        "repliedAt": "2023-03-26 06:43:31",
        "replyContent": "Hi, we'd be happy to see what happened with your account. Please contact us at info@AtlantisCEX.org.",
        "reviewCreatedVersion": "1.0.0",
        "reviewId": "61e23181-cb1e-4a95-99c8-45d04ee911a3",
        "score": 1,
        "thumbsUpCount": 76,
        "userImage": "https://play-lh.googleusercontent.com/a/ACg8ocK-8Ic47Ffnou3iEpm4WBm1iAIi31UcFac64qg8XJr3=mo",
        "userName": "Jamal Khan"
    },
    {
        "appVersion": "1.0.0",
        "at": "2023-02-25 10:22:30",
        "content": "Nice App & Good Project",
        "repliedAt": "2023-03-26 06:43:47",
        "replyContent": "Hi, thanks for your support all along. We will keep working to provide a good user experience.\nYou can follow us on Facebook and Twitter to get the latest information.",
        "reviewCreatedVersion": "1.0.0",
        "reviewId": "89dce7d6-f6ad-4bfc-a23e-e4e91a394add",
        "score": 5,
        "thumbsUpCount": 2,
        "userImage": "https://play-lh.googleusercontent.com/a-/ALV-UjUe6IlvUeY3uhaxoa61ESAY7_Rd6EvR3qObZ9xPLm8KsQ",
        "userName": "Surendra Miri"
    },
    {
        "appVersion": "1.0.0",
        "at": "2023-02-25 08:44:05",
        "content": "Many people become rich through this exchange",
        "repliedAt": null,
        "replyContent": null,
        "reviewCreatedVersion": "1.0.0",
        "reviewId": "73619739-b060-46ec-a2ed-5bbb0379c924",
        "score": 5,
        "thumbsUpCount": 4,
        "userImage": "https://play-lh.googleusercontent.com/a-/ALV-UjW33Jt-A6LUyiuMU6JMAdZ-JBniFrS2rbzCasqDbQ9WCKk0",
        "userName": "Chinraj CHINRAJ"
    },
    {
        "appVersion": "1.0.0",
        "at": "2023-02-25 01:39:53",
        "content": "App working fine. Dashboard balance like in the web tobe updated in the app. Wallet escrow balance not able to see in the app.",
        "repliedAt": null,
        "replyContent": null,
        "reviewCreatedVersion": "1.0.0",
        "reviewId": "bb9a0657-ae51-4a9b-938e-435d8a122054",
        "score": 5,
        "thumbsUpCount": 18,
        "userImage": "https://play-lh.googleusercontent.com/a-/ALV-UjUhfX7QGfK5153ZUgF4YJCEKio-m02QLLoHXTxRL5eY2w",
        "userName": "Saravanan S"
    },
    {
        "appVersion": "1.0.0",
        "at": "2023-02-24 23:37:23",
        "content": "Good",
        "repliedAt": null,
        "replyContent": null,
        "reviewCreatedVersion": "1.0.0",
        "reviewId": "cfe28e61-52bc-4d49-8550-8180001fb25f",
        "score": 5,
        "thumbsUpCount": 2,
        "userImage": "https://play-lh.googleusercontent.com/a-/ALV-UjUZJIzkugpCXYX_rjBUv52KsThC92GaoSUdZPthsyPyamhL",
        "userName": "Babor A S"
    },
    {
        "appVersion": "1.0.0",
        "at": "2023-02-24 21:16:44",
        "content": "Coool",
        "repliedAt": null,
        "replyContent": null,
        "reviewCreatedVersion": "1.0.0",
        "reviewId": "e486dafe-b0a0-49d7-bd02-d023cbdfb02b",
        "score": 5,
        "thumbsUpCount": 3,
        "userImage": "https://play-lh.googleusercontent.com/a-/ALV-UjURDFstu6pdjtiQfsela433w_g2t17TQaPTlMLixbOScOQ",
        "userName": "purushottam naik"
    },
    {
        "appVersion": "1.0.0",
        "at": "2023-02-24 16:23:41",
        "content": "Good app",
        "repliedAt": "2023-03-26 06:44:07",
        "replyContent": "Thanks for your 5-Star comments!!!\n\nPlease feel free recommend our AtlantisCEX DApp to your friends, and don\u2019t hesitate to shoot us a note at info@AtlantisCEX.org if you have any questions or suggestions.\n\nEnjoy.\n\n",
        "reviewCreatedVersion": "1.0.0",
        "reviewId": "4e511811-8607-4318-80a1-5f5039b73e0e",
        "score": 5,
        "thumbsUpCount": 3,
        "userImage": "https://play-lh.googleusercontent.com/a-/ALV-UjXgPTpo_2ktuH3mf7aJvKThRZl5stmfpy7HN6T3KZD3TEs",
        "userName": "kalai selvan"
    },
    {
        "appVersion": "1.0.0",
        "at": "2023-02-24 14:00:39",
        "content": "Exchange not working. No display of Asset, trade etc. Always display \" Connection timed out. Please try again\".",
        "repliedAt": "2023-03-26 06:45:02",
        "replyContent": "Can you please retry and let us know at info@AtlantisCEX.org if the problem still persists?",
        "reviewCreatedVersion": "1.0.0",
        "reviewId": "56c73aa7-618d-4007-a888-4761c6c1e300",
        "score": 1,
        "thumbsUpCount": 31,
        "userImage": "https://play-lh.googleusercontent.com/a-/ALV-UjX_OsQ1rGU9-NpK4fcDVs3GQ_pacHUb-gBggw8bpLCXgso",
        "userName": "Badeel Masood"
    },
    {
        "appVersion": "1.0.0",
        "at": "2023-02-24 13:43:15",
        "content": "Nice aap",
        "repliedAt": "2023-03-26 06:45:13",
        "replyContent": "Thanks for your 5-Star comments!!!\n\nPlease feel free recommend our AtlantisCEX DApp to your friends, and don\u2019t hesitate to shoot us a note at info@AtlantisCEX.org if you have any questions or suggestions.\n\nEnjoy.\n\n",
        "reviewCreatedVersion": "1.0.0",
        "reviewId": "fd356a2a-c950-475c-aa4a-1a112a4c7214",
        "score": 5,
        "thumbsUpCount": 2,
        "userImage": "https://play-lh.googleusercontent.com/a-/ALV-UjW67EKsom815piyoqcP9wo5hUhJxjCKwDk1N04VpdQUD1o",
        "userName": "Jatinderpal singh"
    },
    {
        "appVersion": "1.0.0",
        "at": "2023-02-24 07:48:48",
        "content": "I hope it'll have future...",
        "repliedAt": "2023-03-26 06:46:33",
        "replyContent": "Dear User,\nThank you for the rating us. Kindly let us know what updates or changes you would like to see in our app, in order to give us a 5 Star rating. You could write to us info@AtlantisCEX.org.",
        "reviewCreatedVersion": "1.0.0",
        "reviewId": "8d9bbd82-1574-4023-b07b-51c890c6dc19",
        "score": 4,
        "thumbsUpCount": 1,
        "userImage": "https://play-lh.googleusercontent.com/a-/ALV-UjUJbdomsZnBXrmmdfvrE-Q_UaLmmPKnZzO29WFZ2i2xI5U",
        "userName": "T SAMINATHAN"
    },
    {
        "appVersion": "1.0.0",
        "at": "2023-02-24 05:47:52",
        "content": "good",
        "repliedAt": "2023-03-26 06:46:53",
        "replyContent": "Thanks for the 5 star rating. Hope you continue to enjoy reading news on our app. If you have any feedback or suggestions, please write to us at info@AtlantisCEX.org. We would love to hear from you!",
        "reviewCreatedVersion": "1.0.0",
        "reviewId": "313c5653-de8d-42e5-883e-8251de80ea1e",
        "score": 5,
        "thumbsUpCount": 2,
        "userImage": "https://play-lh.googleusercontent.com/a-/ALV-UjU5txK3kED3PqtpQfMhlf79wlWD5x7PiPo-rPBn6BBZYg",
        "userName": "ruhul amin"
    },
    {
        "appVersion": "1.0.0",
        "at": "2023-02-24 04:20:33",
        "content": "Nice app",
        "repliedAt": "2023-03-26 06:47:12",
        "replyContent": "Thank you very much.\n\nKeep using our app :)",
        "reviewCreatedVersion": "1.0.0",
        "reviewId": "54b194f0-65b2-4b1c-8182-d0a367ba37a2",
        "score": 5,
        "thumbsUpCount": 3,
        "userImage": "https://play-lh.googleusercontent.com/a/ACg8ocJFH-3BOa9_Gk3c2BXKCB6xW5TFmYwgfcv-D-5cU5Wn=mo",
        "userName": "BABU RaJ"
    },
    {
        "appVersion": "1.0.0",
        "at": "2023-02-24 04:02:52",
        "content": "Fantastic app and very safe",
        "repliedAt": "2023-03-26 06:47:22",
        "replyContent": "Thanks for your 5-Star comments!!!\n\nPlease feel free recommend our AtlantisCEX DApp to your friends, and don\u2019t hesitate to shoot us a note at info@AtlantisCEX.org if you have any questions or suggestions.\n\nEnjoy.\n\n",
        "reviewCreatedVersion": "1.0.0",
        "reviewId": "734893a6-c742-481b-b502-2833dd5bb4c5",
        "score": 5,
        "thumbsUpCount": 1,
        "userImage": "https://play-lh.googleusercontent.com/a/ACg8ocK_gUw-F2OxXOKj2Jhxjkr2hhvXlEolr-cd3do6x_vv=mo",
        "userName": "AMALRAJ A"
    },
    {
        "appVersion": "1.0.0",
        "at": "2023-02-24 02:52:15",
        "content": "App is very fantastic",
        "repliedAt": "2023-03-26 06:48:00",
        "replyContent": "Thanks for taking out time to rate us. It really helps us to keep going and delivering the best :)",
        "reviewCreatedVersion": "1.0.0",
        "reviewId": "aedf6a40-93e3-4673-b374-cdd65ba27fa3",
        "score": 5,
        "thumbsUpCount": 3,
        "userImage": "https://play-lh.googleusercontent.com/a-/ALV-UjV3q9nxuq9Oca_eNFOlFiV3qPmRwpnCZqcsAEji9JRXmw",
        "userName": "Nirmal Raj"
    },
    {
        "appVersion": "1.0.0",
        "at": "2023-02-23 14:48:21",
        "content": "Good",
        "repliedAt": "2023-03-26 06:49:11",
        "replyContent": "Thanks for the 5 star rating. Hope you continue to enjoy reading news on our app. If you have any feedback or suggestions, please write to us at info@AtlantisCEX.org. We would love to hear from you!",
        "reviewCreatedVersion": "1.0.0",
        "reviewId": "fa3ab42c-d2d8-40a9-94c1-bfefea49059f",
        "score": 5,
        "thumbsUpCount": 9,
        "userImage": "https://play-lh.googleusercontent.com/a-/ALV-UjXZ3ypZuhy-9eCOy0o6mfq_vWSB7kezrS2tiLcx3ponJQ",
        "userName": "monika thakor"
    },
    {
        "appVersion": "1.0.0",
        "at": "2023-02-23 13:59:30",
        "content": "Best exchange we've been waiting for",
        "repliedAt": "2023-03-26 06:49:45",
        "replyContent": "Thank you for providing your valuable feedback. Please reach out to us at info@AtlantisCEX.org, if you have other suggestions.",
        "reviewCreatedVersion": "1.0.0",
        "reviewId": "ecc27a32-d4d3-4a45-81f8-a1986beedfcd",
        "score": 5,
        "thumbsUpCount": 11,
        "userImage": "https://play-lh.googleusercontent.com/a-/ALV-UjU9OGgzBQ59AZOcYiO-hu0n_TYibTXsJ0unibG06_ecXQ",
        "userName": "David Adeyeye"
    },
    {
        "appVersion": "1.0.0",
        "at": "2023-02-23 12:03:03",
        "content": "its amazing thing is battery consumption is almost zero.im shocked.app appearance and options are avrage.it may b solve after update",
        "repliedAt": "2023-03-26 06:50:20",
        "replyContent": "Thanks for your 5-Star comments!!!\n\nPlease feel free recommend our AtlantisCEX DApp to your friends, and don\u2019t hesitate to shoot us a note at info@AtlantisCEX.org if you have any questions or suggestions.\n\nEnjoy.\n\n",
        "reviewCreatedVersion": "1.0.0",
        "reviewId": "66ffc446-1ebe-48ef-96dd-18e98f6a8a21",
        "score": 5,
        "thumbsUpCount": 18,
        "userImage": "https://play-lh.googleusercontent.com/a-/ALV-UjXQpZTf4GuJH4dHiETvgCMNP70kw-ISdXEo4TnZZ4vXq3I",
        "userName": "Dwitikrishna sahoo"
    }
]