[
    {
        "appVersion": null,
        "at": "2023-11-05 21:41:33",
        "content": "100% WORKING APP",
        "repliedAt": null,
        "replyContent": null,
        "reviewCreatedVersion": null,
        "reviewId": "c2325013-2c88-4d26-b798-7dd3dc2055ac",
        "score": 5,
        "thumbsUpCount": 1,
        "userImage": "https://play-lh.googleusercontent.com/a-/ALV-UjWdmxkAP7Wgx1EKI67tXX84_a2Vxr9rC3RcZ9F9Q3wz2kc",
        "userName": "Rahul Kuanr"
    },
    {
        "appVersion": "Version 1.2",
        "at": "2023-10-31 03:57:21",
        "content": "\u092b\u094d\u0930\u0940 \u092b\u093e\u092f\u0930 \u091c\u0932\u094d\u0926\u0940 \u0938\u094d\u091f\u093e\u0930\u094d\u091f \u0939\u094b \u091c\u093e\u090f \u091c\u0932\u094d\u0926\u0940 \u0938\u092c \u0915\u0941\u091b \u0938\u0947\u091f",
        "repliedAt": null,
        "replyContent": null,
        "reviewCreatedVersion": "Version 1.2",
        "reviewId": "a700906d-eb40-4fc7-a57f-eccf111e8983",
        "score": 1,
        "thumbsUpCount": 0,
        "userImage": "https://play-lh.googleusercontent.com/a/ACg8ocIOACNULBRQowx2NKJ7nQVEWn3IY_cUxGYXWmcEhvED=mo",
        "userName": "Rajesh Pandit"
    },
    {
        "appVersion": null,
        "at": "2023-10-27 02:38:54",
        "content": "\u09a4\u09c1",
        "repliedAt": null,
        "replyContent": null,
        "reviewCreatedVersion": null,
        "reviewId": "8d806e8e-33d4-40ff-9c6d-831777dccbbb",
        "score": 2,
        "thumbsUpCount": 0,
        "userImage": "https://play-lh.googleusercontent.com/a-/ALV-UjX7i3uFOw0nV6sGaHpQmuXKEuvDnBVnSqVefh99PhjueA",
        "userName": "S.k. Abu sayed"
    },
    {
        "appVersion": "Version 1.2",
        "at": "2023-10-24 06:17:49",
        "content": "Nice",
        "repliedAt": null,
        "replyContent": null,
        "reviewCreatedVersion": "Version 1.2",
        "reviewId": "5f2d0e8e-975c-45b4-b876-514f4247204e",
        "score": 4,
        "thumbsUpCount": 0,
        "userImage": "https://play-lh.googleusercontent.com/a-/ALV-UjWTrZhJN8bX20q6Sq2rW8f1P6n50zWCKzhu8mb2lbRvSA",
        "userName": "Nisansala Nilangarathne"
    },
    {
        "appVersion": "Version 1.2",
        "at": "2023-10-24 02:18:20",
        "content": "Nice appp his reyall app gaes",
        "repliedAt": null,
        "replyContent": null,
        "reviewCreatedVersion": "Version 1.2",
        "reviewId": "c044cb50-0190-44b3-b028-a53c31ee5150",
        "score": 5,
        "thumbsUpCount": 3,
        "userImage": "https://play-lh.googleusercontent.com/a-/ALV-UjV1m0RDHPIvs0JiAD75QrW3Ht-hhKVyMfOkPdgEj9ZQb_o",
        "userName": "Sahil Dhillon"
    },
    {
        "appVersion": null,
        "at": "2023-10-15 22:56:00",
        "content": "Useful",
        "repliedAt": null,
        "replyContent": null,
        "reviewCreatedVersion": null,
        "reviewId": "d717e30c-d607-4556-8613-1a277f55c752",
        "score": 5,
        "thumbsUpCount": 0,
        "userImage": "https://play-lh.googleusercontent.com/a-/ALV-UjVjeII4BR1kVeUokNifF-dOrsxqpZelW1eHidfnR3-JDfI",
        "userName": "Nahi"
    },
    {
        "appVersion": "Version 1.2",
        "at": "2023-10-15 15:43:08",
        "content": "Onr Tap Shot GFX superrrr",
        "repliedAt": null,
        "replyContent": null,
        "reviewCreatedVersion": "Version 1.2",
        "reviewId": "0b37b6e7-d9ee-4ac4-ac04-9e89634d4f19",
        "score": 5,
        "thumbsUpCount": 8,
        "userImage": "https://play-lh.googleusercontent.com/a/ACg8ocJAAzVXheKDEhSe7uAIMrfqAz1edLSZqz-ORb8hE5Fp=mo",
        "userName": "Sanjay Solanki"
    },
    {
        "appVersion": "Version 1.2",
        "at": "2023-10-15 14:57:47",
        "content": "Nice Ja",
        "repliedAt": null,
        "replyContent": null,
        "reviewCreatedVersion": "Version 1.2",
        "reviewId": "3e277448-1380-4193-9df4-34c214765e2c",
        "score": 5,
        "thumbsUpCount": 0,
        "userImage": "https://play-lh.googleusercontent.com/a-/ALV-UjVHCyzgdZcmQj-aklEgzCFQDoGcGaGhJDH8ZKSEY87kEw",
        "userName": "Nagen Nayak"
    },
    {
        "appVersion": "Version 1.2",
        "at": "2023-10-14 00:44:05",
        "content": "Nice apply",
        "repliedAt": null,
        "replyContent": null,
        "reviewCreatedVersion": "Version 1.2",
        "reviewId": "f1d6efb8-a614-47c0-888e-14d7400bc9d1",
        "score": 5,
        "thumbsUpCount": 1,
        "userImage": "https://play-lh.googleusercontent.com/a/ACg8ocJ-7hySrpWfdxrzOt5wVKuuDqZ5pjP05q8Lc0t_qbc3=mo",
        "userName": "Soma Shil Baidya"
    },
    {
        "appVersion": "Version 1.2",
        "at": "2023-10-11 10:16:17",
        "content": "\u0d9a\u0dd4\u0db8\u0dcf\u0dbb",
        "repliedAt": null,
        "replyContent": null,
        "reviewCreatedVersion": "Version 1.2",
        "reviewId": "cdfd4bef-9808-4423-897d-5e2957ab3c75",
        "score": 5,
        "thumbsUpCount": 0,
        "userImage": "https://play-lh.googleusercontent.com/a/ACg8ocJcAxfEf4FCu0C7o94RdBzaMhlmt-vsXK0KdFiWFIA=mo",
        "userName": "Lakshan Kumara"
    },
    {
        "appVersion": "Version 1.2",
        "at": "2023-10-04 03:14:34",
        "content": "How to use",
        "repliedAt": null,
        "replyContent": null,
        "reviewCreatedVersion": "Version 1.2",
        "reviewId": "cc488d33-fc1c-4636-895c-73b6d7d19613",
        "score": 1,
        "thumbsUpCount": 12,
        "userImage": "https://play-lh.googleusercontent.com/a-/ALV-UjWEdwfnLbBHd_pI1DGgKtpfeW_8EMAu5HPvhWRFgQ02Eg",
        "userName": "Markos Joshi"
    },
    {
        "appVersion": "Version 1.2",
        "at": "2023-09-23 13:40:27",
        "content": "Bakwaas",
        "repliedAt": null,
        "replyContent": null,
        "reviewCreatedVersion": "Version 1.2",
        "reviewId": "fdc9b386-e484-4b77-a24d-479fb6d14ae7",
        "score": 1,
        "thumbsUpCount": 2,
        "userImage": "https://play-lh.googleusercontent.com/a/ACg8ocKNZtKiB7aBDz1ADJPn_TSefChXwTKpGdYS1lNSJYmR=mo",
        "userName": "TASLEEM KHAN"
    },
    {
        "appVersion": "Version 1.2",
        "at": "2023-09-05 03:48:41",
        "content": "Nc",
        "repliedAt": null,
        "replyContent": null,
        "reviewCreatedVersion": "Version 1.2",
        "reviewId": "361f1e05-37d7-413f-bc1f-b19e5a878acb",
        "score": 5,
        "thumbsUpCount": 4,
        "userImage": "https://play-lh.googleusercontent.com/a/ACg8ocIMHfAtzOfAS1SiJHZ80cz8okTti_hpl6nTouBYWfek=mo",
        "userName": "Suhan Khan"
    },
    {
        "appVersion": "Version 1.2",
        "at": "2023-09-03 07:22:29",
        "content": "Nine",
        "repliedAt": null,
        "replyContent": null,
        "reviewCreatedVersion": "Version 1.2",
        "reviewId": "5b97af16-b56a-47e9-a385-42963971b4fd",
        "score": 5,
        "thumbsUpCount": 8,
        "userImage": "https://play-lh.googleusercontent.com/a/ACg8ocL6t281VNP6PCOjctYr4-2iNkDaITVsmBoQ50yVZ8_j=mo",
        "userName": "Tuhin Hasan"
    },
    {
        "appVersion": "Version 1.2",
        "at": "2023-06-25 02:41:12",
        "content": "Khoob bhalo apps",
        "repliedAt": null,
        "replyContent": null,
        "reviewCreatedVersion": "Version 1.2",
        "reviewId": "3f963a2b-951c-4161-93c5-5ec9e21a431b",
        "score": 5,
        "thumbsUpCount": 13,
        "userImage": "https://play-lh.googleusercontent.com/a/ACg8ocLCTTANTpjCRqpn6fMcZu7sUwPa2pS-vo1yrjAr5ycL=mo",
        "userName": "CHAMP Gamer Live"
    },
    {
        "appVersion": null,
        "at": "2023-04-03 05:12:32",
        "content": "Op",
        "repliedAt": null,
        "replyContent": null,
        "reviewCreatedVersion": null,
        "reviewId": "bb55c00c-1f3b-4ec3-8d40-82c77269a8be",
        "score": 5,
        "thumbsUpCount": 6,
        "userImage": "https://play-lh.googleusercontent.com/a/ACg8ocKUN6Rd-K4TgfxuHOnDlASYFOMZFDrl5bKAD-GR_1qg=mo",
        "userName": "Rathnakar S Poojary"
    },
    {
        "appVersion": "Version 1.0",
        "at": "2023-03-26 02:05:29",
        "content": "Jada acha nahi \ud83d\ude10",
        "repliedAt": null,
        "replyContent": null,
        "reviewCreatedVersion": "Version 1.0",
        "reviewId": "5b861d51-274c-4b55-a75d-4305ba037ef3",
        "score": 2,
        "thumbsUpCount": 8,
        "userImage": "https://play-lh.googleusercontent.com/a/ACg8ocLv0xtnYpk81qChddfwbG0asXKRa7owaf0ri1ANK0AI=mo",
        "userName": "Bittu Mandal"
    },
    {
        "appVersion": "Version 1.0",
        "at": "2023-03-07 17:47:53",
        "content": "Ff",
        "repliedAt": null,
        "replyContent": null,
        "reviewCreatedVersion": "Version 1.0",
        "reviewId": "02e0e145-0c28-4e48-acdf-46eeaddc8b6a",
        "score": 1,
        "thumbsUpCount": 3,
        "userImage": "https://play-lh.googleusercontent.com/a-/ALV-UjUYSP30hOk2AZv4cOidrtJqeAngkJvXIN27a_wKRz9D3xE",
        "userName": "NARENDRA KUMAR"
    }
]