[
    {
        "appVersion": "3.2.4",
        "at": "2023-04-09 14:28:46",
        "content": "Does was it says it does, however hard to find things. There is no search to find certain characters and if you leave the app you have to scroll forever until you get back to your place.",
        "repliedAt": null,
        "replyContent": null,
        "reviewCreatedVersion": "3.2.4",
        "reviewId": "e5ff24ca-4a2b-4574-ac28-bee3119c0067",
        "score": 3,
        "thumbsUpCount": 1,
        "userImage": "https://play-lh.googleusercontent.com/a-/ALV-UjWrjgxDshD_HEJU3W5TqyxcUJuP4ACC_8heD5GLJPxeplU",
        "userName": "MrJellyJello"
    },
    {
        "appVersion": "3.0.4",
        "at": "2022-11-12 15:16:25",
        "content": "I like these app. It's the best.",
        "repliedAt": null,
        "replyContent": null,
        "reviewCreatedVersion": "3.0.4",
        "reviewId": "bd1d6e76-381a-41fe-8687-fe8d944ca3b1",
        "score": 5,
        "thumbsUpCount": 0,
        "userImage": "https://play-lh.googleusercontent.com/a-/ALV-UjXt1c7LoZEIEOwnebEHmVNnv0ZNLbNUpqV1DHFUNzDPPA",
        "userName": "Juan Carlo Antonio"
    },
    {
        "appVersion": null,
        "at": "2022-10-27 02:00:32",
        "content": "I like dbd mobile so your app is very nice",
        "repliedAt": null,
        "replyContent": null,
        "reviewCreatedVersion": null,
        "reviewId": "188ac36a-b00d-4331-9c4a-d89b8ee739fb",
        "score": 5,
        "thumbsUpCount": 0,
        "userImage": "https://play-lh.googleusercontent.com/a-/ALV-UjXFFJg4cBYuPF9wZIMY_kxoUJ7mH_046PhBTyeN8eg4bJM",
        "userName": "Raaj family"
    },
    {
        "appVersion": null,
        "at": "2022-05-29 03:50:42",
        "content": "Good app",
        "repliedAt": null,
        "replyContent": null,
        "reviewCreatedVersion": null,
        "reviewId": "a3f85890-cf57-4f58-8ace-d63745f54602",
        "score": 5,
        "thumbsUpCount": 0,
        "userImage": "https://play-lh.googleusercontent.com/a/ACg8ocIqkxS0crnuHjgDbJUafqOULaQhw_ZrazU035YdJH3m=mo",
        "userName": "CRAZY STAR"
    },
    {
        "appVersion": "3.0.4",
        "at": "2022-02-15 21:38:43",
        "content": "Good variety to choose from. I wish there was section in the menu where i can choose the specific character",
        "repliedAt": null,
        "replyContent": null,
        "reviewCreatedVersion": "3.0.4",
        "reviewId": "81d40d09-3371-477f-b326-08424c9e2cb1",
        "score": 4,
        "thumbsUpCount": 0,
        "userImage": "https://play-lh.googleusercontent.com/a-/ALV-UjVVBqfZ7AA_6vJP57YeQDI13ia6nQdi3VHVCAJMAJs9EMs",
        "userName": "Danial Estelle"
    },
    {
        "appVersion": "3.0.4",
        "at": "2022-02-01 11:32:51",
        "content": "Amazing background! Really great and high quality images",
        "repliedAt": null,
        "replyContent": null,
        "reviewCreatedVersion": "3.0.4",
        "reviewId": "1b27c4e2-8ba7-4755-89a9-3b13d30b39e2",
        "score": 5,
        "thumbsUpCount": 0,
        "userImage": "https://play-lh.googleusercontent.com/a/ACg8ocLC2iChjz7eMiqbWk0AhQTfWsBn2iMUGwI0CrZwPpDy=mo",
        "userName": "Marios Bar"
    },
    {
        "appVersion": "3.0.4",
        "at": "2022-01-28 06:30:10",
        "content": "High resolution, great pics and easy to use! I love those wallpapers!",
        "repliedAt": null,
        "replyContent": null,
        "reviewCreatedVersion": "3.0.4",
        "reviewId": "5c9e7e22-cf43-4cfc-a225-82433512548c",
        "score": 5,
        "thumbsUpCount": 0,
        "userImage": "https://play-lh.googleusercontent.com/a/ACg8ocJF0UowsKQDI77_TOyFeLlZknfTXwZUYDpWel70YC9i=mo",
        "userName": "Maria Anic"
    },
    {
        "appVersion": "3.0.2",
        "at": "2021-12-08 18:33:07",
        "content": "Good",
        "repliedAt": null,
        "replyContent": null,
        "reviewCreatedVersion": "3.0.2",
        "reviewId": "42fb7f95-a9a4-4a51-b302-f881e7bc84c2",
        "score": 5,
        "thumbsUpCount": 0,
        "userImage": "https://play-lh.googleusercontent.com/a-/ALV-UjXYtahmQIPCOV-wcZRdZeZ6ZiutOaTECnNT1yAgI00d9A",
        "userName": "Mr Pokishadow"
    },
    {
        "appVersion": "3.0.2",
        "at": "2021-10-01 20:40:16",
        "content": "I wish you guys would bring back the character selection to find what we're looking for. Otherwise it's good and the pictures are really pretty.",
        "repliedAt": null,
        "replyContent": null,
        "reviewCreatedVersion": "3.0.2",
        "reviewId": "ae870f2b-dc27-4ba1-a21f-48f7da567c26",
        "score": 3,
        "thumbsUpCount": 3,
        "userImage": "https://play-lh.googleusercontent.com/a-/ALV-UjWuw_d66FRqbLFbVLvvIr8cId9Mqq8GIf3r2uBnVXmdbw",
        "userName": "Jay"
    },
    {
        "appVersion": "2.5.2",
        "at": "2020-10-04 20:24:42",
        "content": "An okay app just wish you can pick your lock screen or home screen when you set a wallpaper and when you click the Survivor tab there's a section for every Survivor",
        "repliedAt": null,
        "replyContent": null,
        "reviewCreatedVersion": "2.5.2",
        "reviewId": "66f842b2-ffd1-4858-a052-89a68f3682a1",
        "score": 4,
        "thumbsUpCount": 10,
        "userImage": "https://play-lh.googleusercontent.com/a-/ALV-UjUZwn8r6gZsz5mioXMcmRDyJQbIAYfFt1U6U8jHGEtzIYwD",
        "userName": "Prem Bedi"
    },
    {
        "appVersion": null,
        "at": "2020-09-09 12:28:40",
        "content": "I like the wallpapers it worked unlike a few of the other wallpaper apps the and the wallpapers are cool if you want a cool wallpaper install this app",
        "repliedAt": null,
        "replyContent": null,
        "reviewCreatedVersion": null,
        "reviewId": "013c9d85-a2e1-4ef6-9d28-c2d2597157fe",
        "score": 5,
        "thumbsUpCount": 1,
        "userImage": "https://play-lh.googleusercontent.com/a-/ALV-UjVMqYYIqcUMKmPsCCTXvY6pMM6QxSutNKKDQh4i6PUs3XE",
        "userName": "Amanda P"
    },
    {
        "appVersion": "2.5.2",
        "at": "2020-07-18 20:20:09",
        "content": "My last 2 were harsh it is amazing the only thing i would recommend is letting you chose lock screen or home to apply it",
        "repliedAt": null,
        "replyContent": null,
        "reviewCreatedVersion": "2.5.2",
        "reviewId": "83b2e4ae-9ada-4712-97e3-403af1f05c0f",
        "score": 4,
        "thumbsUpCount": 5,
        "userImage": "https://play-lh.googleusercontent.com/a/ACg8ocIHkJuIAsGAaep3-frvcFHrHyjdNyXEKWRIWgqkKNvb=mo",
        "userName": "Gavyn Nolan"
    },
    {
        "appVersion": "2.5.2",
        "at": "2020-07-04 13:35:12",
        "content": "When I download the wallpaper it doesn't show in my gallery. Edit: I did Edit2: I check my files>Recent/Download and still nothing, mind giving a more broaden way of locating the downloaded image",
        "repliedAt": "2020-07-04 01:30:37",
        "replyContent": "The app was updated and this issue was fixed, could you try again please? Wallpapers will be downloaded to Internal Storage/Pictures/DBD Wallpapers",
        "reviewCreatedVersion": "2.5.2",
        "reviewId": "074b5175-2878-4abb-b7c8-22c60d0d01f7",
        "score": 1,
        "thumbsUpCount": 13,
        "userImage": "https://play-lh.googleusercontent.com/a-/ALV-UjXywJgFX3N8uu_UlghNudEMA_8x-EW5aw2qOynQUPiXaXs",
        "userName": "Crusader"
    },
    {
        "appVersion": "2.5.2",
        "at": "2020-07-02 11:35:42",
        "content": "Really good",
        "repliedAt": "2020-07-04 01:37:30",
        "replyContent": "Thanks!",
        "reviewCreatedVersion": "2.5.2",
        "reviewId": "bc7baf69-b984-457c-b453-953ba261f035",
        "score": 5,
        "thumbsUpCount": 0,
        "userImage": "https://play-lh.googleusercontent.com/a-/ALV-UjXT-MU80oOYoPX1OHjGK4pd8Y7XIF1PIEqKxQxtcYoFLw",
        "userName": "pulse himself"
    },
    {
        "appVersion": "2.5",
        "at": "2020-06-28 20:24:02",
        "content": "BEST WALLPAPERS EVER!\ud83d\ude1d\ud83d\ude1d\ud83d\ude1d",
        "repliedAt": "2020-07-04 01:12:52",
        "replyContent": "Thanks!",
        "reviewCreatedVersion": "2.5",
        "reviewId": "6a51e8aa-2923-4d0e-9f7d-f3583d94a4c1",
        "score": 5,
        "thumbsUpCount": 0,
        "userImage": "https://play-lh.googleusercontent.com/a/ACg8ocKwl81sai06pL2HtTWE-Q-uGyd-BTN6ObvOqfcQ3xC_=mo",
        "userName": "Monique Channelle"
    },
    {
        "appVersion": null,
        "at": "2020-05-31 04:33:47",
        "content": "When you try to set a wallpaper, the app gives you and ad. Once the add is over, the screen will have half a circle frozen on it and you can't use anything.",
        "repliedAt": "2020-07-04 01:16:19",
        "replyContent": "The app was updated, could you please try again?",
        "reviewCreatedVersion": null,
        "reviewId": "426ae393-d71d-460f-85f3-bc6474a2d4b7",
        "score": 1,
        "thumbsUpCount": 6,
        "userImage": "https://play-lh.googleusercontent.com/a-/ALV-UjUl3B0faYeiXC121qaYMntR6CQ_PQhfRlScnoyvdSmBydI",
        "userName": "gooce"
    },
    {
        "appVersion": null,
        "at": "2020-05-28 11:18:33",
        "content": "Pretty good",
        "repliedAt": "2020-07-04 01:16:49",
        "replyContent": "Thanks!",
        "reviewCreatedVersion": null,
        "reviewId": "1c751bcc-6338-41d0-bca8-fde68185f858",
        "score": 5,
        "thumbsUpCount": 0,
        "userImage": "https://play-lh.googleusercontent.com/a-/ALV-UjXkYoVDRFFpYe9WkIEYZ2HjKyXt_Oii_SGosYMhnE6IK3M",
        "userName": "Kayden"
    },
    {
        "appVersion": null,
        "at": "2020-05-25 20:32:38",
        "content": "Yeet",
        "repliedAt": "2020-07-04 01:17:39",
        "replyContent": "Thanks!",
        "reviewCreatedVersion": null,
        "reviewId": "a7a64102-9fce-407c-810b-f4c6262950fd",
        "score": 4,
        "thumbsUpCount": 0,
        "userImage": "https://play-lh.googleusercontent.com/a-/ALV-UjUjdhbLMwRMMUKLknV2naYxj_AY-Xz7A5_ZdMNUoun-n2U",
        "userName": "Kathy Thomas"
    },
    {
        "appVersion": "2.5",
        "at": "2020-05-05 04:44:57",
        "content": "It wouldn't let me actually set it as my home screen or even save it I just took up space and did nothing",
        "repliedAt": "2020-07-04 01:20:24",
        "replyContent": "The app was updated and this issue was fixed, could you try again please?",
        "reviewCreatedVersion": "2.5",
        "reviewId": "b964b6b5-2922-4d8f-bd50-910e4826b542",
        "score": 1,
        "thumbsUpCount": 2,
        "userImage": "https://play-lh.googleusercontent.com/a-/ALV-UjXBubr0b9cddYnAxoVYCg5f9Vrem5r4FIriPCDXjUF4fZ8",
        "userName": "Sean MacGuire"
    },
    {
        "appVersion": "2.5",
        "at": "2020-04-28 16:02:21",
        "content": "I LOVE DEAD BY DAYLIGHT STRANGER THINGS THEME AND DEMOGORGON I WANT TO PLAY ALL DAY BUT I CAN'T CUZ MY BROTHER HAS A XBOX1 AND HE 21 OR 22 OR 23 BUT GOOOOOOOOO DEAD BY DAYLIGHT GO FREEDY \u2260 the nightmare I LOVE DBD GOOD JOB KEEP MAKEING plz make 1 that moves PLZ LET ME HELP BUT GOOD JOB \ud83d\udc4d\ud83d\udc4d\ud83d\udc4d\ud83d\udc4d\ud83d\udc4d\ud83d\udc4d\ud83d\udc4d\ud83d\udc4d\ud83d\udc4d",
        "repliedAt": "2020-07-04 01:22:22",
        "replyContent": "Thanks! New Stranger Things wallpapers were added :)",
        "reviewCreatedVersion": "2.5",
        "reviewId": "c964ac38-77a5-4d9d-b5a5-1da4fd78cd77",
        "score": 5,
        "thumbsUpCount": 0,
        "userImage": "https://play-lh.googleusercontent.com/a-/ALV-UjXVyL8tAPgmc_AAmg4qM7fLexhoRzZWXLYCjyH-vNx4sY0",
        "userName": "TheSusCherry"
    },
    {
        "appVersion": "2.5",
        "at": "2020-04-11 14:40:06",
        "content": "Cool images that i like, it was kinda inconvenient that the images download specficially in the download folder instead of gallery but its still nice. The images set as background is immediate and nice.",
        "repliedAt": "2020-07-04 01:24:55",
        "replyContent": "The app was updated, now the images will be downloaded to Pictures/DBD Wallpapers :)",
        "reviewCreatedVersion": "2.5",
        "reviewId": "71c71e31-ec3b-4803-9842-123d3502415e",
        "score": 4,
        "thumbsUpCount": 13,
        "userImage": "https://play-lh.googleusercontent.com/EGemoI2NTXmTsBVtJqk8jxF9rh8ApRWfsIMQSt2uE4OcpQqbFu7f7NbTK05lx80nuSijCz7sc3a277R67g",
        "userName": "A Google user"
    },
    {
        "appVersion": "2.5",
        "at": "2020-03-21 17:10:47",
        "content": "Your app is amazing for a nurse main i like it.It has all my fav skins.But jane,yui,steve' and nacy need more.\ud83d\ude10",
        "repliedAt": "2020-07-04 01:27:48",
        "replyContent": "Thanks, we will add more wallpapers for them as soon as we can.",
        "reviewCreatedVersion": "2.5",
        "reviewId": "31dd1548-5e27-4edf-a355-65c6df80ff44",
        "score": 4,
        "thumbsUpCount": 11,
        "userImage": "https://play-lh.googleusercontent.com/EGemoI2NTXmTsBVtJqk8jxF9rh8ApRWfsIMQSt2uE4OcpQqbFu7f7NbTK05lx80nuSijCz7sc3a277R67g",
        "userName": "A Google user"
    },
    {
        "appVersion": "2.4",
        "at": "2020-02-24 13:46:38",
        "content": "Its really cool app but I want more for Steve and Nancy and demogorgan \ud83d\ude0e love your app\u2764",
        "repliedAt": null,
        "replyContent": null,
        "reviewCreatedVersion": "2.4",
        "reviewId": "987185fa-69f7-4edb-b3b8-8f6dc7ea857f",
        "score": 3,
        "thumbsUpCount": 2,
        "userImage": "https://play-lh.googleusercontent.com/EGemoI2NTXmTsBVtJqk8jxF9rh8ApRWfsIMQSt2uE4OcpQqbFu7f7NbTK05lx80nuSijCz7sc3a277R67g",
        "userName": "A Google user"
    },
    {
        "appVersion": "2.4",
        "at": "2020-01-24 20:27:29",
        "content": "I love playing dead by daylight",
        "repliedAt": "2020-07-04 01:33:15",
        "replyContent": "Me too! It feels like you really are in a horror movie hehe",
        "reviewCreatedVersion": "2.4",
        "reviewId": "5f005913-a5bc-452f-9e5a-d09b19e99d6b",
        "score": 5,
        "thumbsUpCount": 1,
        "userImage": "https://play-lh.googleusercontent.com/EGemoI2NTXmTsBVtJqk8jxF9rh8ApRWfsIMQSt2uE4OcpQqbFu7f7NbTK05lx80nuSijCz7sc3a277R67g",
        "userName": "A Google user"
    },
    {
        "appVersion": "1.9",
        "at": "2019-12-17 23:19:07",
        "content": "Wouldn't load at all.",
        "repliedAt": "2019-12-29 11:39:16",
        "replyContent": "Can you try again with latest update?",
        "reviewCreatedVersion": "1.9",
        "reviewId": "7820ff22-acab-496a-9372-cae55e19ccdb",
        "score": 1,
        "thumbsUpCount": 1,
        "userImage": "https://play-lh.googleusercontent.com/EGemoI2NTXmTsBVtJqk8jxF9rh8ApRWfsIMQSt2uE4OcpQqbFu7f7NbTK05lx80nuSijCz7sc3a277R67g",
        "userName": "A Google user"
    },
    {
        "appVersion": "1.9",
        "at": "2019-12-17 17:04:04",
        "content": "Nothing shows up at all, says there are none for this killer survivor tried latest and said the same thing",
        "repliedAt": "2020-07-04 01:35:22",
        "replyContent": "Sorry, the app was updated and this issue was fixed, could you try again please?",
        "reviewCreatedVersion": "1.9",
        "reviewId": "15861145-e978-498b-9af0-08a4830ef31d",
        "score": 1,
        "thumbsUpCount": 7,
        "userImage": "https://play-lh.googleusercontent.com/EGemoI2NTXmTsBVtJqk8jxF9rh8ApRWfsIMQSt2uE4OcpQqbFu7f7NbTK05lx80nuSijCz7sc3a277R67g",
        "userName": "A Google user"
    },
    {
        "appVersion": "1.7",
        "at": "2019-11-28 13:59:18",
        "content": "I think this app is great and is great if you like dead baylight as you will understand it better but i don't know how I can access a wallpaper as my profile picture on my xbox. If you can help me,please comment under this",
        "repliedAt": "2019-11-28 14:02:10",
        "replyContent": "Thanks! If you can change ypur profile picture through an xbox app in your phone, you can just download the wallpaper using the download button and set as your picture in the xbox app.",
        "reviewCreatedVersion": "1.7",
        "reviewId": "d3989f38-5f3f-47dd-9ccf-68b707073b2c",
        "score": 5,
        "thumbsUpCount": 5,
        "userImage": "https://play-lh.googleusercontent.com/EGemoI2NTXmTsBVtJqk8jxF9rh8ApRWfsIMQSt2uE4OcpQqbFu7f7NbTK05lx80nuSijCz7sc3a277R67g",
        "userName": "A Google user"
    },
    {
        "appVersion": null,
        "at": "2019-11-01 14:50:42",
        "content": "This app is awesome. I just wish it would let me download the wallpapers instead of saying I downloaded it when I didnt.",
        "repliedAt": "2019-12-29 11:50:16",
        "replyContent": "Could you please try again with latest update?",
        "reviewCreatedVersion": null,
        "reviewId": "b3f8e73a-8267-49fa-aa0d-5f51c2e20d5a",
        "score": 4,
        "thumbsUpCount": 2,
        "userImage": "https://play-lh.googleusercontent.com/EGemoI2NTXmTsBVtJqk8jxF9rh8ApRWfsIMQSt2uE4OcpQqbFu7f7NbTK05lx80nuSijCz7sc3a277R67g",
        "userName": "A Google user"
    },
    {
        "appVersion": null,
        "at": "2019-10-02 02:05:46",
        "content": "I love it because i can use them as my zbox profile and i really love the wallpapers",
        "repliedAt": null,
        "replyContent": null,
        "reviewCreatedVersion": null,
        "reviewId": "04f98eda-43e3-4518-a024-0e674f37a77d",
        "score": 5,
        "thumbsUpCount": 18,
        "userImage": "https://play-lh.googleusercontent.com/EGemoI2NTXmTsBVtJqk8jxF9rh8ApRWfsIMQSt2uE4OcpQqbFu7f7NbTK05lx80nuSijCz7sc3a277R67g",
        "userName": "A Google user"
    },
    {
        "appVersion": "1.5",
        "at": "2019-08-24 01:56:25",
        "content": "nice wallpaper love it .",
        "repliedAt": null,
        "replyContent": null,
        "reviewCreatedVersion": "1.5",
        "reviewId": "e139ec31-199c-4273-b008-840f157dc872",
        "score": 4,
        "thumbsUpCount": 5,
        "userImage": "https://play-lh.googleusercontent.com/EGemoI2NTXmTsBVtJqk8jxF9rh8ApRWfsIMQSt2uE4OcpQqbFu7f7NbTK05lx80nuSijCz7sc3a277R67g",
        "userName": "A Google user"
    }
]