[
    {
        "appVersion": "1.8.1",
        "at": "2023-05-19 08:39:56",
        "content": "Very useful",
        "repliedAt": null,
        "replyContent": null,
        "reviewCreatedVersion": "1.8.1",
        "reviewId": "70465413-f019-4642-b087-b35d7d13f4dd",
        "score": 5,
        "thumbsUpCount": 0,
        "userImage": "https://play-lh.googleusercontent.com/a/ACg8ocK_07JexH5uaHz5WvLE3LYQwc6Ay2Mjyrzd8cZwi54v=mo",
        "userName": "Dapps9 9"
    },
    {
        "appVersion": null,
        "at": "2021-12-24 08:17:39",
        "content": "Muito legal esse app, tenho controlado todas as minhas tarefas e despesas di\u00e1rias com ele. Parab\u00e9ns!",
        "repliedAt": null,
        "replyContent": null,
        "reviewCreatedVersion": null,
        "reviewId": "4561f341-2c86-47b9-80de-d448ead21f78",
        "score": 5,
        "thumbsUpCount": 0,
        "userImage": "https://play-lh.googleusercontent.com/a-/ALV-UjUojeKCefrI2Wo3BbxvfLc17VLePCq4hMXgO5IcCh6iKLBa",
        "userName": "Bruno Bertochi"
    }
]