[
    {
        "appVersion": "1.4.15",
        "at": "2023-11-04 17:24:53",
        "content": "This app is broken",
        "repliedAt": null,
        "replyContent": null,
        "reviewCreatedVersion": "1.4.15",
        "reviewId": "6e736ae4-eeb0-4300-befd-e5d24d36c282",
        "score": 1,
        "thumbsUpCount": 0,
        "userImage": "https://play-lh.googleusercontent.com/a-/ALV-UjWobwOvkLcGYPaByqCUVhTMCmdvf8JWkZbSioBwLUeblGw",
        "userName": "Vanima Permai"
    },
    {
        "appVersion": null,
        "at": "2023-10-01 00:18:46",
        "content": "Even though it recognizes my account (unlike other apps I've tried before), it shows no data at all. It's a shame \ud83d\ude15",
        "repliedAt": null,
        "replyContent": null,
        "reviewCreatedVersion": null,
        "reviewId": "e3d3ea90-c33c-4ff8-8abb-ed8ba42f8e4a",
        "score": 2,
        "thumbsUpCount": 0,
        "userImage": "https://play-lh.googleusercontent.com/a-/ALV-UjUP7bTBqOGFWewqukkSRx8dMGx9gTMI12NIcj5EVVM9WDU",
        "userName": "Artem Zatara"
    },
    {
        "appVersion": "1.4.15",
        "at": "2023-08-20 20:18:27",
        "content": "doesn't work anymore",
        "repliedAt": null,
        "replyContent": null,
        "reviewCreatedVersion": "1.4.15",
        "reviewId": "68301c84-6480-4bba-962e-087c0b40b467",
        "score": 1,
        "thumbsUpCount": 0,
        "userImage": "https://play-lh.googleusercontent.com/a-/ALV-UjX3LH3oADYDYPyopDeXEFfGzeXLSO_B8OpPubK7cydtywhb",
        "userName": "ShinAbo"
    },
    {
        "appVersion": "1.4.15",
        "at": "2023-08-11 19:37:51",
        "content": "Isnt working, is like my account doesn't exist, totally empty when I have a lot of achievements unlocked.",
        "repliedAt": null,
        "replyContent": null,
        "reviewCreatedVersion": "1.4.15",
        "reviewId": "cf92e68a-33b1-47c4-ad4c-b9d9d2739b01",
        "score": 1,
        "thumbsUpCount": 2,
        "userImage": "https://play-lh.googleusercontent.com/a-/ALV-UjVi6s4Yhu7ko6qUS2r0nG6s4ri8f3RcQhbKjzn4kEh2ofc",
        "userName": "Ricardo Lopez"
    },
    {
        "appVersion": "1.4.15",
        "at": "2023-07-02 04:08:38",
        "content": "Wrong find my achievements",
        "repliedAt": null,
        "replyContent": null,
        "reviewCreatedVersion": "1.4.15",
        "reviewId": "84c2a057-26fb-4deb-8196-db196705dbe0",
        "score": 2,
        "thumbsUpCount": 0,
        "userImage": "https://play-lh.googleusercontent.com/a-/ALV-UjVFecHfmiBM5u7wavdI_t_prvlEgaY76yuWeLSdA6CW37Ap",
        "userName": "Vinicius Iank Caldas de Moraes"
    },
    {
        "appVersion": "1.4.15",
        "at": "2023-07-01 15:14:49",
        "content": "App dont work",
        "repliedAt": null,
        "replyContent": null,
        "reviewCreatedVersion": "1.4.15",
        "reviewId": "0783d668-facd-4c78-a5b6-0fde0a82fdfc",
        "score": 1,
        "thumbsUpCount": 1,
        "userImage": "https://play-lh.googleusercontent.com/a-/ALV-UjXDaEGxXsVFiK-9x7ras5X_wPiOHqvqZgCkdkV8fpA5Xg",
        "userName": "David Dicker"
    },
    {
        "appVersion": "1.4.15",
        "at": "2023-06-28 04:18:04",
        "content": "Not working at all",
        "repliedAt": null,
        "replyContent": null,
        "reviewCreatedVersion": "1.4.15",
        "reviewId": "7717b0d6-8254-42c7-9a28-679590fb5dc4",
        "score": 1,
        "thumbsUpCount": 1,
        "userImage": "https://play-lh.googleusercontent.com/a-/ALV-UjXMW0JJFLQ0FY3_JJnQ8-NjlW78WHwFvgbzK6zRNIdxLiEx",
        "userName": "Patrick"
    },
    {
        "appVersion": "1.4.15",
        "at": "2023-06-18 21:41:27",
        "content": "Impossible to log in",
        "repliedAt": "2023-06-19 11:56:19",
        "replyContent": "could you share your username please?",
        "reviewCreatedVersion": "1.4.15",
        "reviewId": "f63e4ee8-3e28-42dc-9bd9-3b7fd8fefa96",
        "score": 1,
        "thumbsUpCount": 1,
        "userImage": "https://play-lh.googleusercontent.com/a-/ALV-UjXp9C7u4pgJmdGtJdkIbetWAj9UL9wSKRnxeY3j--GnOQ",
        "userName": "Sean McDonald"
    },
    {
        "appVersion": "1.3.14",
        "at": "2023-05-29 12:38:18",
        "content": "As much as I want to give this app a shot, I simply cannot login. I have quadruple checked to see if I have the username spelt correctly. Everytime I try to login, it says, \"User not registered in RA!\" I then was able to login just fine via the web browser, so I'm not sure what's going on.",
        "repliedAt": "2023-06-19 11:55:42",
        "replyContent": "could you share your username please?",
        "reviewCreatedVersion": "1.3.14",
        "reviewId": "caeb2737-50d8-43eb-a97b-9ad7e255a383",
        "score": 1,
        "thumbsUpCount": 0,
        "userImage": "https://play-lh.googleusercontent.com/a-/ALV-UjXkIPfIUGU-cEBPRhWhIFvtNwuh6w6I4eW4FcKc1AAFLVC-",
        "userName": "Duff Callan"
    },
    {
        "appVersion": "1.3.14",
        "at": "2023-04-24 19:23:23",
        "content": "The app WAS my favorite for tracking retroachievements, but unfortunately it seems to be broken now. I try to log in and it just sits at loading forever \ud83d\ude2d",
        "repliedAt": null,
        "replyContent": null,
        "reviewCreatedVersion": "1.3.14",
        "reviewId": "76b5b2cc-c6aa-4930-96cd-58e5777a6ec8",
        "score": 3,
        "thumbsUpCount": 0,
        "userImage": "https://play-lh.googleusercontent.com/a-/ALV-UjU14hjj350jHH9w1aVjJlgAOGGBk30JVv5NAznzcv-r36yR",
        "userName": "David Napier"
    },
    {
        "appVersion": null,
        "at": "2023-03-15 15:45:35",
        "content": "Has stopped working. Doesn't update.",
        "repliedAt": null,
        "replyContent": null,
        "reviewCreatedVersion": null,
        "reviewId": "ff6e89e1-eecf-4572-86be-bcddf11b1243",
        "score": 1,
        "thumbsUpCount": 2,
        "userImage": "https://play-lh.googleusercontent.com/a-/ALV-UjVDSR-dHw8O4fG_wytEqmoEGremDYxD8SxCzBMEvFjA7rlD",
        "userName": "Daniel Ranger-holt"
    },
    {
        "appVersion": "1.3.14",
        "at": "2023-03-07 01:48:32",
        "content": "Muito bom amazing! No ads!",
        "repliedAt": null,
        "replyContent": null,
        "reviewCreatedVersion": "1.3.14",
        "reviewId": "7b069719-f656-4504-b84d-64e00211bbde",
        "score": 5,
        "thumbsUpCount": 0,
        "userImage": "https://play-lh.googleusercontent.com/a-/ALV-UjUIGeQAeehtZ-TTDqxxq4e0uMhyOdQn83p3PM5ZI8F35i8",
        "userName": "Roger Ferrari"
    },
    {
        "appVersion": "1.3.13",
        "at": "2023-03-03 18:54:14",
        "content": "Such a handy tool! Beats having the site on standby!",
        "repliedAt": null,
        "replyContent": null,
        "reviewCreatedVersion": "1.3.13",
        "reviewId": "55236444-8a5e-47a0-a591-f389b0ea676d",
        "score": 5,
        "thumbsUpCount": 0,
        "userImage": "https://play-lh.googleusercontent.com/a-/ALV-UjWYbqfSgCDBWn3aOxCVhFQpoORoGygRvoghfsx8HvzDDiN_",
        "userName": "Austin Fink"
    },
    {
        "appVersion": "1.3.13",
        "at": "2022-11-25 05:51:34",
        "content": "Need the ability to click an achievement to load comments from the website",
        "repliedAt": null,
        "replyContent": null,
        "reviewCreatedVersion": "1.3.13",
        "reviewId": "c33682c3-d0a9-40ab-ab23-109cfc10a9b5",
        "score": 3,
        "thumbsUpCount": 1,
        "userImage": "https://play-lh.googleusercontent.com/a/ACg8ocIXuPQgSKax3EMkEAqxVonyI3NVLHQAxk-dOH5JFCvU=mo",
        "userName": "Josh Temple"
    },
    {
        "appVersion": "1.3.13",
        "at": "2022-10-09 06:25:12",
        "content": "So cool that you have made this! Works like a charm :).",
        "repliedAt": null,
        "replyContent": null,
        "reviewCreatedVersion": "1.3.13",
        "reviewId": "dd653e4d-145c-4ac7-b5ec-9de5332ee898",
        "score": 5,
        "thumbsUpCount": 0,
        "userImage": "https://play-lh.googleusercontent.com/a-/ALV-UjUWXa3lnkvfZg8Cooy0cVz6U-SElO8gRcHndHPfv5BuhZtR",
        "userName": "Remco Logtenberg"
    },
    {
        "appVersion": "1.3.13",
        "at": "2022-10-06 05:40:52",
        "content": "Ever since the 2.0 update to the RetroAchievements website, I haven't been able to log into my account at all through this app. It sucks because this was a very convenient way for me to browse through what games I wanted to try to master next. Not to mention the ability to make a list of games you have anninterest in playing, even ones that don't have achevements. Until the problem is fixed, I have to give this app 1 star because in its current state, it's completely useless.",
        "repliedAt": "2022-09-21 08:41:30",
        "replyContent": "Hi, a new version was released, could you update and try again?",
        "reviewCreatedVersion": "1.3.13",
        "reviewId": "e32fbb73-c1e3-4418-9581-4742b84d3eec",
        "score": 4,
        "thumbsUpCount": 1,
        "userImage": "https://play-lh.googleusercontent.com/a-/ALV-UjUCC7fQo4qyuUpfDR8vwTDlwZIYtKTv9_mWUqMZHbmaGw",
        "userName": "The Negative Ion"
    },
    {
        "appVersion": "1.3.10",
        "at": "2022-07-08 14:36:16",
        "content": "Love this app a lot! I finally can bookmark the games I want to 0lsy later. However, it won't display my last 5 games or my profile. I just get a continuous loading circle and nothing ever shows. Would be cool to have those, but, the important thing foe me is the things I really want to work does. Great job man and keep it up! Edit 07/08/2022 Everything working perfectly now! Last 5 games and profile load up instantly. Changed the rating to 5 stars as I feel this is a must have app.",
        "repliedAt": "2022-07-08 14:00:56",
        "replyContent": "I just sent a new version of the app, fixing this problem, could you please update and test ?",
        "reviewCreatedVersion": "1.3.10",
        "reviewId": "6ad1c8ef-9f24-4a8b-875b-907c00e288be",
        "score": 5,
        "thumbsUpCount": 0,
        "userImage": "https://play-lh.googleusercontent.com/a/ACg8ocKWt6GCIijZVWYXT9O9mi2AICwGuclOvk1usqy7ryHz=mo",
        "userName": "James Hudson"
    },
    {
        "appVersion": "1.3.10",
        "at": "2022-07-08 14:30:27",
        "content": "Works perfectly to view my own or others' achievements, as well as ones for games I haven't played! Developer works quickly to fix issues, couldn't ask for more!",
        "repliedAt": "2022-07-08 14:01:06",
        "replyContent": "Hey Ben I just sent a new version of the app, fixing this problem, could you please update and test ?",
        "reviewCreatedVersion": "1.3.10",
        "reviewId": "82824f67-9119-41c4-ab66-6ab9a1e5a96a",
        "score": 5,
        "thumbsUpCount": 0,
        "userImage": "https://play-lh.googleusercontent.com/a-/ALV-UjUmuTK6Jiq9UVNqV9-ZEQXBzWuwN3o6x0UDoyUo_mIFfDLj",
        "userName": "Ben Bock"
    },
    {
        "appVersion": "1.3.9",
        "at": "2022-05-22 07:52:26",
        "content": "Really great app, doesn't need your login details so totally safe to use and offers a clean and simple way to view your achievements, track other ones to unlock, view leaderboards and keep track of friends progress.",
        "repliedAt": null,
        "replyContent": null,
        "reviewCreatedVersion": "1.3.9",
        "reviewId": "c0cdcd88-017b-4210-9554-caa26c56ed37",
        "score": 5,
        "thumbsUpCount": 0,
        "userImage": "https://play-lh.googleusercontent.com/a-/ALV-UjUEUOVuxiCMX52HOCQvjxmTxBq3JphsQZwisog0tBb9YM0",
        "userName": "Warren Dance (SlipSlot)"
    },
    {
        "appVersion": "1.3.9",
        "at": "2022-05-03 10:03:08",
        "content": "3 stars: it is a very well put together app - however with that in mind, every app has room for improvement and I was praying to God that there were Leaderboard Trackers on the games I'm competing in. I know I can check the site, but to me that's what this all about 'competing with friends'. Love the app tho!",
        "repliedAt": null,
        "replyContent": null,
        "reviewCreatedVersion": "1.3.9",
        "reviewId": "5b9a98e5-af9b-4fc7-8179-4663b5d14ef7",
        "score": 4,
        "thumbsUpCount": 0,
        "userImage": "https://play-lh.googleusercontent.com/a-/ALV-UjWQp15chI8VxRpRyUQlfs8PSSimTtcbfepYHllUhv50LvM",
        "userName": "Coob"
    },
    {
        "appVersion": "1.1.6",
        "at": "2022-03-25 16:31:35",
        "content": "EDIT: Fixed! Thanks developer, givin' ya five stars now! Original Review (One star): \"This App was working wonderfully a few months ago, now for each game it loads only the recently earned achievements\"",
        "repliedAt": "2022-03-25 16:34:26",
        "replyContent": "Edit: Thanks a lot :)\nOriginal:\nHi, I updated the app, could you please try again with new version 1.1.6?",
        "reviewCreatedVersion": "1.1.6",
        "reviewId": "5b4680cc-2ed1-4842-b08e-b5f329a990c1",
        "score": 5,
        "thumbsUpCount": 1,
        "userImage": "https://play-lh.googleusercontent.com/a/ACg8ocK-t_-5EgjQ7vPQROfBqi6mCf_MdHCa2TKxpVCbj782rg=mo",
        "userName": "Jeff Leary"
    },
    {
        "appVersion": "1.0.5",
        "at": "2021-10-05 05:56:15",
        "content": "App only loads the Top 10. Does not load achievements or profile information",
        "repliedAt": "2022-03-25 16:24:05",
        "replyContent": "Hey vToxic Spider, I updated the app, could you try again please with new version 1.1.6?",
        "reviewCreatedVersion": "1.0.5",
        "reviewId": "eec7ba76-8554-4fc0-9184-a641eddcb999",
        "score": 1,
        "thumbsUpCount": 0,
        "userImage": "https://play-lh.googleusercontent.com/a-/ALV-UjUQYH9deW0dsOcRB9ZqlQhrkJ7a82ptsupitpVp_kApg9U",
        "userName": "vToxic Spider"
    },
    {
        "appVersion": "1.0.5",
        "at": "2021-07-06 20:52:23",
        "content": "Stopped loading pages. Was OK with some mild bad UI choices until that.",
        "repliedAt": "2022-03-25 16:24:50",
        "replyContent": "Hey Frank, I updated the app, could you try again please with new version 1.1.6?",
        "reviewCreatedVersion": "1.0.5",
        "reviewId": "9982e5e9-0992-482f-ab44-0caaedb2275d",
        "score": 2,
        "thumbsUpCount": 0,
        "userImage": "https://play-lh.googleusercontent.com/a-/ALV-UjVDFyKEnbbps_Mi7cSrpQqiekBjUYYF-5Dm_Mmv18h2Yr0Z",
        "userName": "Frank Wren"
    },
    {
        "appVersion": "1.0.5",
        "at": "2020-05-25 23:11:53",
        "content": "Works seamlessly and it has a dark theme!",
        "repliedAt": "2022-03-25 16:26:23",
        "replyContent": "Thanks :)",
        "reviewCreatedVersion": "1.0.5",
        "reviewId": "af99e1fe-93ee-477c-b463-9e10ce8f0071",
        "score": 5,
        "thumbsUpCount": 2,
        "userImage": "https://play-lh.googleusercontent.com/a-/ALV-UjW8vwzNuOj1mWU8MJbYrMG5GTeOPqAJH-Quiv7TMT6OQGg",
        "userName": "Cornfla3kz"
    },
    {
        "appVersion": "1.0.5",
        "at": "2020-03-29 00:03:32",
        "content": "Wonderful",
        "repliedAt": null,
        "replyContent": null,
        "reviewCreatedVersion": "1.0.5",
        "reviewId": "1ba6f314-0cc6-4be6-adbd-9010b49e4572",
        "score": 5,
        "thumbsUpCount": 0,
        "userImage": "https://play-lh.googleusercontent.com/EGemoI2NTXmTsBVtJqk8jxF9rh8ApRWfsIMQSt2uE4OcpQqbFu7f7NbTK05lx80nuSijCz7sc3a277R67g",
        "userName": "A Google user"
    },
    {
        "appVersion": "1.0.5",
        "at": "2020-02-23 11:10:58",
        "content": "Doesnt work",
        "repliedAt": null,
        "replyContent": null,
        "reviewCreatedVersion": "1.0.5",
        "reviewId": "8040a353-5499-47a3-8739-fff0932c34f6",
        "score": 1,
        "thumbsUpCount": 2,
        "userImage": "https://play-lh.googleusercontent.com/EGemoI2NTXmTsBVtJqk8jxF9rh8ApRWfsIMQSt2uE4OcpQqbFu7f7NbTK05lx80nuSijCz7sc3a277R67g",
        "userName": "A Google user"
    },
    {
        "appVersion": null,
        "at": "2020-02-15 07:22:49",
        "content": "App keeps loading and nothing loads",
        "repliedAt": null,
        "replyContent": null,
        "reviewCreatedVersion": null,
        "reviewId": "fd451de0-d832-4d33-881c-470b77f6365a",
        "score": 2,
        "thumbsUpCount": 3,
        "userImage": "https://play-lh.googleusercontent.com/EGemoI2NTXmTsBVtJqk8jxF9rh8ApRWfsIMQSt2uE4OcpQqbFu7f7NbTK05lx80nuSijCz7sc3a277R67g",
        "userName": "A Google user"
    },
    {
        "appVersion": "1.0.3",
        "at": "2019-12-15 18:50:46",
        "content": "The best Retroachievements app",
        "repliedAt": "2019-12-15 18:56:50",
        "replyContent": "Thanks! We'll update the design of the app soon :)",
        "reviewCreatedVersion": "1.0.3",
        "reviewId": "3031137c-8916-4cbc-bc0a-3372fe6930ca",
        "score": 5,
        "thumbsUpCount": 0,
        "userImage": "https://play-lh.googleusercontent.com/EGemoI2NTXmTsBVtJqk8jxF9rh8ApRWfsIMQSt2uE4OcpQqbFu7f7NbTK05lx80nuSijCz7sc3a277R67g",
        "userName": "A Google user"
    }
]