[
    {
        "appVersion": null,
        "at": "2023-10-06 02:00:48",
        "content": "\ud83e\udd18\ud83d\udc4e\ud83d\udc4e\ud83d\udc4e\ud83d\ude21\ud83e\udd2c\ud83e\udd2c",
        "repliedAt": null,
        "replyContent": null,
        "reviewCreatedVersion": null,
        "reviewId": "9a432600-1666-4d2c-80c5-f312917aaa8c",
        "score": 1,
        "thumbsUpCount": 0,
        "userImage": "https://play-lh.googleusercontent.com/a-/ALV-UjVywh8l7qQnCw5HNSemIx8YT7jbX1kJfPkemk6R-bAW4w",
        "userName": "Deepak Kumar"
    },
    {
        "appVersion": "2.0.0",
        "at": "2022-11-16 17:38:56",
        "content": "Great app, a few bugs but we'll made",
        "repliedAt": null,
        "replyContent": null,
        "reviewCreatedVersion": "2.0.0",
        "reviewId": "49d76966-34bd-49c3-931c-0a9be315a89f",
        "score": 5,
        "thumbsUpCount": 0,
        "userImage": "https://play-lh.googleusercontent.com/a-/ALV-UjWRXG2qdGK8azdhu9awWgjRVhL3f7arhPf0b3f9J1Gay_o",
        "userName": "Stefan Nedorea"
    },
    {
        "appVersion": "2.0.0",
        "at": "2022-06-25 17:08:48",
        "content": "Best app",
        "repliedAt": null,
        "replyContent": null,
        "reviewCreatedVersion": "2.0.0",
        "reviewId": "71ff9d07-0139-4fd8-8fd5-7f56bf06329a",
        "score": 5,
        "thumbsUpCount": 0,
        "userImage": "https://play-lh.googleusercontent.com/a/ACg8ocJ6ohXXC-vQt-Mh1Sfz4yARodB0xS-6rcjLDluiEMAo=mo",
        "userName": "Kauan Scheffer"
    },
    {
        "appVersion": null,
        "at": "2022-04-22 11:03:01",
        "content": "it's good but for people who know soccer tricks would give it 5 stars if it explained how to do the tricks instead of just showing videos",
        "repliedAt": null,
        "replyContent": null,
        "reviewCreatedVersion": null,
        "reviewId": "496e287a-d56e-4337-9e39-0632f9b2c61f",
        "score": 4,
        "thumbsUpCount": 6,
        "userImage": "https://play-lh.googleusercontent.com/a/ACg8ocL70FmGkAInVR0S_Nztf5WQDfJ38ovbDtg8oTHGKwji=mo",
        "userName": "Isheanesu Chipomho"
    },
    {
        "appVersion": "2.0.0",
        "at": "2022-04-11 15:41:48",
        "content": "Weeee...",
        "repliedAt": null,
        "replyContent": null,
        "reviewCreatedVersion": "2.0.0",
        "reviewId": "6b8e344a-3462-43ea-a586-7d8d0745f3a6",
        "score": 5,
        "thumbsUpCount": 0,
        "userImage": "https://play-lh.googleusercontent.com/a-/ALV-UjXfBoR6zP7NudmgtaiGDCaaap-_0D-lN-eQa_2LYFdwlh8",
        "userName": "Mhamed Plays"
    },
    {
        "appVersion": "2.0.0",
        "at": "2022-02-25 14:59:54",
        "content": "I'm learning well doing in soccer tricks\ud83d\ude00\ud83d\ude04\ud83d\ude06\ud83e\udd23\ud83d\udd25",
        "repliedAt": null,
        "replyContent": null,
        "reviewCreatedVersion": "2.0.0",
        "reviewId": "0f3146ef-9e69-4da0-a509-0271330a62b5",
        "score": 5,
        "thumbsUpCount": 2,
        "userImage": "https://play-lh.googleusercontent.com/a/ACg8ocLdQ8xeCBzYXHECJstmdEPqw94cBcmC4LD8PArmEwoG=mo",
        "userName": "Kaydin Kaydin"
    },
    {
        "appVersion": "2.0.0",
        "at": "2021-12-27 10:27:56",
        "content": "Great app to use and it really help you with skills and footwork",
        "repliedAt": null,
        "replyContent": null,
        "reviewCreatedVersion": "2.0.0",
        "reviewId": "e4708aa0-d9d8-403d-b11b-48853f761c37",
        "score": 5,
        "thumbsUpCount": 10,
        "userImage": "https://play-lh.googleusercontent.com/a/ACg8ocIdYsZ4HXwbZBHEvg1XnYrAJSUL-_-MQNJXgqIXBQ_K=mo",
        "userName": "Shanelle Ashtei"
    },
    {
        "appVersion": null,
        "at": "2021-10-27 05:22:37",
        "content": "\u09b9\u09b9\u09bf",
        "repliedAt": null,
        "replyContent": null,
        "reviewCreatedVersion": null,
        "reviewId": "cda11bcf-5111-4db7-810c-da922d6cd038",
        "score": 5,
        "thumbsUpCount": 1,
        "userImage": "https://play-lh.googleusercontent.com/a/ACg8ocLv6kdhQ6Q3qNYmHQeWal3xlmkvAmJ7e7-HZpJJC4oO=mo",
        "userName": "Najmul Papon"
    },
    {
        "appVersion": null,
        "at": "2021-07-26 05:59:51",
        "content": "Nice app but not for kids ___i give you5 star",
        "repliedAt": null,
        "replyContent": null,
        "reviewCreatedVersion": null,
        "reviewId": "299d9eba-0d6b-4fc9-a458-742f12ee516e",
        "score": 5,
        "thumbsUpCount": 3,
        "userImage": "https://play-lh.googleusercontent.com/a-/ALV-UjUyRW2kx7R_oKwXloCfxgU45iswyTjWWS84bqi0soAimg",
        "userName": "Muhammed Ali"
    },
    {
        "appVersion": null,
        "at": "2021-06-06 01:38:26",
        "content": "Ex",
        "repliedAt": null,
        "replyContent": null,
        "reviewCreatedVersion": null,
        "reviewId": "d7f1cce5-1ba3-4df4-8ec2-003d49b176cc",
        "score": 1,
        "thumbsUpCount": 0,
        "userImage": "https://play-lh.googleusercontent.com/a-/ALV-UjU0RlKdAl3nsEt8P3hniD6m-DT4UmXsi58vKlJFsLiSPg",
        "userName": "Arif Ali"
    },
    {
        "appVersion": null,
        "at": "2021-05-30 21:55:34",
        "content": "Top bro",
        "repliedAt": null,
        "replyContent": null,
        "reviewCreatedVersion": null,
        "reviewId": "819a91d8-bead-4735-bd43-08faa860ea57",
        "score": 5,
        "thumbsUpCount": 1,
        "userImage": "https://play-lh.googleusercontent.com/a/ACg8ocL39mTwIRabK0hW9TFicQngohKli6MQtW7i10Ui95Xs=mo",
        "userName": "free style afg"
    },
    {
        "appVersion": "1.7",
        "at": "2021-05-18 05:19:46",
        "content": "Too many ads",
        "repliedAt": null,
        "replyContent": null,
        "reviewCreatedVersion": "1.7",
        "reviewId": "42e8c13d-573a-463f-a905-2a4f22050cf5",
        "score": 3,
        "thumbsUpCount": 6,
        "userImage": "https://play-lh.googleusercontent.com/a/ACg8ocI_bzWGIemgaLZMXc7gAelDq5UXHS7AOy557eO6n2wa=mo",
        "userName": "kunaga milly"
    },
    {
        "appVersion": null,
        "at": "2020-11-02 15:45:21",
        "content": "Worst app ever",
        "repliedAt": null,
        "replyContent": null,
        "reviewCreatedVersion": null,
        "reviewId": "f1e93946-45ad-4c70-b7d7-d691e6920683",
        "score": 1,
        "thumbsUpCount": 1,
        "userImage": "https://play-lh.googleusercontent.com/a/ACg8ocKEGjSfN2iF-9vLy_Hy5nhBXAwvCXWXjM7qsAuw9onz=mo",
        "userName": "MUGISHA PETER"
    },
    {
        "appVersion": null,
        "at": "2020-10-30 00:07:58",
        "content": "Good",
        "repliedAt": null,
        "replyContent": null,
        "reviewCreatedVersion": null,
        "reviewId": "adbea5d5-1302-4268-913f-00ec39f96164",
        "score": 5,
        "thumbsUpCount": 2,
        "userImage": "https://play-lh.googleusercontent.com/a/ACg8ocJs1Cg5dYWKvY54SJC36FKcoHZJdWLDH7MUC5tHKE7S=mo",
        "userName": "Jeet Saha"
    },
    {
        "appVersion": "1.7",
        "at": "2020-10-20 12:16:41",
        "content": "Excellent",
        "repliedAt": null,
        "replyContent": null,
        "reviewCreatedVersion": "1.7",
        "reviewId": "d4440f3a-ef7f-40f4-9162-fa5db0cc341f",
        "score": 5,
        "thumbsUpCount": 2,
        "userImage": "https://play-lh.googleusercontent.com/a/ACg8ocI0xom60Oz_hbGYXrOUtfBVgN1vhZ1K-EYFQZ5KoI4D=mo",
        "userName": "Esinam Flovi"
    },
    {
        "appVersion": "1.7",
        "at": "2020-10-14 07:14:27",
        "content": "Too many ads!Please elaborate more on how to perfom the skill",
        "repliedAt": null,
        "replyContent": null,
        "reviewCreatedVersion": "1.7",
        "reviewId": "59b03e6e-2a3f-403d-8f76-31acf05641bc",
        "score": 2,
        "thumbsUpCount": 23,
        "userImage": "https://play-lh.googleusercontent.com/a/ACg8ocJCHRb1L9HR3dGnBvaVJ_QH6wdNrNtV4aon_Jiw8pJ1=mo",
        "userName": "Carsley Dale"
    },
    {
        "appVersion": null,
        "at": "2020-10-03 21:23:27",
        "content": "Simply amazing \ud83d\ude0e\ud83d\ude0e",
        "repliedAt": null,
        "replyContent": null,
        "reviewCreatedVersion": null,
        "reviewId": "153d7d94-82dc-490b-9681-d62d9429f7cf",
        "score": 5,
        "thumbsUpCount": 2,
        "userImage": "https://play-lh.googleusercontent.com/a/ACg8ocIuKTjeNdntwf9j7p59JPoI3ZxZSHnxghKBlICn5cWK=mo",
        "userName": "magic mane"
    },
    {
        "appVersion": "1.7",
        "at": "2020-08-31 08:32:44",
        "content": "Very good and helpful I like it",
        "repliedAt": null,
        "replyContent": null,
        "reviewCreatedVersion": "1.7",
        "reviewId": "77be3dd1-aeae-48a1-9e97-180f525978ed",
        "score": 5,
        "thumbsUpCount": 21,
        "userImage": "https://play-lh.googleusercontent.com/a/ACg8ocJ6u4PrwtKShIhaulsdj8vpyWNNJsRyXhVUxcnJxpYt=mo",
        "userName": "biju jafer"
    },
    {
        "appVersion": null,
        "at": "2020-08-16 08:27:48",
        "content": "L like it to",
        "repliedAt": null,
        "replyContent": null,
        "reviewCreatedVersion": null,
        "reviewId": "7e681f81-85c9-4b59-a909-8bedb7968f27",
        "score": 5,
        "thumbsUpCount": 3,
        "userImage": "https://play-lh.googleusercontent.com/a-/ALV-UjXimffZUOLJUBKyykpXuny3x0IWP5nMTAQAyTI0I-e7IA",
        "userName": "magical neymar"
    },
    {
        "appVersion": null,
        "at": "2020-08-13 12:32:03",
        "content": "I love this app it is reeeaaaly good",
        "repliedAt": "2020-08-13 13:18:58",
        "replyContent": "Thank you!",
        "reviewCreatedVersion": null,
        "reviewId": "fbaae231-9baf-4ebb-960f-b7627bbee6d9",
        "score": 5,
        "thumbsUpCount": 12,
        "userImage": "https://play-lh.googleusercontent.com/a/ACg8ocLYoATOM3G3XGOeHIVYkySr0KqgcNVz28d8X2iUNFmd=mo",
        "userName": "Nuria Ibrahim"
    },
    {
        "appVersion": "1.7",
        "at": "2020-07-29 05:58:21",
        "content": "Friend these skill good",
        "repliedAt": null,
        "replyContent": null,
        "reviewCreatedVersion": "1.7",
        "reviewId": "0ccb440e-d847-489c-9113-ca97dca32a7a",
        "score": 1,
        "thumbsUpCount": 3,
        "userImage": "https://play-lh.googleusercontent.com/a/ACg8ocK3NIAbA-anO2hcx-n4j3BJdVOBtIw5YPz_pjPXLXrD=mo",
        "userName": "Sarita athokpam"
    },
    {
        "appVersion": "1.7",
        "at": "2020-07-16 02:07:59",
        "content": "Required to download all videos. No option to remove downloads to save space. No instruction or break down just random people juggling. Overall super bare bones.",
        "repliedAt": null,
        "replyContent": null,
        "reviewCreatedVersion": "1.7",
        "reviewId": "41314daf-1cca-47c0-997c-8dfe919212e9",
        "score": 2,
        "thumbsUpCount": 31,
        "userImage": "https://play-lh.googleusercontent.com/a-/ALV-UjWfEfz8S6a0ZcmfoO_HSyukOsy-6KwXLT4VMLAbLGF5",
        "userName": "Kyle Baker"
    },
    {
        "appVersion": null,
        "at": "2020-06-28 12:55:17",
        "content": "\ud83d\udc4e\ud83d\udc4e\ud83d\udc4e\ud83d\udc4e\ud83e\udd26\ud83e\udd26\ud83e\udd26\ud83d\ude2d\ud83d\ude2d\ud83d\ude2d",
        "repliedAt": null,
        "replyContent": null,
        "reviewCreatedVersion": null,
        "reviewId": "f6760854-b3bc-4174-8a2e-a8c8bc1abd77",
        "score": 1,
        "thumbsUpCount": 2,
        "userImage": "https://play-lh.googleusercontent.com/a/ACg8ocK2927McpNobBRN5iY-MXv4k-rrVYrsWR72Xs8nyazT=mo",
        "userName": "zahra bazad"
    },
    {
        "appVersion": null,
        "at": "2020-06-11 15:47:32",
        "content": "It is the best \u26bd\ufe0f\u26bd\ufe0f\u26bd\ufe0f",
        "repliedAt": null,
        "replyContent": null,
        "reviewCreatedVersion": null,
        "reviewId": "a46d5c77-3c62-4ed5-af36-365152634c00",
        "score": 5,
        "thumbsUpCount": 15,
        "userImage": "https://play-lh.googleusercontent.com/a/ACg8ocKQM17ZpAMt1j4g412ipelR8x-vtYIxZz74JNSsM5AK=mo",
        "userName": "Muhammad Hassan"
    },
    {
        "appVersion": null,
        "at": "2020-05-24 16:36:57",
        "content": "Nonsense",
        "repliedAt": "2020-05-24 19:35:36",
        "replyContent": "Hello Lesego, why Nonsense?",
        "reviewCreatedVersion": null,
        "reviewId": "18f7104d-153d-4a48-a7e8-5b9f2b38244e",
        "score": 1,
        "thumbsUpCount": 1,
        "userImage": "https://play-lh.googleusercontent.com/a/ACg8ocJe9TbriDwM18lZgA3tvRCiapII-pkITvcIvwpox5o=mo",
        "userName": "Lesego Tafadzwa Tataf"
    },
    {
        "appVersion": "1.7",
        "at": "2020-04-12 11:46:27",
        "content": "Viedo",
        "repliedAt": null,
        "replyContent": null,
        "reviewCreatedVersion": "1.7",
        "reviewId": "912ea5f4-90f3-4edf-985b-f737249f857c",
        "score": 4,
        "thumbsUpCount": 13,
        "userImage": "https://play-lh.googleusercontent.com/EGemoI2NTXmTsBVtJqk8jxF9rh8ApRWfsIMQSt2uE4OcpQqbFu7f7NbTK05lx80nuSijCz7sc3a277R67g",
        "userName": "A Google user"
    },
    {
        "appVersion": null,
        "at": "2019-10-13 10:51:36",
        "content": "7m",
        "repliedAt": null,
        "replyContent": null,
        "reviewCreatedVersion": null,
        "reviewId": "932d8841-80ad-47bb-a860-65ff72832ef6",
        "score": 5,
        "thumbsUpCount": 15,
        "userImage": "https://play-lh.googleusercontent.com/EGemoI2NTXmTsBVtJqk8jxF9rh8ApRWfsIMQSt2uE4OcpQqbFu7f7NbTK05lx80nuSijCz7sc3a277R67g",
        "userName": "A Google user"
    },
    {
        "appVersion": "1.7",
        "at": "2019-08-30 14:15:23",
        "content": "Love it ... The BEST ... \ud83d\udc5f\u26bd\ufe0f\u2763\ufe0f",
        "repliedAt": "2019-08-30 14:29:29",
        "replyContent": "Thank you, this version have all tricks!",
        "reviewCreatedVersion": "1.7",
        "reviewId": "715eac13-a81c-4e23-8666-dd0ca3f24257",
        "score": 5,
        "thumbsUpCount": 20,
        "userImage": "https://play-lh.googleusercontent.com/EGemoI2NTXmTsBVtJqk8jxF9rh8ApRWfsIMQSt2uE4OcpQqbFu7f7NbTK05lx80nuSijCz7sc3a277R67g",
        "userName": "A Google user"
    }
]