[
    {
        "appVersion": null,
        "at": "2023-11-20 00:19:07",
        "content": "As a dedicated user of the Cast app, I can confidently say that this is the ultimate casting solution that surpasses all expectations. From seamless connectivity to a plethora of features, this app has truly revolutionized my casting experience. It support realtime stable screen sharing to TV",
        "repliedAt": null,
        "replyContent": null,
        "reviewCreatedVersion": null,
        "reviewId": "7099527a-3963-4a0c-b157-a822b9caae67",
        "score": 5,
        "thumbsUpCount": 0,
        "userImage": "https://play-lh.googleusercontent.com/a-/ALV-UjUVVA-whPdE4bYJPccAXNpGFWwJR3oVcFdJ3ZV7Bw-71hU",
        "userName": "Sophie Young"
    }
]