[
    {
        "appVersion": "9.0",
        "at": "2023-04-21 13:05:31",
        "content": "If I could give you no Star's I would adverts are stupid especially when I'm looking at the pictures I can't even look at the gallery when there is adverts all over the pictures",
        "repliedAt": null,
        "replyContent": null,
        "reviewCreatedVersion": "9.0",
        "reviewId": "503bc976-c92d-4ba8-9ae6-93e2e6bb297a",
        "score": 1,
        "thumbsUpCount": 0,
        "userImage": "https://play-lh.googleusercontent.com/a/ACg8ocLKAeWm_UeKaKkwZFppI2X9lH91_XXXlZpyIUpEWxbE=mo",
        "userName": "Samantha Whitlam"
    },
    {
        "appVersion": "3.0",
        "at": "2022-10-30 22:03:48",
        "content": "Love the game",
        "repliedAt": null,
        "replyContent": null,
        "reviewCreatedVersion": "3.0",
        "reviewId": "c2e7d4b4-e55c-4384-a127-94307a57a33a",
        "score": 5,
        "thumbsUpCount": 5,
        "userImage": "https://play-lh.googleusercontent.com/a/ACg8ocIHSEGCXGWCDsOsqnQolyAJa5aUPNWL8paBkM2I3v4V=mo",
        "userName": "Christy Vance"
    },
    {
        "appVersion": null,
        "at": "2022-10-01 06:19:37",
        "content": "Great app",
        "repliedAt": null,
        "replyContent": null,
        "reviewCreatedVersion": null,
        "reviewId": "80f6a925-2520-46d5-9f14-235f5c81d9fd",
        "score": 5,
        "thumbsUpCount": 1,
        "userImage": "https://play-lh.googleusercontent.com/a-/ALV-UjWzJLjtMnpogKs65AJS1ke_fyZ28n01mmaxx-zn2TJX-ag",
        "userName": "Angel Diamond"
    },
    {
        "appVersion": null,
        "at": "2022-09-06 00:57:22",
        "content": "Short time but very interesting graphic",
        "repliedAt": null,
        "replyContent": null,
        "reviewCreatedVersion": null,
        "reviewId": "92486710-e6e7-4c25-bb27-2114aacfe6d4",
        "score": 5,
        "thumbsUpCount": 6,
        "userImage": "https://play-lh.googleusercontent.com/a-/ALV-UjVCsv3_yGALULYrkKyrJz4MXn_yxxMcWDDmxRw558IwJg",
        "userName": "annastacia francis (BaBytjie)"
    },
    {
        "appVersion": null,
        "at": "2022-07-01 21:18:33",
        "content": "I love it but why cant colors come up easily as others coloring apps do..i have to tap and tap..so its a shame i camnot enjoy it",
        "repliedAt": null,
        "replyContent": null,
        "reviewCreatedVersion": null,
        "reviewId": "54fdae20-fa8d-40c0-af52-baf923adfef2",
        "score": 5,
        "thumbsUpCount": 6,
        "userImage": "https://play-lh.googleusercontent.com/a-/ALV-UjXCYu5taphDwDr-s6-LWpz6INm9TzMJE6YAfujTDLrk9K77",
        "userName": "sandra Davis"
    }
]