[
    {
        "appVersion": null,
        "at": "2021-06-15 08:12:37",
        "content": "Very basic but works fine for me. I like it.",
        "repliedAt": null,
        "replyContent": null,
        "reviewCreatedVersion": null,
        "reviewId": "0bdd659a-cd51-46d3-9f68-c0d40bb151c6",
        "score": 5,
        "thumbsUpCount": 1,
        "userImage": "https://play-lh.googleusercontent.com/a-/ALV-UjURkUwH5UrceSz0IxZKsJOas9sD5KgJvR7FkzBBppRLpQ",
        "userName": "Sharon Faulkner"
    },
    {
        "appVersion": "1.5",
        "at": "2021-01-16 21:22:41",
        "content": "Only David one-star because there is no option to leave zero Stars it doesn't even work",
        "repliedAt": null,
        "replyContent": null,
        "reviewCreatedVersion": "1.5",
        "reviewId": "0d0f09c9-5698-471c-bdf2-855f82cb7ee2",
        "score": 1,
        "thumbsUpCount": 3,
        "userImage": "https://play-lh.googleusercontent.com/a/ACg8ocIzchUTnU2IIE9kQ5BlVuKValklBAR-xE08f470zis=mo",
        "userName": "Tammy Strong"
    },
    {
        "appVersion": "1.4",
        "at": "2018-11-08 04:36:38",
        "content": "Bekar h",
        "repliedAt": null,
        "replyContent": null,
        "reviewCreatedVersion": "1.4",
        "reviewId": "c472283a-481d-4ae9-b906-c0d2cb38e7cc",
        "score": 1,
        "thumbsUpCount": 6,
        "userImage": "https://play-lh.googleusercontent.com/EGemoI2NTXmTsBVtJqk8jxF9rh8ApRWfsIMQSt2uE4OcpQqbFu7f7NbTK05lx80nuSijCz7sc3a277R67g",
        "userName": "A Google user"
    }
]