[
    {
        "appVersion": "1.4",
        "at": "2023-11-20 10:36:10",
        "content": "Ok",
        "repliedAt": null,
        "replyContent": null,
        "reviewCreatedVersion": "1.4",
        "reviewId": "4bd3c5e0-b021-418c-bc83-8edca544fdb0",
        "score": 5,
        "thumbsUpCount": 0,
        "userImage": "https://play-lh.googleusercontent.com/a-/ALV-UjVeAiFKjEn4ZM1tLHgfxBexie6SakSbmXMv66CU3zff_8s",
        "userName": "Joy Chowdhury"
    },
    {
        "appVersion": "1.4",
        "at": "2023-11-17 02:37:42",
        "content": "THIS APP IS VERY BEAUTIFUL AND SO MUCH SWEETER......THAN SPOTIFY BUT DON'T USE THIS APP REASON THIS APP NO SWEET AND BAD FEELING \ud83d\ude2d\ud83d\ude2d\ud83d\ude2d PLS THIS COMMENT NOT PIN THERE YOUR GROUP I KNOW MY ENGLISH IS SO HARD OKEY DONT KEEP TRUST OKEY .......",
        "repliedAt": null,
        "replyContent": null,
        "reviewCreatedVersion": "1.4",
        "reviewId": "e36da916-e718-4262-be81-f63295c67092",
        "score": 1,
        "thumbsUpCount": 0,
        "userImage": "https://play-lh.googleusercontent.com/a/ACg8ocJV1R3AGfaqa1hz0gey75bY0tix6vL37Zu12cNlCxLj=mo",
        "userName": "SAFIYA SAFIYA"
    },
    {
        "appVersion": "1.4",
        "at": "2023-11-16 16:50:36",
        "content": "Absolutely love this app",
        "repliedAt": null,
        "replyContent": null,
        "reviewCreatedVersion": "1.4",
        "reviewId": "db5e8c1e-4b77-4d7e-a8d7-2355058e7c27",
        "score": 5,
        "thumbsUpCount": 0,
        "userImage": "https://play-lh.googleusercontent.com/a-/ALV-UjV_-TAU01VhFZiPmWSnQh6n4SqP6Q4MXHzQAqCM2A3V_qs",
        "userName": "Mathias Schutte"
    },
    {
        "appVersion": null,
        "at": "2023-11-15 09:37:10",
        "content": "Too much advertisment",
        "repliedAt": null,
        "replyContent": null,
        "reviewCreatedVersion": null,
        "reviewId": "7c70c2bd-c57f-4041-91b4-ab5b3a64ebfe",
        "score": 1,
        "thumbsUpCount": 0,
        "userImage": "https://play-lh.googleusercontent.com/a/ACg8ocJstzxZodmoecfGTJKRSeGrH1msTbA-z5GGR3Rp3M1Y=mo",
        "userName": "Izzue Hazimi"
    },
    {
        "appVersion": "1.4",
        "at": "2023-11-13 00:16:05",
        "content": "\u0627\u0639\u0644\u0627\u0646\u0627\u062a \u0643\u062a\u064a\u0631",
        "repliedAt": null,
        "replyContent": null,
        "reviewCreatedVersion": "1.4",
        "reviewId": "b64be374-b51a-4b86-bd0b-6aa4c11e9ec9",
        "score": 1,
        "thumbsUpCount": 0,
        "userImage": "https://play-lh.googleusercontent.com/a/ACg8ocJgDdsXXJqwCgQDXVktktDYgkPJfq_onKmG36AxJTM7=mo",
        "userName": "mostafa Yahya"
    },
    {
        "appVersion": null,
        "at": "2023-11-08 07:02:44",
        "content": "Nice \ud83d\udc4d",
        "repliedAt": null,
        "replyContent": null,
        "reviewCreatedVersion": null,
        "reviewId": "a8c9319c-d6a8-4e60-80b5-5e0a57e6d318",
        "score": 5,
        "thumbsUpCount": 1,
        "userImage": "https://play-lh.googleusercontent.com/a/ACg8ocIXyr6_J5dh3xoTw_ICQfhEEMURRI_O5zoDIhe-ajKW=mo",
        "userName": "Saidul Islam"
    },
    {
        "appVersion": "1.4",
        "at": "2023-11-07 21:24:42",
        "content": "Too many adverts. Phone became an instant advertising platform on opening. Just deinstalled!",
        "repliedAt": null,
        "replyContent": null,
        "reviewCreatedVersion": "1.4",
        "reviewId": "29f52731-fc34-42bd-b937-c571d01f352e",
        "score": 1,
        "thumbsUpCount": 13,
        "userImage": "https://play-lh.googleusercontent.com/a-/ALV-UjXLqBGtMvo5NYlYDeTaNf6wd2zxHbSXF6jl43fix6aoJIQt",
        "userName": "P T"
    },
    {
        "appVersion": null,
        "at": "2023-11-04 10:48:13",
        "content": "fake app,,do not install",
        "repliedAt": null,
        "replyContent": null,
        "reviewCreatedVersion": null,
        "reviewId": "9c9e2279-2e8a-4d31-9ea6-b6eacb5c2ccc",
        "score": 1,
        "thumbsUpCount": 1,
        "userImage": "https://play-lh.googleusercontent.com/a-/ALV-UjVYCwUVm0Vw7FiK7RRmKG4P_hJRhl_hVfVeF-4Tsldm0P0",
        "userName": "naeem sajid"
    },
    {
        "appVersion": "1.4",
        "at": "2023-11-03 11:08:30",
        "content": "Ads",
        "repliedAt": null,
        "replyContent": null,
        "reviewCreatedVersion": "1.4",
        "reviewId": "4543b6e4-b862-4621-9f8e-1a232e14d910",
        "score": 1,
        "thumbsUpCount": 0,
        "userImage": "https://play-lh.googleusercontent.com/a-/ALV-UjWoQrPXADa2YsYuYQxVs9e8AWLTrcmmYqF6hya57_uLrw",
        "userName": "PEnA Home Studio"
    },
    {
        "appVersion": null,
        "at": "2023-11-03 03:25:42",
        "content": "hshi Bbamkb",
        "repliedAt": null,
        "replyContent": null,
        "reviewCreatedVersion": null,
        "reviewId": "e939ee07-a4db-42f5-a4ec-fc69ea9fd70d",
        "score": 2,
        "thumbsUpCount": 1,
        "userImage": "https://play-lh.googleusercontent.com/a-/ALV-UjUmwTcsUnKUwUPcBPSoRxG04V2LWZdnDnGIidYBNlKHKw",
        "userName": "Hassan Ali"
    },
    {
        "appVersion": null,
        "at": "2023-10-30 10:02:30",
        "content": "Worst application my mobil screen change colour some time green some time white",
        "repliedAt": null,
        "replyContent": null,
        "reviewCreatedVersion": null,
        "reviewId": "a0d646a0-f489-4898-b169-39cd2f8c1979",
        "score": 1,
        "thumbsUpCount": 1,
        "userImage": "https://play-lh.googleusercontent.com/a-/ALV-UjUr33pvambTTEuPW5hos3Z-0r-5Y8LL5WnjsnWEjUi57Q",
        "userName": "Sarfraz Bhutta"
    },
    {
        "appVersion": null,
        "at": "2023-10-29 07:39:23",
        "content": "crashes... ad after ad after ad..",
        "repliedAt": null,
        "replyContent": null,
        "reviewCreatedVersion": null,
        "reviewId": "54ca1325-d915-4906-958d-5de63bca89f3",
        "score": 1,
        "thumbsUpCount": 2,
        "userImage": "https://play-lh.googleusercontent.com/a-/ALV-UjXNFUjxOnd-iuOoO-iIQqLBW855hIJ3Pgus2qbbfq33qWEH",
        "userName": "T Mas (Alpha01)"
    },
    {
        "appVersion": null,
        "at": "2023-10-28 17:31:57",
        "content": "Not as good as it is now on the way home",
        "repliedAt": null,
        "replyContent": null,
        "reviewCreatedVersion": null,
        "reviewId": "9523c1c4-1e51-4431-9ec9-47c0217065de",
        "score": 3,
        "thumbsUpCount": 0,
        "userImage": "https://play-lh.googleusercontent.com/a/ACg8ocLMs9_wohKvs4-K7RdT69IH0ocV6tv1CMFIPmBb2DYe=mo",
        "userName": "Dominic Bliznakoff"
    },
    {
        "appVersion": null,
        "at": "2023-10-26 16:50:39",
        "content": "Filled with stupid ads never install it.",
        "repliedAt": null,
        "replyContent": null,
        "reviewCreatedVersion": null,
        "reviewId": "47fe9db1-85c3-4e5e-be2e-8a64ab4b2405",
        "score": 1,
        "thumbsUpCount": 3,
        "userImage": "https://play-lh.googleusercontent.com/a-/ALV-UjV0ZZfotWMexor1HUo_g2bCDCIbexl5yvK3rlW6Dnt4UWce",
        "userName": "YourEx GAMING"
    },
    {
        "appVersion": null,
        "at": "2023-10-25 16:26:22",
        "content": "Bad app",
        "repliedAt": null,
        "replyContent": null,
        "reviewCreatedVersion": null,
        "reviewId": "54608c8f-5985-42b7-a9ed-e7b8bd8950fa",
        "score": 1,
        "thumbsUpCount": 1,
        "userImage": "https://play-lh.googleusercontent.com/a-/ALV-UjU0CEbWAq3in_CzzuAlTZQOqnTTb0SeWt-a_RH-qwc3Uls",
        "userName": "Swarup Deb Nath (Showmik)"
    },
    {
        "appVersion": "1.3",
        "at": "2023-10-24 08:16:00",
        "content": "Null",
        "repliedAt": null,
        "replyContent": null,
        "reviewCreatedVersion": "1.3",
        "reviewId": "73910168-1d23-4888-860e-8998bf3dc750",
        "score": 1,
        "thumbsUpCount": 0,
        "userImage": "https://play-lh.googleusercontent.com/a/ACg8ocLtLjKWoq90aZSucDHD3VfIV5IxAVj9_Z80ZCBeYph0CA=mo",
        "userName": "Bounadi Karim"
    },
    {
        "appVersion": "1.3",
        "at": "2023-10-24 07:04:46",
        "content": "Many many ads show",
        "repliedAt": null,
        "replyContent": null,
        "reviewCreatedVersion": "1.3",
        "reviewId": "abef13b6-6461-4dae-a66b-123fbf854a65",
        "score": 1,
        "thumbsUpCount": 0,
        "userImage": "https://play-lh.googleusercontent.com/a/ACg8ocJJPTuPzAaNzCVWadAMC1QHJ9grrdMOIqAQqR2MPo0w=mo",
        "userName": "Md Shahidul Akan"
    },
    {
        "appVersion": null,
        "at": "2023-10-21 11:49:02",
        "content": "Clear",
        "repliedAt": null,
        "replyContent": null,
        "reviewCreatedVersion": null,
        "reviewId": "5fb2a379-e0ed-4489-b678-4352dbce55b8",
        "score": 5,
        "thumbsUpCount": 1,
        "userImage": "https://play-lh.googleusercontent.com/a-/ALV-UjWJ5Z80W9JPAFB8YcOGGuh--fHgftkH4fWVx8wLeDPE1A",
        "userName": "Alam Gir"
    },
    {
        "appVersion": "1.3",
        "at": "2023-10-18 00:57:04",
        "content": "Keeps crashing",
        "repliedAt": null,
        "replyContent": null,
        "reviewCreatedVersion": "1.3",
        "reviewId": "454df012-6fd0-4b32-86b7-7bc5a0d013da",
        "score": 1,
        "thumbsUpCount": 0,
        "userImage": "https://play-lh.googleusercontent.com/a-/ALV-UjVACHEJQkf48-FD96sBncPUK8w5YyfQdBiFcRszzO06pYI",
        "userName": "John Webb"
    },
    {
        "appVersion": null,
        "at": "2023-10-15 17:22:36",
        "content": "Good app",
        "repliedAt": null,
        "replyContent": null,
        "reviewCreatedVersion": null,
        "reviewId": "4b959697-1e40-4893-b294-5b7fbddde8f2",
        "score": 5,
        "thumbsUpCount": 0,
        "userImage": "https://play-lh.googleusercontent.com/a-/ALV-UjXGpUz77RQzF2e0eDW21AveSfaNcxYiu0CdfT3Ypaab1JQ",
        "userName": "John Chedotum"
    },
    {
        "appVersion": "1.3",
        "at": "2023-10-14 11:40:29",
        "content": "To many ads",
        "repliedAt": null,
        "replyContent": null,
        "reviewCreatedVersion": "1.3",
        "reviewId": "e7b0b06f-0ffe-4b43-9d40-d6fe85478abd",
        "score": 1,
        "thumbsUpCount": 1,
        "userImage": "https://play-lh.googleusercontent.com/a-/ALV-UjWJAthr2ZgldNkiBPhqrMgEEJVgnQTkouJ8bskK-t9WqA",
        "userName": "Vincent"
    },
    {
        "appVersion": "1.3",
        "at": "2023-10-11 00:11:42",
        "content": "It sucked. Did not test any sensors and took its sweet time forcing ads instead of letting me know it would be worth less than 0",
        "repliedAt": null,
        "replyContent": null,
        "reviewCreatedVersion": "1.3",
        "reviewId": "6a4678c6-2342-45af-bb98-3961e0db7108",
        "score": 1,
        "thumbsUpCount": 1,
        "userImage": "https://play-lh.googleusercontent.com/a/ACg8ocLR3Xl7JKd6bEWIo9Zl7BZd3Si0b7vzeDrJ_5tUrozGlA=mo",
        "userName": "David Dittrich"
    },
    {
        "appVersion": "1.3",
        "at": "2023-10-09 04:57:05",
        "content": "Very bad app.",
        "repliedAt": null,
        "replyContent": null,
        "reviewCreatedVersion": "1.3",
        "reviewId": "9694bf41-2ecb-4edb-9b4b-1b688c1dc023",
        "score": 1,
        "thumbsUpCount": 0,
        "userImage": "https://play-lh.googleusercontent.com/a-/ALV-UjX62yf5RAmFL6lV0vb2S_ofBfqcgKgaoXHlYg8hDqzSu0M",
        "userName": "Aswathy Thankan"
    },
    {
        "appVersion": "1.3",
        "at": "2023-10-06 09:51:01",
        "content": "Too much Ads, almost unusable....",
        "repliedAt": null,
        "replyContent": null,
        "reviewCreatedVersion": "1.3",
        "reviewId": "dfb23200-cde6-46fa-9498-ce03052f2bbb",
        "score": 1,
        "thumbsUpCount": 2,
        "userImage": "https://play-lh.googleusercontent.com/a-/ALV-UjUEPg9lqhL1gsvkodHDjFJKUbEnpzHji060k85EPQQYtbSi",
        "userName": "Roy Chong"
    },
    {
        "appVersion": null,
        "at": "2023-10-06 09:24:41",
        "content": "Ads only",
        "repliedAt": null,
        "replyContent": null,
        "reviewCreatedVersion": null,
        "reviewId": "4ccf183b-9e8c-4b67-b67b-eec71ba23338",
        "score": 1,
        "thumbsUpCount": 1,
        "userImage": "https://play-lh.googleusercontent.com/a/ACg8ocIW1Jcm-ujqKMCfygtBhuQW8sxtB6i7yobbosWGEAsP=mo",
        "userName": "nayan wasnik"
    },
    {
        "appVersion": "1.3",
        "at": "2023-10-02 12:03:19",
        "content": "Good app and useful app",
        "repliedAt": null,
        "replyContent": null,
        "reviewCreatedVersion": "1.3",
        "reviewId": "50202262-f91a-4b2e-b51a-af11328a5977",
        "score": 5,
        "thumbsUpCount": 3,
        "userImage": "https://play-lh.googleusercontent.com/a-/ALV-UjVFluVfdkBxU2J6mABUgaA6xdVZeo4xjZyx2Q9ZyBSbwa4",
        "userName": "Aman Vishwakarma"
    },
    {
        "appVersion": "1.3",
        "at": "2023-10-02 10:01:49",
        "content": "Ads ads \ud83d\udd90\ufe0f\ud83d\udd90\ufe0f\ud83d\udd90\ufe0f\ud83d\udd90\ufe0f\ud83d\udd90\ufe0f",
        "repliedAt": null,
        "replyContent": null,
        "reviewCreatedVersion": "1.3",
        "reviewId": "c98fb9aa-abcb-470c-b11b-603590284b4b",
        "score": 1,
        "thumbsUpCount": 0,
        "userImage": "https://play-lh.googleusercontent.com/a-/ALV-UjX_1S1RKp6laRH-nVmbahYjfB53W8JeuN6U3NmufB9haMYF",
        "userName": "XPRO FAIZEE"
    },
    {
        "appVersion": null,
        "at": "2023-10-01 03:30:01",
        "content": "Thanks Google",
        "repliedAt": null,
        "replyContent": null,
        "reviewCreatedVersion": null,
        "reviewId": "6f5e7eca-5279-4a4b-ad5e-f8293ba93a39",
        "score": 5,
        "thumbsUpCount": 0,
        "userImage": "https://play-lh.googleusercontent.com/a-/ALV-UjXKJbXgdBf5znhhyUheK_rPQUxjphM4Fx5rrEzGxIIrHb8",
        "userName": "Shahid Hussain Chaudhry"
    },
    {
        "appVersion": "1.3",
        "at": "2023-09-30 17:13:47",
        "content": "Piece of m junk app don't waste your time like I just did. , doesn't work , is all adds for Telus , each time you push a button COMPLETE screen of adds. WASTE OF APP SPACE , GARBAGE DOESNT DO AS ADVERTISEED.",
        "repliedAt": null,
        "replyContent": null,
        "reviewCreatedVersion": "1.3",
        "reviewId": "288a33e5-770e-49a2-a9f0-7944720d4365",
        "score": 1,
        "thumbsUpCount": 0,
        "userImage": "https://play-lh.googleusercontent.com/a-/ALV-UjVD70dV8Xsycdc38z1T_uDka5FsipvaSM7--nKgqlu17v5_",
        "userName": "Me"
    },
    {
        "appVersion": null,
        "at": "2023-09-27 05:18:11",
        "content": "Doesn't do much at all except find tech specs + tons of ads. Uninstalled after 5min",
        "repliedAt": null,
        "replyContent": null,
        "reviewCreatedVersion": null,
        "reviewId": "7c8a75d4-f668-444f-b71c-17b5fc8dbb09",
        "score": 1,
        "thumbsUpCount": 1,
        "userImage": "https://play-lh.googleusercontent.com/a/ACg8ocKgxgnx9qpXyfgzfpCcksRyAe6_KfqknqAv2dprsMTC=mo",
        "userName": "Murielle Danjoux"
    },
    {
        "appVersion": null,
        "at": "2023-09-19 22:04:46",
        "content": "Good",
        "repliedAt": null,
        "replyContent": null,
        "reviewCreatedVersion": null,
        "reviewId": "c8d19ec2-8156-41c7-a29e-5249c91f9aba",
        "score": 5,
        "thumbsUpCount": 1,
        "userImage": "https://play-lh.googleusercontent.com/a/ACg8ocJ1SCYNFMqhFVZTdE5r9136VAEOz8oMGEJatBkYmwBX=mo",
        "userName": "Teshome Thomas"
    },
    {
        "appVersion": "1.3",
        "at": "2023-09-16 15:17:49",
        "content": "Two funny. The app it self is not allowing to access the specification. Hahaha...",
        "repliedAt": null,
        "replyContent": null,
        "reviewCreatedVersion": "1.3",
        "reviewId": "99502d2e-2011-4365-b0df-18f4ff9ca16e",
        "score": 1,
        "thumbsUpCount": 2,
        "userImage": "https://play-lh.googleusercontent.com/a-/ALV-UjWKE-dpYx1CdnODKQwfXmXoSU5winLfUDCps1NMBNaL7fCj",
        "userName": "SIVA SUBRAHMANYAM"
    },
    {
        "appVersion": "1.3",
        "at": "2023-09-16 11:11:23",
        "content": "too many ads",
        "repliedAt": null,
        "replyContent": null,
        "reviewCreatedVersion": "1.3",
        "reviewId": "b9512adc-3ce5-4878-9944-a1c7aecad1e8",
        "score": 1,
        "thumbsUpCount": 1,
        "userImage": "https://play-lh.googleusercontent.com/a-/ALV-UjVUbC9kjBIbDzkvZHMfLw1dOi38Zib0K4rZN5vaIAfe4Fg",
        "userName": "Kyle Joachim Coo"
    },
    {
        "appVersion": "1.3",
        "at": "2023-09-14 09:17:05",
        "content": "It will display the hardware information only, does not test any hardware. Name is misleading",
        "repliedAt": null,
        "replyContent": null,
        "reviewCreatedVersion": "1.3",
        "reviewId": "70e02a84-3611-483f-b8a5-877fbcc448dc",
        "score": 1,
        "thumbsUpCount": 2,
        "userImage": "https://play-lh.googleusercontent.com/a/ACg8ocIL4FOJWnQ8YaJ63s3-tJiVp8N-bHP-8yfaKFKN_8lp=mo",
        "userName": "Santosh Kumar Bolukonda"
    },
    {
        "appVersion": "1.3",
        "at": "2023-09-13 01:42:04",
        "content": "Not worth the hassle. Excessive ads. Even on the first time opening the app an ad immediately shows then after almost every click. Some options don't work, it makes my screen go black and then it throws me two menus behind from where I currently was, which is very annoying as I have to keep going back to the menu I was at for the options that do actually work.",
        "repliedAt": null,
        "replyContent": null,
        "reviewCreatedVersion": "1.3",
        "reviewId": "4befa51d-b4d5-451a-b9a3-3421b69ed3a1",
        "score": 1,
        "thumbsUpCount": 55,
        "userImage": "https://play-lh.googleusercontent.com/a-/ALV-UjXmMIgio374nNtOmNtaO6Pd2AR-SEOgfAf9Ad9u7Wzv_mI",
        "userName": "sachin rambirith"
    },
    {
        "appVersion": "1.3",
        "at": "2023-09-11 04:17:41",
        "content": "Good but bad, tells you sverything you need to know gets into specific details and pretty good. Just every time you click a button an ad pops up. Other than that pretty nice.",
        "repliedAt": null,
        "replyContent": null,
        "reviewCreatedVersion": "1.3",
        "reviewId": "0c3d544a-c8ca-4d22-8166-77f20e394bbd",
        "score": 2,
        "thumbsUpCount": 3,
        "userImage": "https://play-lh.googleusercontent.com/a-/ALV-UjWSJ0nWQCtFhI2FE94vjH6Zxsn18ZNJLi063D4f5-TYZkE",
        "userName": "Rishi"
    },
    {
        "appVersion": "1.3",
        "at": "2023-09-10 04:55:02",
        "content": "Always showing ads",
        "repliedAt": null,
        "replyContent": null,
        "reviewCreatedVersion": "1.3",
        "reviewId": "af6202d0-c9c8-49bd-afc9-2d2059591fed",
        "score": 1,
        "thumbsUpCount": 0,
        "userImage": "https://play-lh.googleusercontent.com/a-/ALV-UjW5I-Dqwrf5P46bywDL09U7Svl_7eLWjlXYlAK0tss2_-E",
        "userName": "Saurav Jha"
    },
    {
        "appVersion": "1.3",
        "at": "2023-09-06 16:30:27",
        "content": "Review",
        "repliedAt": null,
        "replyContent": null,
        "reviewCreatedVersion": "1.3",
        "reviewId": "278c0407-565d-45c9-93c0-ec269798e0a0",
        "score": 5,
        "thumbsUpCount": 2,
        "userImage": "https://play-lh.googleusercontent.com/a/ACg8ocJ5jtDrCxPTWy4SJo1retDqQfxyB6PZreIYOGHZsS5R=mo",
        "userName": "Jemal Abdu"
    },
    {
        "appVersion": null,
        "at": "2023-09-01 21:07:20",
        "content": "Because it a not stability programm - it's close with errors, when i want to test my phone. Sony XZ.",
        "repliedAt": null,
        "replyContent": null,
        "reviewCreatedVersion": null,
        "reviewId": "0683e4b0-64b6-469c-81c0-aa31d34e0371",
        "score": 2,
        "thumbsUpCount": 1,
        "userImage": "https://play-lh.googleusercontent.com/a-/ALV-UjWAEIk8_bA8GOfRqll-2SwV09LyVr1T6fWIGASKXvEs5lE",
        "userName": "A\u0489n\u0489t\u0489o\u0489n\u0489 \u201c\u5b89\u6771-B\u201d B\u0489"
    },
    {
        "appVersion": "1.3",
        "at": "2023-09-01 12:51:17",
        "content": "Good",
        "repliedAt": null,
        "replyContent": null,
        "reviewCreatedVersion": "1.3",
        "reviewId": "05e061aa-db8f-40e3-b3af-1923dedd4da9",
        "score": 5,
        "thumbsUpCount": 4,
        "userImage": "https://play-lh.googleusercontent.com/a-/ALV-UjWElhyFiK4PhtSXYMXmL19qNiF_FQIAIgW-8YUHEEaIUA",
        "userName": "htet myat"
    },
    {
        "appVersion": "1.3",
        "at": "2023-08-26 20:57:23",
        "content": "More ADS THEN APP.",
        "repliedAt": null,
        "replyContent": null,
        "reviewCreatedVersion": "1.3",
        "reviewId": "dce6f036-549c-4734-8bbe-59598d77e805",
        "score": 1,
        "thumbsUpCount": 0,
        "userImage": "https://play-lh.googleusercontent.com/a/ACg8ocKcnYFsbtSnXZ3M1WgI1U_aKVe9vuFh8Y6R3646DnPN=mo",
        "userName": "Martin Reed"
    },
    {
        "appVersion": null,
        "at": "2023-08-24 05:43:29",
        "content": "horrible app.",
        "repliedAt": null,
        "replyContent": null,
        "reviewCreatedVersion": null,
        "reviewId": "711a6d06-94cc-490a-96a9-e903165df5df",
        "score": 1,
        "thumbsUpCount": 0,
        "userImage": "https://play-lh.googleusercontent.com/a/ACg8ocJk1DoXjGgUOzVgAgCc-PCqYpCOCj7ftFEmWh37ffTB=mo",
        "userName": "Clavius Magnus"
    },
    {
        "appVersion": null,
        "at": "2023-08-22 18:51:12",
        "content": "search",
        "repliedAt": null,
        "replyContent": null,
        "reviewCreatedVersion": null,
        "reviewId": "1b88d2c2-52f8-4a71-a625-eea92d5547a7",
        "score": 5,
        "thumbsUpCount": 0,
        "userImage": "https://play-lh.googleusercontent.com/a-/ALV-UjX8UxRYK-6f9RbTT127bbrlHJlhbxav1Mf-h9f4P_NYIg",
        "userName": "ASK ASHOK"
    },
    {
        "appVersion": null,
        "at": "2023-08-21 18:20:37",
        "content": "Junk that doesn't work and full of ads",
        "repliedAt": null,
        "replyContent": null,
        "reviewCreatedVersion": null,
        "reviewId": "9d9e46f8-26be-4933-a51f-b75bdecbb2f9",
        "score": 1,
        "thumbsUpCount": 3,
        "userImage": "https://play-lh.googleusercontent.com/a-/ALV-UjVUxnimHo6gsn5deQomiER5H2ibaUHUMZ9WpujAGlnU82Yk",
        "userName": "Karim Errytouny"
    },
    {
        "appVersion": null,
        "at": "2023-08-12 04:12:32",
        "content": "Good",
        "repliedAt": null,
        "replyContent": null,
        "reviewCreatedVersion": null,
        "reviewId": "601fa503-583b-40d1-b1fb-7f1b77e2cb6c",
        "score": 5,
        "thumbsUpCount": 1,
        "userImage": "https://play-lh.googleusercontent.com/a/ACg8ocJB2nspx27s94KWsW8QdIcDs9QSwnz7notm8qb2GpED=mo",
        "userName": "Alaa Allosh"
    },
    {
        "appVersion": "1.3",
        "at": "2023-08-11 14:56:57",
        "content": "Too much ads....",
        "repliedAt": null,
        "replyContent": null,
        "reviewCreatedVersion": "1.3",
        "reviewId": "a52af5a0-79c7-4082-9bdb-e594c4f11dbd",
        "score": 2,
        "thumbsUpCount": 1,
        "userImage": "https://play-lh.googleusercontent.com/a-/ALV-UjXgU1lmS7eDOP74iyxj1JtmT14KQf0EROvP3m37OqrxPg",
        "userName": "S M"
    },
    {
        "appVersion": null,
        "at": "2023-08-10 04:22:28",
        "content": "Ads ads ads",
        "repliedAt": null,
        "replyContent": null,
        "reviewCreatedVersion": null,
        "reviewId": "50fda73b-b441-45af-a30d-33c6c8485ad7",
        "score": 1,
        "thumbsUpCount": 0,
        "userImage": "https://play-lh.googleusercontent.com/a/ACg8ocJkHoJLk2tC7KzcDCFtAD5LlRClmAf5odmVny6-WJ9g=mo",
        "userName": "Martin Selanus"
    },
    {
        "appVersion": "1.3",
        "at": "2023-08-01 22:33:50",
        "content": "Doesnt work at all",
        "repliedAt": null,
        "replyContent": null,
        "reviewCreatedVersion": "1.3",
        "reviewId": "99ef84b8-8389-45c3-bddd-86c306fc9aa7",
        "score": 1,
        "thumbsUpCount": 0,
        "userImage": "https://play-lh.googleusercontent.com/a/ACg8ocIO7-Kpbvk4sBUqK7kZRP4hzWBYsS4wp_iNW4ekl1s=mo",
        "userName": "alagaratnam sakthiyanthiran"
    },
    {
        "appVersion": null,
        "at": "2023-08-01 07:57:49",
        "content": "Good",
        "repliedAt": null,
        "replyContent": null,
        "reviewCreatedVersion": null,
        "reviewId": "8898d738-a707-4a9f-8948-5acd3e5c0c55",
        "score": 5,
        "thumbsUpCount": 1,
        "userImage": "https://play-lh.googleusercontent.com/a-/ALV-UjVGHOcKGmNRNTtW1lA94_yhLTChLScuD1uF8G1fEAwI6Q",
        "userName": "waheedullah Mamond"
    },
    {
        "appVersion": "1.3",
        "at": "2023-07-29 17:18:46",
        "content": "rubbish",
        "repliedAt": null,
        "replyContent": null,
        "reviewCreatedVersion": "1.3",
        "reviewId": "64ec991d-6e89-459c-a77b-355416ade1f2",
        "score": 1,
        "thumbsUpCount": 2,
        "userImage": "https://play-lh.googleusercontent.com/a-/ALV-UjUUwCVqqR0AhcwcIRas7rsigjTjI2D1RkH51C8-AeqnYSw",
        "userName": "G.I. Joe"
    },
    {
        "appVersion": null,
        "at": "2023-07-28 06:34:25",
        "content": "Impossible to use. Everytime you touch the screen an ad pops up and you have to wait for it to time out before you can close it after hitting no less than three buttons. Also, there are no hardware tests for things like power and volume buttons. This one is a hard pass. There are others that have much better reviews that are much better.",
        "repliedAt": null,
        "replyContent": null,
        "reviewCreatedVersion": null,
        "reviewId": "f84c2e7c-d850-4ae8-b22d-5d54191f85d5",
        "score": 1,
        "thumbsUpCount": 75,
        "userImage": "https://play-lh.googleusercontent.com/a-/ALV-UjVcFO-VGrLQjJf4fL9PaNQARYF3d5ha1n3NK35ljGibenOY",
        "userName": "Joby Fluorine"
    },
    {
        "appVersion": null,
        "at": "2023-07-23 00:35:16",
        "content": "Good",
        "repliedAt": null,
        "replyContent": null,
        "reviewCreatedVersion": null,
        "reviewId": "d1e3c7f7-c20e-40b9-9397-7e7510540727",
        "score": 5,
        "thumbsUpCount": 1,
        "userImage": "https://play-lh.googleusercontent.com/a-/ALV-UjVeVrPdN6EhQAuFDwiPx_iXZjUKJrBKuRvEDoLMXuG1rW0",
        "userName": "Ibrahim Mutinda"
    },
    {
        "appVersion": "1.3",
        "at": "2023-07-22 12:21:04",
        "content": "Ghatiya app dont install it... Ads on every touch.",
        "repliedAt": null,
        "replyContent": null,
        "reviewCreatedVersion": "1.3",
        "reviewId": "6b48134c-f9ca-4a9f-ac7c-bec0a86601d9",
        "score": 1,
        "thumbsUpCount": 0,
        "userImage": "https://play-lh.googleusercontent.com/a-/ALV-UjXrLH_EtZW5Vlmr1sM_QG4rHsBzIyVC0jZ3z6dDDUhFKA",
        "userName": "Praveen Choudhary"
    },
    {
        "appVersion": "1.3",
        "at": "2023-07-22 05:36:31",
        "content": "Good",
        "repliedAt": null,
        "replyContent": null,
        "reviewCreatedVersion": "1.3",
        "reviewId": "909f20c9-2b8e-43af-b4f0-dee56580a4a9",
        "score": 5,
        "thumbsUpCount": 2,
        "userImage": "https://play-lh.googleusercontent.com/a-/ALV-UjUQZu4r59qWhO44QYywlqPWgoEYi03DB4JsTiHaXJ0axQ",
        "userName": "Millitary Official"
    },
    {
        "appVersion": null,
        "at": "2023-07-16 18:18:34",
        "content": "Very good",
        "repliedAt": null,
        "replyContent": null,
        "reviewCreatedVersion": null,
        "reviewId": "08f3a40c-48ba-4097-b9ce-155baf2676b7",
        "score": 5,
        "thumbsUpCount": 0,
        "userImage": "https://play-lh.googleusercontent.com/a/ACg8ocKQY-bm5KMsqzhqjEQufuck65-fDsVQiZ2UjVWp_X0g=mo",
        "userName": "Onwuzuluigbo Oliver"
    },
    {
        "appVersion": "1.3",
        "at": "2023-07-15 05:15:28",
        "content": "Great",
        "repliedAt": null,
        "replyContent": null,
        "reviewCreatedVersion": "1.3",
        "reviewId": "c4564491-4978-412b-95e2-254f19a1ee72",
        "score": 5,
        "thumbsUpCount": 1,
        "userImage": "https://play-lh.googleusercontent.com/a/ACg8ocKOPWr7Aaiq3Y772KqcmAaClk2G9e_YhsR2wZZdiqe8lg=mo",
        "userName": "zin phyo (zinphyo)"
    },
    {
        "appVersion": "1.3",
        "at": "2023-07-10 13:17:27",
        "content": "Stupid app",
        "repliedAt": null,
        "replyContent": null,
        "reviewCreatedVersion": "1.3",
        "reviewId": "26ac3412-4e5f-41e4-a534-c85088b514de",
        "score": 1,
        "thumbsUpCount": 0,
        "userImage": "https://play-lh.googleusercontent.com/a-/ALV-UjVTqJkcjlDa2NhBhiwBlX9FG_d7KUIwHELvyBseEFkKLrk",
        "userName": "_MSI -SHAKIL_"
    },
    {
        "appVersion": null,
        "at": "2023-07-08 16:57:58",
        "content": "Click bait, do NOT install.",
        "repliedAt": null,
        "replyContent": null,
        "reviewCreatedVersion": null,
        "reviewId": "29f47859-b80a-4905-bc3c-549670dc365a",
        "score": 1,
        "thumbsUpCount": 1,
        "userImage": "https://play-lh.googleusercontent.com/a/ACg8ocLrOJPJJII9-UWfebm6eQz71ubjOA5aYPqU784T_tE3nTc=mo",
        "userName": "Dean Cordle (ChaXe)"
    },
    {
        "appVersion": null,
        "at": "2023-07-07 22:54:45",
        "content": "Sound check r not available",
        "repliedAt": null,
        "replyContent": null,
        "reviewCreatedVersion": null,
        "reviewId": "bfdfaec8-1828-4cb5-b6b5-23c1647b4fc4",
        "score": 1,
        "thumbsUpCount": 0,
        "userImage": "https://play-lh.googleusercontent.com/a/ACg8ocKuDnue-9DKHD0V3Dqtqfcg_ubcCYEbsCOBo9xPkNY_=mo",
        "userName": "Rohit RajeNimbalkar"
    },
    {
        "appVersion": "1.3",
        "at": "2023-07-04 06:46:25",
        "content": "Best app",
        "repliedAt": null,
        "replyContent": null,
        "reviewCreatedVersion": "1.3",
        "reviewId": "6f950b40-15b6-472a-b232-447d11d6415e",
        "score": 5,
        "thumbsUpCount": 3,
        "userImage": "https://play-lh.googleusercontent.com/a-/ALV-UjW933kbBM1Xv7S8Wl2dEnH5xl8pCp8VrcaTTjEtpOkMn8g",
        "userName": "Karthikeya Dongre"
    },
    {
        "appVersion": "1.3",
        "at": "2023-07-03 08:37:40",
        "content": "Useful to good.",
        "repliedAt": null,
        "replyContent": null,
        "reviewCreatedVersion": "1.3",
        "reviewId": "6ff58387-1830-431a-ad35-54ac76e544fa",
        "score": 5,
        "thumbsUpCount": 1,
        "userImage": "https://play-lh.googleusercontent.com/a-/ALV-UjUIOkPL4c8jov-YZZ5QZzkXHrLeLRFFMMxvUP6iFbJRbEI",
        "userName": "Than Win Htut"
    },
    {
        "appVersion": "1.3",
        "at": "2023-07-02 08:47:28",
        "content": "very poor app. ads at every touch of any button. there are other free options.",
        "repliedAt": null,
        "replyContent": null,
        "reviewCreatedVersion": "1.3",
        "reviewId": "38969698-2de6-4bc1-9b86-ff283018461f",
        "score": 1,
        "thumbsUpCount": 31,
        "userImage": "https://play-lh.googleusercontent.com/a-/ALV-UjVmhSfvI6XbzBDz63a7qyDQ-tt1Oyx6XIa1Eg_vGJ0HGEU",
        "userName": "Amruta Darandale"
    },
    {
        "appVersion": "1.3",
        "at": "2023-06-20 13:25:18",
        "content": "Too many ads",
        "repliedAt": null,
        "replyContent": null,
        "reviewCreatedVersion": "1.3",
        "reviewId": "c42c28c4-28cb-4f39-941e-7897da89e43f",
        "score": 1,
        "thumbsUpCount": 0,
        "userImage": "https://play-lh.googleusercontent.com/a/ACg8ocJhWBlWkVNHiSsJT7FkRpDhksMgUldPEJTU6dBxQWUE=mo",
        "userName": "zitapis zitapiss"
    },
    {
        "appVersion": null,
        "at": "2023-06-19 21:02:05",
        "content": "Regards",
        "repliedAt": null,
        "replyContent": null,
        "reviewCreatedVersion": null,
        "reviewId": "155cc361-95d4-4262-81e7-3f4c5620937f",
        "score": 5,
        "thumbsUpCount": 2,
        "userImage": "https://play-lh.googleusercontent.com/a-/ALV-UjXgJ8poU_iHtBoRNA0xaIsmzjscvR4lYWKGLs7a-kB_31U",
        "userName": "Shahid Hussain"
    },
    {
        "appVersion": null,
        "at": "2023-06-19 09:36:14",
        "content": "The following statement always appears when dealing with any application says (unfortunately the process android process acore has stopped) which vital affect mainly the availability of using phone contacts.please advise thanks",
        "repliedAt": null,
        "replyContent": null,
        "reviewCreatedVersion": null,
        "reviewId": "6fd3cba5-c0ed-43b5-8d93-224a4e41fe78",
        "score": 4,
        "thumbsUpCount": 9,
        "userImage": "https://play-lh.googleusercontent.com/a-/ALV-UjVEbIespnTBHKferS62QJx7x64UEn4YUP0WWGDZh_mr84Q",
        "userName": "George Wanis"
    },
    {
        "appVersion": null,
        "at": "2023-06-12 15:21:22",
        "content": "I do understand need of adds, but that's WAY, WAY TOO MUCH",
        "repliedAt": null,
        "replyContent": null,
        "reviewCreatedVersion": null,
        "reviewId": "98315830-b532-4a84-9536-229f7841f712",
        "score": 3,
        "thumbsUpCount": 2,
        "userImage": "https://play-lh.googleusercontent.com/a-/ALV-UjVA4szxy_9tBOE6GzlcGqfOnRYlA-7V0OcOaDMeDimrxc6o",
        "userName": "Oci Cekov"
    },
    {
        "appVersion": null,
        "at": "2023-06-08 10:32:27",
        "content": "Worst app , pls don't download, it will show 100's of advertisement",
        "repliedAt": null,
        "replyContent": null,
        "reviewCreatedVersion": null,
        "reviewId": "b5fff545-c6e7-42fd-aa1d-e7233b7d018e",
        "score": 1,
        "thumbsUpCount": 4,
        "userImage": "https://play-lh.googleusercontent.com/a/ACg8ocJqtFNibF563H7XaR2vD8sgbMhZhFz6SlnXvqFZqevgCUE=mo",
        "userName": "Smaraki Pattanaik"
    },
    {
        "appVersion": "1.3",
        "at": "2023-06-04 03:04:09",
        "content": "Over rated AU$15.00+ there are many apps more features for a third the cost. 10 yeah 15+ not worth it My personal opinion after testing 4 other apps on here. Un sire if I can name the apps here",
        "repliedAt": null,
        "replyContent": null,
        "reviewCreatedVersion": "1.3",
        "reviewId": "c885625a-6aee-48c7-9bf9-aff12abb8592",
        "score": 1,
        "thumbsUpCount": 6,
        "userImage": "https://play-lh.googleusercontent.com/a-/ALV-UjUHR6TAyyK3Ud3neVBKFkxiiR5P6gAGVvkVDzZ0WI4eqfU",
        "userName": "James Exploring Online"
    },
    {
        "appVersion": "1.3",
        "at": "2023-05-31 09:58:00",
        "content": "Attodidock preacher two love to the world of truth",
        "repliedAt": null,
        "replyContent": null,
        "reviewCreatedVersion": "1.3",
        "reviewId": "269fbb01-71b2-4347-afd8-40cd2fda379b",
        "score": 5,
        "thumbsUpCount": 1,
        "userImage": "https://play-lh.googleusercontent.com/a/ACg8ocIICo-X3XTHzlqDMmFrrjKUNLavIwFcubjigUIdBtSEEA=mo",
        "userName": "Roy Cowan"
    },
    {
        "appVersion": "1.3",
        "at": "2023-05-30 16:33:14",
        "content": "Cancer app",
        "repliedAt": null,
        "replyContent": null,
        "reviewCreatedVersion": "1.3",
        "reviewId": "12501d6c-aaac-4d46-a237-39c50485b9d2",
        "score": 1,
        "thumbsUpCount": 0,
        "userImage": "https://play-lh.googleusercontent.com/a/ACg8ocJYfBh9-Sc1nou_Xjtui9MLH24ObFpmuWMuhTpVgLC-=mo",
        "userName": "Unnamed"
    },
    {
        "appVersion": "1.3",
        "at": "2023-05-28 16:06:28",
        "content": "Ads",
        "repliedAt": null,
        "replyContent": null,
        "reviewCreatedVersion": "1.3",
        "reviewId": "0177d4a8-1369-4414-910f-5e40066f5767",
        "score": 1,
        "thumbsUpCount": 0,
        "userImage": "https://play-lh.googleusercontent.com/a-/ALV-UjXH3wjxHFVJDYGAL1-kyjCXrOtRZUieFhR-J1T46BNNnQ",
        "userName": "RwOnke"
    },
    {
        "appVersion": null,
        "at": "2023-05-19 23:31:59",
        "content": "Tha",
        "repliedAt": null,
        "replyContent": null,
        "reviewCreatedVersion": null,
        "reviewId": "821a376e-ff69-4dae-a18e-171f7970ae85",
        "score": 5,
        "thumbsUpCount": 1,
        "userImage": "https://play-lh.googleusercontent.com/a-/ALV-UjVg55Qu3GitCGW9sXozWM2YmIoORJane44sjK1xP_p4k_Q",
        "userName": "Mohmmad Zakaria Zamani"
    },
    {
        "appVersion": null,
        "at": "2023-05-16 21:58:57",
        "content": "This app is very misleading, the developers need to look at a dictionary to find out what does test mean, it does not mean to display hardware specification, test means to stress test the hardware for any errors, I was specifically looking for a ram test to diagnose if my phone keeps on crashing because of bad memory or CPU. What a waste of time, I've done you a favour and reported it to Google",
        "repliedAt": null,
        "replyContent": null,
        "reviewCreatedVersion": null,
        "reviewId": "539c722e-f44b-4854-89b2-b446e41b535f",
        "score": 1,
        "thumbsUpCount": 78,
        "userImage": "https://play-lh.googleusercontent.com/a/ACg8ocIgAnT4TbZfmJoQNPDAIwbo34dlf5-NRYuhOYe9qEW7=mo",
        "userName": "andi calman"
    },
    {
        "appVersion": null,
        "at": "2023-05-13 13:52:27",
        "content": "Can't even use the app. Toooooo many ads",
        "repliedAt": null,
        "replyContent": null,
        "reviewCreatedVersion": null,
        "reviewId": "5c6fe4ac-5529-49e1-b473-7cec19248cec",
        "score": 1,
        "thumbsUpCount": 2,
        "userImage": "https://play-lh.googleusercontent.com/a-/ALV-UjXckDzuQy_luJqIayCvXuSB1kCq8vKaAcBqBuAEEZY6yBo",
        "userName": "Muhammad Afaq Zafar"
    },
    {
        "appVersion": null,
        "at": "2023-05-13 10:15:54",
        "content": "Worst app just wants revenue from adds",
        "repliedAt": null,
        "replyContent": null,
        "reviewCreatedVersion": null,
        "reviewId": "27e37ea2-01cf-4d13-90f5-37702f14e723",
        "score": 1,
        "thumbsUpCount": 6,
        "userImage": "https://play-lh.googleusercontent.com/a/ACg8ocLpkq-vOtGqelq7BONn7c2wDiuUbaSWSsIvuOL5dKKo=mo",
        "userName": "Dan Ar"
    },
    {
        "appVersion": null,
        "at": "2023-03-25 19:39:02",
        "content": "Its a good app",
        "repliedAt": null,
        "replyContent": null,
        "reviewCreatedVersion": null,
        "reviewId": "a569f28e-582d-443a-8426-c87a34acfdbd",
        "score": 4,
        "thumbsUpCount": 0,
        "userImage": "https://play-lh.googleusercontent.com/a/ACg8ocITBvBfUKBbcAN5G7sniA7tRY8JrKaWcnYF9wZUn2zW=mo",
        "userName": "Jai Jairo"
    },
    {
        "appVersion": null,
        "at": "2023-03-23 20:06:00",
        "content": "I could literally google cpu tester and I will get the result I want but for play store I get bullsh*t",
        "repliedAt": null,
        "replyContent": null,
        "reviewCreatedVersion": null,
        "reviewId": "a6a39d1a-20fc-4923-9462-b90875b267a9",
        "score": 1,
        "thumbsUpCount": 0,
        "userImage": "https://play-lh.googleusercontent.com/a/ACg8ocKLqnuT4ZvXuSWDknEPS6eVyCYkaJ7STxJnAcRyHo4e=mo",
        "userName": "Jayden MacArthur"
    },
    {
        "appVersion": "1.2",
        "at": "2022-09-12 07:05:15",
        "content": "Full of ads",
        "repliedAt": null,
        "replyContent": null,
        "reviewCreatedVersion": "1.2",
        "reviewId": "dd8f6579-a8fa-4e90-be47-e2ab3124e5e7",
        "score": 1,
        "thumbsUpCount": 0,
        "userImage": "https://play-lh.googleusercontent.com/a-/ALV-UjU8ba5PQSAT3GbLxFbcdxgMghybLAuKcpwBa811g7kkvQCb",
        "userName": "Thomas Abraham"
    },
    {
        "appVersion": "1.2",
        "at": "2022-09-05 22:11:00",
        "content": "Stupid app",
        "repliedAt": null,
        "replyContent": null,
        "reviewCreatedVersion": "1.2",
        "reviewId": "45aa259d-213f-42a5-af41-98be47cb9d3c",
        "score": 1,
        "thumbsUpCount": 1,
        "userImage": "https://play-lh.googleusercontent.com/a-/ALV-UjUd4-LMPn6rwJhai8aZwCedYRSX8aR2_ZOxpEgGXzMzHNk",
        "userName": "Phung Long"
    },
    {
        "appVersion": null,
        "at": "2022-08-25 20:31:33",
        "content": "DO NOT USE THIS APP EVERY TOOL BOOM ANOTHER ADVERTISMENT don't use this app so much ads use a different one",
        "repliedAt": null,
        "replyContent": null,
        "reviewCreatedVersion": null,
        "reviewId": "375e42e9-e53c-488b-94b6-bd06cfd655c2",
        "score": 1,
        "thumbsUpCount": 3,
        "userImage": "https://play-lh.googleusercontent.com/a/ACg8ocK_fSyO5IviW3UsnVN2LY5FvqT2Fpqc5FsDDpJmf7wF=mo",
        "userName": "Rachel"
    },
    {
        "appVersion": "1.2",
        "at": "2022-07-23 22:32:36",
        "content": "Good All around",
        "repliedAt": null,
        "replyContent": null,
        "reviewCreatedVersion": "1.2",
        "reviewId": "1204fe37-42f3-4a90-b59b-e5d2cd548083",
        "score": 5,
        "thumbsUpCount": 1,
        "userImage": "https://play-lh.googleusercontent.com/a/ACg8ocKOhsSZOeWHEN33_sQRV922tC1gSCxbCj9w7eP8Ahlx=mo",
        "userName": "Bob Owens"
    },
    {
        "appVersion": "1.2",
        "at": "2022-06-27 06:30:01",
        "content": "Didn't do anything but give basic info most of which can be found in phone. Would love to find out how it possibly could have resolved a crash or any other problem.",
        "repliedAt": null,
        "replyContent": null,
        "reviewCreatedVersion": "1.2",
        "reviewId": "ff03ae7c-7288-4dae-8031-ca1eb4997251",
        "score": 1,
        "thumbsUpCount": 6,
        "userImage": "https://play-lh.googleusercontent.com/a-/ALV-UjUfbTe0cOxGDuP2uM5gHR7nmYlvn2SMZ27gQsHTxy_ECRw",
        "userName": "Mandy Lou"
    },
    {
        "appVersion": null,
        "at": "2022-06-09 16:13:57",
        "content": "Too many ads. Can't even see the screen to run the tests",
        "repliedAt": null,
        "replyContent": null,
        "reviewCreatedVersion": null,
        "reviewId": "40d8d318-baad-429c-ab37-5e666b9d7a9d",
        "score": 1,
        "thumbsUpCount": 3,
        "userImage": "https://play-lh.googleusercontent.com/a/ACg8ocIPemv-WeMKbkTXY4O7f8Ycqm8CseAXCKIKta-8kn87=mo",
        "userName": "Slake"
    },
    {
        "appVersion": "1.2",
        "at": "2022-04-27 03:37:27",
        "content": "Too many ads. Ads is ok, but this is just too much. Apps also not that responsive",
        "repliedAt": null,
        "replyContent": null,
        "reviewCreatedVersion": "1.2",
        "reviewId": "ab687aa0-c028-4899-aea7-e2e6e637a670",
        "score": 1,
        "thumbsUpCount": 6,
        "userImage": "https://play-lh.googleusercontent.com/a-/ALV-UjVS_7Q7JEm1fH9I6dBkPzY-ngWWRawXB5lH2IS8vxG7WkM",
        "userName": "Muhammad Habibie"
    },
    {
        "appVersion": "1.2",
        "at": "2022-03-06 16:54:12",
        "content": "Potentially cool. Impossible to use with all the fullscreen adds.",
        "repliedAt": null,
        "replyContent": null,
        "reviewCreatedVersion": "1.2",
        "reviewId": "0327b23f-9755-444e-80c0-bdf6bd2c0954",
        "score": 2,
        "thumbsUpCount": 7,
        "userImage": "https://play-lh.googleusercontent.com/a-/ALV-UjV1TBLBW6ZUUxRxktfsLlVyyb84q28rZHCp_Wq1GAHqIIw",
        "userName": "Walter Melons"
    },
    {
        "appVersion": null,
        "at": "2022-01-19 02:07:51",
        "content": "Ads every few seconds",
        "repliedAt": null,
        "replyContent": null,
        "reviewCreatedVersion": null,
        "reviewId": "c88e8002-cec0-4c68-82ff-9cad35f2d0ec",
        "score": 1,
        "thumbsUpCount": 2,
        "userImage": "https://play-lh.googleusercontent.com/a-/ALV-UjXZwzUDCVoE6-0I_yPLGN0LVTO4mK4SthXO3NbEoCNNIkI",
        "userName": "Jessie Meyer"
    },
    {
        "appVersion": "1.2",
        "at": "2022-01-08 13:39:54",
        "content": "Great if you like adds .",
        "repliedAt": null,
        "replyContent": null,
        "reviewCreatedVersion": "1.2",
        "reviewId": "cf553cc4-6ffd-47ac-b8a5-fc0c2eafb2f6",
        "score": 1,
        "thumbsUpCount": 5,
        "userImage": "https://play-lh.googleusercontent.com/a-/ALV-UjUa1SSrFrH7AOGNRHAJWAEtgl8jTMI1U-F-LCPs30slEpYU",
        "userName": "Stanley Jacobs"
    },
    {
        "appVersion": "1.2",
        "at": "2021-12-21 00:25:15",
        "content": "It's good, but there all a ton of ads. Even if you will turn off your wifi",
        "repliedAt": null,
        "replyContent": null,
        "reviewCreatedVersion": "1.2",
        "reviewId": "6f0d4673-dc7f-4386-9ca1-764292088292",
        "score": 4,
        "thumbsUpCount": 4,
        "userImage": "https://play-lh.googleusercontent.com/a-/ALV-UjUR6UNnauIy96P3lAYAoENsAbUXvyqOMsZN-eU2pJoTX6c",
        "userName": "Areen"
    },
    {
        "appVersion": null,
        "at": "2021-10-28 18:02:20",
        "content": "Heavy on intrusive ads",
        "repliedAt": null,
        "replyContent": null,
        "reviewCreatedVersion": null,
        "reviewId": "d46f1150-8e83-4a25-8618-f8013a8ea8c6",
        "score": 1,
        "thumbsUpCount": 2,
        "userImage": "https://play-lh.googleusercontent.com/a/ACg8ocIiVm9GiglqZDqZBJoFhuMYhFqOG-PrWvA_0JZHRtko=mo",
        "userName": "R. E."
    },
    {
        "appVersion": "1.2",
        "at": "2021-10-23 07:12:07",
        "content": "Worst",
        "repliedAt": null,
        "replyContent": null,
        "reviewCreatedVersion": "1.2",
        "reviewId": "85329bcc-53c0-4a3f-b4c6-6c84d17f9803",
        "score": 1,
        "thumbsUpCount": 1,
        "userImage": "https://play-lh.googleusercontent.com/a/ACg8ocJ9wdCWusnWHEdbKYr5cVPmN6qjouK6rbnsuDUBEc47yQ=mo",
        "userName": "Sejal Ramavat"
    }
]