[
    {
        "appVersion": null,
        "at": "2023-08-10 15:47:52",
        "content": "This game is funny",
        "repliedAt": null,
        "replyContent": null,
        "reviewCreatedVersion": null,
        "reviewId": "0fcc7954-47e2-4eb7-9826-5529a3847707",
        "score": 5,
        "thumbsUpCount": 4,
        "userImage": "https://play-lh.googleusercontent.com/a/ACg8ocIoh169ZSg9cfNYy4Pt62enoSgWtOOX7k217Mxbt9dY=mo",
        "userName": "Luckson Chirwa"
    },
    {
        "appVersion": null,
        "at": "2023-07-16 07:23:40",
        "content": "This game is too much boring",
        "repliedAt": null,
        "replyContent": null,
        "reviewCreatedVersion": null,
        "reviewId": "83b1e5b8-a3e8-4905-8bce-90738b8349dc",
        "score": 5,
        "thumbsUpCount": 1,
        "userImage": "https://play-lh.googleusercontent.com/a/ACg8ocLa_Jzv5Asa4ijRFpYiWWzLqCUY5Gd-VefxYHEtUWY0=mo",
        "userName": "Khagendra Baraili"
    },
    {
        "appVersion": "1.0",
        "at": "2023-05-01 07:22:58",
        "content": "Its fake",
        "repliedAt": null,
        "replyContent": null,
        "reviewCreatedVersion": "1.0",
        "reviewId": "efcde48d-67c7-42cc-b998-0854a3e6523f",
        "score": 1,
        "thumbsUpCount": 0,
        "userImage": "https://play-lh.googleusercontent.com/a/ACg8ocKLsAkGXPg7aBeLoCDblbLz2yC_xYqqUyHna9Nk2mzC=mo",
        "userName": "millie love"
    },
    {
        "appVersion": null,
        "at": "2023-03-05 05:56:58",
        "content": "Barnuar",
        "repliedAt": null,
        "replyContent": null,
        "reviewCreatedVersion": null,
        "reviewId": "11310a71-1a18-4a16-a8a9-2fa449d65eb8",
        "score": 5,
        "thumbsUpCount": 0,
        "userImage": "https://play-lh.googleusercontent.com/a/ACg8ocJUVIiL3H_8xCM8y5XOhEwMtEvrhywIJWVrb7x_cJXI=mo",
        "userName": "Lin pyae Paing"
    },
    {
        "appVersion": null,
        "at": "2023-01-04 07:34:03",
        "content": "Too many ads",
        "repliedAt": null,
        "replyContent": null,
        "reviewCreatedVersion": null,
        "reviewId": "adc5da5c-71d5-4f69-8760-9b1d5e0a1cdf",
        "score": 2,
        "thumbsUpCount": 12,
        "userImage": "https://play-lh.googleusercontent.com/a-/ALV-UjXIpJGJsIqH-SPMFBBiEy1GxiSoJ_GGA5ZfFsZg33RQvo0",
        "userName": "Odette van der Merwe"
    },
    {
        "appVersion": null,
        "at": "2022-12-12 16:29:58",
        "content": "I like this game because it is fun. Please \ud83d\ude4f download it cause you get to remove the hairs on the girl's skin easily and slowly.",
        "repliedAt": null,
        "replyContent": null,
        "reviewCreatedVersion": null,
        "reviewId": "0417801e-9fc0-4f9d-82a0-1d16aba09646",
        "score": 5,
        "thumbsUpCount": 10,
        "userImage": "https://play-lh.googleusercontent.com/a/ACg8ocIuljWFbFKlle-UsCEtyOmb5KFMupUvmamKOwwDs62I=mo",
        "userName": "Nokulunga Lunga"
    },
    {
        "appVersion": null,
        "at": "2022-10-09 08:55:11",
        "content": "Very nice",
        "repliedAt": null,
        "replyContent": null,
        "reviewCreatedVersion": null,
        "reviewId": "14b7cf05-9319-464c-afdf-6c6a118bd49f",
        "score": 5,
        "thumbsUpCount": 1,
        "userImage": "https://play-lh.googleusercontent.com/a/ACg8ocIwntAkIGRXNXN_2Bvdwb49FMd8aCSXfqjv0RTAue4=mo",
        "userName": "Pindiga Aruna"
    },
    {
        "appVersion": "1.0",
        "at": "2022-10-04 10:58:35",
        "content": "Bad",
        "repliedAt": null,
        "replyContent": null,
        "reviewCreatedVersion": "1.0",
        "reviewId": "19943e1d-f914-4084-96d2-e7405240ea64",
        "score": 1,
        "thumbsUpCount": 1,
        "userImage": "https://play-lh.googleusercontent.com/a-/ALV-UjWR0CcfFCyy0vvRzObb5NIBIFt-S6wDtX9lP8suB3ofTw",
        "userName": "latest video"
    },
    {
        "appVersion": null,
        "at": "2022-09-19 18:11:11",
        "content": "Sooooooooooooooo badddddddddd it's hanggggggggg",
        "repliedAt": null,
        "replyContent": null,
        "reviewCreatedVersion": null,
        "reviewId": "c8c4b02f-9eb4-47e7-a778-cba0d400ebf5",
        "score": 1,
        "thumbsUpCount": 12,
        "userImage": "https://play-lh.googleusercontent.com/a/ACg8ocLQgwcDwxo-WyhZCPWJgkG7npa8dMTp6Zfx2SKDDic9=mo",
        "userName": "Yildiz Aboutalbi"
    },
    {
        "appVersion": "1.0",
        "at": "2022-09-03 02:12:41",
        "content": "Its ok",
        "repliedAt": null,
        "replyContent": null,
        "reviewCreatedVersion": "1.0",
        "reviewId": "b6a04e6d-34c1-4b64-bb58-c120bd15ea66",
        "score": 4,
        "thumbsUpCount": 4,
        "userImage": "https://play-lh.googleusercontent.com/a/ACg8ocI_uL8IERj6GAF-CD5_KH4zkRDBV2E-eEnB61chRQw=mo",
        "userName": "Laila Moses"
    }
]