[
    {
        "appVersion": null,
        "at": "2023-11-12 23:06:11",
        "content": "Useless app",
        "repliedAt": null,
        "replyContent": null,
        "reviewCreatedVersion": null,
        "reviewId": "ed66e310-3f45-4871-9a8c-b9bf37810b12",
        "score": 1,
        "thumbsUpCount": 0,
        "userImage": "https://play-lh.googleusercontent.com/a/ACg8ocLDd_4-bZVoJtq1Boqk7Z0ROJ4Vzau6nhtqukslcZnu=mo",
        "userName": "Nick Upshaw"
    },
    {
        "appVersion": null,
        "at": "2023-10-08 04:49:32",
        "content": "Way to many ads..Can't even use it for a few seconds and a ad pops up.",
        "repliedAt": null,
        "replyContent": null,
        "reviewCreatedVersion": null,
        "reviewId": "17d84239-4bac-453b-9085-0665d1a5e0e4",
        "score": 1,
        "thumbsUpCount": 2,
        "userImage": "https://play-lh.googleusercontent.com/a-/ALV-UjVV58-gOCwSI1rbf43QJmObTzeIZ6-wW4n7XPjPUE57KJI",
        "userName": "Cathy Jones"
    },
    {
        "appVersion": "3",
        "at": "2023-08-20 02:15:17",
        "content": "Before the app even to open I had to sit through a 30 second 45 second tutorial and game, And then 15 seconds later another one so this app gets deleted thank you for letting me know that there are no apps anymore that are paid by advertisers to just Make you not even want the advertiser because it's so annoying, and even wanting to use The app for ruining the experience",
        "repliedAt": null,
        "replyContent": null,
        "reviewCreatedVersion": "3",
        "reviewId": "89de2538-b2e7-47a0-a8e4-23956537fd45",
        "score": 1,
        "thumbsUpCount": 3,
        "userImage": "https://play-lh.googleusercontent.com/a/ACg8ocLZ-gfq6v5gl2SdVdcofLCGnCDBAg7Jv8vJ6lrHSo9z=mo",
        "userName": "Sean Kubiak"
    },
    {
        "appVersion": "2",
        "at": "2023-06-06 19:57:15",
        "content": "Not bright at all this app sucks",
        "repliedAt": null,
        "replyContent": null,
        "reviewCreatedVersion": "2",
        "reviewId": "678a8708-e6ae-4b36-8714-726950a41342",
        "score": 1,
        "thumbsUpCount": 1,
        "userImage": "https://play-lh.googleusercontent.com/a/ACg8ocK-m5wCdXSyLSzDAejUhTgmMNH7dIUDDQCS0AlxojfU=mo",
        "userName": "Larry Evans"
    },
    {
        "appVersion": "2",
        "at": "2023-04-12 21:13:40",
        "content": "Useless",
        "repliedAt": null,
        "replyContent": null,
        "reviewCreatedVersion": "2",
        "reviewId": "f26ea101-9dae-4e3b-a3ca-df40d7b352f5",
        "score": 1,
        "thumbsUpCount": 1,
        "userImage": "https://play-lh.googleusercontent.com/a/ACg8ocKH5v4wAFVgnhJiiKc0a23eNYb4zrk026eMAaJZZ-jx=mo",
        "userName": "Jhe Olarte"
    },
    {
        "appVersion": "2",
        "at": "2023-03-17 22:38:05",
        "content": "Don't work",
        "repliedAt": null,
        "replyContent": null,
        "reviewCreatedVersion": "2",
        "reviewId": "6ae99288-fad3-4621-87dc-eaf9f26f984a",
        "score": 1,
        "thumbsUpCount": 3,
        "userImage": "https://play-lh.googleusercontent.com/a-/ALV-UjWtYC7gbWyHcuwG6dZOJUjvn0kqAu1aIEDQrofvd0tmFK-R",
        "userName": "Elier Molina"
    },
    {
        "appVersion": null,
        "at": "2023-03-11 23:12:38",
        "content": "Simulator not a black light more like a lite glow",
        "repliedAt": null,
        "replyContent": null,
        "reviewCreatedVersion": null,
        "reviewId": "e87bec2c-63c4-473e-840a-553e5186a351",
        "score": 1,
        "thumbsUpCount": 5,
        "userImage": "https://play-lh.googleusercontent.com/a-/ALV-UjWYKdZUZwriKDH3tmx8mL5ZuWcVYkCE0jH4VV0UMlBXTw",
        "userName": "Karma Prosser"
    },
    {
        "appVersion": "2",
        "at": "2022-12-18 04:53:48",
        "content": "It sucks",
        "repliedAt": null,
        "replyContent": null,
        "reviewCreatedVersion": "2",
        "reviewId": "c5275334-e4be-461f-bdf2-9a31e23fc3a3",
        "score": 1,
        "thumbsUpCount": 4,
        "userImage": "https://play-lh.googleusercontent.com/a-/ALV-UjVUcjt7nLYqHJ8G1NJYBdlZMMT2cRYk8qFmUS-txvRGZ7Y",
        "userName": "Michael Boegel"
    }
]