[
    {
        "appVersion": null,
        "at": "2023-10-25 16:17:54",
        "content": "This is a wonderful app for changing your font",
        "repliedAt": null,
        "replyContent": null,
        "reviewCreatedVersion": null,
        "reviewId": "a136fba7-1a17-43d2-85e2-05306e6c4271",
        "score": 4,
        "thumbsUpCount": 0,
        "userImage": "https://play-lh.googleusercontent.com/a/ACg8ocK4lxUpwx59ITd9IAKCAeJBsRdZjuCzR4XkZ2pP_GHh=mo",
        "userName": "Nwagugu Elijah ikenna"
    },
    {
        "appVersion": "1.0",
        "at": "2023-04-20 10:43:41",
        "content": "Not much of a selection.",
        "repliedAt": null,
        "replyContent": null,
        "reviewCreatedVersion": "1.0",
        "reviewId": "e665ee2a-ecf6-4f37-a045-8ca31f8151e0",
        "score": 1,
        "thumbsUpCount": 0,
        "userImage": "https://play-lh.googleusercontent.com/a/ACg8ocIPcyt6eOa2JiC4e-S8B6mDkcSwuDHNyoN9_YD4dc3A=mo",
        "userName": "Alesha Moore"
    }
]