[
    {
        "appVersion": "1.1",
        "at": "2022-10-18 06:09:54",
        "content": "It's very nice lessons and tricks tq.",
        "repliedAt": null,
        "replyContent": null,
        "reviewCreatedVersion": "1.1",
        "reviewId": "732f067a-e3ef-4fc1-8ead-6079b1fe79fc",
        "score": 5,
        "thumbsUpCount": 0,
        "userImage": "https://play-lh.googleusercontent.com/a-/ALV-UjW3iZNtph-EfHNgtL-QQkUop0cZLvn-O2GaikthaXYXDYT5",
        "userName": "Akhil Pal"
    },
    {
        "appVersion": null,
        "at": "2022-05-02 04:00:16",
        "content": "It was a good app",
        "repliedAt": null,
        "replyContent": null,
        "reviewCreatedVersion": null,
        "reviewId": "7951e689-98de-4461-a2d3-fe257e9a9150",
        "score": 4,
        "thumbsUpCount": 0,
        "userImage": "https://play-lh.googleusercontent.com/a-/ALV-UjUj9oPvxop-75086tWruo3CF42E1Q8RW582GxhzPvctOSM",
        "userName": "John Kindness"
    },
    {
        "appVersion": "1.1",
        "at": "2022-01-20 22:41:44",
        "content": "Normal experience",
        "repliedAt": null,
        "replyContent": null,
        "reviewCreatedVersion": "1.1",
        "reviewId": "db2a5c52-fc53-4a50-9740-9261d514f8a0",
        "score": 3,
        "thumbsUpCount": 0,
        "userImage": "https://play-lh.googleusercontent.com/a-/ALV-UjU4KA3bRqdWrdQ1i7DiJxnlKMaKZnIPwIX00qFarBXCP43z",
        "userName": "ABDUL MOIZ"
    },
    {
        "appVersion": null,
        "at": "2021-11-16 15:42:17",
        "content": "Motivating",
        "repliedAt": null,
        "replyContent": null,
        "reviewCreatedVersion": null,
        "reviewId": "e72d4f11-da57-4e17-aeba-f88e34e2e040",
        "score": 5,
        "thumbsUpCount": 0,
        "userImage": "https://play-lh.googleusercontent.com/a-/ALV-UjVXJG0KLfmhSvgYuXXbZButv4o6OMYCRfMCWizQh4zhXRI",
        "userName": "Wycliffe Ambayi"
    },
    {
        "appVersion": "1.1",
        "at": "2021-02-26 07:11:34",
        "content": "I already know tricks and rules of badminton.I thought there will be trainings but there isn't. It's only reading manual nothing else don't download this app",
        "repliedAt": null,
        "replyContent": null,
        "reviewCreatedVersion": "1.1",
        "reviewId": "3a905064-4296-41a7-bd5a-3fc8de1f0119",
        "score": 1,
        "thumbsUpCount": 6,
        "userImage": "https://play-lh.googleusercontent.com/a/ACg8ocKiyviJz9ZUs9ueSjDsyD64RCJvjXXWX0BzNcQ6RXqW=mo",
        "userName": "amina bibi"
    },
    {
        "appVersion": "1.1",
        "at": "2021-02-08 06:30:52",
        "content": "Awesome",
        "repliedAt": null,
        "replyContent": null,
        "reviewCreatedVersion": "1.1",
        "reviewId": "03bd02aa-6e58-478c-9eba-003264d6d6aa",
        "score": 5,
        "thumbsUpCount": 0,
        "userImage": "https://play-lh.googleusercontent.com/a/ACg8ocIpADU4AQqVctBiBbqCi8VFrMPGccMEdBk1uIhRxgHCYA=mo",
        "userName": "Jagjeet Singh"
    },
    {
        "appVersion": "1.1",
        "at": "2020-12-18 04:25:40",
        "content": "super duper excellent. it help me to improve my skills",
        "repliedAt": null,
        "replyContent": null,
        "reviewCreatedVersion": "1.1",
        "reviewId": "6a509678-76c8-488b-8334-3d92d30e019b",
        "score": 5,
        "thumbsUpCount": 8,
        "userImage": "https://play-lh.googleusercontent.com/a/ACg8ocKgF2p4up8H2s9mjTVGc4ndgo7AQiyz-CogB1th3fkU=mo",
        "userName": "Parameswari Krishnan"
    },
    {
        "appVersion": null,
        "at": "2020-12-10 00:48:39",
        "content": "I don,t now because i don,t install this app",
        "repliedAt": null,
        "replyContent": null,
        "reviewCreatedVersion": null,
        "reviewId": "4e39aa33-cdd1-4d17-9cec-4a1bb785b0a7",
        "score": 5,
        "thumbsUpCount": 0,
        "userImage": "https://play-lh.googleusercontent.com/a-/ALV-UjXHYM3Mkfiyk0NB4qk-2cfm_FIWUt2jF_hzM18DudntlXU",
        "userName": "Yash Kumar"
    },
    {
        "appVersion": "1.1",
        "at": "2020-10-04 08:43:12",
        "content": "So good app E\ud83d\ude2f\ud83d\ude2f\ud83d\ude2f\ud83d\ude2f\ud83d\ude0f\ud83d\udc4f\ud83d\udc4f\ud83d\udc4f\ud83d\udc4f\ud83d\ude4c\ud83d\ude4c\ud83d\ude18\ud83d\ude1a\ud83c\udf84\ud83c\udf84",
        "repliedAt": null,
        "replyContent": null,
        "reviewCreatedVersion": "1.1",
        "reviewId": "3f04e546-4e2b-443f-b02c-0fb43073c423",
        "score": 5,
        "thumbsUpCount": 4,
        "userImage": "https://play-lh.googleusercontent.com/a/ACg8ocK9cEaMY3U_LVfvatVpgJ2sJmUBiSf2-_owsmRfZz_m=mo",
        "userName": "Tuli S"
    },
    {
        "appVersion": null,
        "at": "2020-09-26 06:36:20",
        "content": "This app is nice now only i downloaded i will check this app \ud83d\ude15",
        "repliedAt": null,
        "replyContent": null,
        "reviewCreatedVersion": null,
        "reviewId": "2343a59b-bf85-4a1e-bf7d-31246bdcfab5",
        "score": 3,
        "thumbsUpCount": 1,
        "userImage": "https://play-lh.googleusercontent.com/a/ACg8ocLv5RIkOWnY5EI3ZtdVrM6YEvIkTZ2Cz2LuX2TsRu2Chg=mo",
        "userName": "tarunya star"
    },
    {
        "appVersion": "1.1",
        "at": "2020-07-20 08:55:36",
        "content": "It is a very useful app",
        "repliedAt": null,
        "replyContent": null,
        "reviewCreatedVersion": "1.1",
        "reviewId": "a66510ad-b9ed-4809-b3ae-056f898a5ca1",
        "score": 5,
        "thumbsUpCount": 6,
        "userImage": "https://play-lh.googleusercontent.com/a/ACg8ocJ7wOrUH2l-j6AeII5_UwdSW1lMFEW7LVnvn9MnxxGt=mo",
        "userName": "Lal Hlupuii"
    },
    {
        "appVersion": "1.1",
        "at": "2020-02-10 10:31:02",
        "content": "I love batmintion and this is a great guide",
        "repliedAt": null,
        "replyContent": null,
        "reviewCreatedVersion": "1.1",
        "reviewId": "200d435c-8444-4b93-a21b-4b15d58ff8f5",
        "score": 5,
        "thumbsUpCount": 18,
        "userImage": "https://play-lh.googleusercontent.com/EGemoI2NTXmTsBVtJqk8jxF9rh8ApRWfsIMQSt2uE4OcpQqbFu7f7NbTK05lx80nuSijCz7sc3a277R67g",
        "userName": "A Google user"
    },
    {
        "appVersion": "1.1",
        "at": "2019-11-06 08:48:23",
        "content": "Let's go to the offline this app Go go if offline this app I am happy",
        "repliedAt": null,
        "replyContent": null,
        "reviewCreatedVersion": "1.1",
        "reviewId": "349dfbfa-7108-4246-bd00-5445c3652bf8",
        "score": 5,
        "thumbsUpCount": 3,
        "userImage": "https://play-lh.googleusercontent.com/EGemoI2NTXmTsBVtJqk8jxF9rh8ApRWfsIMQSt2uE4OcpQqbFu7f7NbTK05lx80nuSijCz7sc3a277R67g",
        "userName": "A Google user"
    },
    {
        "appVersion": "1.1",
        "at": "2019-10-29 14:26:45",
        "content": "Need for advanced players information please",
        "repliedAt": null,
        "replyContent": null,
        "reviewCreatedVersion": "1.1",
        "reviewId": "e30e85f3-9e64-4414-8e57-bc4728b64b3d",
        "score": 3,
        "thumbsUpCount": 1,
        "userImage": "https://play-lh.googleusercontent.com/EGemoI2NTXmTsBVtJqk8jxF9rh8ApRWfsIMQSt2uE4OcpQqbFu7f7NbTK05lx80nuSijCz7sc3a277R67g",
        "userName": "A Google user"
    },
    {
        "appVersion": "1.1",
        "at": "2019-03-07 12:24:20",
        "content": "super",
        "repliedAt": null,
        "replyContent": null,
        "reviewCreatedVersion": "1.1",
        "reviewId": "8fe2fae5-78b4-4751-8f6f-46883d340435",
        "score": 4,
        "thumbsUpCount": 0,
        "userImage": "https://play-lh.googleusercontent.com/EGemoI2NTXmTsBVtJqk8jxF9rh8ApRWfsIMQSt2uE4OcpQqbFu7f7NbTK05lx80nuSijCz7sc3a277R67g",
        "userName": "A Google user"
    },
    {
        "appVersion": "1.1",
        "at": "2018-12-19 05:32:56",
        "content": "valo apps.",
        "repliedAt": null,
        "replyContent": null,
        "reviewCreatedVersion": "1.1",
        "reviewId": "8600a641-dd45-44e8-996c-6fbd799c6472",
        "score": 4,
        "thumbsUpCount": 2,
        "userImage": "https://play-lh.googleusercontent.com/EGemoI2NTXmTsBVtJqk8jxF9rh8ApRWfsIMQSt2uE4OcpQqbFu7f7NbTK05lx80nuSijCz7sc3a277R67g",
        "userName": "A Google user"
    },
    {
        "appVersion": "1.1",
        "at": "2018-12-11 11:22:39",
        "content": "Very good app",
        "repliedAt": null,
        "replyContent": null,
        "reviewCreatedVersion": "1.1",
        "reviewId": "cf105c59-5235-4c24-bb64-48c9f9d6dd85",
        "score": 5,
        "thumbsUpCount": 5,
        "userImage": "https://play-lh.googleusercontent.com/EGemoI2NTXmTsBVtJqk8jxF9rh8ApRWfsIMQSt2uE4OcpQqbFu7f7NbTK05lx80nuSijCz7sc3a277R67g",
        "userName": "A Google user"
    },
    {
        "appVersion": "1.1",
        "at": "2018-10-28 05:24:36",
        "content": "Awesome",
        "repliedAt": null,
        "replyContent": null,
        "reviewCreatedVersion": "1.1",
        "reviewId": "6e750ece-967d-49b4-9a30-f8f50aa46b3d",
        "score": 5,
        "thumbsUpCount": 3,
        "userImage": "https://play-lh.googleusercontent.com/EGemoI2NTXmTsBVtJqk8jxF9rh8ApRWfsIMQSt2uE4OcpQqbFu7f7NbTK05lx80nuSijCz7sc3a277R67g",
        "userName": "A Google user"
    },
    {
        "appVersion": null,
        "at": "2018-06-30 06:47:44",
        "content": "It's okk",
        "repliedAt": null,
        "replyContent": null,
        "reviewCreatedVersion": null,
        "reviewId": "51733d94-cb7c-4ffb-8338-0ef8d3de23e8",
        "score": 3,
        "thumbsUpCount": 2,
        "userImage": "https://play-lh.googleusercontent.com/EGemoI2NTXmTsBVtJqk8jxF9rh8ApRWfsIMQSt2uE4OcpQqbFu7f7NbTK05lx80nuSijCz7sc3a277R67g",
        "userName": "A Google user"
    },
    {
        "appVersion": "1.1",
        "at": "2018-06-29 07:24:52",
        "content": "IT'S DAMN COOL It's good for getting trained Can we never be beaten!!!!!!",
        "repliedAt": null,
        "replyContent": null,
        "reviewCreatedVersion": "1.1",
        "reviewId": "9d2aacbb-59f2-4d3c-9a60-970dcd00d879",
        "score": 5,
        "thumbsUpCount": 5,
        "userImage": "https://play-lh.googleusercontent.com/EGemoI2NTXmTsBVtJqk8jxF9rh8ApRWfsIMQSt2uE4OcpQqbFu7f7NbTK05lx80nuSijCz7sc3a277R67g",
        "userName": "A Google user"
    },
    {
        "appVersion": "1.0",
        "at": "2018-06-04 01:42:16",
        "content": "Super",
        "repliedAt": null,
        "replyContent": null,
        "reviewCreatedVersion": "1.0",
        "reviewId": "4236cadf-3e3d-4eaf-9163-9b18393f4f44",
        "score": 4,
        "thumbsUpCount": 1,
        "userImage": "https://play-lh.googleusercontent.com/EGemoI2NTXmTsBVtJqk8jxF9rh8ApRWfsIMQSt2uE4OcpQqbFu7f7NbTK05lx80nuSijCz7sc3a277R67g",
        "userName": "A Google user"
    }
]