[
    {
        "appVersion": null,
        "at": "2023-04-18 21:33:19",
        "content": "Not for me",
        "repliedAt": null,
        "replyContent": null,
        "reviewCreatedVersion": null,
        "reviewId": "f4021b1f-05f2-45f3-b9ec-4d74c47cef44",
        "score": 1,
        "thumbsUpCount": 0,
        "userImage": "https://play-lh.googleusercontent.com/a-/ALV-UjVjliwurdMD8XbEGjX9p4sv241Kgary978ajZWi04s3inhV",
        "userName": "Ginger J"
    },
    {
        "appVersion": null,
        "at": "2023-04-14 08:05:07",
        "content": "House coloring paint b...",
        "repliedAt": null,
        "replyContent": null,
        "reviewCreatedVersion": null,
        "reviewId": "764222b1-2756-4b2d-8c5b-43828cf73d36",
        "score": 1,
        "thumbsUpCount": 0,
        "userImage": "https://play-lh.googleusercontent.com/a/ACg8ocLI-L6Iv8-3rX8IuZ14vKE8Bb3YfKpazNYUpKcJnkjG=mo",
        "userName": "Victoria ball"
    },
    {
        "appVersion": "1.2",
        "at": "2022-02-13 12:40:48",
        "content": "Too many commercials and not enough to color for what you have to go through",
        "repliedAt": null,
        "replyContent": null,
        "reviewCreatedVersion": "1.2",
        "reviewId": "a3b1bc00-c837-407f-9f16-0e722aa9a901",
        "score": 1,
        "thumbsUpCount": 8,
        "userImage": "https://play-lh.googleusercontent.com/a-/ALV-UjU4xhVBFw-u_VjG3Y4Bt2LX1L6Lx3XEXLtu8kmwfe-1x1SE",
        "userName": "richard boyd"
    },
    {
        "appVersion": "1.2",
        "at": "2022-01-18 21:36:16",
        "content": "Very nice",
        "repliedAt": null,
        "replyContent": null,
        "reviewCreatedVersion": "1.2",
        "reviewId": "b3804c41-dbdb-42e5-a86f-ab01aa92d5c6",
        "score": 5,
        "thumbsUpCount": 0,
        "userImage": "https://play-lh.googleusercontent.com/a/ACg8ocLCCpcT_Ws706Gky_7GKTFUxedQeqM7iSB9TiYMoNre=mo",
        "userName": "Harpreet Dillon"
    },
    {
        "appVersion": "1.2",
        "at": "2021-12-29 12:50:58",
        "content": "Love the tap- color 'action'. Wish the pictures were a bit more complex",
        "repliedAt": null,
        "replyContent": null,
        "reviewCreatedVersion": "1.2",
        "reviewId": "b3ad8bce-acf5-4261-bc4b-40103f125a2a",
        "score": 4,
        "thumbsUpCount": 18,
        "userImage": "https://play-lh.googleusercontent.com/a/ACg8ocIjcNmis2LW1gyOlOz4Uu7YqIFXaWCqQEHjgfmVnxSW=mo",
        "userName": "Susan Myers"
    },
    {
        "appVersion": null,
        "at": "2021-12-26 11:03:53",
        "content": "Pallavi",
        "repliedAt": null,
        "replyContent": null,
        "reviewCreatedVersion": null,
        "reviewId": "e43b60d3-8f90-4e5b-a833-de7770daf579",
        "score": 1,
        "thumbsUpCount": 0,
        "userImage": "https://play-lh.googleusercontent.com/a/ACg8ocIS69paFMK88JdUkioMyJYu4diAD4JLgvv62OgGySUt=mo",
        "userName": "Pandina Madhukar"
    },
    {
        "appVersion": null,
        "at": "2021-11-19 12:44:28",
        "content": "\u0922\u0916\u092f\u0948\u0921\u093e\u0939\u0926\u0939",
        "repliedAt": null,
        "replyContent": null,
        "reviewCreatedVersion": null,
        "reviewId": "f7e35d55-494a-42ee-8b2d-f062ef80d73d",
        "score": 5,
        "thumbsUpCount": 0,
        "userImage": "https://play-lh.googleusercontent.com/a/ACg8ocKXsghqffN_lfoCSvsPN087HOP8Ff_KZaBpJQZoZa_k=mo",
        "userName": "Sheila Thool"
    },
    {
        "appVersion": "1.2",
        "at": "2021-10-18 02:25:52",
        "content": "It would be nice to have some modern houses and call vivint of mansions and stuff like that break houses and I'll bring everything up-to-date the way things will go now",
        "repliedAt": null,
        "replyContent": null,
        "reviewCreatedVersion": "1.2",
        "reviewId": "e1983eee-6862-4544-8135-102ad560185d",
        "score": 4,
        "thumbsUpCount": 20,
        "userImage": "https://play-lh.googleusercontent.com/a-/ALV-UjWhjp130ccOBCgg48NQdiYGwbMEGDzffhxt70gka1m3BCQx",
        "userName": "Gladys Tyler"
    },
    {
        "appVersion": "1.2",
        "at": "2021-10-17 01:58:45",
        "content": "This is very nice game\ud83e\udd17\ud83e\udd17\ud83e\udd17\ud83e\udd17\ud83e\udd17",
        "repliedAt": null,
        "replyContent": null,
        "reviewCreatedVersion": "1.2",
        "reviewId": "3b88ac12-c37e-429c-a65a-4b091a6dd1b6",
        "score": 5,
        "thumbsUpCount": 15,
        "userImage": "https://play-lh.googleusercontent.com/a/ACg8ocJBF1fOqbpQyBhcZJKzhL6EZDAvckLp3voO8opAGl2z=mo",
        "userName": "Arhaan Sameera"
    },
    {
        "appVersion": null,
        "at": "2021-10-08 03:29:30",
        "content": "i like panting \ud83c\udf08\ud83c\udf08\ud83c\udf08\ud83c\udf08",
        "repliedAt": null,
        "replyContent": null,
        "reviewCreatedVersion": null,
        "reviewId": "32836b20-15d7-425c-a4a9-fbcee1b6c4e7",
        "score": 5,
        "thumbsUpCount": 0,
        "userImage": "https://play-lh.googleusercontent.com/a-/ALV-UjXAknbJJZTg035rYUJXUrX9vRtqSFNFaQoevv63BQMiqg",
        "userName": "Naseema ms Naseema ms"
    },
    {
        "appVersion": "1.2",
        "at": "2021-10-04 11:59:39",
        "content": "Very nice \ud83d\udc4d\ud83d\ude42",
        "repliedAt": null,
        "replyContent": null,
        "reviewCreatedVersion": "1.2",
        "reviewId": "598ce7cd-592a-49ae-9bc5-91036957511a",
        "score": 5,
        "thumbsUpCount": 0,
        "userImage": "https://play-lh.googleusercontent.com/a/ACg8ocKmkvG8oOItiixN-m6yTvYbdvj6yjJl6fg3N7Te1teK=mo",
        "userName": "prakash choudhary"
    },
    {
        "appVersion": null,
        "at": "2021-09-05 02:59:30",
        "content": "Right",
        "repliedAt": null,
        "replyContent": null,
        "reviewCreatedVersion": null,
        "reviewId": "21bd5feb-35e6-4701-a528-4504a85c7f1f",
        "score": 5,
        "thumbsUpCount": 1,
        "userImage": "https://play-lh.googleusercontent.com/a/ACg8ocKsE90Jlgi9kOakzCTdVGvmsqW4v2JxWvulxo_XamBI=mo",
        "userName": "Rashid Khan"
    },
    {
        "appVersion": "1.2",
        "at": "2021-08-04 03:53:31",
        "content": "I like thie houses and coluring",
        "repliedAt": null,
        "replyContent": null,
        "reviewCreatedVersion": "1.2",
        "reviewId": "dd3ff00e-cdb7-4544-8748-fed21755d650",
        "score": 5,
        "thumbsUpCount": 1,
        "userImage": "https://play-lh.googleusercontent.com/a-/ALV-UjUM_XX_XAA15MIoFa8Auu8DzINfoAd4BZ7dxzVt2uIRHsg",
        "userName": "nifty khan"
    },
    {
        "appVersion": null,
        "at": "2021-06-19 02:05:00",
        "content": "I love this game \ud83d\ude0d",
        "repliedAt": null,
        "replyContent": null,
        "reviewCreatedVersion": null,
        "reviewId": "5b5b3abb-ae87-4bf0-b073-56de1c161e9c",
        "score": 1,
        "thumbsUpCount": 2,
        "userImage": "https://play-lh.googleusercontent.com/a/ACg8ocI1mdtvdcLqoociiDyDdTzsukUG5NBmshiQd5s-tk-qPg=mo",
        "userName": "Samaira Khan"
    },
    {
        "appVersion": "1.2",
        "at": "2021-04-17 08:32:03",
        "content": "Love ity",
        "repliedAt": null,
        "replyContent": null,
        "reviewCreatedVersion": "1.2",
        "reviewId": "ef512b1d-457d-426e-85c4-3c2052c14d66",
        "score": 5,
        "thumbsUpCount": 1,
        "userImage": "https://play-lh.googleusercontent.com/a-/ALV-UjUXI8XFpIRDPtmccKQ_VB2SddTT2BmlG4VKn6xoYJ_qptI",
        "userName": "Ruth Baker"
    },
    {
        "appVersion": "1.2",
        "at": "2021-03-02 12:27:31",
        "content": "Yuw",
        "repliedAt": null,
        "replyContent": null,
        "reviewCreatedVersion": "1.2",
        "reviewId": "fe8c1747-e624-4ed1-8535-dd7dda6e20f1",
        "score": 5,
        "thumbsUpCount": 1,
        "userImage": "https://play-lh.googleusercontent.com/a/ACg8ocIkocepcEg68YGGpUbWCigIt2TtpTKVfK3Z1-epAN0d=mo",
        "userName": "Laney Nield"
    },
    {
        "appVersion": "1.2",
        "at": "2021-01-29 07:05:01",
        "content": "So \ud83d\ude29 tired and entertainment \ud83d\ude1c",
        "repliedAt": null,
        "replyContent": null,
        "reviewCreatedVersion": "1.2",
        "reviewId": "b7ee4f89-3a43-45a9-8efd-1e8c8e34673a",
        "score": 1,
        "thumbsUpCount": 45,
        "userImage": "https://play-lh.googleusercontent.com/a/ACg8ocLjKT7fsgqdLXMo3ijpaS3m4i2OpECUIFLYgpaKUdUj=mo",
        "userName": "Saritha Saritha"
    },
    {
        "appVersion": "1.2",
        "at": "2021-01-28 05:44:28",
        "content": "Terriffic!!!",
        "repliedAt": null,
        "replyContent": null,
        "reviewCreatedVersion": "1.2",
        "reviewId": "97772f04-00e2-418b-8863-9e2f86a4ee35",
        "score": 5,
        "thumbsUpCount": 3,
        "userImage": "https://play-lh.googleusercontent.com/a-/ALV-UjV-i6J29djN_dDffhiw91Og5oJ_DcZZoNKow2hZPwxGnAs",
        "userName": "Ellen Womble"
    },
    {
        "appVersion": null,
        "at": "2021-01-04 06:43:24",
        "content": "Osam \ud83d\udc4c",
        "repliedAt": null,
        "replyContent": null,
        "reviewCreatedVersion": null,
        "reviewId": "566efd19-21c9-49eb-85d5-bce5fc49d2d4",
        "score": 5,
        "thumbsUpCount": 2,
        "userImage": "https://play-lh.googleusercontent.com/a-/ALV-UjUoMBIwpKcIQts6r-161yNzBkGZq60qDd_dKFXh2Xe4IjI",
        "userName": "Anil Singh"
    },
    {
        "appVersion": "1.2",
        "at": "2020-11-25 09:17:22",
        "content": "Good",
        "repliedAt": null,
        "replyContent": null,
        "reviewCreatedVersion": "1.2",
        "reviewId": "3393f6f0-4fcf-4834-970a-d78582098df6",
        "score": 5,
        "thumbsUpCount": 3,
        "userImage": "https://play-lh.googleusercontent.com/a/ACg8ocL2EfXM4EM73ip6QRb2D1_htJ9oiEDnDOiC6rdgD2uG=mo",
        "userName": "vemuri harshitha"
    },
    {
        "appVersion": "1.2",
        "at": "2020-10-12 14:55:01",
        "content": "I love the game \ud83d\ude05\ud83d\ude05\ud83d\ude05\ud83d\ude05\ud83d\ude05\ud83d\ude05",
        "repliedAt": null,
        "replyContent": null,
        "reviewCreatedVersion": "1.2",
        "reviewId": "a0879332-a65f-4d44-9a24-2541a21843a1",
        "score": 1,
        "thumbsUpCount": 18,
        "userImage": "https://play-lh.googleusercontent.com/a/ACg8ocJXi1bamLOtLQiISxkoPg7T2V8CRVzk_juEw5lmT2OV=mo",
        "userName": "Inderjeet Kaur"
    },
    {
        "appVersion": "1.1",
        "at": "2020-10-01 06:45:23",
        "content": "My Favourite Games is house Coloring,\u2764\u2764\u2764\u2764\u2764\u2764\u2764\u2764\u2764\u2764\u2764\u2764\ud83d\ude06\ud83e\udd23\ud83d\ude09\ud83d\ude0a\ud83d\ude0d\ud83d\ude0d\ud83d\ude0d\ud83d\ude0d\ud83d\ude0d\ud83d\ude0d\ud83d\ude0d",
        "repliedAt": null,
        "replyContent": null,
        "reviewCreatedVersion": "1.1",
        "reviewId": "f1edf8cf-c57e-465e-9699-d7013883e6a8",
        "score": 5,
        "thumbsUpCount": 74,
        "userImage": "https://play-lh.googleusercontent.com/a-/ALV-UjW6amAk2lzV3YD2PlkRz-tsZjEsW_WJBhfDpsL-TOd4dFg",
        "userName": "rahmath khatoon"
    },
    {
        "appVersion": "1.1",
        "at": "2020-09-18 22:51:47",
        "content": "Great,keeps my mind that relaxed!",
        "repliedAt": null,
        "replyContent": null,
        "reviewCreatedVersion": "1.1",
        "reviewId": "45d84261-5b48-4710-b540-32d6e89ee10d",
        "score": 5,
        "thumbsUpCount": 8,
        "userImage": "https://play-lh.googleusercontent.com/a-/ALV-UjWYhWKmwN_OZUALVQq3R1mby1rJp8kAmEaUHl81Yg6ar3c",
        "userName": "yolanda rivera"
    },
    {
        "appVersion": "1.1",
        "at": "2020-09-15 12:26:27",
        "content": "Nice",
        "repliedAt": null,
        "replyContent": null,
        "reviewCreatedVersion": "1.1",
        "reviewId": "1c899ca4-14ed-43f3-841e-01c9b8114b98",
        "score": 5,
        "thumbsUpCount": 2,
        "userImage": "https://play-lh.googleusercontent.com/a/ACg8ocLv9Rt4_kpwbBY_N-2qFNIcaqN4hD2M27J2_8Wh9lYC=mo",
        "userName": "Mrudul Pitkar"
    },
    {
        "appVersion": "1.1",
        "at": "2020-08-16 17:01:05",
        "content": "Love it but not enough pictures.",
        "repliedAt": null,
        "replyContent": null,
        "reviewCreatedVersion": "1.1",
        "reviewId": "2a69506f-4466-43a4-821e-405420359caf",
        "score": 5,
        "thumbsUpCount": 55,
        "userImage": "https://play-lh.googleusercontent.com/a/ACg8ocIHKtjE2Mp4UVZADNbbRqHKfl5W-542n0BKVKTMyGxB=mo",
        "userName": "Karen Kreim"
    }
]