[
    {
        "appVersion": "1.0",
        "at": "2023-11-09 14:01:30",
        "content": "Seems hungry for upgrades and flooded with ads, in the how to use states clearly activate once per 24 hours? Programmed for 15 minutes and has stopped accumulating. Deceiving and expensive for a 2 month period.",
        "repliedAt": null,
        "replyContent": null,
        "reviewCreatedVersion": "1.0",
        "reviewId": "9825c344-89a3-4bcf-8d95-4d97b22115f4",
        "score": 2,
        "thumbsUpCount": 0,
        "userImage": "https://play-lh.googleusercontent.com/a-/ALV-UjU2Q_0yCDeC6rZ4GsB-Bkjy_lkbyKSbnEAu1G8RAFJViOI",
        "userName": "Peter von Thenen"
    },
    {
        "appVersion": "1.0",
        "at": "2023-11-07 18:59:50",
        "content": "\u2764\ufe0f\u2764\ufe0f",
        "repliedAt": null,
        "replyContent": null,
        "reviewCreatedVersion": "1.0",
        "reviewId": "447a02a8-61df-4702-925c-738b0334f9e2",
        "score": 5,
        "thumbsUpCount": 0,
        "userImage": "https://play-lh.googleusercontent.com/a-/ALV-UjUE7qs6NH_95ppYdgOuZRWsBhVkvx9HxJA5xRBTfWXrRkI",
        "userName": "Destiny Monday"
    },
    {
        "appVersion": "1.0",
        "at": "2023-11-07 18:48:43",
        "content": "just downloaded it will update later",
        "repliedAt": null,
        "replyContent": null,
        "reviewCreatedVersion": "1.0",
        "reviewId": "7cb78403-d8b0-479a-93ac-fd1d4110506c",
        "score": 5,
        "thumbsUpCount": 0,
        "userImage": "https://play-lh.googleusercontent.com/a/ACg8ocI8h2iPyIsdLkpbWCOyDvP5ggMiTIUxtge0vVyc82il=mo",
        "userName": "Justin Cochran"
    },
    {
        "appVersion": "1.0",
        "at": "2023-11-07 06:48:45",
        "content": "great app",
        "repliedAt": null,
        "replyContent": null,
        "reviewCreatedVersion": "1.0",
        "reviewId": "65f3e941-d3fe-4e30-b500-0de7435786ac",
        "score": 5,
        "thumbsUpCount": 0,
        "userImage": "https://play-lh.googleusercontent.com/a-/ALV-UjWnSyxF-rqMHDBa7CplIwtkHhIbIPguLRPXu1Ns7nn_Pwc",
        "userName": "Lucille Gonzales"
    },
    {
        "appVersion": "1.0",
        "at": "2023-11-07 06:12:27",
        "content": "So very good\ud83c\udf1f",
        "repliedAt": null,
        "replyContent": null,
        "reviewCreatedVersion": "1.0",
        "reviewId": "d3e4ab0f-cc7b-4828-a2e3-5a2b2fa71cf1",
        "score": 5,
        "thumbsUpCount": 0,
        "userImage": "https://play-lh.googleusercontent.com/a-/ALV-UjUqw8JChghca-NMgrHi0bO10F7KqQ4S01bgGGG716BOqmo",
        "userName": "Denis Sina"
    },
    {
        "appVersion": "1.0",
        "at": "2023-11-06 14:39:40",
        "content": "nice",
        "repliedAt": null,
        "replyContent": null,
        "reviewCreatedVersion": "1.0",
        "reviewId": "11b8d959-852b-4665-86e6-088d11bd1f14",
        "score": 5,
        "thumbsUpCount": 0,
        "userImage": "https://play-lh.googleusercontent.com/a/ACg8ocJuv0OyvpQFXmbQRIkn7Zh3BQ6I-oO2U1jxzvN8l1aV=mo",
        "userName": "Shamsulrahman Karimi"
    },
    {
        "appVersion": "1.0",
        "at": "2023-11-06 12:22:28",
        "content": "I have heard of this platform that is paying So I hope to benefit from it",
        "repliedAt": null,
        "replyContent": null,
        "reviewCreatedVersion": "1.0",
        "reviewId": "318b0db3-5cbf-462e-a17c-47d47e3f3a1b",
        "score": 3,
        "thumbsUpCount": 0,
        "userImage": "https://play-lh.googleusercontent.com/a/ACg8ocJaarPn-LeUMRL8znkvUzw6qbd82gEflw_ylAOHQfh6=mo",
        "userName": "Otobong Inyang"
    },
    {
        "appVersion": "1.0",
        "at": "2023-11-06 09:02:24",
        "content": "not a bad platform",
        "repliedAt": null,
        "replyContent": null,
        "reviewCreatedVersion": "1.0",
        "reviewId": "9fc9ba6c-7a32-4a8a-8002-10a15ff33685",
        "score": 5,
        "thumbsUpCount": 0,
        "userImage": "https://play-lh.googleusercontent.com/a/ACg8ocIjmyUNy_B4DC0JWhuF50j_8AZt-3BdP4BPZVDyQwk=mo",
        "userName": "Micheal Hall"
    },
    {
        "appVersion": "1.0",
        "at": "2023-11-06 05:27:53",
        "content": "it's user friendly, but tho i haven't spent much time on it",
        "repliedAt": null,
        "replyContent": null,
        "reviewCreatedVersion": "1.0",
        "reviewId": "183fbe3f-7cc2-4b67-9872-d8f485c8c900",
        "score": 5,
        "thumbsUpCount": 0,
        "userImage": "https://play-lh.googleusercontent.com/a-/ALV-UjUNl6s__daYY-TrHGR_awe-HszClb3PtEDU-vFTYpw4SDs",
        "userName": "Mr chicken"
    },
    {
        "appVersion": "1.0",
        "at": "2023-11-05 18:18:54",
        "content": "good",
        "repliedAt": null,
        "replyContent": null,
        "reviewCreatedVersion": "1.0",
        "reviewId": "e219b268-be8a-474b-b334-f4acf84d6d93",
        "score": 4,
        "thumbsUpCount": 0,
        "userImage": "https://play-lh.googleusercontent.com/a-/ALV-UjXyO177SG-nmxFzEXCXtHquG4Q2Az6VB2w0Fwau5zWS3Sc",
        "userName": "MUHAMMAD ALI"
    },
    {
        "appVersion": "1.0",
        "at": "2023-11-05 11:40:11",
        "content": "can you add web3 and a solidity smart contract mining contract",
        "repliedAt": null,
        "replyContent": null,
        "reviewCreatedVersion": "1.0",
        "reviewId": "b0207618-1647-4b33-b971-05c0e04e0ea8",
        "score": 3,
        "thumbsUpCount": 0,
        "userImage": "https://play-lh.googleusercontent.com/a/ACg8ocJY6FbKYnKqDDts1IVA-RUFRFdVGOphfCAAvK4MIAxR=mo",
        "userName": "Dion Sheffield"
    },
    {
        "appVersion": "1.0",
        "at": "2023-11-03 15:47:21",
        "content": "nice app",
        "repliedAt": null,
        "replyContent": null,
        "reviewCreatedVersion": "1.0",
        "reviewId": "1a755785-3a42-40df-8038-a9f1dd07b0c7",
        "score": 5,
        "thumbsUpCount": 0,
        "userImage": "https://play-lh.googleusercontent.com/a/ACg8ocJY6nfpQDSBqYr6dza45D02xcCn30PpqNPcT5qD78DK=mo",
        "userName": "Almas"
    },
    {
        "appVersion": "1.0",
        "at": "2023-11-03 15:37:33",
        "content": "this is my initial rating until I actually get a chance to use the app. will update after use",
        "repliedAt": null,
        "replyContent": null,
        "reviewCreatedVersion": "1.0",
        "reviewId": "fdfe300a-7c75-4473-b24a-90b5efe0b88c",
        "score": 5,
        "thumbsUpCount": 0,
        "userImage": "https://play-lh.googleusercontent.com/a-/ALV-UjXMlZYlXZHDPnM2wRrhm4Jr1kdW067qpx6I9fS94Bl0vg",
        "userName": "Paul Reagan"
    },
    {
        "appVersion": "1.0",
        "at": "2023-11-03 14:00:43",
        "content": "upda5e as neede",
        "repliedAt": null,
        "replyContent": null,
        "reviewCreatedVersion": "1.0",
        "reviewId": "2c123631-6ca7-472c-b300-d003993fa5b5",
        "score": 5,
        "thumbsUpCount": 0,
        "userImage": "https://play-lh.googleusercontent.com/a-/ALV-UjXRLTnyUzWMBCAdm3uZ1aekv_wYeT-EQcyCS_CVWrFo8pQ",
        "userName": "Alicia Rose Bigelow"
    },
    {
        "appVersion": "1.0",
        "at": "2023-11-03 05:18:45",
        "content": "let's see if it is what they say is true",
        "repliedAt": null,
        "replyContent": null,
        "reviewCreatedVersion": "1.0",
        "reviewId": "0db3745d-d08e-4088-8807-392079edd526",
        "score": 5,
        "thumbsUpCount": 0,
        "userImage": "https://play-lh.googleusercontent.com/a-/ALV-UjWespUzSA0u7mzTPDg5kliI5HhT8EkkTKLXeld7Sk0tOg",
        "userName": "Adam \u201cKnotcho Knothead\u201d McQueen"
    },
    {
        "appVersion": "1.0",
        "at": "2023-11-03 05:10:42",
        "content": "I'll update my review and rating as I use the app more. However, at this time since I just started using it I can only say that the app navigation is simple and easy to understand as well as the aesthetics of the app are easy on the eyes.",
        "repliedAt": null,
        "replyContent": null,
        "reviewCreatedVersion": "1.0",
        "reviewId": "ced0f0da-2023-4195-9db5-854528145324",
        "score": 5,
        "thumbsUpCount": 0,
        "userImage": "https://play-lh.googleusercontent.com/a-/ALV-UjVSOVmfmPoED1xv-ry_qMz05YXQq3-q5LuhGRmk0oI1dCI",
        "userName": "Kyle Brannigan"
    },
    {
        "appVersion": "1.0",
        "at": "2023-11-03 04:56:55",
        "content": "good",
        "repliedAt": null,
        "replyContent": null,
        "reviewCreatedVersion": "1.0",
        "reviewId": "f78a6379-2364-4cb7-b175-0ac2b6d3070c",
        "score": 5,
        "thumbsUpCount": 0,
        "userImage": "https://play-lh.googleusercontent.com/a/ACg8ocJ3UAMb_CgKAVegk1axVEFrVgHHHNg2IQhFMFRZGIav=mo",
        "userName": "Fca Col"
    },
    {
        "appVersion": "1.0",
        "at": "2023-11-02 22:12:41",
        "content": "so far good tell all more soon",
        "repliedAt": null,
        "replyContent": null,
        "reviewCreatedVersion": "1.0",
        "reviewId": "04e58d34-63a2-4545-b597-a4573a243efc",
        "score": 5,
        "thumbsUpCount": 0,
        "userImage": "https://play-lh.googleusercontent.com/a-/ALV-UjVQQLloz12nDEu8uvsRMeO2Z6zQ21-TB8Y2_uN4Ntyx8ZI",
        "userName": "Patrick Murrin"
    },
    {
        "appVersion": "1.0",
        "at": "2023-11-02 17:51:03",
        "content": "I just started using this app but if it's anything like the TRON app I \ud83d\udcaf reccommend!",
        "repliedAt": null,
        "replyContent": null,
        "reviewCreatedVersion": "1.0",
        "reviewId": "3520a922-304d-41df-b401-c7c67914f1af",
        "score": 4,
        "thumbsUpCount": 0,
        "userImage": "https://play-lh.googleusercontent.com/a-/ALV-UjVYDboeuZLt-1aSpC0W8U1HGor3HR1o_P0-HtWQiL3lmsut",
        "userName": "Patrick Parker"
    },
    {
        "appVersion": "1.0",
        "at": "2023-11-02 16:13:19",
        "content": "What a project \ud83d\udc4f \ud83d\udc4c",
        "repliedAt": null,
        "replyContent": null,
        "reviewCreatedVersion": "1.0",
        "reviewId": "8f9d5f51-d741-4d13-a3ef-0478ffd66d52",
        "score": 5,
        "thumbsUpCount": 0,
        "userImage": "https://play-lh.googleusercontent.com/a-/ALV-UjVsOkjEzRNilvdcXOJCUyFjBc7Dqezvsdk1R-xphZ3G2Q",
        "userName": "Methz Maz"
    },
    {
        "appVersion": "1.0",
        "at": "2023-11-02 07:14:50",
        "content": "best doge app ever!!! thanx doge pool!!!",
        "repliedAt": null,
        "replyContent": null,
        "reviewCreatedVersion": "1.0",
        "reviewId": "353721c0-b97e-4d9b-912a-803884dd1439",
        "score": 5,
        "thumbsUpCount": 0,
        "userImage": "https://play-lh.googleusercontent.com/a/ACg8ocIkjvc7ptwyDozuQNmcBawr0w-FiQzADQjzCeSu-QzA=mo",
        "userName": "Adam O'Neal"
    },
    {
        "appVersion": "1.0",
        "at": "2023-11-02 04:56:59",
        "content": "I will give 5 Star \u2b50 if Legit and \ud83d\udcaf% working..",
        "repliedAt": null,
        "replyContent": null,
        "reviewCreatedVersion": "1.0",
        "reviewId": "8becdbfc-18c0-4432-867c-28f8b13ff2c6",
        "score": 1,
        "thumbsUpCount": 0,
        "userImage": "https://play-lh.googleusercontent.com/a-/ALV-UjWeYzIId2ajp_6HbdOERVzh2PeJ6EuyLejjiz3XCwyK8w",
        "userName": "Juliet B. Dakila"
    },
    {
        "appVersion": "1.0",
        "at": "2023-10-30 20:42:04",
        "content": "already",
        "repliedAt": null,
        "replyContent": null,
        "reviewCreatedVersion": "1.0",
        "reviewId": "844a1d44-cd4e-429b-84b2-3876ef2ad3f1",
        "score": 5,
        "thumbsUpCount": 0,
        "userImage": "https://play-lh.googleusercontent.com/a/ACg8ocKnmgcSXAgzBCIK-a6Z7qrutzxXMVestJoZlQs3qPUe=mo",
        "userName": "Steve Melchor"
    },
    {
        "appVersion": "1.0",
        "at": "2023-10-30 17:09:18",
        "content": "App Like it says!",
        "repliedAt": null,
        "replyContent": null,
        "reviewCreatedVersion": "1.0",
        "reviewId": "d94f3ff6-f789-403e-bb72-4da8ef521fab",
        "score": 5,
        "thumbsUpCount": 0,
        "userImage": "https://play-lh.googleusercontent.com/a-/ALV-UjWUsjMTCkncjz1P4hHn_cyDA5jcWhwqmzNhwSn9Pj9qkWE",
        "userName": "Michael Millis"
    },
    {
        "appVersion": null,
        "at": "2023-10-29 22:06:25",
        "content": "When i open there is no option to start mining \ud83d\ude14",
        "repliedAt": null,
        "replyContent": null,
        "reviewCreatedVersion": null,
        "reviewId": "6896ccc1-a125-45e1-88be-30bc4d41b901",
        "score": 3,
        "thumbsUpCount": 0,
        "userImage": "https://play-lh.googleusercontent.com/a-/ALV-UjVoZVGcEegFXrj0H_sukGl9_g90gvmCfX7VKlbxWM4MHt4",
        "userName": "Ansar Abbas"
    }
]