[
    {
        "appVersion": null,
        "at": "2023-10-21 05:56:10",
        "content": "The worst",
        "repliedAt": null,
        "replyContent": null,
        "reviewCreatedVersion": null,
        "reviewId": "2a67e508-7758-4b48-aa11-3ae0a39136ae",
        "score": 1,
        "thumbsUpCount": 0,
        "userImage": "https://play-lh.googleusercontent.com/a-/ALV-UjVwJDB_4laT5xB54o7fSSLufVab9KseMrDN8EUrgFrOZg",
        "userName": "Home TV"
    },
    {
        "appVersion": null,
        "at": "2023-09-26 09:56:49",
        "content": "It Is not tell the xorttcrty answer",
        "repliedAt": null,
        "replyContent": null,
        "reviewCreatedVersion": null,
        "reviewId": "e4cf57cf-87a6-464f-9083-c5400d70d116",
        "score": 2,
        "thumbsUpCount": 0,
        "userImage": "https://play-lh.googleusercontent.com/a/ACg8ocJgZriE5riIs0B9tvonXIAHhB7YrWOyd6KtiejNMNDy=mo",
        "userName": "Sundara samy"
    },
    {
        "appVersion": null,
        "at": "2023-09-09 03:12:34",
        "content": "Very bad",
        "repliedAt": null,
        "replyContent": null,
        "reviewCreatedVersion": null,
        "reviewId": "c105d434-48f1-4269-8984-1e2e05161038",
        "score": 5,
        "thumbsUpCount": 0,
        "userImage": "https://play-lh.googleusercontent.com/a-/ALV-UjUaF33EOveY3kly8lpfFLq0zPMA3V_rgnxbqcmmNq1INm8",
        "userName": "craft with Ameera"
    },
    {
        "appVersion": null,
        "at": "2023-04-06 06:50:13",
        "content": "Don't download it",
        "repliedAt": null,
        "replyContent": null,
        "reviewCreatedVersion": null,
        "reviewId": "7c81f6b3-a59d-435b-9641-bdfd6370ee38",
        "score": 1,
        "thumbsUpCount": 4,
        "userImage": "https://play-lh.googleusercontent.com/a/ACg8ocKg1foa_jeDWRfa2Uoq6qlTrR9ugM2wZqQAlEUq07eo=mo",
        "userName": "Humayra Hadika"
    },
    {
        "appVersion": null,
        "at": "2023-01-18 14:47:49",
        "content": "This is so fake! I don't recome nd",
        "repliedAt": null,
        "replyContent": null,
        "reviewCreatedVersion": null,
        "reviewId": "1ff5101c-c146-4ca0-9f07-640f0b4222d1",
        "score": 1,
        "thumbsUpCount": 0,
        "userImage": "https://play-lh.googleusercontent.com/a/ACg8ocI7POCKxa_IhcArFhyjdV8XkC2hYw8EQppQaI84r_aQ=mo",
        "userName": "D Stewart"
    }
]