[
    {
        "appVersion": null,
        "at": "2023-09-11 08:48:33",
        "content": "Excellent and helpful!",
        "repliedAt": null,
        "replyContent": null,
        "reviewCreatedVersion": null,
        "reviewId": "d8735d91-f031-468c-a31c-7929221c28e8",
        "score": 5,
        "thumbsUpCount": 0,
        "userImage": "https://play-lh.googleusercontent.com/a-/ALV-UjWKf9XzDasp6BiSUBeMsH0YnpJsILhrjD6-kJ2NOOpN8Rg",
        "userName": "Patricia Hall West Mulder"
    },
    {
        "appVersion": "1.6",
        "at": "2021-11-27 11:23:02",
        "content": "Very good. I like the integration of compass and map, very good.",
        "repliedAt": null,
        "replyContent": null,
        "reviewCreatedVersion": "1.6",
        "reviewId": "ed02499a-1ca3-46d6-a52a-7c5acfb3b98e",
        "score": 5,
        "thumbsUpCount": 0,
        "userImage": "https://play-lh.googleusercontent.com/a-/ALV-UjXx5z7Y4BB2_NojAF_s4JV2kWeZARLE0PW8ZHMwvKz9d3o",
        "userName": "Patrick Ellen"
    },
    {
        "appVersion": "1.6",
        "at": "2021-08-12 11:59:50",
        "content": "Keeps on saying sensor is absent",
        "repliedAt": null,
        "replyContent": null,
        "reviewCreatedVersion": "1.6",
        "reviewId": "fceb6891-4766-4c05-afff-d44180d29cf4",
        "score": 1,
        "thumbsUpCount": 1,
        "userImage": "https://play-lh.googleusercontent.com/a/ACg8ocKea1Z2HXU4CSAohUbP-wDutLQVb3bmBCOKRusbsdpccg=mo",
        "userName": "O Hall"
    },
    {
        "appVersion": "1.6",
        "at": "2020-02-23 05:37:49",
        "content": "This application is Excellent . Thanks Creator .",
        "repliedAt": null,
        "replyContent": null,
        "reviewCreatedVersion": "1.6",
        "reviewId": "e58cd521-c608-488d-8aa4-5ea54accf234",
        "score": 5,
        "thumbsUpCount": 2,
        "userImage": "https://play-lh.googleusercontent.com/EGemoI2NTXmTsBVtJqk8jxF9rh8ApRWfsIMQSt2uE4OcpQqbFu7f7NbTK05lx80nuSijCz7sc3a277R67g",
        "userName": "A Google user"
    },
    {
        "appVersion": "1.3",
        "at": "2017-07-06 06:29:52",
        "content": "version 1.3 on Sony Xperia Active with Android 4.04. Ther compass doesn't work (it works on my other aps). There is no pressure display (the pressure values are displayed by my other aps). Uninstalled;",
        "repliedAt": null,
        "replyContent": null,
        "reviewCreatedVersion": "1.3",
        "reviewId": "c1a73cc7-bbb0-421c-b39e-1d6924fb40e4",
        "score": 1,
        "thumbsUpCount": 2,
        "userImage": "https://play-lh.googleusercontent.com/EGemoI2NTXmTsBVtJqk8jxF9rh8ApRWfsIMQSt2uE4OcpQqbFu7f7NbTK05lx80nuSijCz7sc3a277R67g",
        "userName": "A Google user"
    },
    {
        "appVersion": "1.3",
        "at": "2016-07-16 06:25:16",
        "content": "Good apps",
        "repliedAt": null,
        "replyContent": null,
        "reviewCreatedVersion": "1.3",
        "reviewId": "c8d400cf-ba57-4db4-b630-c60fd3ff27b7",
        "score": 4,
        "thumbsUpCount": 2,
        "userImage": "https://play-lh.googleusercontent.com/EGemoI2NTXmTsBVtJqk8jxF9rh8ApRWfsIMQSt2uE4OcpQqbFu7f7NbTK05lx80nuSijCz7sc3a277R67g",
        "userName": "A Google user"
    }
]