[
    {
        "appVersion": "2.0.0",
        "at": "2023-05-30 16:01:32",
        "content": "The best weather app out there. I've used em all. Best bang for your buck with price point of annual subscription.",
        "repliedAt": "2023-06-17 16:17:57",
        "replyContent": "Thank you for the review, we are pleased to hear you are enjoying the app!",
        "reviewCreatedVersion": "2.0.0",
        "reviewId": "d6433ec2-08e2-4009-8236-0c7703ef72fe",
        "score": 5,
        "thumbsUpCount": 0,
        "userImage": "https://play-lh.googleusercontent.com/a-/ALV-UjXF2a5KJbnmtrST-tT8ZNyfI0ZwvA0SSe4N0ZPE7tEd6rc",
        "userName": "Patrick Lowry"
    }
]