[
    {
        "appVersion": "1.1",
        "at": "2020-07-25 10:22:39",
        "content": "Very bad app",
        "repliedAt": null,
        "replyContent": null,
        "reviewCreatedVersion": "1.1",
        "reviewId": "c61ff937-874c-418a-9bb4-c044a4fbdbab",
        "score": 1,
        "thumbsUpCount": 2,
        "userImage": "https://play-lh.googleusercontent.com/a-/ALV-UjVHMIEsCczguDUztyVg9sHcJ8m5tzJv8PrcWpkRCQeBDx0",
        "userName": "Shalbin 007"
    },
    {
        "appVersion": null,
        "at": "2019-03-27 12:00:30",
        "content": "SMART",
        "repliedAt": null,
        "replyContent": null,
        "reviewCreatedVersion": null,
        "reviewId": "9e6c28c2-8a58-4d6e-95bd-252b129f4fe3",
        "score": 3,
        "thumbsUpCount": 1,
        "userImage": "https://play-lh.googleusercontent.com/EGemoI2NTXmTsBVtJqk8jxF9rh8ApRWfsIMQSt2uE4OcpQqbFu7f7NbTK05lx80nuSijCz7sc3a277R67g",
        "userName": "A Google user"
    }
]