[
    {
        "appVersion": "1.0.4",
        "at": "2023-11-15 16:49:28",
        "content": "I can't track my phone",
        "repliedAt": null,
        "replyContent": null,
        "reviewCreatedVersion": "1.0.4",
        "reviewId": "27273ec9-8ac4-4fe6-8798-ca874c711310",
        "score": 5,
        "thumbsUpCount": 0,
        "userImage": "https://play-lh.googleusercontent.com/a/ACg8ocLGY-_MOtsqAOIuzayfSzY55PN4fiHDjyx1uAeKah1j=mo",
        "userName": "silvanus nakale"
    },
    {
        "appVersion": "1.0.4",
        "at": "2023-08-18 03:30:25",
        "content": "How do i connect other devices",
        "repliedAt": null,
        "replyContent": null,
        "reviewCreatedVersion": "1.0.4",
        "reviewId": "ad3ece8c-54a8-44db-b87b-412d5402a027",
        "score": 1,
        "thumbsUpCount": 0,
        "userImage": "https://play-lh.googleusercontent.com/a/ACg8ocLDCaZpnvBLdXShocaF4lLAXyWzCeU3YadKhO06e2XC=mo",
        "userName": "Mohapi Pule"
    },
    {
        "appVersion": null,
        "at": "2023-07-20 12:41:23",
        "content": "This app denied me twice. I'll like to find out why!",
        "repliedAt": null,
        "replyContent": null,
        "reviewCreatedVersion": null,
        "reviewId": "8c81b820-0590-4de1-9868-deec3f736ee5",
        "score": 1,
        "thumbsUpCount": 0,
        "userImage": "https://play-lh.googleusercontent.com/a-/ALV-UjWVjInfCXEW3BGkP1Bkr2gpoN1rkzHdMPHVKcz3eGu4bg",
        "userName": "Terence Q Burns"
    },
    {
        "appVersion": null,
        "at": "2023-06-20 16:36:13",
        "content": "Good",
        "repliedAt": null,
        "replyContent": null,
        "reviewCreatedVersion": null,
        "reviewId": "cd877a49-3261-4343-9c0c-8e59fe1bef45",
        "score": 5,
        "thumbsUpCount": 0,
        "userImage": "https://play-lh.googleusercontent.com/a/ACg8ocKLHp0MZR2SbSWvRJGtXIzkOyjBGnwj2bS0IMzuqQSN=mo",
        "userName": "Trina Klaase"
    },
    {
        "appVersion": null,
        "at": "2023-06-12 07:43:56",
        "content": "Awesome app@",
        "repliedAt": null,
        "replyContent": null,
        "reviewCreatedVersion": null,
        "reviewId": "ae7e4b23-6ba2-4bad-bdb2-514c167746ec",
        "score": 5,
        "thumbsUpCount": 2,
        "userImage": "https://play-lh.googleusercontent.com/a/ACg8ocJdKtRjgJttxYMhNcZHrJF5_GbUEt-cQIZD1TdASIMe=mo",
        "userName": "Martin Sajan"
    },
    {
        "appVersion": null,
        "at": "2023-06-10 03:35:13",
        "content": "Find lost phone app.its app is easy to use.it's app is quite good.I like this app.\u20ac\u20ac",
        "repliedAt": null,
        "replyContent": null,
        "reviewCreatedVersion": null,
        "reviewId": "e2c024bd-a479-43b4-b8db-47d1e45aa398",
        "score": 5,
        "thumbsUpCount": 1,
        "userImage": "https://play-lh.googleusercontent.com/a/ACg8ocLcSINfUqm5Y1IXjQMlW-NPPbQQ3sdNvm5iYrTGBeGr=mo",
        "userName": "Ivy Wren"
    },
    {
        "appVersion": "1.0.3",
        "at": "2023-06-08 07:52:30",
        "content": "Find lost phone is very good app it's very amezing application it's very easy to use $$",
        "repliedAt": null,
        "replyContent": null,
        "reviewCreatedVersion": "1.0.3",
        "reviewId": "8794cbf5-8802-4d9a-a83e-ca76d47d6b5f",
        "score": 5,
        "thumbsUpCount": 5,
        "userImage": "https://play-lh.googleusercontent.com/a/ACg8ocLVcj6I1aZL4Fc8xJt1mYHTxdKkVs-QK_S7kP4XdE-3=mo",
        "userName": "Nadia BBB"
    },
    {
        "appVersion": "1.0.3",
        "at": "2023-06-07 14:40:52",
        "content": "Find Lost Phone: Phone Tracker is a fantastic app for tracking lost phones. It's easy to use and helps you locate your loved ones as well. Highly recommended$",
        "repliedAt": null,
        "replyContent": null,
        "reviewCreatedVersion": "1.0.3",
        "reviewId": "e20b714d-f287-44d7-8a8c-f625427b0b99",
        "score": 5,
        "thumbsUpCount": 6,
        "userImage": "https://play-lh.googleusercontent.com/a-/ALV-UjWl0e12-HqiLHqzKaYnEPeH80bT1wNMbKARtq9tWq5tUw",
        "userName": "Rimsha Choudhry"
    },
    {
        "appVersion": null,
        "at": "2023-06-07 13:13:07",
        "content": "FIND LOST PHONE: PJONE TRACKER APPLICATION IS VERY HARD WORKING APP AND IT IS HELPFUL.$",
        "repliedAt": null,
        "replyContent": null,
        "reviewCreatedVersion": null,
        "reviewId": "fd4b862e-4521-44f3-be0b-12ae7ac940f7",
        "score": 5,
        "thumbsUpCount": 0,
        "userImage": "https://play-lh.googleusercontent.com/a/ACg8ocKnfIInjAp0aHinal6xqHsh7qsQFxNds4aw80_V2k2I=mo",
        "userName": "M Bilal"
    },
    {
        "appVersion": null,
        "at": "2023-06-04 15:22:44",
        "content": "the best type of app suitable for phone tracking functions. Choose one that best suits your requirements after going through their features",
        "repliedAt": null,
        "replyContent": null,
        "reviewCreatedVersion": null,
        "reviewId": "f0dde0de-c0d0-4729-85ab-7e67cfddc04e",
        "score": 5,
        "thumbsUpCount": 0,
        "userImage": "https://play-lh.googleusercontent.com/a-/ALV-UjVZzTuCxMedTkrrFBN_oQLG6leKOzQ8IatMsjAxT29rn34",
        "userName": "Nimra Aiman"
    },
    {
        "appVersion": null,
        "at": "2023-06-04 12:32:57",
        "content": "Find lost phone : phone tracker app is a wonderful application for easily find a lost device. It's features and design are amazing.###",
        "repliedAt": null,
        "replyContent": null,
        "reviewCreatedVersion": null,
        "reviewId": "4b731b80-b6b8-4434-8fa1-37db642c9a09",
        "score": 5,
        "thumbsUpCount": 0,
        "userImage": "https://play-lh.googleusercontent.com/a/ACg8ocKuSkvo5DGsv-jD4g4Ykol_7JPzEYy8pPblvyPloZ-A=mo",
        "userName": "Rajput Rajput"
    },
    {
        "appVersion": null,
        "at": "2023-06-04 12:16:40",
        "content": "Find lost phone is best for use and download it's features are very appreciating and it's really awesome application to use and download it's features are very appreciating and it's really awesome application ++",
        "repliedAt": null,
        "replyContent": null,
        "reviewCreatedVersion": null,
        "reviewId": "6b0347cd-ea4f-48ea-bb53-83bc61499c41",
        "score": 5,
        "thumbsUpCount": 0,
        "userImage": "https://play-lh.googleusercontent.com/a/ACg8ocKGwvlUMheI5ZgCHIQ_4pPOTWbD1bB7FqSn-VxmwYdA=mo",
        "userName": "Urooj Rasheed (Fur)"
    },
    {
        "appVersion": null,
        "at": "2023-06-04 12:08:20",
        "content": "Phone tracker app is very amazing and fantastic. Great interface . I have good experience with it... Awesome$",
        "repliedAt": null,
        "replyContent": null,
        "reviewCreatedVersion": null,
        "reviewId": "26b7a163-04d7-46a1-9f54-2d00baab1bfb",
        "score": 5,
        "thumbsUpCount": 1,
        "userImage": "https://play-lh.googleusercontent.com/a-/ALV-UjX41VEW8QnMFbWWyoYm5yAifFEAHwsLwXJ4QT_fAjQNHg",
        "userName": "Cute doll"
    },
    {
        "appVersion": "1.0.3",
        "at": "2023-06-04 09:14:52",
        "content": "This application is really helpful for everyone recommend you all ###",
        "repliedAt": null,
        "replyContent": null,
        "reviewCreatedVersion": "1.0.3",
        "reviewId": "a8037cef-7c18-4557-9dab-54d5e935d255",
        "score": 5,
        "thumbsUpCount": 0,
        "userImage": "https://play-lh.googleusercontent.com/a-/ALV-UjX8bKQMmlUWtt3nobdVY2V4ooh7KdC8czKUwky3AGnwFQ",
        "userName": "Fatima Masood"
    },
    {
        "appVersion": "1.0.3",
        "at": "2023-06-04 08:54:36",
        "content": "Find lost phone is an amazing app to track your lost phone .With this device we can easily track the current location of our loved ones .###",
        "repliedAt": null,
        "replyContent": null,
        "reviewCreatedVersion": "1.0.3",
        "reviewId": "2a530f48-af27-4dfc-b70a-8fadce388594",
        "score": 5,
        "thumbsUpCount": 6,
        "userImage": "https://play-lh.googleusercontent.com/a/ACg8ocKaq30MFy-ivMNe6lNmfbqGN1H92QlLgYZYEKA5iye_=mo",
        "userName": "shayan hassan"
    },
    {
        "appVersion": "1.0.3",
        "at": "2023-06-04 04:28:04",
        "content": "Lost Phone Tracker is developed to make mobile location tracking easy nice App ###",
        "repliedAt": null,
        "replyContent": null,
        "reviewCreatedVersion": "1.0.3",
        "reviewId": "3f096338-4755-4a39-b40b-7f39eaaa433c",
        "score": 5,
        "thumbsUpCount": 2,
        "userImage": "https://play-lh.googleusercontent.com/a/ACg8ocKDXOh7p-yv3XFjwn3b6veh6VGCMNPtchoFdZoTuzKl=mo",
        "userName": "Faisal Sattar"
    },
    {
        "appVersion": null,
        "at": "2023-06-01 04:03:53",
        "content": "Find Lost phone is a greatfull application for find lost location of any lost phone on the GPS ..This is a very good application with helpfull features..very nice ..Easy to use ##",
        "repliedAt": null,
        "replyContent": null,
        "reviewCreatedVersion": null,
        "reviewId": "80330797-f07c-413e-8f28-514f8807a381",
        "score": 5,
        "thumbsUpCount": 0,
        "userImage": "https://play-lh.googleusercontent.com/a/ACg8ocKSSHfplWKeRZxi16wuZUQXUaqMGw8zPtlZfpK_HX3t=mo",
        "userName": "Faria Faria A. M"
    },
    {
        "appVersion": null,
        "at": "2023-06-01 02:09:24",
        "content": "FIND LOST PHONE FINDER LOST PHONE APP IS AN EXPECTIONALLY APP CONNECT THIS APP WITH MOBILE AND THIS APP SHOW US EXACT LOCATION ON MOBILE AND tablet ##",
        "repliedAt": null,
        "replyContent": null,
        "reviewCreatedVersion": null,
        "reviewId": "ae5ecd1e-4bda-4c74-a495-cfbd227ce298",
        "score": 5,
        "thumbsUpCount": 0,
        "userImage": "https://play-lh.googleusercontent.com/a/ACg8ocLMeJHYjCpGS4pWDIW6XYTrXVH8fI1e8r5IWncRM5w=mo",
        "userName": "Do lafz BT"
    },
    {
        "appVersion": null,
        "at": "2023-05-31 11:10:00",
        "content": "Find Lost phone : phone tracker app is a fantastic application for trake any live location of lost device .This is really a useful application..Very fast and easy ##",
        "repliedAt": null,
        "replyContent": null,
        "reviewCreatedVersion": null,
        "reviewId": "f1d8d7ea-f65f-4588-a47c-cbc4b2b131d4",
        "score": 5,
        "thumbsUpCount": 0,
        "userImage": "https://play-lh.googleusercontent.com/a/ACg8ocL1iS1fBBC0He5NVHGmYDFY_s8AfdQUsMrA4XXdq_t1=mo",
        "userName": "Online earning 11 A.M"
    },
    {
        "appVersion": null,
        "at": "2023-05-30 01:27:57",
        "content": "Find Lost phone : phone tracker app is a best application ..This is a new phone finder app with interesting features...Good application ##",
        "repliedAt": null,
        "replyContent": null,
        "reviewCreatedVersion": null,
        "reviewId": "920bee9a-b97a-4dd2-8880-6acfb4b6fd50",
        "score": 5,
        "thumbsUpCount": 0,
        "userImage": "https://play-lh.googleusercontent.com/a/ACg8ocICvKCtOj7ngpHkLuep0jHueNQgwMXQx-h64AuvtmYm=mo",
        "userName": "Nathan Kress A. M"
    },
    {
        "appVersion": null,
        "at": "2023-05-30 00:02:17",
        "content": "Find lost phone : phone tracker app is a wonderful application for easily find a lost device..This is a helpfull application.. Excellent features..Very fast and easy to use ##",
        "repliedAt": null,
        "replyContent": null,
        "reviewCreatedVersion": null,
        "reviewId": "bafbd033-d08a-4c27-9f48-480f0bac10d4",
        "score": 5,
        "thumbsUpCount": 0,
        "userImage": "https://play-lh.googleusercontent.com/a-/ALV-UjVsoG5ilsEaxXHtb-yk6YEQgQ4RmzEI8zuTvza-O2X3Cg",
        "userName": "Sikandar Mirza A. M"
    },
    {
        "appVersion": null,
        "at": "2023-05-29 02:32:03",
        "content": "Find Lost phone is a very good application for find Lost phone.This is a very helpful application ##",
        "repliedAt": null,
        "replyContent": null,
        "reviewCreatedVersion": null,
        "reviewId": "65ff5b9f-6f06-4e9c-a3a4-04c3cbeb8bf5",
        "score": 5,
        "thumbsUpCount": 0,
        "userImage": "https://play-lh.googleusercontent.com/a/ACg8ocLWCr9xcwijvgUUKFZ8BA4gGZG0HowX7UnMZExmfBEK=mo",
        "userName": "Fraquence S.M"
    },
    {
        "appVersion": null,
        "at": "2023-05-29 01:40:14",
        "content": "FIND LOST PHONE PHONE TRACKER APP IS A SUPERB APP THIS APP IS WORK AS AN ANTI THEIF APP THIS APP IS A BEST USEFULL APP##",
        "repliedAt": null,
        "replyContent": null,
        "reviewCreatedVersion": null,
        "reviewId": "edac8096-7f2e-4e69-9a93-eacfbf3a5b3f",
        "score": 5,
        "thumbsUpCount": 0,
        "userImage": "https://play-lh.googleusercontent.com/a/ACg8ocI1R_lzTS5bIk1ND3GO7WnugkZTdDkj1My58oS4tLfr=mo",
        "userName": "Impoteded Hukumat az"
    },
    {
        "appVersion": null,
        "at": "2023-05-28 02:14:17",
        "content": "Find Lost Phone : Phone tracker is really a helpfull application.This is a very good application for find my lost devices.its features are amazing..Very fast and Easy to use..Really a good application ##",
        "repliedAt": null,
        "replyContent": null,
        "reviewCreatedVersion": null,
        "reviewId": "01bd8c97-f79f-48c7-a6dd-29dc296e606e",
        "score": 5,
        "thumbsUpCount": 0,
        "userImage": "https://play-lh.googleusercontent.com/a/ACg8ocJ56Za7l0ZAiVydqhrDwBWl8g4KCKCUgwD46uIW6Tnq=mo",
        "userName": "Thomas 9 A. M"
    },
    {
        "appVersion": null,
        "at": "2023-05-27 10:34:29",
        "content": "Find Lost phone is a very interesting application for track any lost device . Wonderful application..Easy to use ##",
        "repliedAt": null,
        "replyContent": null,
        "reviewCreatedVersion": null,
        "reviewId": "1fea90b8-72a6-423f-b790-dce31253e216",
        "score": 5,
        "thumbsUpCount": 1,
        "userImage": "https://play-lh.googleusercontent.com/a/ACg8ocLLYFCKGa8uttkJjyjGSI7I1kx5DfHAt-0qIwFxbvOg=mo",
        "userName": "Excellent A .M"
    },
    {
        "appVersion": null,
        "at": "2023-05-27 09:37:49",
        "content": "FIND LOST PHONE LOST TRACKING APP IS DEVEPLED TO MAKE MOBILE LOCATOR TRACKING EASILY ##",
        "repliedAt": null,
        "replyContent": null,
        "reviewCreatedVersion": null,
        "reviewId": "c90a7bde-b30d-4902-928d-0ba95594b21e",
        "score": 5,
        "thumbsUpCount": 1,
        "userImage": "https://play-lh.googleusercontent.com/a-/ALV-UjUw_XGvPbRQxXPIUKioEZ14Qn23pFRbAVDOm_Jf8WoItA",
        "userName": "Amina Khan AGMY"
    },
    {
        "appVersion": null,
        "at": "2023-05-26 09:57:03",
        "content": "Find Lost phone : is a very good application ##",
        "repliedAt": null,
        "replyContent": null,
        "reviewCreatedVersion": null,
        "reviewId": "dcb83e7a-d8ad-4377-85ab-87a536694563",
        "score": 5,
        "thumbsUpCount": 1,
        "userImage": "https://play-lh.googleusercontent.com/a/ACg8ocKe6CMmtn-YYjykQ9t9GBx6gOpAj2n9NnDxE1KZtMCv=mo",
        "userName": "Good Choice. A. M"
    },
    {
        "appVersion": "1.0.3",
        "at": "2023-05-26 07:54:34",
        "content": "FIND LOST PHONE PHONE TRACKER APP IS A VERY INFORMATIVE AND GOOD WORKING APP ##",
        "repliedAt": null,
        "replyContent": null,
        "reviewCreatedVersion": "1.0.3",
        "reviewId": "feff7c5f-0f62-4ffa-aa00-79e295f2250d",
        "score": 5,
        "thumbsUpCount": 2,
        "userImage": "https://play-lh.googleusercontent.com/a/ACg8ocKEaCeXAASHtaFo45bAaf_z5oXJdpmtCYOW_7qIP7Qy=mo",
        "userName": "Alex"
    },
    {
        "appVersion": null,
        "at": "2023-05-25 05:39:54",
        "content": "Find lost phone is a greatfull lost phone tracker app.This application can easily locate any lost device.Wonderfull application with helping features ##",
        "repliedAt": null,
        "replyContent": null,
        "reviewCreatedVersion": null,
        "reviewId": "5c6768bd-979b-4c20-9575-05ca7018640c",
        "score": 5,
        "thumbsUpCount": 1,
        "userImage": "https://play-lh.googleusercontent.com/a/ACg8ocKrvRhZz6kHhmIe5JDCroK0cgUneoB-K6DHKN3LU3w3=mo",
        "userName": "Thomas 18 A.M"
    },
    {
        "appVersion": null,
        "at": "2023-05-25 05:29:05",
        "content": "FINT LOST PHONE PHONE TRACKER APP IS AN ASWESOM APP IT'S FEATURES TO GOOD FREE AND FAST APP ##",
        "repliedAt": null,
        "replyContent": null,
        "reviewCreatedVersion": null,
        "reviewId": "a058e41f-0c43-4c37-84d8-a02fba38cbeb",
        "score": 5,
        "thumbsUpCount": 1,
        "userImage": "https://play-lh.googleusercontent.com/a/ACg8ocKIMpm_yZfnVyEdz03inq6FzY7W6Qda6r--U6BLTSMV=mo",
        "userName": "GEORGIA AGMY"
    },
    {
        "appVersion": null,
        "at": "2023-02-01 15:34:14",
        "content": "Phone (You)",
        "repliedAt": null,
        "replyContent": null,
        "reviewCreatedVersion": null,
        "reviewId": "2c612466-867c-4e8b-bb43-550dfa144f16",
        "score": 5,
        "thumbsUpCount": 1,
        "userImage": "https://play-lh.googleusercontent.com/a-/ALV-UjVcQu1istHLln3IYe0Pa0DxE8c5Idf8TUQC8OoIH2KKPCc",
        "userName": "Maged Alnagar"
    },
    {
        "appVersion": null,
        "at": "2022-12-28 11:51:45",
        "content": "Worst app thats why o gave it a 5star",
        "repliedAt": null,
        "replyContent": null,
        "reviewCreatedVersion": null,
        "reviewId": "186d157b-493b-4a07-a06c-68efefbc47ac",
        "score": 5,
        "thumbsUpCount": 1,
        "userImage": "https://play-lh.googleusercontent.com/a/ACg8ocI_SrgmbEawXE8p9kYEAxSKqv9qosED9pFeYe6lKik=mo",
        "userName": "Bestman fynebone"
    },
    {
        "appVersion": null,
        "at": "2022-11-03 14:24:13",
        "content": "Never been so disappointed in my life \ud83d\ude44",
        "repliedAt": null,
        "replyContent": null,
        "reviewCreatedVersion": null,
        "reviewId": "20a87df7-59ce-4a4f-848e-f5ba944b2d83",
        "score": 1,
        "thumbsUpCount": 4,
        "userImage": "https://play-lh.googleusercontent.com/a/ACg8ocImkjkJ2KCMHWQHTyXBFurWEJfIP5jKKCOv9ntAL9OC=mo",
        "userName": "Nhlanhla Sekgobela"
    },
    {
        "appVersion": null,
        "at": "2022-10-29 12:08:19",
        "content": "Nah I ain't putting email and pass",
        "repliedAt": null,
        "replyContent": null,
        "reviewCreatedVersion": null,
        "reviewId": "99eb8539-5a05-46ff-a173-f00297a65aee",
        "score": 1,
        "thumbsUpCount": 3,
        "userImage": "https://play-lh.googleusercontent.com/a/ACg8ocLhWCSbDxp41P7EJ8wb-tL1thfsSTamwRziTLl9wajb=mo",
        "userName": "Mariejo Saint Louis"
    },
    {
        "appVersion": null,
        "at": "2022-08-30 15:04:49",
        "content": "It helps me yesterday at my hood they stole it and worse they staying in my next door I appreciate your app thanks",
        "repliedAt": null,
        "replyContent": null,
        "reviewCreatedVersion": null,
        "reviewId": "1d433702-793a-4c57-81ef-a312cb3ecd81",
        "score": 5,
        "thumbsUpCount": 3,
        "userImage": "https://play-lh.googleusercontent.com/a/ACg8ocKBIgjGMH6Euy0STDGnrWzw-g7lugMMrZvW283pwG98=mo",
        "userName": "Sphelele Mndaweni"
    },
    {
        "appVersion": "1.0.0",
        "at": "2022-08-26 13:22:22",
        "content": "Useless app.",
        "repliedAt": null,
        "replyContent": null,
        "reviewCreatedVersion": "1.0.0",
        "reviewId": "5efb8f7c-52f8-4272-8e81-36f59af4ea38",
        "score": 1,
        "thumbsUpCount": 5,
        "userImage": "https://play-lh.googleusercontent.com/a/ACg8ocJbkXwxYZaIJWspjP6-lgYfRwAL0tg9ZQ04eFcnD4MX=mo",
        "userName": "Diana Raath"
    }
]