[
    {
        "appVersion": null,
        "at": "2023-11-20 12:33:09",
        "content": "Awesome app \ud83c\udf34\ud83c\udf34",
        "repliedAt": null,
        "replyContent": null,
        "reviewCreatedVersion": null,
        "reviewId": "486839aa-76d8-48d5-bdc9-17b2b9ec25b3",
        "score": 5,
        "thumbsUpCount": 0,
        "userImage": "https://play-lh.googleusercontent.com/a/ACg8ocJfQ6BANgBlQa5VCSukSPLCM22E9cl69xf1ycXjKJTi=mo",
        "userName": "Levis Fizarao \u201cNkw\u201d Hamidrao"
    },
    {
        "appVersion": null,
        "at": "2023-11-20 12:06:17",
        "content": "BTC mining app is very best for earn BTC coin\ud83c\udf34",
        "repliedAt": null,
        "replyContent": null,
        "reviewCreatedVersion": null,
        "reviewId": "4786718d-bcf3-4822-9b1f-ed6930e5d06e",
        "score": 5,
        "thumbsUpCount": 0,
        "userImage": "https://play-lh.googleusercontent.com/a/ACg8ocLFeTlF_2Vgi6JviHLsGewOB35n-z2RJrh2YZIeePI7=mo",
        "userName": "Queen HARRYmkha"
    },
    {
        "appVersion": "1.0",
        "at": "2023-11-20 09:55:55",
        "content": "BTC Mining Bitcoin is an amazing,authentic and fantastic app.This application is wonderful snd powerful\ud83d\ude42.",
        "repliedAt": null,
        "replyContent": null,
        "reviewCreatedVersion": "1.0",
        "reviewId": "e92adbb2-c364-45f3-b2ed-33f4ad1b992e",
        "score": 3,
        "thumbsUpCount": 0,
        "userImage": "https://play-lh.googleusercontent.com/a/ACg8ocL7bp_nlurtfJiupAA-itLoGVT5Ufyx78wub-7TL8Sv=mo",
        "userName": "Aqsa Afzal"
    },
    {
        "appVersion": null,
        "at": "2023-11-20 03:53:20",
        "content": "Good",
        "repliedAt": null,
        "replyContent": null,
        "reviewCreatedVersion": null,
        "reviewId": "682c88fb-56f8-488f-8c7d-0808a4657bce",
        "score": 5,
        "thumbsUpCount": 0,
        "userImage": "https://play-lh.googleusercontent.com/a/ACg8ocKYtHadImv-1zVYMHLFWSn5o99-uezm9zyLG4xaeMII=mo",
        "userName": "Sarah"
    },
    {
        "appVersion": null,
        "at": "2023-11-18 10:53:17",
        "content": "No good.",
        "repliedAt": null,
        "replyContent": null,
        "reviewCreatedVersion": null,
        "reviewId": "bb60c852-8b16-4120-8b7b-5437a8629e9a",
        "score": 1,
        "thumbsUpCount": 0,
        "userImage": "https://play-lh.googleusercontent.com/a-/ALV-UjVI_vqDHIrayGagAG_nxSaiXDpDDrWc7uOTZe_ha6Lyd42t",
        "userName": "Stuart Pennington"
    },
    {
        "appVersion": null,
        "at": "2023-11-18 04:58:20",
        "content": "BTC mining is best application to use and download it's really awesome application to use and download \u2206\u2206",
        "repliedAt": null,
        "replyContent": null,
        "reviewCreatedVersion": null,
        "reviewId": "faf0f42b-adde-4ea4-b504-da366c325f6e",
        "score": 5,
        "thumbsUpCount": 2,
        "userImage": "https://play-lh.googleusercontent.com/a/ACg8ocKGwvlUMheI5ZgCHIQ_4pPOTWbD1bB7FqSn-VxmwYdA=mo",
        "userName": "Urooj Rasheed (Fur)"
    },
    {
        "appVersion": null,
        "at": "2023-11-17 23:57:53",
        "content": "Awsm app \ud83c\udf34\ud83c\udf34",
        "repliedAt": null,
        "replyContent": null,
        "reviewCreatedVersion": null,
        "reviewId": "cd549429-e08a-45af-86df-fa73961b0bc0",
        "score": 5,
        "thumbsUpCount": 0,
        "userImage": "https://play-lh.googleusercontent.com/a/ACg8ocKG4tP-2VrIzx4lRfP4m-vxnNaxD3V7yDqSdqA5BBwt=mo",
        "userName": "Abu Mart\u0131n"
    },
    {
        "appVersion": null,
        "at": "2023-11-17 07:06:17",
        "content": "Awesome app \ud83c\udf34\ud83c\udf34",
        "repliedAt": null,
        "replyContent": null,
        "reviewCreatedVersion": null,
        "reviewId": "0318c1ea-fd9e-46ae-9814-8b38b2bc6248",
        "score": 5,
        "thumbsUpCount": 0,
        "userImage": "https://play-lh.googleusercontent.com/a/ACg8ocKhWDiQ4rCTcoj_XXPF2NvqBejYyLbvi8a6RIMatkDt=mo",
        "userName": "Levis Razi Bundhu"
    },
    {
        "appVersion": null,
        "at": "2023-11-15 08:47:15",
        "content": "bitcoin mining cloud miner iron many bitcoin in this app\ud83c\udf34",
        "repliedAt": null,
        "replyContent": null,
        "reviewCreatedVersion": null,
        "reviewId": "0f0b0e73-098d-43a0-808c-82f802370e25",
        "score": 5,
        "thumbsUpCount": 0,
        "userImage": "https://play-lh.googleusercontent.com/a/ACg8ocIthUODogRD2RToQz1ZtnFE8g-C4R_S0ojprQLmkxRH=mo",
        "userName": "HA yahsis MJGYC"
    },
    {
        "appVersion": null,
        "at": "2023-11-15 05:42:28",
        "content": "is an amazing app easy and fast app i like this app%",
        "repliedAt": null,
        "replyContent": null,
        "reviewCreatedVersion": null,
        "reviewId": "556e3105-0638-437c-8d68-4a3896e1fab5",
        "score": 5,
        "thumbsUpCount": 0,
        "userImage": "https://play-lh.googleusercontent.com/a/ACg8ocJCUHFQxHrLUKKLiuMgfw1R8g7V_frcQr2gpN82SazZ=mo",
        "userName": "Rahil Gk"
    },
    {
        "appVersion": null,
        "at": "2023-11-15 02:55:33",
        "content": "BTC Mining Bitcoin Cloud Mine is best and amazing app%",
        "repliedAt": null,
        "replyContent": null,
        "reviewCreatedVersion": null,
        "reviewId": "6be36b13-5001-4293-b516-ed5b602fbf90",
        "score": 5,
        "thumbsUpCount": 0,
        "userImage": "https://play-lh.googleusercontent.com/a/ACg8ocL4Y2pgGu4OtHrzH5r_cZM02rRelVAGHtcWGN5nSk68=mo",
        "userName": "Simple Hai SH"
    },
    {
        "appVersion": "1.0",
        "at": "2023-11-14 13:03:10",
        "content": "BTC Mining app is very unique, fantastic and mind-blowing application. Its features are amazing.@",
        "repliedAt": null,
        "replyContent": null,
        "reviewCreatedVersion": "1.0",
        "reviewId": "da3dbe41-1377-4dee-b3c8-28fb30251769",
        "score": 5,
        "thumbsUpCount": 0,
        "userImage": "https://play-lh.googleusercontent.com/a/ACg8ocIEPV2s1iIGk5bNQApmI-6Z-UQeuzgeacSld3xP5_Oj=mo",
        "userName": "Esha Arif"
    },
    {
        "appVersion": null,
        "at": "2023-11-14 08:13:39",
        "content": "Your device will keep mining in the background even if you minimize your app and lock the phone%",
        "repliedAt": null,
        "replyContent": null,
        "reviewCreatedVersion": null,
        "reviewId": "59ea00a8-d74e-45de-a0d1-3467a2e9bd46",
        "score": 5,
        "thumbsUpCount": 0,
        "userImage": "https://play-lh.googleusercontent.com/a-/ALV-UjUfaO2584sn88cByED6-5gtR9Jgq9hFsb8y1jjJiLT_Xg",
        "userName": "Noor Shaddy"
    },
    {
        "appVersion": null,
        "at": "2023-11-13 08:23:34",
        "content": "BTC Mining app is very unique, fantastic and mind-blowing application Easy too use..@",
        "repliedAt": null,
        "replyContent": null,
        "reviewCreatedVersion": null,
        "reviewId": "32ac867e-ba65-4fb8-9b36-289c36d12799",
        "score": 5,
        "thumbsUpCount": 0,
        "userImage": "https://play-lh.googleusercontent.com/a/ACg8ocLoJnfO_4tBr6f94EjiNzetsqoHxS7dywXmjdbcMt5A=mo",
        "userName": "Waseem Mian"
    },
    {
        "appVersion": null,
        "at": "2023-11-11 13:16:32",
        "content": "BTC Mining- Bitcoin Cloud Mine is inspiring and fast working application \ud83c\udf34",
        "repliedAt": null,
        "replyContent": null,
        "reviewCreatedVersion": null,
        "reviewId": "4450c2ab-14fa-4852-9b4a-3da14e59a204",
        "score": 5,
        "thumbsUpCount": 0,
        "userImage": "https://play-lh.googleusercontent.com/a-/ALV-UjX1ReSMHGIlXooZGW2Vg0FYaJf_BZ5N8YpYXrP9PTK4UmGo",
        "userName": "Anum Shafique #1"
    },
    {
        "appVersion": null,
        "at": "2023-11-07 23:59:29",
        "content": "This app does not support payout options to other wallets such as Metamask, Uniswap, NC wallet. Im inclined to believe this is a scam due to being pushed towards using Coinbase, a wallet well known for having no way to retrieve your cash. My personal advice is Do Not Download...I spend my days and nights sniffing out scams.",
        "repliedAt": null,
        "replyContent": null,
        "reviewCreatedVersion": null,
        "reviewId": "9ce99e3a-8ab9-4b81-bb42-f30d99f73bab",
        "score": 1,
        "thumbsUpCount": 1,
        "userImage": "https://play-lh.googleusercontent.com/a/ACg8ocLJKtgtcxL3KVMDz8cO6ny8-g9Rx2zsXLQ9OJ8ivejY=mo",
        "userName": "Chester Field"
    },
    {
        "appVersion": "1.0",
        "at": "2023-11-03 20:36:03",
        "content": "NOT REAL.... MINIMUM WITHDRAWAL IS 3 BITCOINS... OVER $100,000... LIKE REALLY",
        "repliedAt": null,
        "replyContent": null,
        "reviewCreatedVersion": "1.0",
        "reviewId": "6d305c42-d71b-4e44-b948-03773bab27be",
        "score": 1,
        "thumbsUpCount": 3,
        "userImage": "https://play-lh.googleusercontent.com/a-/ALV-UjWlegnUnj3VLGBTG-EilBOYUKt92Ib30T6yU5H449kUneDQ",
        "userName": "Elliot \u201cE\u201d Ness"
    },
    {
        "appVersion": null,
        "at": "2023-11-03 06:21:15",
        "content": "Would love to cash out",
        "repliedAt": null,
        "replyContent": null,
        "reviewCreatedVersion": null,
        "reviewId": "59b9f157-0b15-46e2-ac90-eeb5e15c3a42",
        "score": 5,
        "thumbsUpCount": 0,
        "userImage": "https://play-lh.googleusercontent.com/a/ACg8ocKOKM8MZbyhOLHrXx9JBjp6RdvW-QIg9fVnBejrrDHt=mo",
        "userName": "Ivan Garcia"
    },
    {
        "appVersion": "1.0",
        "at": "2023-11-02 15:47:40",
        "content": "These guys charged my card for the diamond package and I paid $52 after tax. Even though the payment reflects in my bank account, it still says I'm mining with the free account. Edit: I found a way around the payment issue. Now we shall see if I can cash out or not.",
        "repliedAt": null,
        "replyContent": null,
        "reviewCreatedVersion": "1.0",
        "reviewId": "ec33edbc-c0f2-4373-a377-7ed90178c2a3",
        "score": 1,
        "thumbsUpCount": 12,
        "userImage": "https://play-lh.googleusercontent.com/a/ACg8ocL6LtVb8myk8tKHzcWu0oViqJDWvMKCotn-tlN01NO_=mo",
        "userName": "Christopher Kinnaman"
    },
    {
        "appVersion": "1.0",
        "at": "2023-10-24 09:59:53",
        "content": "This is real",
        "repliedAt": null,
        "replyContent": null,
        "reviewCreatedVersion": "1.0",
        "reviewId": "14836e4d-4e63-40a8-8e71-90514fb9a500",
        "score": 4,
        "thumbsUpCount": 0,
        "userImage": "https://play-lh.googleusercontent.com/a-/ALV-UjVmgw3PTSie_f-l4SfZQxP3wgR_yi5-NlABj5GTL3Vo-Fs",
        "userName": "Hillary Vwede"
    },
    {
        "appVersion": "1.0",
        "at": "2023-10-23 08:10:49",
        "content": "So far so good if I don't withdraw like they say I will change my review as long as I been playing but they could send some promos or something to help speed it up",
        "repliedAt": null,
        "replyContent": null,
        "reviewCreatedVersion": "1.0",
        "reviewId": "22a779ed-32a5-40e8-a7df-7fa26aceaa24",
        "score": 5,
        "thumbsUpCount": 3,
        "userImage": "https://play-lh.googleusercontent.com/a-/ALV-UjUD1VqyYQUlEGi5wt7J0maT3pfExubNbxBgI6b9ylRYXxE",
        "userName": "Bradley Turner"
    },
    {
        "appVersion": "1.0",
        "at": "2023-10-19 09:56:22",
        "content": "Nice app",
        "repliedAt": null,
        "replyContent": null,
        "reviewCreatedVersion": "1.0",
        "reviewId": "1ba6d79a-173b-40c3-a6f8-69fbc94cf5a0",
        "score": 5,
        "thumbsUpCount": 0,
        "userImage": "https://play-lh.googleusercontent.com/a/ACg8ocLFa7nUmgix545YbV4g3ErH0DnPVvQ-umf0ZVc7aClx=mo",
        "userName": "Ifran Ali"
    },
    {
        "appVersion": "1.0",
        "at": "2023-10-16 23:16:07",
        "content": "I haven't been able to play it",
        "repliedAt": null,
        "replyContent": null,
        "reviewCreatedVersion": "1.0",
        "reviewId": "dcb24def-eda2-470f-9736-f054b9ef1975",
        "score": 5,
        "thumbsUpCount": 0,
        "userImage": "https://play-lh.googleusercontent.com/a/ACg8ocLWV_e0Pc5EzuvsXPElT8lrbNK3G95Bhx_dDDS1JTb3=mo",
        "userName": "Donnie Corbin"
    },
    {
        "appVersion": null,
        "at": "2023-10-11 19:50:55",
        "content": "To all beautifull people on playstore, let us be real here!! Most cypto apps / cloud mining apps WILL NEVER PAY because they're nothing but common petty thiefs! We mine the goods & the app developers keep it all!!! Or who ever. Oh yes we can come on playstore & leave our opinion & frustration. BUT IF WE ALL BOYCOTT THESE FAKE APPS, WE CAN HURT THEM FOR A CHANGE. PLEASE PLEASE DO NOT DOWNLOAD THIS APP AND TELL YOUR FRIENDS & OTHERS on SOCIAL MEDIA if we must. I'VE HAD ENOUGH ! HAVE YOU!!!!!!!",
        "repliedAt": null,
        "replyContent": null,
        "reviewCreatedVersion": null,
        "reviewId": "d22223bc-f4a6-4cb3-885f-142420809f8d",
        "score": 1,
        "thumbsUpCount": 6,
        "userImage": "https://play-lh.googleusercontent.com/EGemoI2NTXmTsBVtJqk8jxF9rh8ApRWfsIMQSt2uE4OcpQqbFu7f7NbTK05lx80nuSijCz7sc3a277R67g",
        "userName": "A Google user"
    },
    {
        "appVersion": "1.0",
        "at": "2023-10-11 06:35:45",
        "content": "Absolute joke.. minimum withdraw 3 BTC... omg such a scam \ud83e\udd2f",
        "repliedAt": null,
        "replyContent": null,
        "reviewCreatedVersion": "1.0",
        "reviewId": "4a8ca34d-8d47-4fc3-baa5-5d6c917aee5a",
        "score": 1,
        "thumbsUpCount": 4,
        "userImage": "https://play-lh.googleusercontent.com/a-/ALV-UjXKNeBIPZFHGtsgJZVLe0-mXExCBLZ_UCT5PtwpaLeDJQ",
        "userName": "Rasta OneLOve"
    },
    {
        "appVersion": "1.0",
        "at": "2023-10-03 03:04:20",
        "content": "Kindly add invite friend option and add extra earning option like spin to win , scratch card to earn mining points",
        "repliedAt": null,
        "replyContent": null,
        "reviewCreatedVersion": "1.0",
        "reviewId": "68fe3b0c-4b8c-439e-8bfd-6dbed8cd04df",
        "score": 5,
        "thumbsUpCount": 4,
        "userImage": "https://play-lh.googleusercontent.com/a-/ALV-UjVoZVGcEegFXrj0H_sukGl9_g90gvmCfX7VKlbxWM4MHt4",
        "userName": "Ansar Abbas"
    },
    {
        "appVersion": "1.0",
        "at": "2023-09-19 23:57:34",
        "content": "So far seems easy now we shall see if it's legit",
        "repliedAt": null,
        "replyContent": null,
        "reviewCreatedVersion": "1.0",
        "reviewId": "4463ca8e-4bfe-482b-a247-b9a99f8cbeae",
        "score": 5,
        "thumbsUpCount": 1,
        "userImage": "https://play-lh.googleusercontent.com/a/ACg8ocLuFYWvHyA0LdkDf5Z2Jzsaz9u0stMNBmmseeIHujYN=mo",
        "userName": "Amy Alvarez"
    }
]