[
    {
        "appVersion": "2.0.0",
        "at": "2023-11-20 10:50:31",
        "content": "Same time as they are all light",
        "repliedAt": null,
        "replyContent": null,
        "reviewCreatedVersion": "2.0.0",
        "reviewId": "cc7b12ec-9473-4dc0-85fc-f3d9c2b73b25",
        "score": 1,
        "thumbsUpCount": 0,
        "userImage": "https://play-lh.googleusercontent.com/a/ACg8ocJ2CzYQl5m3K8cvvK3QvgspqMXCxZk4oE2-jkz1tSSN=mo",
        "userName": "Oabona Ponego"
    },
    {
        "appVersion": "2.0.0",
        "at": "2023-11-18 14:19:40",
        "content": "good",
        "repliedAt": "2023-11-18 14:50:33",
        "replyContent": "Thanks a lot for your rating and safe rides :)",
        "reviewCreatedVersion": "2.0.0",
        "reviewId": "af107caa-6ec1-4ae8-b548-5ce4ce5bc677",
        "score": 5,
        "thumbsUpCount": 0,
        "userImage": "https://play-lh.googleusercontent.com/a/ACg8ocLtELRYQcEUYJNDZaEF5LtT4t5nRXHWCtCmW5uZhrPE=mo",
        "userName": "mussa mwale"
    },
    {
        "appVersion": "2.0.0",
        "at": "2023-11-18 06:52:02",
        "content": "Ok",
        "repliedAt": "2023-11-18 09:20:20",
        "replyContent": "Thank you so much for your encouraging star ratings!",
        "reviewCreatedVersion": "2.0.0",
        "reviewId": "92f418e7-e483-4823-83f2-a410b8b2377c",
        "score": 5,
        "thumbsUpCount": 0,
        "userImage": "https://play-lh.googleusercontent.com/a/ACg8ocKPY3LTu5hyFcDDw0_NheVXzTrh_mh4NxqsKHcKjj_B=mo",
        "userName": "Htet Mobile"
    },
    {
        "appVersion": "2.0.0",
        "at": "2023-11-18 00:03:17",
        "content": "me love this app",
        "repliedAt": "2023-11-18 00:18:14",
        "replyContent": "Thank you very much for your 5-star review!!!",
        "reviewCreatedVersion": "2.0.0",
        "reviewId": "f090a2d3-145b-44ee-b1ad-865d1eb16d70",
        "score": 5,
        "thumbsUpCount": 0,
        "userImage": "https://play-lh.googleusercontent.com/a/ACg8ocIbiE1w5nRjlFs_sNwzfqNY1CdJvqfscACYtCyZ6Hw9=mo",
        "userName": "Andrew Persaud"
    },
    {
        "appVersion": "2.0.0",
        "at": "2023-11-17 07:29:13",
        "content": "Nice app",
        "repliedAt": "2023-11-17 08:54:49",
        "replyContent": "Dear User, thanks for your support. If you like us, please encourage us with 5\u2605 : )\n",
        "reviewCreatedVersion": "2.0.0",
        "reviewId": "3d2797c7-2a1f-464b-a757-f7d64efd4b68",
        "score": 4,
        "thumbsUpCount": 0,
        "userImage": "https://play-lh.googleusercontent.com/a-/ALV-UjWrd3jdN5UbCi7si_uR5r0uUwJqFvZtkgr-KIVxHvI4KIM",
        "userName": "JOHN SHIMAKWEBA"
    },
    {
        "appVersion": "2.0.0",
        "at": "2023-11-16 10:13:56",
        "content": "DardarCasan",
        "repliedAt": null,
        "replyContent": null,
        "reviewCreatedVersion": "2.0.0",
        "reviewId": "dacb5b5e-48b3-4aaa-8921-ec9b8e44f40a",
        "score": 1,
        "thumbsUpCount": 0,
        "userImage": "https://play-lh.googleusercontent.com/a/ACg8ocK1PyksqcXGTmHHVPqGUBO8sMtLiu45r4GOPVhgviXW=mo",
        "userName": "Dardar Casan"
    },
    {
        "appVersion": "2.0.0",
        "at": "2023-11-16 03:58:16",
        "content": "All good",
        "repliedAt": "2023-11-16 04:49:49",
        "replyContent": "Thanks a lot for your rating and safe rides :)",
        "reviewCreatedVersion": "2.0.0",
        "reviewId": "54bb6b29-daca-4628-9dc1-eec6ecb7a70d",
        "score": 5,
        "thumbsUpCount": 0,
        "userImage": "https://play-lh.googleusercontent.com/a-/ALV-UjUXKjDKUce6PhttPj2BW5Lu7pi7fLxz_bwVKzdqjiWsYZY",
        "userName": "kumin doud"
    },
    {
        "appVersion": null,
        "at": "2023-11-15 14:43:47",
        "content": "KwaZulu Natal",
        "repliedAt": "2023-11-15 15:06:02",
        "replyContent": "Hi, Thanks for your feedback.",
        "reviewCreatedVersion": null,
        "reviewId": "26c0f6a5-bf50-403e-bbb4-c375ded4cbd9",
        "score": 5,
        "thumbsUpCount": 0,
        "userImage": "https://play-lh.googleusercontent.com/a/ACg8ocJsaIiUtnomPxAZjoqBLCYWwHIfZJ-eoy2vG74139c9=mo",
        "userName": "Lwandile mfuneko kabelo Mngqithi"
    },
    {
        "appVersion": "1.0.8",
        "at": "2023-11-14 10:17:22",
        "content": "Ethiopian people is emportant for togovromeent so our government please keep your personal people because with out people no government with out government no lives personal people you know Ethiopian land skep is very nice it have good weather it have different Colchester different pride for example about orthodontist people they pride every day for toad thy don't want faiyt with people they don't wont it food alone because of this is emportant for our god you now bahirdar bahirdar is very nicEt",
        "repliedAt": null,
        "replyContent": null,
        "reviewCreatedVersion": "1.0.8",
        "reviewId": "3f12331a-58f4-4680-aeac-afd33d7c8ae6",
        "score": 1,
        "thumbsUpCount": 0,
        "userImage": "https://play-lh.googleusercontent.com/a/ACg8ocJ57I-8r6M5BrxL61mpfORotqgRxI7WGlqLSGUj-gnm=mo",
        "userName": "Dagime Tegegne"
    },
    {
        "appVersion": "1.0.9",
        "at": "2023-11-11 07:35:18",
        "content": "good",
        "repliedAt": "2023-11-11 08:34:12",
        "replyContent": "Thanks a lot for your rating and safe rides :)",
        "reviewCreatedVersion": "1.0.9",
        "reviewId": "28020cbf-e6c6-4fa9-94a0-aa3aba3f5eda",
        "score": 5,
        "thumbsUpCount": 0,
        "userImage": "https://play-lh.googleusercontent.com/a-/ALV-UjUj76BlxQLmAbzsKlNB0fGkbwFdxnfiGAIYMlZbUZpVYlQ",
        "userName": "soe tun soe tun"
    },
    {
        "appVersion": null,
        "at": "2023-11-06 02:23:02",
        "content": "Hope less app",
        "repliedAt": "2023-11-06 05:25:47",
        "replyContent": "Hi,\nThanks for your feedback. We are continuously working on adding more features to our app to make your experience better.",
        "reviewCreatedVersion": null,
        "reviewId": "9d13a667-882e-4cb8-8079-e35f5c10d07b",
        "score": 5,
        "thumbsUpCount": 0,
        "userImage": "https://play-lh.googleusercontent.com/a-/ALV-UjV3_B7yc3ZmKbHJfBC-QmnQak7zslq4gPixaFaHt_CiD5E",
        "userName": "shadow dark"
    },
    {
        "appVersion": "1.0.8",
        "at": "2023-10-30 05:13:15",
        "content": "Live earth map best",
        "repliedAt": "2023-10-30 05:16:10",
        "replyContent": "Thank you very much for your 5-star review!!!",
        "reviewCreatedVersion": "1.0.8",
        "reviewId": "ddd8a5ab-ab5a-418d-ab37-56ca06e14b1b",
        "score": 5,
        "thumbsUpCount": 0,
        "userImage": "https://play-lh.googleusercontent.com/a-/ALV-UjXfuK5OGeDQWpYaGmaZjdjVhfvf9EsR3CR4dMSeOV-Rn2M",
        "userName": "Ch Mohid Arslan"
    },
    {
        "appVersion": null,
        "at": "2023-10-29 06:46:07",
        "content": "Davi priya emi",
        "repliedAt": "2023-10-30 04:05:37",
        "replyContent": "Thank you so much for your encouraging star ratings!\n",
        "reviewCreatedVersion": null,
        "reviewId": "deda3426-98b2-41fc-91d0-048dc5f29173",
        "score": 5,
        "thumbsUpCount": 0,
        "userImage": "https://play-lh.googleusercontent.com/a/ACg8ocKmWiEYGXqPQAlG8hQ-P71rBfPkS-8NfUXYeRgPpi53=mo",
        "userName": "Devi Priya"
    },
    {
        "appVersion": "1.0.6",
        "at": "2023-10-22 03:28:20",
        "content": "Very very good and ok",
        "repliedAt": "2023-10-22 03:55:13",
        "replyContent": "Hi, thank you very much for your feedback.",
        "reviewCreatedVersion": "1.0.6",
        "reviewId": "ab16ca0f-daf4-4d4b-b519-d1002080e099",
        "score": 5,
        "thumbsUpCount": 1,
        "userImage": "https://play-lh.googleusercontent.com/a-/ALV-UjVEqOhBeLpp9PtFJb5OxlPmw7LqSCARFdg3UjDtEsZ97ho",
        "userName": "adamu mohammed"
    },
    {
        "appVersion": "1.0.6",
        "at": "2023-10-20 17:51:02",
        "content": "Very affordable",
        "repliedAt": "2023-10-21 01:43:55",
        "replyContent": "Thanks a lot for your rating and safe rides :)",
        "reviewCreatedVersion": "1.0.6",
        "reviewId": "171099e3-9656-4dba-9ccd-b0fbd98e8e7b",
        "score": 5,
        "thumbsUpCount": 0,
        "userImage": "https://play-lh.googleusercontent.com/a/ACg8ocL4B0YhAGmGK3Dd8uKtt4lE85OyYhSFwc1LcKVJOaWP=mo",
        "userName": "Elizabeth Asabeah"
    },
    {
        "appVersion": "1.0.6",
        "at": "2023-10-18 08:42:25",
        "content": "\u12a0\u12f2\u1235 \u12a0\u1260\u1263 \u12a2\u1275\u12ee\u1335\u12eb",
        "repliedAt": null,
        "replyContent": null,
        "reviewCreatedVersion": "1.0.6",
        "reviewId": "3981af9b-4b14-434d-8f7e-2b1f59fbfc1a",
        "score": 3,
        "thumbsUpCount": 0,
        "userImage": "https://play-lh.googleusercontent.com/a/ACg8ocKcwyu0C4GUoANUXwQtO3MlkspV3LTXT9Wi7I4qj9P_=mo",
        "userName": "Derese Dr"
    },
    {
        "appVersion": "1.0.5",
        "at": "2023-10-16 06:07:19",
        "content": "Good",
        "repliedAt": "2023-10-17 10:27:00",
        "replyContent": "Thanks a lot for your rating and safe rides :)",
        "reviewCreatedVersion": "1.0.5",
        "reviewId": "86449a63-f5a1-4d42-bcb9-cb5f1caa81cc",
        "score": 5,
        "thumbsUpCount": 0,
        "userImage": "https://play-lh.googleusercontent.com/a-/ALV-UjWbXkQ5_Hk56nVuMXbKGxcSxNtB1G1uVEdqTi8y8VTRt21j",
        "userName": "khine kyi tha swe"
    },
    {
        "appVersion": "1.0.4",
        "at": "2023-09-29 05:53:40",
        "content": "this app to good \ud83d\udc4d",
        "repliedAt": "2023-09-29 06:03:35",
        "replyContent": "Thanks a lot for your rating and safe rides :)",
        "reviewCreatedVersion": "1.0.4",
        "reviewId": "90bb8031-0e78-4733-9b27-22897f223320",
        "score": 5,
        "thumbsUpCount": 0,
        "userImage": "https://play-lh.googleusercontent.com/a-/ALV-UjVda-KQRsDKFykHctZx52ISgAXhc0xvJuVxsa0JSC-tig",
        "userName": "M. HS"
    },
    {
        "appVersion": "1.0.4",
        "at": "2023-09-29 00:55:52",
        "content": "Oh guys this is owsm app for me 100% reqmndid...\ud83d\udc4c",
        "repliedAt": "2023-09-29 00:57:22",
        "replyContent": "Thank you very much. Keep using our app :)",
        "reviewCreatedVersion": "1.0.4",
        "reviewId": "4186ced1-0744-4544-a41f-08f4fae5bf5f",
        "score": 5,
        "thumbsUpCount": 0,
        "userImage": "https://play-lh.googleusercontent.com/a/ACg8ocJ7h5DIa2yBmQRcIqkPaDze6NoDH1Ei_HFsd8f4tDaG=mo",
        "userName": "Usman Jamshaid"
    },
    {
        "appVersion": "1.0.4",
        "at": "2023-09-29 00:48:46",
        "content": "Route finder best app trip view \ud83d\udc4c",
        "repliedAt": "2023-09-29 00:50:01",
        "replyContent": "Thank you very much. Keep using our app :)",
        "reviewCreatedVersion": "1.0.4",
        "reviewId": "87a08e84-f3a4-463e-b22b-32638d1e4745",
        "score": 5,
        "thumbsUpCount": 12,
        "userImage": "https://play-lh.googleusercontent.com/a-/ALV-UjVhS3Jywdadp2Ap6bzAwsrQHDJg4i8yRN4zHyD4L5mIUQ",
        "userName": "Ali Shair"
    },
    {
        "appVersion": "1.0.4",
        "at": "2023-09-29 00:19:22",
        "content": "This GPS navigation app is a game-changer for driving! It's accurate, user-friendly, and saves me time. Highly recommend! \ud83d\ude97\ud83d\uddfa\ufe0f #HappyDriving",
        "repliedAt": "2023-09-29 00:33:06",
        "replyContent": "Thank you very much for your 5-star review!!!",
        "reviewCreatedVersion": "1.0.4",
        "reviewId": "bce0219a-3a0c-466c-bb4b-418ebc007d09",
        "score": 5,
        "thumbsUpCount": 53,
        "userImage": "https://play-lh.googleusercontent.com/a-/ALV-UjWofB5VFHSDSy0-K2QwN7T-pIKbHaDmCw-CyqHFl09X5Ks",
        "userName": "Irfan Chaudhary"
    },
    {
        "appVersion": "1.0.3",
        "at": "2023-09-28 03:21:07",
        "content": "App have the cash at many places review The app",
        "repliedAt": null,
        "replyContent": null,
        "reviewCreatedVersion": "1.0.3",
        "reviewId": "6a42d316-b053-4230-98d9-6bbb0664d745",
        "score": 1,
        "thumbsUpCount": 0,
        "userImage": "https://play-lh.googleusercontent.com/a/ACg8ocIhKJnQQMuGjHrIm5w8t0rpXIXcjk2p2xX0FDHtojOg=mo",
        "userName": "Ali Hassan"
    },
    {
        "appVersion": "1.0.3",
        "at": "2023-09-27 13:20:08",
        "content": "Ok",
        "repliedAt": "2023-09-27 14:48:11",
        "replyContent": "Thank you so much for your encouraging star ratings!\n",
        "reviewCreatedVersion": "1.0.3",
        "reviewId": "919f262a-a8c8-4668-bcc5-a3f664f244e5",
        "score": 4,
        "thumbsUpCount": 2,
        "userImage": "https://play-lh.googleusercontent.com/a-/ALV-UjU0LNwsEirxr2uuhx8pklbqJ82hBGeoQiI9pIMtoAL3R6Y",
        "userName": "Goutam Banerjee"
    },
    {
        "appVersion": "1.0.3",
        "at": "2023-09-14 23:46:04",
        "content": "This app is EXCELLENT. We will appreciated to owner",
        "repliedAt": null,
        "replyContent": null,
        "reviewCreatedVersion": "1.0.3",
        "reviewId": "2e8c663b-065c-4baf-97b1-db20e96418c8",
        "score": 5,
        "thumbsUpCount": 1,
        "userImage": "https://play-lh.googleusercontent.com/a/ACg8ocK9Zh_9mv3vCxlPwwTzCU1LYQANXk6quvIkiIbgZ7Xt=mo",
        "userName": "Zahida Bibi"
    },
    {
        "appVersion": "1.0.3",
        "at": "2023-09-14 23:45:01",
        "content": "its a good app! m really appricate it!good work!keep it up!",
        "repliedAt": null,
        "replyContent": null,
        "reviewCreatedVersion": "1.0.3",
        "reviewId": "41110e47-a92c-459d-ba04-233717bdce4c",
        "score": 5,
        "thumbsUpCount": 54,
        "userImage": "https://play-lh.googleusercontent.com/a-/ALV-UjVZwrNx3EJbtUJFfsO9U0AgzEVjDxcUsf461du5yy_YuI8",
        "userName": "Ayesha Umer"
    },
    {
        "appVersion": "1.0.3",
        "at": "2023-09-14 11:35:46",
        "content": "Very good experience Very helpful for me to find \ud83d\ude0d",
        "repliedAt": null,
        "replyContent": null,
        "reviewCreatedVersion": "1.0.3",
        "reviewId": "4498ca24-7872-4e30-a919-75791549ee7d",
        "score": 5,
        "thumbsUpCount": 3,
        "userImage": "https://play-lh.googleusercontent.com/a-/ALV-UjUW8xfIu9rJ4uXZ9PyL3_ZcwE9xWYT5kwarZasGW2ShFw8",
        "userName": "Sheeza Saleem"
    },
    {
        "appVersion": "1.0.3",
        "at": "2023-09-14 10:47:19",
        "content": "Extraordinary working",
        "repliedAt": null,
        "replyContent": null,
        "reviewCreatedVersion": "1.0.3",
        "reviewId": "75a31873-8961-4d6f-afa1-e2ece25d7275",
        "score": 5,
        "thumbsUpCount": 0,
        "userImage": "https://play-lh.googleusercontent.com/a/ACg8ocL5uXAgWFjhX1M47LzQuhKg1dpOQrR2XAy4Hr4hrWMm=mo",
        "userName": "Nimrah ch"
    },
    {
        "appVersion": "1.0.3",
        "at": "2023-09-14 10:32:10",
        "content": "Bestest GPS Navigation App highly recommended this app",
        "repliedAt": null,
        "replyContent": null,
        "reviewCreatedVersion": "1.0.3",
        "reviewId": "7f794116-feeb-4c46-b4f5-d747315af2ab",
        "score": 5,
        "thumbsUpCount": 3,
        "userImage": "https://play-lh.googleusercontent.com/a-/ALV-UjXpkNXHFvFHUQDwR1LglcWL-NKMgbRESTfNeWfl3ylrNQ",
        "userName": "Shaheer Ahmed"
    },
    {
        "appVersion": "1.0.1",
        "at": "2023-09-02 05:12:07",
        "content": "Thanks for gps navigation feature",
        "repliedAt": null,
        "replyContent": null,
        "reviewCreatedVersion": "1.0.1",
        "reviewId": "e94dfb2b-6f7f-4401-9257-add9dae21c3e",
        "score": 5,
        "thumbsUpCount": 48,
        "userImage": "https://play-lh.googleusercontent.com/a/ACg8ocL2B-yrp5QnkHN-HatDLz409kR5TVmoRKSOE00Skp3C=mo",
        "userName": "Asadullah"
    },
    {
        "appVersion": "1.0.1",
        "at": "2023-09-02 04:32:23",
        "content": "Thanks for guide gps trip view map",
        "repliedAt": "2023-09-02 04:34:36",
        "replyContent": "Thank you very much for your 5-star review!!!",
        "reviewCreatedVersion": "1.0.1",
        "reviewId": "d4623e13-7712-4cec-8e26-a404ab551356",
        "score": 5,
        "thumbsUpCount": 4,
        "userImage": "https://play-lh.googleusercontent.com/a/ACg8ocLn62rPoAS1N66-99SRyerLW9EOW0zS5cGkR3ZFO0Tm=mo",
        "userName": "ch kamran"
    },
    {
        "appVersion": "1.0.1",
        "at": "2023-09-02 00:57:21",
        "content": "Route finder best for car drive",
        "repliedAt": "2023-09-02 04:01:41",
        "replyContent": "Thank you for your feedback. Any suggestions are welcome. :)",
        "reviewCreatedVersion": "1.0.1",
        "reviewId": "f092eeaa-bfc6-49b1-a310-45402835f857",
        "score": 5,
        "thumbsUpCount": 5,
        "userImage": "https://play-lh.googleusercontent.com/a/ACg8ocJjxyUVKKORwlCei3VqdSgtNAFGA8Zmcb5cKUvISDEm=mo",
        "userName": "Jamil Pharmacy"
    }
]