[
    {
        "appVersion": null,
        "at": "2023-08-25 10:40:58",
        "content": "Clackers is fun and addictive game, I love playing this latto latto or Lato Latto game.",
        "repliedAt": null,
        "replyContent": null,
        "reviewCreatedVersion": null,
        "reviewId": "f4a16264-90cd-4e43-af39-a9820c060db0",
        "score": 5,
        "thumbsUpCount": 0,
        "userImage": "https://play-lh.googleusercontent.com/a-/ALV-UjX0rLErzOMX_FqoKAYS5ONHRL-wxSqMp24YD5KoFhAXniU",
        "userName": "Ossama Amri"
    },
    {
        "appVersion": "1.0",
        "at": "2023-07-19 06:07:14",
        "content": "Clackers 3D Latto Latto is amazing Tek Tek Lato Lato simulation game! I love the gamepay in this clackers game.",
        "repliedAt": null,
        "replyContent": null,
        "reviewCreatedVersion": "1.0",
        "reviewId": "cbb41960-01e5-4469-8255-14eda95ce01e",
        "score": 5,
        "thumbsUpCount": 0,
        "userImage": "https://play-lh.googleusercontent.com/a-/ALV-UjWsUYWSbFhb7PySO7wHXvOdIMPrHbWEqQYRrAdDSVx_w20",
        "userName": "Ossama"
    }
]