[
    {
        "appVersion": null,
        "at": "2023-11-14 16:10:01",
        "content": "not good",
        "repliedAt": null,
        "replyContent": null,
        "reviewCreatedVersion": null,
        "reviewId": "75ce6ca9-7dfc-429b-a3e7-16f678398e5a",
        "score": 1,
        "thumbsUpCount": 0,
        "userImage": "https://play-lh.googleusercontent.com/a/ACg8ocJhQ-0Po8F3uM3MstHplLdErEVzU0qINhcDn3WmLZYJ=mo",
        "userName": "muhammed rishal"
    },
    {
        "appVersion": "1.3.0",
        "at": "2023-11-03 10:51:58",
        "content": "boolsheet . don't install. never",
        "repliedAt": null,
        "replyContent": null,
        "reviewCreatedVersion": "1.3.0",
        "reviewId": "6311698a-920f-447d-9b0b-c7b87ee12bae",
        "score": 1,
        "thumbsUpCount": 0,
        "userImage": "https://play-lh.googleusercontent.com/a-/ALV-UjXKS14PDN6YpFQCCyp2GlYr9s6X1P3pEI5Kymi0o04R9g",
        "userName": "Rakhmatullokh Kakhramonov"
    },
    {
        "appVersion": "1.3.0",
        "at": "2023-11-01 14:17:45",
        "content": "Very great",
        "repliedAt": null,
        "replyContent": null,
        "reviewCreatedVersion": "1.3.0",
        "reviewId": "7ef5e013-f569-4933-ab7e-c919d205502b",
        "score": 5,
        "thumbsUpCount": 0,
        "userImage": "https://play-lh.googleusercontent.com/a-/ALV-UjVeRmwKCUHywz868-Zs8UHM8OWSkn_J2vYFZJYfSpZO3aVp",
        "userName": "Mahmoudu Siryon"
    },
    {
        "appVersion": null,
        "at": "2023-10-20 17:05:45",
        "content": "Scam!!! Con artists!!! Dont download!!!",
        "repliedAt": null,
        "replyContent": null,
        "reviewCreatedVersion": null,
        "reviewId": "cb9a85c6-21e8-4ddf-b6f8-05b9ca43b09f",
        "score": 1,
        "thumbsUpCount": 0,
        "userImage": "https://play-lh.googleusercontent.com/a/ACg8ocIuOZL0MbCS8LowrhJ5m0sZhdR1zBJ-vozYDrrdLIet=mo",
        "userName": "Yas Adam"
    },
    {
        "appVersion": "1.3.0",
        "at": "2023-10-13 09:10:22",
        "content": "Useless app",
        "repliedAt": null,
        "replyContent": null,
        "reviewCreatedVersion": "1.3.0",
        "reviewId": "e3f3f800-71dd-4d21-b3b6-cb837cd51a03",
        "score": 1,
        "thumbsUpCount": 1,
        "userImage": "https://play-lh.googleusercontent.com/a-/ALV-UjVgZN3De6OHR8PT1tH3M2oJ9ezOSzGa3jTyEZjNJagRwA",
        "userName": "Minhaz Patel"
    },
    {
        "appVersion": "1.2.0",
        "at": "2023-10-12 16:18:16",
        "content": "Awesome in it speed and accuracy of conversion I love this app more than any",
        "repliedAt": null,
        "replyContent": null,
        "reviewCreatedVersion": "1.2.0",
        "reviewId": "64889ef1-7aa4-4698-8d94-07023f20780e",
        "score": 1,
        "thumbsUpCount": 0,
        "userImage": "https://play-lh.googleusercontent.com/a-/ALV-UjW0W65Hq51s3Yh-3zSv3IwPw8ZdjZ6wEJVC6me4Wct2IQ",
        "userName": "Princely Tata Ndamnsa"
    },
    {
        "appVersion": "1.3.0",
        "at": "2023-10-12 13:56:59",
        "content": "Excellent it works well",
        "repliedAt": null,
        "replyContent": null,
        "reviewCreatedVersion": "1.3.0",
        "reviewId": "d914457e-a573-4091-8826-a623b9e61301",
        "score": 5,
        "thumbsUpCount": 2,
        "userImage": "https://play-lh.googleusercontent.com/a/ACg8ocLjrfyadMwPaQLULo8BFWN8L3Ek65pEhIiMxFyPwVGU=mo",
        "userName": "Keith Williams"
    },
    {
        "appVersion": "1.2.0",
        "at": "2023-10-12 01:39:55",
        "content": "It doesn't work",
        "repliedAt": null,
        "replyContent": null,
        "reviewCreatedVersion": "1.2.0",
        "reviewId": "a8f382c9-7b3e-49ef-b5c9-68489371a8bc",
        "score": 1,
        "thumbsUpCount": 1,
        "userImage": "https://play-lh.googleusercontent.com/a/ACg8ocJMFBSXOQTc9t0Ioc75bPXyHt24idpkRRtWnN0FwCo=mo",
        "userName": "mazen mohamed"
    },
    {
        "appVersion": "1.2.0",
        "at": "2023-10-05 03:37:54",
        "content": "I downloaded this app with many hope but it wasn't worth it because I wasn't able to open the pictures and arrange it however I want this app is the worst it is not worth it please don't download this app and whoever has made this aap please change something it is not at all worth it ap is lagging and too many ads and whoever are downloading this app please read feedbacks Before downloading",
        "repliedAt": null,
        "replyContent": null,
        "reviewCreatedVersion": "1.2.0",
        "reviewId": "e894be6e-422f-4afb-96da-13f6ecd7e134",
        "score": 1,
        "thumbsUpCount": 1,
        "userImage": "https://play-lh.googleusercontent.com/a/ACg8ocLGMev3bJzsUY8S-1nddQZyfiDi7g8BF_ZFb8wV68U-=mo",
        "userName": "Kartikee Khatal"
    },
    {
        "appVersion": "1.2.0",
        "at": "2023-10-03 21:38:42",
        "content": "Garbage. Won't convert to pdf no matter how many times I click 'done'",
        "repliedAt": null,
        "replyContent": null,
        "reviewCreatedVersion": "1.2.0",
        "reviewId": "6300c927-7aa8-43ad-a16c-a6dbfc9f11c3",
        "score": 1,
        "thumbsUpCount": 4,
        "userImage": "https://play-lh.googleusercontent.com/a-/ALV-UjXqUgeK5iFezj36s4oFYoPG9n--cnH6mAtm1tXpbZnt-7A",
        "userName": "jamie eyles"
    },
    {
        "appVersion": "1.2.0",
        "at": "2023-10-03 14:40:51",
        "content": "Fake scam",
        "repliedAt": null,
        "replyContent": null,
        "reviewCreatedVersion": "1.2.0",
        "reviewId": "353e2042-5caf-4559-939f-098803bf4fcf",
        "score": 1,
        "thumbsUpCount": 1,
        "userImage": "https://play-lh.googleusercontent.com/a-/ALV-UjVGg4jj2rL_xoTNr6Qy_GTq-eEiKfdkkJyxWVinP_G_TA",
        "userName": "Muhammad Ejaz Yousafzai"
    },
    {
        "appVersion": "1.2.0",
        "at": "2023-10-03 11:42:49",
        "content": "I like this app",
        "repliedAt": null,
        "replyContent": null,
        "reviewCreatedVersion": "1.2.0",
        "reviewId": "a3bb8870-0986-4cd9-a4fd-dc8289d45235",
        "score": 5,
        "thumbsUpCount": 1,
        "userImage": "https://play-lh.googleusercontent.com/a/ACg8ocIx779OzrEhtmTPOqmKU5fV95oImzrehv7KCtvMcVKw=mo",
        "userName": "Rizwan G"
    },
    {
        "appVersion": null,
        "at": "2023-09-25 13:04:33",
        "content": "Good effort try to improve user interface",
        "repliedAt": null,
        "replyContent": null,
        "reviewCreatedVersion": null,
        "reviewId": "c616d240-65dc-46c4-ab7a-029d2602a810",
        "score": 5,
        "thumbsUpCount": 2,
        "userImage": "https://play-lh.googleusercontent.com/a/ACg8ocK_hi5S5vb9Ks3JQKg77t5_tQNi-7U0ElKlyq_EIQmC=mo",
        "userName": "Syed wajahat Ali Ali"
    },
    {
        "appVersion": "1.2.0",
        "at": "2023-09-06 05:01:48",
        "content": "Ghatiya se bhi ghatiya",
        "repliedAt": null,
        "replyContent": null,
        "reviewCreatedVersion": "1.2.0",
        "reviewId": "f0f0ebb1-976e-4cbb-bd00-536cb5c0ca9f",
        "score": 1,
        "thumbsUpCount": 4,
        "userImage": "https://play-lh.googleusercontent.com/a-/ALV-UjVtK8GjvRC4XyRcFwB-zgHtEHrLyoxLKCXIUGV7fLgnc9Y",
        "userName": "Arpit Chaurasiya"
    },
    {
        "appVersion": "1.2.0",
        "at": "2023-08-12 14:05:02",
        "content": "Showing NO IMAGES in Albums",
        "repliedAt": null,
        "replyContent": null,
        "reviewCreatedVersion": "1.2.0",
        "reviewId": "c44c6028-6be0-4c62-9e70-120392b40107",
        "score": 1,
        "thumbsUpCount": 5,
        "userImage": "https://play-lh.googleusercontent.com/a-/ALV-UjX8CYWqZE0onhBUhzte4z4mblPTw39XXDipDYkLMNvtKcdj",
        "userName": "Ramesh Chandar"
    },
    {
        "appVersion": "1.0.0",
        "at": "2023-07-21 11:27:39",
        "content": "app has not any option to get multiple images from gallery and also not showing app'name in searching.\ud83e\udd14",
        "repliedAt": null,
        "replyContent": null,
        "reviewCreatedVersion": "1.0.0",
        "reviewId": "146dd866-7676-4c33-9e86-660508f2e9bc",
        "score": 1,
        "thumbsUpCount": 8,
        "userImage": "https://play-lh.googleusercontent.com/a-/ALV-UjXgiao5IPognj5tke1-By1PV80EerNvab0dbuXIfVmfnJk",
        "userName": "surendra kumar"
    }
]