[
    {
        "appVersion": "1.0.3",
        "at": "2023-11-20 14:11:04",
        "content": "So good",
        "repliedAt": null,
        "replyContent": null,
        "reviewCreatedVersion": "1.0.3",
        "reviewId": "bb3dd32d-127d-4f6f-ae7a-8003cd79cb4d",
        "score": 4,
        "thumbsUpCount": 0,
        "userImage": "https://play-lh.googleusercontent.com/a/ACg8ocLL4jE66GNBej8z-xTu5rM5r7i2BsqkQ6aRkNOsJoLV=mo",
        "userName": "prince nse"
    },
    {
        "appVersion": "1.0.3",
        "at": "2023-11-16 22:32:26",
        "content": "Faamanu Fiu.",
        "repliedAt": null,
        "replyContent": null,
        "reviewCreatedVersion": "1.0.3",
        "reviewId": "f663ed10-d6b1-4d37-9598-899bccae8fe0",
        "score": 5,
        "thumbsUpCount": 0,
        "userImage": "https://play-lh.googleusercontent.com/a-/ALV-UjVfHGaKBMXefaxB1SmEZZ6PSZPmTs1TT7lS8ipftB9PVAM",
        "userName": "FAAMANU. FIU"
    },
    {
        "appVersion": "1.0.3",
        "at": "2023-11-15 03:46:02",
        "content": "Trash app",
        "repliedAt": null,
        "replyContent": null,
        "reviewCreatedVersion": "1.0.3",
        "reviewId": "253a7540-d8d5-4be2-9b11-f8099186ca0c",
        "score": 1,
        "thumbsUpCount": 1,
        "userImage": "https://play-lh.googleusercontent.com/a/ACg8ocJqctz79my57f2ZyYUiaB-IvXE8m__6OVbBjLfm0J1a=mo",
        "userName": "Sawyer Bennett"
    },
    {
        "appVersion": "1.0.3",
        "at": "2023-11-14 17:26:03",
        "content": "Good",
        "repliedAt": null,
        "replyContent": null,
        "reviewCreatedVersion": "1.0.3",
        "reviewId": "e092ce9a-e1a9-44d8-af1a-ae53ba08edf7",
        "score": 5,
        "thumbsUpCount": 1,
        "userImage": "https://play-lh.googleusercontent.com/a-/ALV-UjXlEL0YKI-hWZkUGyZgt5Ev2wErZH_SKPS3FT29XPEDo2w",
        "userName": "Kyle Brennan"
    },
    {
        "appVersion": null,
        "at": "2023-11-11 23:47:25",
        "content": "me",
        "repliedAt": null,
        "replyContent": null,
        "reviewCreatedVersion": null,
        "reviewId": "7a5db2ca-26f0-4530-98c1-ce06d8905a01",
        "score": 5,
        "thumbsUpCount": 1,
        "userImage": "https://play-lh.googleusercontent.com/a-/ALV-UjWYSoQFNAcOp8EN9_kYqmj6FoQ1dGs3o5ZiDy4-iol5GRM",
        "userName": "jimmykestler \u201cme\u201d"
    },
    {
        "appVersion": "1.0.3",
        "at": "2023-11-10 18:42:59",
        "content": "Md Mahbub Raja",
        "repliedAt": null,
        "replyContent": null,
        "reviewCreatedVersion": "1.0.3",
        "reviewId": "c904f8ba-2f06-4a62-8f6e-ec513f85d7c9",
        "score": 5,
        "thumbsUpCount": 1,
        "userImage": "https://play-lh.googleusercontent.com/a/ACg8ocLsqU9CF7CCW7fQ3h-l9mAe0I3-uCs4hqJ2Jjsk0jJK=mo",
        "userName": "\u092e\u0939\u092c\u0942\u092c \u0930\u093e\u091c\u093e"
    },
    {
        "appVersion": "1.0.3",
        "at": "2023-11-02 14:28:42",
        "content": "This f'r requires you to sign up with google.. Bombarded with invasive full-page ads. SCAM",
        "repliedAt": null,
        "replyContent": null,
        "reviewCreatedVersion": "1.0.3",
        "reviewId": "7c8efc08-e7ec-4957-93cd-eefe2acb0707",
        "score": 1,
        "thumbsUpCount": 1,
        "userImage": "https://play-lh.googleusercontent.com/a-/ALV-UjUH_FFXfD72q0R9AQs1KBLflsqO_rRvAhGJpy8xVCRxww",
        "userName": "Mystic Treg"
    },
    {
        "appVersion": "1.0.3",
        "at": "2023-10-26 14:57:25",
        "content": "Absolute rubbish, more ads than app. Horrible UI when you actually get to see it between the bombardment of excessively intrusive advertisements. The UI is a mess & frustrating beyond belief, functionality (if you can get past the ads) is limited, & it looks like it was designed by a 15 yr old work experience kid. Don't waste your time unless you really love watching relentless awful advertising. Uninstalled immediately.",
        "repliedAt": null,
        "replyContent": null,
        "reviewCreatedVersion": "1.0.3",
        "reviewId": "d9890c0a-edb9-4135-8e70-46ba4d0b8587",
        "score": 1,
        "thumbsUpCount": 25,
        "userImage": "https://play-lh.googleusercontent.com/a/ACg8ocLVuctfOZW32rNPbEiW9y91j0dwoiVJ2ElLJ7OWr4h9=mo",
        "userName": "Frank Collins"
    },
    {
        "appVersion": "1.0.3",
        "at": "2023-10-26 00:23:15",
        "content": "I love it",
        "repliedAt": null,
        "replyContent": null,
        "reviewCreatedVersion": "1.0.3",
        "reviewId": "56a66be1-36d4-4b6e-869b-f87a449acdb9",
        "score": 5,
        "thumbsUpCount": 1,
        "userImage": "https://play-lh.googleusercontent.com/a-/ALV-UjVtXAAsz4MngTGuv6rUOF6xgl749oBYYxwEH5CIHX4dwUA",
        "userName": "Elaine Johnson"
    },
    {
        "appVersion": "1.0.3",
        "at": "2023-10-24 09:09:27",
        "content": "SYUENGUWB\u2764\u2764\ud83d\ude0e\ud83d\ude0eFTEU 4G",
        "repliedAt": null,
        "replyContent": null,
        "reviewCreatedVersion": "1.0.3",
        "reviewId": "a253f36d-d3d9-469e-a3e5-bdc930c6bcdd",
        "score": 5,
        "thumbsUpCount": 1,
        "userImage": "https://play-lh.googleusercontent.com/a/ACg8ocIvat6x7fVVv007Qctm2mO-WgLf4_5wDTiHSBJ4arUQ=mo",
        "userName": "Manoj Prasad"
    },
    {
        "appVersion": "1.0.3",
        "at": "2023-10-24 08:37:46",
        "content": "Full screen invasive ads - impossible to use",
        "repliedAt": null,
        "replyContent": null,
        "reviewCreatedVersion": "1.0.3",
        "reviewId": "119cd51a-2a29-4782-8908-972591dbca8a",
        "score": 1,
        "thumbsUpCount": 19,
        "userImage": "https://play-lh.googleusercontent.com/a/ACg8ocKlJEVclcs7dJfhOKSL9lmp9lS3zF_Ksf3iS3gI68C1=mo",
        "userName": "Ancient e-"
    },
    {
        "appVersion": null,
        "at": "2023-10-24 06:29:57",
        "content": "very bad apps\ud83d\ude21",
        "repliedAt": null,
        "replyContent": null,
        "reviewCreatedVersion": null,
        "reviewId": "b66d492f-f92f-431f-b0a2-97318b534f88",
        "score": 1,
        "thumbsUpCount": 2,
        "userImage": "https://play-lh.googleusercontent.com/a/ACg8ocKGVBLOUvkm0soZVnCTwNtyULQRi-1TWPl3A6_bRzxR=mo",
        "userName": "Kanika Mandal"
    },
    {
        "appVersion": "1.0.3",
        "at": "2023-10-22 11:34:27",
        "content": "Enjoying",
        "repliedAt": null,
        "replyContent": null,
        "reviewCreatedVersion": "1.0.3",
        "reviewId": "50ad4ee4-f65a-42f7-8b45-e361d7ce9525",
        "score": 4,
        "thumbsUpCount": 1,
        "userImage": "https://play-lh.googleusercontent.com/a-/ALV-UjU5cuBr2CSaVan8zr7kNAqwPZJwjPvNHUETJ6HhEBON7w",
        "userName": "Kenneth Gerecke"
    },
    {
        "appVersion": "1.0.3",
        "at": "2023-10-21 23:11:08",
        "content": "Let update this app",
        "repliedAt": null,
        "replyContent": null,
        "reviewCreatedVersion": "1.0.3",
        "reviewId": "b6405701-f293-415f-9c96-5d086c0e5009",
        "score": 5,
        "thumbsUpCount": 1,
        "userImage": "https://play-lh.googleusercontent.com/a-/ALV-UjXN6j-wNLDSD8foRSRXzfwqeD7SKArmnivibjmT6C1X5kQ",
        "userName": "Steve Vunabandi (Sengi)"
    },
    {
        "appVersion": "1.0.3",
        "at": "2023-10-19 01:57:36",
        "content": "Fine",
        "repliedAt": null,
        "replyContent": null,
        "reviewCreatedVersion": "1.0.3",
        "reviewId": "d1b644dd-0524-4f5d-826d-22231189725e",
        "score": 5,
        "thumbsUpCount": 1,
        "userImage": "https://play-lh.googleusercontent.com/a-/ALV-UjUUz8ugX6DXtqmrVXmq9MTNwanD2-Tfd8ZwrKmHOkAJ11c",
        "userName": "Brandon \u201cBrand-Oh!\u201d Hughes"
    },
    {
        "appVersion": "1.0.3",
        "at": "2023-10-18 16:16:52",
        "content": "Great work",
        "repliedAt": null,
        "replyContent": null,
        "reviewCreatedVersion": "1.0.3",
        "reviewId": "be7c1e57-9d90-4148-84fd-fd8293ee275d",
        "score": 5,
        "thumbsUpCount": 1,
        "userImage": "https://play-lh.googleusercontent.com/a/ACg8ocJ5GaBC863x7fC3H5X7Z1BZBr8CM7NRWoTSVXh_HVVz=mo",
        "userName": "Chris Gordy"
    },
    {
        "appVersion": "1.0.3",
        "at": "2023-10-16 10:33:44",
        "content": "Great",
        "repliedAt": null,
        "replyContent": null,
        "reviewCreatedVersion": "1.0.3",
        "reviewId": "32b7ad13-dbdf-4f0b-9972-10757df100ae",
        "score": 5,
        "thumbsUpCount": 1,
        "userImage": "https://play-lh.googleusercontent.com/a-/ALV-UjWNHkQfATEUEjwf-vW-u9X4_hwavnMl-GvJJLY5MoF1MQ",
        "userName": "Mark Cabantug"
    },
    {
        "appVersion": "1.0.3",
        "at": "2023-10-14 14:07:45",
        "content": "Worst app I'm going to uninstall this app ...",
        "repliedAt": null,
        "replyContent": null,
        "reviewCreatedVersion": "1.0.3",
        "reviewId": "dfa58aae-ea9c-415e-bcd5-6167893fe350",
        "score": 1,
        "thumbsUpCount": 2,
        "userImage": "https://play-lh.googleusercontent.com/a-/ALV-UjVJkqqyiT1DGw1G1jvUUPMf0rgEOiyfChbujd__jTgVh1Q",
        "userName": "Vinay Kumar"
    },
    {
        "appVersion": null,
        "at": "2023-10-11 22:51:49",
        "content": "M\u00e1 \ud83d\udca6",
        "repliedAt": null,
        "replyContent": null,
        "reviewCreatedVersion": null,
        "reviewId": "a9bae02e-fe7b-4210-bc61-93b7eb28f84f",
        "score": 5,
        "thumbsUpCount": 2,
        "userImage": "https://play-lh.googleusercontent.com/a/ACg8ocJs4KuuJtz9T9DdafZl7NrFAF2Ux1RV48DjHpDAXDYv=mo",
        "userName": "Shanneth Mashile"
    },
    {
        "appVersion": "1.0.3",
        "at": "2023-10-09 17:14:17",
        "content": "Love ir",
        "repliedAt": null,
        "replyContent": null,
        "reviewCreatedVersion": "1.0.3",
        "reviewId": "7110165e-fdfc-4663-b445-a7ca5a73aa66",
        "score": 5,
        "thumbsUpCount": 1,
        "userImage": "https://play-lh.googleusercontent.com/a-/ALV-UjUtNML5ufdlW7UGABFi8xVe9wzDUmC6o6zDaHIuVfgQxEEG",
        "userName": "IKINGRAHZ SMITH (SIR RAHZ LAGUCCI)"
    },
    {
        "appVersion": "1.0.3",
        "at": "2023-10-06 08:35:48",
        "content": "It work great \ud83d\ude03\ud83d\ude03\ud83d\ude03",
        "repliedAt": null,
        "replyContent": null,
        "reviewCreatedVersion": "1.0.3",
        "reviewId": "2e1ffcf9-488f-4681-bf63-472c609273ba",
        "score": 5,
        "thumbsUpCount": 1,
        "userImage": "https://play-lh.googleusercontent.com/a/ACg8ocJIYuBToyuOsA4Wo5sRHiw6TE4eTmNYHReNejPHHEp4=mo",
        "userName": "Ruby Taylor"
    },
    {
        "appVersion": "1.0.3",
        "at": "2023-10-06 05:46:25",
        "content": "Nis",
        "repliedAt": null,
        "replyContent": null,
        "reviewCreatedVersion": "1.0.3",
        "reviewId": "34c8886b-7cdc-4045-b554-8c41d7f6157f",
        "score": 5,
        "thumbsUpCount": 1,
        "userImage": "https://play-lh.googleusercontent.com/a/ACg8ocJASwGsrhHgWkYUp9ZWhR4b-9NylShKZD-QWlC5nXe-=mo",
        "userName": "Md Sahin"
    },
    {
        "appVersion": "1.0.3",
        "at": "2023-10-04 19:30:46",
        "content": "very usable",
        "repliedAt": null,
        "replyContent": null,
        "reviewCreatedVersion": "1.0.3",
        "reviewId": "5f81d387-f15a-403d-83ed-d8a8942a450a",
        "score": 5,
        "thumbsUpCount": 2,
        "userImage": "https://play-lh.googleusercontent.com/a-/ALV-UjXlt0GZojiYDos61nx-i5mCe_7kR5xN1xIc9wdZ9iCyyow",
        "userName": "Carl Rosales"
    },
    {
        "appVersion": "1.0.3",
        "at": "2023-10-03 12:07:01",
        "content": "Doesn't give name of devices only your device",
        "repliedAt": null,
        "replyContent": null,
        "reviewCreatedVersion": "1.0.3",
        "reviewId": "0a52174d-1977-4a57-b48b-12aceb48cad2",
        "score": 1,
        "thumbsUpCount": 21,
        "userImage": "https://play-lh.googleusercontent.com/a/ACg8ocK4ocx0rnW2BrelkJWo4vuRvnuXTXe11UU7fIiu57ij=mo",
        "userName": "Cynthia Smith"
    },
    {
        "appVersion": "1.0.3",
        "at": "2023-09-27 21:07:33",
        "content": "City \ud83d\udd95\ud83d\udd95\ud83d\udd95\ud83d\udd95\ud83d\ude02\ud83d\ude02\ud83d\ude02\ud83d\ude02\ud83d\ude02\ud83d\ude02\ud83d\ude02\ud83d\ude02\ud83e\udd2b\ud83e\udd2b",
        "repliedAt": null,
        "replyContent": null,
        "reviewCreatedVersion": "1.0.3",
        "reviewId": "9c735246-9a9a-492f-b519-cc5f90925304",
        "score": 5,
        "thumbsUpCount": 2,
        "userImage": "https://play-lh.googleusercontent.com/a/ACg8ocI6hmvGRS5mE6Tg4ARE8J1HPgkJTHH8QNZJKTM7G0pBcw=mo",
        "userName": "Negusu Beitew"
    },
    {
        "appVersion": "1.0.3",
        "at": "2023-09-26 19:24:20",
        "content": "Muy bueno sf sns ks ja nsl. Skksb. Sg Shsbs",
        "repliedAt": null,
        "replyContent": null,
        "reviewCreatedVersion": "1.0.3",
        "reviewId": "ee0b357c-c002-4eb3-88e2-404dcdc4ec5f",
        "score": 5,
        "thumbsUpCount": 3,
        "userImage": "https://play-lh.googleusercontent.com/a/ACg8ocJlGggZ75hHFhAkGE6-6T5P9l4UmY2_vEQ-LbLwsCID=mo",
        "userName": "Demian Lencina"
    },
    {
        "appVersion": "1.0.3",
        "at": "2023-09-21 19:33:30",
        "content": "GOOD MORNING NICE WIFI EXPLORE & DATA PLEASE COMMENT ALL GROUP THANK YOU TO ALL GROUP BY GOD GRACE ALONE PLEASE \ud83d\ude07\ud83d\ude4f\ud83d\udc7c\ud83d\ude07\ud83d\ude4f\ud83d\udc7c\ud83d\ude2d\ud83d\ude2d\ud83d\ude4f\ud83d\ude22\ud83d\ude22",
        "repliedAt": null,
        "replyContent": null,
        "reviewCreatedVersion": "1.0.3",
        "reviewId": "e4a9e3c9-165e-4974-b5e5-7de46188effa",
        "score": 5,
        "thumbsUpCount": 25,
        "userImage": "https://play-lh.googleusercontent.com/a-/ALV-UjVjrOr4xQro78mUifCunRWTV7GaVhsKKp14TZdj6D5uFrQ",
        "userName": "Altonjames Decena"
    },
    {
        "appVersion": "1.0.3",
        "at": "2023-09-10 00:28:17",
        "content": "It did what it said it would do.",
        "repliedAt": null,
        "replyContent": null,
        "reviewCreatedVersion": "1.0.3",
        "reviewId": "eba57c50-a893-4972-969c-6ffddce01114",
        "score": 4,
        "thumbsUpCount": 0,
        "userImage": "https://play-lh.googleusercontent.com/a-/ALV-UjXpeQ1Q_PIt3a6-pMe4nPQ3TEuM1FVUIUOwahkpPgU3En2d",
        "userName": "Josh Benton"
    },
    {
        "appVersion": "1.0.3",
        "at": "2023-09-01 21:55:23",
        "content": "Best...",
        "repliedAt": null,
        "replyContent": null,
        "reviewCreatedVersion": "1.0.3",
        "reviewId": "c813f523-a838-48da-b38e-947c9081df03",
        "score": 5,
        "thumbsUpCount": 0,
        "userImage": "https://play-lh.googleusercontent.com/a-/ALV-UjXQJgtmiB9Ez7X9tTz7rQnHPB853kEbjscvq721-TjcIVE",
        "userName": "chaiwat premlap"
    },
    {
        "appVersion": "1.0.3",
        "at": "2023-09-01 07:03:13",
        "content": "Love the app, data has been very accurate, even helped me to kick some squatters off my network. Do you have a paid version of this app? If not you should totally do so and allow unlimited queries with it. Thank you for doing an amazing job!!!",
        "repliedAt": null,
        "replyContent": null,
        "reviewCreatedVersion": "1.0.3",
        "reviewId": "f3659f22-01e3-42ff-b472-e04249e3048f",
        "score": 5,
        "thumbsUpCount": 52,
        "userImage": "https://play-lh.googleusercontent.com/a/ACg8ocJJ1CToZM6w7vjhELwboJwz0gkIppt2PhVcVlPwYB-LrQ=mo",
        "userName": "Daniel Grossland"
    },
    {
        "appVersion": "1.0.3",
        "at": "2023-08-09 03:57:40",
        "content": "Really gud",
        "repliedAt": null,
        "replyContent": null,
        "reviewCreatedVersion": "1.0.3",
        "reviewId": "31a120e4-6107-48f4-8c6c-903f0650f992",
        "score": 5,
        "thumbsUpCount": 1,
        "userImage": "https://play-lh.googleusercontent.com/a-/ALV-UjUGi38SQxy4_M2PWrLoTjQUwvl-vwOGl9OWQwu9_EOZ1tQ",
        "userName": "NIKKITA RUTH NORTHOVER HART (NIKKITA HART)"
    },
    {
        "appVersion": "1.0.2",
        "at": "2023-07-13 09:41:55",
        "content": "Humayunkabir",
        "repliedAt": null,
        "replyContent": null,
        "reviewCreatedVersion": "1.0.2",
        "reviewId": "5ed1c993-fced-4b4f-85a3-9be221bced66",
        "score": 5,
        "thumbsUpCount": 1,
        "userImage": "https://play-lh.googleusercontent.com/a-/ALV-UjWUBUbrEURjvcCDLQbv9JdjvzPORpv4I3KiCkkBGuRh5g",
        "userName": "Humayun Humayun"
    },
    {
        "appVersion": null,
        "at": "2023-07-10 15:10:22",
        "content": "AAA BOSS NETWORK",
        "repliedAt": null,
        "replyContent": null,
        "reviewCreatedVersion": null,
        "reviewId": "af0cbd9b-9190-4ba5-9e77-da1e85ed35b0",
        "score": 5,
        "thumbsUpCount": 2,
        "userImage": "https://play-lh.googleusercontent.com/a-/ALV-UjWdclpMQvKndGHhSm8rsgpjHqXoY5i4FMj6bijizttJSQ8",
        "userName": "Anil Das"
    },
    {
        "appVersion": null,
        "at": "2023-07-08 12:19:20",
        "content": "dnt install it",
        "repliedAt": null,
        "replyContent": null,
        "reviewCreatedVersion": null,
        "reviewId": "a6d3842f-4347-4361-ab84-6cdb5b82c944",
        "score": 1,
        "thumbsUpCount": 4,
        "userImage": "https://play-lh.googleusercontent.com/a/ACg8ocLfdh1QkFiwjJz9yUfE966yZklT0nwuOnCC-XUh8y7t=mo",
        "userName": "Taniya Nawaz"
    },
    {
        "appVersion": null,
        "at": "2023-07-01 08:46:15",
        "content": "Kept the app for about 20sec. Too many ads!",
        "repliedAt": null,
        "replyContent": null,
        "reviewCreatedVersion": null,
        "reviewId": "422d9b4b-3b6a-46f9-935f-8d6bd3ca3c9b",
        "score": 1,
        "thumbsUpCount": 15,
        "userImage": "https://play-lh.googleusercontent.com/a/ACg8ocLYD0JSFzzTS8JsOOd4MZEuPi6dhmDmp7OeUTXdaxIv=mo",
        "userName": "E. L."
    },
    {
        "appVersion": "1.0.2",
        "at": "2023-06-26 15:26:01",
        "content": "Amazing",
        "repliedAt": null,
        "replyContent": null,
        "reviewCreatedVersion": "1.0.2",
        "reviewId": "15357d47-e16b-451f-a359-1f203559f792",
        "score": 5,
        "thumbsUpCount": 2,
        "userImage": "https://play-lh.googleusercontent.com/a-/ALV-UjWtLXqXX_DFPp2jZ0DKbEl5PXgHpTvVo8eAbM6aaM3TJA",
        "userName": "It's OM"
    },
    {
        "appVersion": "1.0.2",
        "at": "2023-06-21 11:23:32",
        "content": "Worse app ever , waist time and data",
        "repliedAt": null,
        "replyContent": null,
        "reviewCreatedVersion": "1.0.2",
        "reviewId": "1185c07a-7bc4-4c40-9fb7-e8ee59e17099",
        "score": 1,
        "thumbsUpCount": 4,
        "userImage": "https://play-lh.googleusercontent.com/a/ACg8ocJbbqYN1FmBdzrPLni-t_UHuSdeX8Jffr_YVz2vM9D1=mo",
        "userName": "Joel Mareume"
    },
    {
        "appVersion": "1.0.2",
        "at": "2023-06-20 07:49:48",
        "content": "Wath this",
        "repliedAt": null,
        "replyContent": null,
        "reviewCreatedVersion": "1.0.2",
        "reviewId": "456be57f-edde-4de7-81f1-4231371b1062",
        "score": 5,
        "thumbsUpCount": 1,
        "userImage": "https://play-lh.googleusercontent.com/a/ACg8ocL3blU_rG0rD_V5tVEgLw_fd7WyHhJKZR-28HE3ial-=mo",
        "userName": "Sexy Qawe"
    },
    {
        "appVersion": "1.0.2",
        "at": "2023-06-19 16:25:08",
        "content": "great job",
        "repliedAt": null,
        "replyContent": null,
        "reviewCreatedVersion": "1.0.2",
        "reviewId": "49782e12-4818-4d7d-b866-136b81160c36",
        "score": 5,
        "thumbsUpCount": 1,
        "userImage": "https://play-lh.googleusercontent.com/a/ACg8ocKZS9JzQkNZJ2cuOQcHyoKSF-iCiJkd-6_Yco547gQj=mo",
        "userName": "kane mcreynolds"
    },
    {
        "appVersion": "1.0.2",
        "at": "2023-06-16 17:39:58",
        "content": "Useless apps . More ads. Fake apps",
        "repliedAt": null,
        "replyContent": null,
        "reviewCreatedVersion": "1.0.2",
        "reviewId": "b428be72-63f4-4bd1-891a-e804b23918df",
        "score": 1,
        "thumbsUpCount": 15,
        "userImage": "https://play-lh.googleusercontent.com/a-/ALV-UjXG8v5CGNttA9rMWlpZZZcryu8LVjJd79clEyuU3GKLyWQ",
        "userName": "Amazing Movies"
    },
    {
        "appVersion": "1.0.2",
        "at": "2023-06-10 14:16:48",
        "content": "Nice",
        "repliedAt": null,
        "replyContent": null,
        "reviewCreatedVersion": "1.0.2",
        "reviewId": "211089ae-11e5-4f4d-b865-1d89625a7cef",
        "score": 5,
        "thumbsUpCount": 1,
        "userImage": "https://play-lh.googleusercontent.com/a/ACg8ocIjqvP-YBMZrWgbc5HPwStb5i-Lr2oAiC9C94OWl7e7=mo",
        "userName": "Alihihi Elias"
    },
    {
        "appVersion": null,
        "at": "2023-06-06 21:39:32",
        "content": "petMaster beyond(moonActive]land liteHouse~ GooglePixcel pda.bell.ca offer(data]storage with Gpay(GooglePlay]store !!--!! TurnOff(wifi] while Home(network]router -!- Android(APNgroups]isp dualSystem verify(smartphoneTo~]smartphone",
        "repliedAt": null,
        "replyContent": null,
        "reviewCreatedVersion": null,
        "reviewId": "747969f3-4ce8-44d0-800b-6a2da30bdaca",
        "score": 4,
        "thumbsUpCount": 9,
        "userImage": "https://play-lh.googleusercontent.com/a-/ALV-UjV3S4jgeVqsK2hK9ZFmEqVrzB7ZFRZAHeXybgSOBtx2oAs",
        "userName": "shantybps krishnasamy"
    },
    {
        "appVersion": "1.0.2",
        "at": "2023-06-05 19:05:47",
        "content": "Kicked right in",
        "repliedAt": null,
        "replyContent": null,
        "reviewCreatedVersion": "1.0.2",
        "reviewId": "b0b820d0-c072-46d0-af3c-6c9a43f3b679",
        "score": 4,
        "thumbsUpCount": 1,
        "userImage": "https://play-lh.googleusercontent.com/a/ACg8ocI1nrZEF5nCtquqjRcCBXXoo1lJ7OVlLoxU7fjwVSJh=mo",
        "userName": "Remaney"
    },
    {
        "appVersion": "1.0.2",
        "at": "2023-06-05 13:22:55",
        "content": "Don",
        "repliedAt": null,
        "replyContent": null,
        "reviewCreatedVersion": "1.0.2",
        "reviewId": "58acf41f-dd79-4417-baa3-a7735832f0ad",
        "score": 5,
        "thumbsUpCount": 3,
        "userImage": "https://play-lh.googleusercontent.com/a-/ALV-UjX5RBs50dQsft32KCnx7CHzc3Dm2-GhRAiceJ0FUtHEpfs",
        "userName": "Muhammad Ali"
    },
    {
        "appVersion": "1.0.2",
        "at": "2023-06-01 01:11:28",
        "content": "Good!",
        "repliedAt": null,
        "replyContent": null,
        "reviewCreatedVersion": "1.0.2",
        "reviewId": "63b9fdcd-0594-43ee-8f6b-c6d7acd19086",
        "score": 4,
        "thumbsUpCount": 1,
        "userImage": "https://play-lh.googleusercontent.com/a/ACg8ocIxg0lCBDOLaW7MAkDZpePNFyuSeUjS5Xe8zUSpzn9y=mo",
        "userName": "Alison Fulton"
    },
    {
        "appVersion": null,
        "at": "2023-05-30 01:27:09",
        "content": "The ads make this app unusable, open up a tab? Ad. Realized you accidently opened the wrong tab? Ad. Greedy greedy app here. Avoid at all costs.",
        "repliedAt": null,
        "replyContent": null,
        "reviewCreatedVersion": null,
        "reviewId": "065828ec-79df-48de-bb5a-d53466f3da13",
        "score": 1,
        "thumbsUpCount": 27,
        "userImage": "https://play-lh.googleusercontent.com/a/ACg8ocJbEN3QjnthZlz2OwFy4BPfLaobtsBecpzIbWbfa6GJ=mo",
        "userName": "Jason Willmore"
    },
    {
        "appVersion": "1.0.2",
        "at": "2023-05-25 05:52:36",
        "content": "I installed this to be able to determine which hosts were connecting to the 2.4 Ghz radio or to the 5 Ghz radio in my router. It turned out not to be able to do this. But it was difficult to find that out, because ads were constantly obscuring the app and slowing me down. When are developers going to learn that an ad that obscures an app causes a user to only be thinking of counting down until the ad can be removed and thinking much less about ad content than if it hadn't obscured the app?",
        "repliedAt": null,
        "replyContent": null,
        "reviewCreatedVersion": "1.0.2",
        "reviewId": "504a1e9c-b432-422a-8706-d439d247395a",
        "score": 1,
        "thumbsUpCount": 2,
        "userImage": "https://play-lh.googleusercontent.com/a/ACg8ocJqeXiqRHdVCNfuhe3cE-_4bHGXCHUEccArg1sedmGf=mo",
        "userName": "Michael B."
    },
    {
        "appVersion": null,
        "at": "2023-05-22 11:07:03",
        "content": "Oh aight",
        "repliedAt": null,
        "replyContent": null,
        "reviewCreatedVersion": null,
        "reviewId": "c548b18a-ff8e-41a0-8c84-90607bbda4e1",
        "score": 5,
        "thumbsUpCount": 1,
        "userImage": "https://play-lh.googleusercontent.com/a-/ALV-UjWt-8etfl5AqSOpc9YWv__J094gLjxoeUgq2bNB3Sx5oA",
        "userName": "B Wamp"
    },
    {
        "appVersion": "1.0.2",
        "at": "2023-05-17 23:08:56",
        "content": "Meh",
        "repliedAt": null,
        "replyContent": null,
        "reviewCreatedVersion": "1.0.2",
        "reviewId": "6d8e2376-1529-45cd-9da0-9c5e4768d26d",
        "score": 5,
        "thumbsUpCount": 2,
        "userImage": "https://play-lh.googleusercontent.com/a-/ALV-UjWYVnu8vCxb-RK3CYW8ijK-8MOfS1ADdC-uc4XkLyA9zqs",
        "userName": "Jackie Thompson"
    },
    {
        "appVersion": "1.0.2",
        "at": "2023-05-11 10:42:33",
        "content": "Don't work right",
        "repliedAt": null,
        "replyContent": null,
        "reviewCreatedVersion": "1.0.2",
        "reviewId": "c65f477c-ac65-4bee-9f22-7e6c1a64c638",
        "score": 1,
        "thumbsUpCount": 0,
        "userImage": "https://play-lh.googleusercontent.com/a/ACg8ocIt6e0bHup0j5YcyIAayqTWOtrOnYtKPWcqxcGRFg2B=mo",
        "userName": "Tacurria Wilburn"
    },
    {
        "appVersion": "1.0.2",
        "at": "2023-04-29 10:08:47",
        "content": "Just installed it",
        "repliedAt": null,
        "replyContent": null,
        "reviewCreatedVersion": "1.0.2",
        "reviewId": "f7a26692-2cbb-453a-835f-3c92e1605260",
        "score": 3,
        "thumbsUpCount": 4,
        "userImage": "https://play-lh.googleusercontent.com/a-/ALV-UjUJUXoTN6kHQNrNer5GdUdkRUWTZbJU3sDCEAhAG-fkBkJh",
        "userName": "Marty Williams"
    },
    {
        "appVersion": null,
        "at": "2023-04-16 19:24:10",
        "content": "Ads every back step",
        "repliedAt": null,
        "replyContent": null,
        "reviewCreatedVersion": null,
        "reviewId": "44de0cde-25a0-4572-bc86-7610c8d60972",
        "score": 2,
        "thumbsUpCount": 9,
        "userImage": "https://play-lh.googleusercontent.com/a-/ALV-UjU9wlxglnB2bCtIwwzX9qS4CBe4sUPZ0bMwJhjeKBLm-VI",
        "userName": "Ahmad H"
    },
    {
        "appVersion": "1.0.2",
        "at": "2022-12-24 13:49:07",
        "content": "Very good app",
        "repliedAt": null,
        "replyContent": null,
        "reviewCreatedVersion": "1.0.2",
        "reviewId": "da4beb5d-f6fe-4b89-bd50-799ce1d8f24e",
        "score": 5,
        "thumbsUpCount": 1,
        "userImage": "https://play-lh.googleusercontent.com/a-/ALV-UjXKPFEiIGNSEq0fxrIQCLVbcWkoawNCvWND_aOctAvJQBQ",
        "userName": "daniel sakala"
    },
    {
        "appVersion": "1.0.2",
        "at": "2022-09-19 19:47:55",
        "content": "Amazing app \ud83d\udc4c\ud83d\udc4c\ud83d\udc4c",
        "repliedAt": null,
        "replyContent": null,
        "reviewCreatedVersion": "1.0.2",
        "reviewId": "e9c83467-d2b1-4dff-99a8-bb147d741b90",
        "score": 5,
        "thumbsUpCount": 1,
        "userImage": "https://play-lh.googleusercontent.com/a-/ALV-UjUTxqTBzfQQxSPMr1vRzQK7tdZsWKLE3CFril6_WjdhL5k",
        "userName": "Brandon Masuka"
    }
]