[
    {
        "appVersion": "1.0.3",
        "at": "2023-11-20 13:06:58",
        "content": "The only thing keeping this from a perfect score is that it sometimes struggles to process images in the background, which is an issue because I like task switching while waiting. Other than that, this is an incredibly versatile image generator, very quick, very few images are ever low-quality. The photorealistic images can be quite limited in variety and body types, but for producing art, this is hands down the best app available",
        "repliedAt": null,
        "replyContent": null,
        "reviewCreatedVersion": "1.0.3",
        "reviewId": "a9c8842d-c504-438f-8836-f5a0db38c7b6",
        "score": 4,
        "thumbsUpCount": 0,
        "userImage": "https://play-lh.googleusercontent.com/a/ACg8ocJ_WIT7YYCex3k3THPmBzEeZZpgoZsjZEZr-Z_HyC03uj0=mo",
        "userName": "Joel Piggott"
    },
    {
        "appVersion": "1.0.3",
        "at": "2023-11-17 18:10:27",
        "content": "Great learning tool with options to purchase merchandise. Perfect for those with a basic understanding of prompts to practice different styles. Easy to use. Suggestions: Provide a slightly slower rendering time as an option. Sometimes the image needs a few more seconds to generate. Provide a direct link to the DreamAi community to share images. Limiting competitors from using negative prompts to create chaos in DreamAI. I'm learning a lot about how AI works. :)",
        "repliedAt": "2023-10-27 08:23:47",
        "replyContent": "Muchas gracias por la rese\u00f1a! Me alegro de que te haya gustado\ud83d\ude0a",
        "reviewCreatedVersion": "1.0.3",
        "reviewId": "569daeb4-f4d7-41a9-843c-8cefea836bc1",
        "score": 5,
        "thumbsUpCount": 0,
        "userImage": "https://play-lh.googleusercontent.com/a-/ALV-UjVryJ3yNTacLXNrSZYZK53xhOb3tJtqK4BIk7jmvDmGFH4",
        "userName": "Amirah Stephanie Hudson"
    },
    {
        "appVersion": "1.0.3",
        "at": "2023-11-03 01:13:40",
        "content": "Love your app! Thank you \ud83e\udd13 \"Forest\"(STYLE(SKETCH)(LOW POLY)(PAINT(BOB ROSS)))(COLOR(BASE(GRAYSCALE,BLACK)))(COLOR(LAVENDER,PINK))(BLOSSOMS(HIGH POLY))(TIME(SEASON(FALL)))(VIEW(DEPTH(GRADIENT(SKY))))",
        "repliedAt": "2023-11-03 04:53:06",
        "replyContent": "Thank you very much for your review, I'm really glad that you enjoyed it \u2665\ufe0f!",
        "reviewCreatedVersion": "1.0.3",
        "reviewId": "101441e8-bee0-4077-be05-0174eef765a7",
        "score": 5,
        "thumbsUpCount": 0,
        "userImage": "https://play-lh.googleusercontent.com/a-/ALV-UjUNNftIo9X5QDpj21S1M0uHGT7yDAmA6UszL2q13AfRSA",
        "userName": "Paul Cain"
    },
    {
        "appVersion": "1.0.3",
        "at": "2023-10-30 14:15:08",
        "content": "Awesome! true AI app",
        "repliedAt": "2023-10-30 15:22:31",
        "replyContent": "Thank you very much for your review, I'm really glad that you enjoyed it \u2665\ufe0f!",
        "reviewCreatedVersion": "1.0.3",
        "reviewId": "ede351c4-af43-452a-a83d-2644c2a2950d",
        "score": 5,
        "thumbsUpCount": 0,
        "userImage": "https://play-lh.googleusercontent.com/a/ACg8ocIqQmR5FIGBj1SxuxH7UNa0Dk8b0cq8ZFhEDqeM1PXg=mo",
        "userName": "Parna Xiaomi"
    },
    {
        "appVersion": "1.0.3",
        "at": "2023-10-26 20:20:18",
        "content": "Don't always give me what I want or type",
        "repliedAt": null,
        "replyContent": null,
        "reviewCreatedVersion": "1.0.3",
        "reviewId": "9233726d-0f19-42cd-99b1-1e07d7c1e71d",
        "score": 4,
        "thumbsUpCount": 0,
        "userImage": "https://play-lh.googleusercontent.com/a/ACg8ocJrVi49k5gy6EavZr9wLRoPfwiqt86h_R-mZ6bQFLRT=mo",
        "userName": "Brenda Finley"
    },
    {
        "appVersion": null,
        "at": "2023-10-19 15:27:49",
        "content": "ABSOLUTELY, LOVE, DreamAI, *insert style here*",
        "repliedAt": null,
        "replyContent": null,
        "reviewCreatedVersion": null,
        "reviewId": "c96eef01-f64a-4716-9907-35a530ef1c31",
        "score": 5,
        "thumbsUpCount": 0,
        "userImage": "https://play-lh.googleusercontent.com/a-/ALV-UjW2AIzrSCatUE9mNCkAG6_s60VI7fnfn5YIzNm5oFQmiw",
        "userName": "Neonius Artius"
    },
    {
        "appVersion": "1.0.2",
        "at": "2023-08-17 10:57:09",
        "content": "I love very much. but please it has to generate more than one picture please. so please fix it",
        "repliedAt": "2023-08-17 11:12:57",
        "replyContent": "Thank you very much for your review, I'm really glad that you enjoyed it \u2665\ufe0f! I will add it to future updates!",
        "reviewCreatedVersion": "1.0.2",
        "reviewId": "67eefb1f-d685-4b2d-aa9b-66f0acc9bfe4",
        "score": 4,
        "thumbsUpCount": 0,
        "userImage": "https://play-lh.googleusercontent.com/a/ACg8ocJzv3MZIB2H4OUDzLN9Paj5tVUD2q-7GA7ovKHKrsik=mo",
        "userName": "Rahman \u201cLegacybullet\u201d Paintsil"
    },
    {
        "appVersion": "1.0.2",
        "at": "2023-08-16 19:37:07",
        "content": "cute",
        "repliedAt": "2023-08-17 03:33:32",
        "replyContent": "Thank you very much for your review, I'm really glad that you enjoyed it \u2665\ufe0f!",
        "reviewCreatedVersion": "1.0.2",
        "reviewId": "9c04e88f-abd6-482d-bae3-ec89fc4c355f",
        "score": 5,
        "thumbsUpCount": 0,
        "userImage": "https://play-lh.googleusercontent.com/a/ACg8ocIDtT0tfb6Hxe4oWIbgCD6anMtpq7OnKrUWV_BHsJROsiU=mo",
        "userName": "Maya Delosrios"
    },
    {
        "appVersion": "1.0.2",
        "at": "2023-08-16 15:57:45",
        "content": "No in-app purchases well done",
        "repliedAt": "2023-08-16 16:06:05",
        "replyContent": "Thank you very much for your review, I'm really glad that you enjoyed it \u2665\ufe0f!",
        "reviewCreatedVersion": "1.0.2",
        "reviewId": "4e78ea50-7da1-4596-869d-ddebc0c6a6ed",
        "score": 5,
        "thumbsUpCount": 0,
        "userImage": "https://play-lh.googleusercontent.com/a-/ALV-UjVFTro8RqrXB-u5Dsy1EfYksyNH8vbLeXTSbyKZpkESDQ",
        "userName": "8BitRequests"
    },
    {
        "appVersion": "1.0.2",
        "at": "2023-07-28 21:49:42",
        "content": "ITS THE BEST OMG!!!!!!",
        "repliedAt": "2023-07-29 05:22:41",
        "replyContent": "Thank you very much for your review, I'm really glad that you enjoyed it \u2665\ufe0f!",
        "reviewCreatedVersion": "1.0.2",
        "reviewId": "18c16be5-bfc2-4b26-9d35-8fba5eb764f1",
        "score": 5,
        "thumbsUpCount": 0,
        "userImage": "https://play-lh.googleusercontent.com/a-/ALV-UjWGC0rCSeb9jz88Nr9VWQBTmMLq4csaqieVDz1ohcO-WAY",
        "userName": "Daniel Moore"
    },
    {
        "appVersion": "1.0.2",
        "at": "2023-07-26 01:03:29",
        "content": "Good. How to upload photos?",
        "repliedAt": "2023-07-27 08:05:45",
        "replyContent": "Image2Image is not yet supported. Thank you for using Dreamai!",
        "reviewCreatedVersion": "1.0.2",
        "reviewId": "733ea23c-b0ba-42df-8732-4b672efcda18",
        "score": 1,
        "thumbsUpCount": 0,
        "userImage": "https://play-lh.googleusercontent.com/a/ACg8ocK98yapYUJ57D3VttgA4oS2UqajkMoMqTQAhgqkE-JQ=mo",
        "userName": "Nyi Lay"
    },
    {
        "appVersion": null,
        "at": "2023-07-22 01:02:43",
        "content": "Exactly what you'd expect from the tons of AI art generating clones already out there. Filled to the brim with ads or asking you to pay for some bs subscription. Or both. Go support real artists today!",
        "repliedAt": "2023-07-25 07:23:12",
        "replyContent": "Dreamai is completely free and has no in app purchases. If you already had an opinion about AI images, I don't really know why you keep using this kind of apps.",
        "reviewCreatedVersion": null,
        "reviewId": "15fb290e-1115-4cf7-9bb8-93f057e58560",
        "score": 1,
        "thumbsUpCount": 0,
        "userImage": "https://play-lh.googleusercontent.com/a-/ALV-UjXUMzL2ImY9s8_gxRvoRpcywQyfMk73LMswFIRTLJB1FLw",
        "userName": "Brandon Hernandez"
    },
    {
        "appVersion": "1.0.2",
        "at": "2023-07-18 05:42:49",
        "content": "Very good, no crazy adds, not too much errors in the AI, i can have all the styles there is, i love it and no premium membership. Listen to prompt too!",
        "repliedAt": "2023-07-20 05:28:56",
        "replyContent": "Thank you very much for your review, I'm really glad that you enjoyed it \u2665\ufe0f!",
        "reviewCreatedVersion": "1.0.2",
        "reviewId": "1d276cf8-3683-46dd-bba4-1e6eb4285791",
        "score": 5,
        "thumbsUpCount": 2,
        "userImage": "https://play-lh.googleusercontent.com/a-/ALV-UjU_gjYMFdPOurkGSXSg1CqTKyI6YabjCm3ksUJnkHt4eQ",
        "userName": "Rene Alf"
    },
    {
        "appVersion": null,
        "at": "2023-07-17 23:52:02",
        "content": "Uh... this review is NOT FAKE. This app may be free, but you get what you pay for!!!!",
        "repliedAt": "2023-10-04 14:44:30",
        "replyContent": "We have released a new update of the application with improvements. If you like it, it would be great if you could update your review. Thank you for your support! \ud83d\ude0a",
        "reviewCreatedVersion": null,
        "reviewId": "7729869a-b6bb-4159-bb4b-0f234a01d5fd",
        "score": 1,
        "thumbsUpCount": 0,
        "userImage": "https://play-lh.googleusercontent.com/a-/ALV-UjUMXeev8pnl4GJ1_oR6-75_pgOAq7LXZ-MQIdDyesfzLqLH",
        "userName": "David Carr"
    },
    {
        "appVersion": "1.0.2",
        "at": "2023-07-02 22:36:07",
        "content": "I absolutely love this app. because it has more detailed options to add to the description of your imagined image choice.",
        "repliedAt": "2023-07-03 02:35:53",
        "replyContent": "Thank you very much for your review, I'm really glad that you enjoyed it \u2665\ufe0f!",
        "reviewCreatedVersion": "1.0.2",
        "reviewId": "de0e1aab-ff37-457d-a984-18efd5c84c26",
        "score": 5,
        "thumbsUpCount": 2,
        "userImage": "https://play-lh.googleusercontent.com/a-/ALV-UjX2Qyg_JMCm0F9ybvycICKyvf9N5En7VhLfQr_1a5lvGILF",
        "userName": "Asal"
    },
    {
        "appVersion": "1.0.2",
        "at": "2023-07-02 20:31:25",
        "content": "Amazing app. Love it",
        "repliedAt": "2023-07-03 02:36:03",
        "replyContent": "Thank you very much for your review, I'm really glad that you enjoyed it \u2665\ufe0f!",
        "reviewCreatedVersion": "1.0.2",
        "reviewId": "3d3228f0-da8d-4300-b952-6e2a9e25927d",
        "score": 4,
        "thumbsUpCount": 1,
        "userImage": "https://play-lh.googleusercontent.com/a/ACg8ocJSPx25eLqrZaFyDyGbJ0M95IUrwgGnH_cyF79dDpuW=mo",
        "userName": "Stephen Girard"
    },
    {
        "appVersion": "1.0.1",
        "at": "2023-06-01 20:23:54",
        "content": "Pls Make Web Version of Dreamai",
        "repliedAt": "2023-06-02 04:14:20",
        "replyContent": "Thank you very much for your review, I'm really glad that you enjoyed it \u2665\ufe0f! I'll think about it!",
        "reviewCreatedVersion": "1.0.1",
        "reviewId": "35f6ded3-7104-492b-a72d-ae3054586d6b",
        "score": 5,
        "thumbsUpCount": 1,
        "userImage": "https://play-lh.googleusercontent.com/a/ACg8ocJ3nxwfFrNwEK_AiwohyjNPTjb0SOmqHgqtwWPDPvXK=mo",
        "userName": "LilChoncey M-W"
    },
    {
        "appVersion": null,
        "at": "2023-05-30 03:52:40",
        "content": "Great app",
        "repliedAt": "2023-05-30 04:46:58",
        "replyContent": "Thank you very much for your review, I'm really glad that you enjoyed it \u2665\ufe0f!",
        "reviewCreatedVersion": null,
        "reviewId": "529bb612-5319-4fe0-9de4-a3eaf5a65ff6",
        "score": 5,
        "thumbsUpCount": 0,
        "userImage": "https://play-lh.googleusercontent.com/a/ACg8ocIFF-HkAMIrfNGpx-fTIrXVXdAKHI3ei8_UYNmAuQPf=mo",
        "userName": "Theking Unknown"
    },
    {
        "appVersion": "1.0.1",
        "at": "2023-05-16 12:16:44",
        "content": "I found this app on a discord server and i tried using it , it's actually pretty good and very easy to use no sign up required very convenient. Just an issue it doesn't do well on making detailed faces but overall 5/5",
        "repliedAt": "2023-05-16 12:25:52",
        "replyContent": "Thank you very much for your review, I'm really glad that you enjoyed it \u2665\ufe0f! Future updates will include a better model!",
        "reviewCreatedVersion": "1.0.1",
        "reviewId": "09fdcc5e-4ac7-435a-953e-fad056d5db2b",
        "score": 5,
        "thumbsUpCount": 0,
        "userImage": "https://play-lh.googleusercontent.com/a/ACg8ocImYMPkTiJGXoBoIQIa8uhd5zDzUHmUk12l-ykl3KxG=mo",
        "userName": "Guest Anons"
    },
    {
        "appVersion": "1.0.1",
        "at": "2023-05-08 11:17:57",
        "content": "This app is really great but it has one major problem: lack of high quality images and aspect ratio. No matter what I do every image lack quality and it produce images which doesn't fit the size of my phone.",
        "repliedAt": "2023-05-08 11:27:32",
        "replyContent": "Thank you very much for your review! Better quality images and aspect ratio will avaliable on future updates! Meanwhile, you can use the Discover tab.",
        "reviewCreatedVersion": "1.0.1",
        "reviewId": "7691eb6c-722f-4eda-953e-f6474b21bc64",
        "score": 3,
        "thumbsUpCount": 3,
        "userImage": "https://play-lh.googleusercontent.com/a/ACg8ocLj87FetyJPwjGY8P0qgOIIIcBYoN9g_vtzx0-nihQs=mo",
        "userName": "Hakimuddin Diwan"
    },
    {
        "appVersion": "1.0.1",
        "at": "2023-05-04 13:28:38",
        "content": "It's awesome app",
        "repliedAt": "2023-05-04 13:36:29",
        "replyContent": "Thank you very much for your review, I'm really glad that you enjoyed it \u2665\ufe0f!",
        "reviewCreatedVersion": "1.0.1",
        "reviewId": "6729183b-2095-4148-bdfb-deff1154a74a",
        "score": 5,
        "thumbsUpCount": 0,
        "userImage": "https://play-lh.googleusercontent.com/a/ACg8ocLi7wfetUxtPU6jkW-e3RD16OAkSyK4Xj2MSTpZg3I=mo",
        "userName": "Farhana Feroz"
    },
    {
        "appVersion": "1.0.1",
        "at": "2023-04-29 02:25:09",
        "content": "Best AI art app I have downloaded so far! Pros: -Free -Very rarely does a 5 second ad pop up -Free -Unbelievable variety of styles! -Free -Gives up to 4 different images unlike other apps -Did I forget to mention it's FREE? Cons: -It's in the works according to the FAQ, but different size images would be great",
        "repliedAt": "2023-04-29 04:38:31",
        "replyContent": "Thank you so much for your kind words! I'm thrilled to hear that you enjoyed using it and I truly appreciate your support. Rest assured that I will continue to add new and exciting features in the future. Thanks again for your feedback \u2665\ufe0f!",
        "reviewCreatedVersion": "1.0.1",
        "reviewId": "1800fcca-681c-4552-b527-f17258e1d81a",
        "score": 5,
        "thumbsUpCount": 3,
        "userImage": "https://play-lh.googleusercontent.com/a/ACg8ocK083HrZJDR4ZONa3mf0pRiVpq3bWHplCGmph8Nb_vl=mo",
        "userName": "Anonymous Google User"
    },
    {
        "appVersion": "1.0.1",
        "at": "2023-04-22 07:22:10",
        "content": "Really a good App. Exactly what I am looking for",
        "repliedAt": "2023-04-22 07:25:52",
        "replyContent": "Thank you very much for your review, I'm really glad that you enjoyed it \u2665\ufe0f!",
        "reviewCreatedVersion": "1.0.1",
        "reviewId": "77c9d610-ade3-47bb-88d0-1938980bf41e",
        "score": 5,
        "thumbsUpCount": 0,
        "userImage": "https://play-lh.googleusercontent.com/a-/ALV-UjVorGhzLPzKeNZi58UkAKrkVJKrYYrUg5JQDxg4yfMXcA",
        "userName": "Parvathy M.A"
    },
    {
        "appVersion": null,
        "at": "2023-04-01 19:02:14",
        "content": "Eh. Don't rely on technology to make art. It's nowhere near as good as how a real human being makes characters.",
        "repliedAt": "2023-04-02 13:24:32",
        "replyContent": "Thank you for sharing your thoughts. I'm sorry to hear that you are not fond of AI art. However, it's worth noting that artists can actually use the images generated by AI to enhance their own creative projects \ud83d\ude0a",
        "reviewCreatedVersion": null,
        "reviewId": "3d78f793-68c7-4c74-8388-e3d53f3dd7c7",
        "score": 2,
        "thumbsUpCount": 0,
        "userImage": "https://play-lh.googleusercontent.com/a-/ALV-UjX0Rjk-BviVa9GJ96UDVHMqgg-kj7QCMBrTYAnQ9yOUQ_w",
        "userName": "Francis T Lopaz"
    },
    {
        "appVersion": null,
        "at": "2023-03-29 14:13:31",
        "content": "Fun",
        "repliedAt": "2023-03-29 14:26:42",
        "replyContent": "Thank you very much for your review, I'm really glad that you enjoyed it and found it fun! Thank you again \u2665\ufe0f!",
        "reviewCreatedVersion": null,
        "reviewId": "0af5417b-a577-4999-b865-9c8f2125a6dd",
        "score": 4,
        "thumbsUpCount": 0,
        "userImage": "https://play-lh.googleusercontent.com/a-/ALV-UjV7eY6pa4k4uk_DHmN4L5dlabYJGLnYam9WbnYPBvLxiT8",
        "userName": "Josselyn Pedrick"
    },
    {
        "appVersion": "1.0.0",
        "at": "2023-03-20 12:29:59",
        "content": "The picture on the AI art is too small, can you fix that?",
        "repliedAt": "2023-03-20 12:52:58",
        "replyContent": "If you're referring to the image resolution, it is planned to add an Upscaler soon. Right now, you can use https://replicate.com/nightmareai/real-esrgan as a free alternative. I hope you can change your review to 5\u2b50 so I can implement it faster! Thanks for using the AI art tool! \ud83d\ude0a",
        "reviewCreatedVersion": "1.0.0",
        "reviewId": "3a46b159-53d9-4aef-965a-8d8f01d2d9f2",
        "score": 3,
        "thumbsUpCount": 0,
        "userImage": "https://play-lh.googleusercontent.com/a-/ALV-UjWqiH0TTyibIRPBO0l-KDodzx0DNVX8xI0Ml6Ybluac3HI",
        "userName": "The Alucard 911"
    },
    {
        "appVersion": "1.0.0",
        "at": "2023-03-17 19:23:48",
        "content": "it bad",
        "repliedAt": "2023-03-17 19:50:14",
        "replyContent": "I apologize that you had a negative experience with the app. Could you please share with me any specific feedback or suggestions for improvement? Your feedback is extremely valuable to me as I strive to provide the best possible user experience. Thank you for your support and for helping me make Dreamai better. Contact me at dreamaidev@gmail.com",
        "reviewCreatedVersion": "1.0.0",
        "reviewId": "591da8ed-a7f8-4bc4-a04c-e7f8c859cc2d",
        "score": 3,
        "thumbsUpCount": 0,
        "userImage": "https://play-lh.googleusercontent.com/a/ACg8ocJTUNczddkkDNRyvmZ3Btpbodx4RwYISl3sE3hu5KXx=mo",
        "userName": "sarai skeete"
    },
    {
        "appVersion": "1.0.0",
        "at": "2023-02-23 15:52:42",
        "content": "nice app",
        "repliedAt": "2023-02-23 16:03:37",
        "replyContent": "Thank you very much for your words, I'm really glad that you enjoyed it and appreciate your support. I will keep adding new features in the future. Thank you again \u2665\ufe0f!",
        "reviewCreatedVersion": "1.0.0",
        "reviewId": "a07eb203-df76-4938-bc8c-70053d74c7f6",
        "score": 5,
        "thumbsUpCount": 0,
        "userImage": "https://play-lh.googleusercontent.com/a-/ALV-UjUIFvCG2K95n4aq4NKhbp7rJt7qxtHiyWuDmPX2wVo__w",
        "userName": "Tausif Khan"
    },
    {
        "appVersion": "1.0.0",
        "at": "2023-02-23 01:52:04",
        "content": "It's not an app I'd personally use, but for ai dabblers and first timers it's absolutely great. Slick UI, very simple layout. Very good app, no ads when I first used it, so it's not super intrusive!! \ud83d\udc9e",
        "repliedAt": "2023-02-23 06:16:32",
        "replyContent": "Thank you so much for taking the time to share your thoughts on the app and for giving it a 5\u2b50 rating! It's great to hear that you liked it, I will keep adding new features in the future. Once again, thank you for your review and for sharing your experience with the app. I appreciate your feedback!",
        "reviewCreatedVersion": "1.0.0",
        "reviewId": "b10d300f-f7af-433f-9182-656f21e89357",
        "score": 5,
        "thumbsUpCount": 0,
        "userImage": "https://play-lh.googleusercontent.com/a-/ALV-UjUrtZY9npl9laAPluOwiJOu91nG-olwcn-QCFUrSqggSRBM",
        "userName": "Duskfall Crew"
    }
]