[
    {
        "appVersion": "1.0.5",
        "at": "2023-11-18 08:58:25",
        "content": "This is a cloud mining app of numbers \ud83d\ude02\ud83d\ude21 I placed my withdrawal on 05/11/23, and this is now 18/11/23. I didn't receive any withdrawal crypto currency\ud83d\udc94\ud83d\ude21 I don't gonna to edit my rating till I receive my withdrawal",
        "repliedAt": null,
        "replyContent": null,
        "reviewCreatedVersion": "1.0.5",
        "reviewId": "3b16df02-1d57-44ac-bd05-2e74a05adf49",
        "score": 1,
        "thumbsUpCount": 0,
        "userImage": "https://play-lh.googleusercontent.com/a/ACg8ocIkouDHyhwnMYuwEOjy9FPZgS5AYbnsKqTX7INUqfsO=mo",
        "userName": "Shova rani Soren"
    },
    {
        "appVersion": "1.0.5",
        "at": "2023-11-18 04:26:04",
        "content": "NO real payment from this app!!!!!!!!!!!!!!!!!!!",
        "repliedAt": null,
        "replyContent": null,
        "reviewCreatedVersion": "1.0.5",
        "reviewId": "400ceb57-6ecd-47d7-932a-b61e403445d1",
        "score": 1,
        "thumbsUpCount": 0,
        "userImage": "https://play-lh.googleusercontent.com/a-/ALV-UjWadI5FukvVZxOK6u7APpvNKvDzEL5_--uxI4RRJo5Zug",
        "userName": "Dubale Sahilu"
    },
    {
        "appVersion": "1.0.5",
        "at": "2023-11-16 15:31:23",
        "content": "As much as this app runs smooth and holds the possibility of one withdrawing their mined coins, I think the developer needs to add a method of sign up that can help protect ones already mined coins in case of lost or stolen phone. I already know how far I have mined coins & Already planing to do my first withdrawal, but my phone got stolen and now I have to start from the beginning again. But say if I signed in with an email or smth, all I need do is just sign in&continue from where I stopped\ud83d\ude21",
        "repliedAt": null,
        "replyContent": null,
        "reviewCreatedVersion": "1.0.5",
        "reviewId": "acc545ed-944d-4582-9bd1-72a7b100e051",
        "score": 2,
        "thumbsUpCount": 0,
        "userImage": "https://play-lh.googleusercontent.com/a-/ALV-UjVRcIT_rBKSzKGT6_N93HH_RHY8WTviFPybCqcD1m_fetc",
        "userName": "Vivian Chidera"
    },
    {
        "appVersion": "1.0.5",
        "at": "2023-11-15 22:30:03",
        "content": "Excellent App for Mining .... at present",
        "repliedAt": null,
        "replyContent": null,
        "reviewCreatedVersion": "1.0.5",
        "reviewId": "0430b714-5908-411f-9976-8910cdcded5a",
        "score": 5,
        "thumbsUpCount": 0,
        "userImage": "https://play-lh.googleusercontent.com/a-/ALV-UjU9fhYEB4DPg4--lOcDmNfrbaL1SEA04af0oM7UkgL2PQmr",
        "userName": "Ravi Kumar Mungi"
    },
    {
        "appVersion": "1.0.5",
        "at": "2023-11-15 04:30:29",
        "content": "Very good ..",
        "repliedAt": null,
        "replyContent": null,
        "reviewCreatedVersion": "1.0.5",
        "reviewId": "7a45ca83-f526-4da4-b47c-27440ae8bbcd",
        "score": 5,
        "thumbsUpCount": 0,
        "userImage": "https://play-lh.googleusercontent.com/a-/ALV-UjULQlRYlUYFd9fGywzW8y4P08nLgCCOOcrQ_lXoPC9Tu7o",
        "userName": "Jan Saunders"
    },
    {
        "appVersion": "1.0.5",
        "at": "2023-11-11 07:35:06",
        "content": "nothing arrived.",
        "repliedAt": null,
        "replyContent": null,
        "reviewCreatedVersion": "1.0.5",
        "reviewId": "e33158b6-68eb-4f21-acbd-c68b024cda15",
        "score": 1,
        "thumbsUpCount": 0,
        "userImage": "https://play-lh.googleusercontent.com/a/ACg8ocJO0yid1MtVA8tP1-81c8NUNo2MAWkA-qB1F_pE77hS=mo",
        "userName": "Muhd Hafiz"
    },
    {
        "appVersion": "1.0.5",
        "at": "2023-11-10 14:29:16",
        "content": "Fake application I reached 4 .0039886 doge coin but if I go to withdrwal then I recived a MSG popup. your wallet balance is very low",
        "repliedAt": null,
        "replyContent": null,
        "reviewCreatedVersion": "1.0.5",
        "reviewId": "990a703e-8727-4e03-9801-2d9fcfcdda6f",
        "score": 1,
        "thumbsUpCount": 0,
        "userImage": "https://play-lh.googleusercontent.com/a-/ALV-UjX8ufp7sWa7jpafnXN_XNb1Y2Jl2CYQi-B4OKbWkmTK2A",
        "userName": "Vinay Tyagi"
    },
    {
        "appVersion": "1.0.5",
        "at": "2023-11-01 15:36:31",
        "content": "Multi functional applications and enormous opportunities to mine several currencies. Easy to interact",
        "repliedAt": null,
        "replyContent": null,
        "reviewCreatedVersion": "1.0.5",
        "reviewId": "4bbcf303-10c8-42cf-90ed-836dfaf0472f",
        "score": 5,
        "thumbsUpCount": 0,
        "userImage": "https://play-lh.googleusercontent.com/a-/ALV-UjXwRdr44Sw40wfehupOptxzyu4i_pfejB9bBkcwQOjwWTY",
        "userName": "Christian bio socrates Kargbo"
    },
    {
        "appVersion": "1.0.5",
        "at": "2023-10-25 09:58:44",
        "content": "I'll give 5 stars once I receive my two payments",
        "repliedAt": null,
        "replyContent": null,
        "reviewCreatedVersion": "1.0.5",
        "reviewId": "cc89d6aa-ecdf-400d-b0c5-5719295fdebd",
        "score": 4,
        "thumbsUpCount": 0,
        "userImage": "https://play-lh.googleusercontent.com/a-/ALV-UjV_BhQmebmW4Y7n9bNd08YFYIQ1hJltPNnjjf5d-rW-63Y",
        "userName": "Robert Chopp"
    },
    {
        "appVersion": "1.0.5",
        "at": "2023-10-25 06:45:05",
        "content": "Not received in, saw negative mining, can't wait, it's frustrating\ud83d\ude24",
        "repliedAt": null,
        "replyContent": null,
        "reviewCreatedVersion": "1.0.5",
        "reviewId": "d3d1cbdd-e837-4c90-afeb-32275ef5e873",
        "score": 1,
        "thumbsUpCount": 0,
        "userImage": "https://play-lh.googleusercontent.com/a-/ALV-UjUMW--DqBWw_A6iqGyiYNf7Xr9NbDD4eNeaNdwXdRz13Cg",
        "userName": "soyeb patel"
    },
    {
        "appVersion": "1.0.5",
        "at": "2023-10-21 22:55:53",
        "content": "Thanks for your service \ud83d\ude42",
        "repliedAt": null,
        "replyContent": null,
        "reviewCreatedVersion": "1.0.5",
        "reviewId": "711e683e-8411-45de-b737-63806872b2c5",
        "score": 5,
        "thumbsUpCount": 0,
        "userImage": "https://play-lh.googleusercontent.com/a-/ALV-UjXyiGgFutGNJfIrpzB1kOYNYkB22mRRO3m6KLlto4poanY",
        "userName": "Philippe \u201cNoor\u201d Reverchon"
    },
    {
        "appVersion": null,
        "at": "2023-10-19 09:49:13",
        "content": "please send my withdraw",
        "repliedAt": null,
        "replyContent": null,
        "reviewCreatedVersion": null,
        "reviewId": "83218ef0-edf4-4bc4-bcad-58599a214a15",
        "score": 4,
        "thumbsUpCount": 0,
        "userImage": "https://play-lh.googleusercontent.com/a/ACg8ocJKBjyidzu_buLebeUPHaz-HYdi7y0S9ow1s6C9Ja0W=mo",
        "userName": "Abdul Rehman"
    },
    {
        "appVersion": null,
        "at": "2023-10-19 03:21:25",
        "content": "100% scammers",
        "repliedAt": null,
        "replyContent": null,
        "reviewCreatedVersion": null,
        "reviewId": "2e3c0a00-f56c-444a-a63c-8168765a406c",
        "score": 1,
        "thumbsUpCount": 1,
        "userImage": "https://play-lh.googleusercontent.com/a-/ALV-UjWz3LzS77dJ98YLheOtK0fhxZM5aSNO0fPkqOkD68guDg",
        "userName": "Dauda Aliyu"
    },
    {
        "appVersion": "1.0.5",
        "at": "2023-10-16 19:00:18",
        "content": "Coins i withdraw since how many days i have not seen it in my wallet i will give no star until i recieved what i mine then i will have something to say for now no star",
        "repliedAt": null,
        "replyContent": null,
        "reviewCreatedVersion": "1.0.5",
        "reviewId": "bc12075c-37de-4208-81f0-5d641b05fbfd",
        "score": 1,
        "thumbsUpCount": 1,
        "userImage": "https://play-lh.googleusercontent.com/a-/ALV-UjUm_aMy3RfDmKnpD4tAAw5QT7ZcBRKD7GYUSa48gSstePk",
        "userName": "Onyeka Robinson"
    },
    {
        "appVersion": "1.0.5",
        "at": "2023-10-11 14:53:27",
        "content": "I cashed out 3 of my crypto mined and it was supposed to arrive to my account and 2 show negative and one is showing 0 and still no payment it says 24hr to 7 days for the deposit to be made to my account it's been more than 7 days now ... Were is my crypto???",
        "repliedAt": null,
        "replyContent": null,
        "reviewCreatedVersion": "1.0.5",
        "reviewId": "36391952-ec3e-459b-931e-b02e6eae95c0",
        "score": 1,
        "thumbsUpCount": 2,
        "userImage": "https://play-lh.googleusercontent.com/a/ACg8ocJ2XWDreE9Fe_8S4W-JjHr7HhAQSSQhtcWYCgAX-zoG=mo",
        "userName": "Luis Ramirez"
    },
    {
        "appVersion": "1.0.5",
        "at": "2023-10-10 03:35:17",
        "content": "They are the meteverse but they don't pay it's really scam, beware",
        "repliedAt": null,
        "replyContent": null,
        "reviewCreatedVersion": "1.0.5",
        "reviewId": "abca3454-ebac-44d7-a00b-8afa43863684",
        "score": 1,
        "thumbsUpCount": 2,
        "userImage": "https://play-lh.googleusercontent.com/a-/ALV-UjVOKof_XpPw5HYEP46Hg44rXC2HWdt5L69V-pWymzbW8w",
        "userName": "Abdullah Suleiman"
    },
    {
        "appVersion": "1.0.5",
        "at": "2023-10-08 07:46:05",
        "content": "You're not paying after 7 days waiting. I'll no longer open your app \ud83d\udc4e",
        "repliedAt": null,
        "replyContent": null,
        "reviewCreatedVersion": "1.0.5",
        "reviewId": "4aeb049b-bab0-4f31-9108-67a016505c3c",
        "score": 1,
        "thumbsUpCount": 1,
        "userImage": "https://play-lh.googleusercontent.com/a/ACg8ocKuy2GdbL-OtrI5R1qMBeiRi6aFw2YwMMXTbzcDQwTbXA=mo",
        "userName": "Madelyn"
    },
    {
        "appVersion": "1.0.5",
        "at": "2023-10-02 14:17:54",
        "content": "Its easy to use",
        "repliedAt": null,
        "replyContent": null,
        "reviewCreatedVersion": "1.0.5",
        "reviewId": "6e934a4c-e4da-48e8-83ba-1579efc6d543",
        "score": 5,
        "thumbsUpCount": 0,
        "userImage": "https://play-lh.googleusercontent.com/a/ACg8ocJ5jMSRlQATbyxPfWvdgpu2aLYJPlPco83byU77ru0N=mo",
        "userName": "Tunji Sobowale"
    },
    {
        "appVersion": null,
        "at": "2023-10-02 03:16:06",
        "content": "Good or bad??__i don't know",
        "repliedAt": null,
        "replyContent": null,
        "reviewCreatedVersion": null,
        "reviewId": "5cdcf631-9138-4a3f-b4ff-407b7429ab7d",
        "score": 1,
        "thumbsUpCount": 1,
        "userImage": "https://play-lh.googleusercontent.com/a/ACg8ocIJa71joFV3puSbIZ4G7cQTOkYsIx-EXfun_wtDB_6D=mo",
        "userName": "Kaniz Fatema"
    },
    {
        "appVersion": "1.0.5",
        "at": "2023-10-01 08:27:37",
        "content": "I have mined met the withdraw limit said it cashed out to my trust wallet and has not nothing there. I say BOGUS",
        "repliedAt": null,
        "replyContent": null,
        "reviewCreatedVersion": "1.0.5",
        "reviewId": "554f57f7-e730-4297-8b5c-2a61c6807352",
        "score": 1,
        "thumbsUpCount": 2,
        "userImage": "https://play-lh.googleusercontent.com/a/ACg8ocKGjrMhBsbyXxG0QJA536HUzxvpCc7yZfoAbLEwNexWxQ=mo",
        "userName": "Sean Burris"
    },
    {
        "appVersion": "1.0.5",
        "at": "2023-09-30 11:44:58",
        "content": "Best mining app",
        "repliedAt": null,
        "replyContent": null,
        "reviewCreatedVersion": "1.0.5",
        "reviewId": "411cb2c2-0955-48d3-a0c5-4ed3caedcdd3",
        "score": 5,
        "thumbsUpCount": 0,
        "userImage": "https://play-lh.googleusercontent.com/a/ACg8ocKN0ZX71e8niRlErH4YbaxR91pfSYGTmggOAOM0UY8l=mo",
        "userName": "Manisha Domadiya"
    },
    {
        "appVersion": "1.0.5",
        "at": "2023-09-27 14:11:47",
        "content": "Excellent. This is one of the best where i can earn my passive income.",
        "repliedAt": null,
        "replyContent": null,
        "reviewCreatedVersion": "1.0.5",
        "reviewId": "baf974d5-42e1-440b-8d67-011583dbffca",
        "score": 5,
        "thumbsUpCount": 0,
        "userImage": "https://play-lh.googleusercontent.com/a-/ALV-UjUMrZPqFPc8K5v2js8-Z1ABUM9Du-SBzYV_UuYrDmD2YJU",
        "userName": "bouncer_family alina"
    },
    {
        "appVersion": "1.0.5",
        "at": "2023-09-21 03:04:14",
        "content": "Best crypto mining app",
        "repliedAt": null,
        "replyContent": null,
        "reviewCreatedVersion": "1.0.5",
        "reviewId": "d2f7e348-443a-4112-a34b-42fa4de86765",
        "score": 5,
        "thumbsUpCount": 0,
        "userImage": "https://play-lh.googleusercontent.com/a-/ALV-UjXCsbuum-_WA7_G9f0GvN2kS1lYjNSgbK5q_W8De-JG2sY",
        "userName": "asmita savaliya"
    },
    {
        "appVersion": "1.0.5",
        "at": "2023-09-19 08:06:30",
        "content": "Best crypto mining app",
        "repliedAt": null,
        "replyContent": null,
        "reviewCreatedVersion": "1.0.5",
        "reviewId": "16a971a8-5371-4ec2-80cd-6fe32761d826",
        "score": 5,
        "thumbsUpCount": 0,
        "userImage": "https://play-lh.googleusercontent.com/a/ACg8ocLjgF-h2Jly8QAQWwiadtGPR0z0OcAZHhN6EaJrwR62=mo",
        "userName": "Sneha Khokhar"
    },
    {
        "appVersion": "1.0.5",
        "at": "2023-09-15 11:45:53",
        "content": "I just started a month mining now and will come back to finish review after first withdraw",
        "repliedAt": null,
        "replyContent": null,
        "reviewCreatedVersion": "1.0.5",
        "reviewId": "c98752a7-061c-4732-9cac-9957d0266bf4",
        "score": 3,
        "thumbsUpCount": 0,
        "userImage": "https://play-lh.googleusercontent.com/a/ACg8ocJusBOepzox-CSwbXrTy2xiwRuIkxrcDFFSJjW0rfIIOg=mo",
        "userName": "ac sch"
    },
    {
        "appVersion": "1.0.5",
        "at": "2023-09-13 05:53:04",
        "content": "Fake",
        "repliedAt": null,
        "replyContent": null,
        "reviewCreatedVersion": "1.0.5",
        "reviewId": "42c19c94-8e5d-41a9-8142-8e354ecf9f1a",
        "score": 1,
        "thumbsUpCount": 1,
        "userImage": "https://play-lh.googleusercontent.com/a-/ALV-UjXwQ6Mi3OAeY9b46yJw-76wHEchjgOdHMdXNSRoVZRo3w",
        "userName": "Chris Dull"
    },
    {
        "appVersion": "1.0.5",
        "at": "2023-09-10 15:52:47",
        "content": "nice experience",
        "repliedAt": null,
        "replyContent": null,
        "reviewCreatedVersion": "1.0.5",
        "reviewId": "427160e3-d2fb-4646-85a7-24b075f0e8aa",
        "score": 4,
        "thumbsUpCount": 0,
        "userImage": "https://play-lh.googleusercontent.com/a-/ALV-UjVcdEAWYP42uGAsUKYEosSw6ieU3RJNyeeLf_htRYbJGzE",
        "userName": "chibuzor Onu"
    },
    {
        "appVersion": "1.0.5",
        "at": "2023-09-09 04:24:33",
        "content": "Good app",
        "repliedAt": null,
        "replyContent": null,
        "reviewCreatedVersion": "1.0.5",
        "reviewId": "313ebf33-8d5b-47ac-8e5f-f8dc26dfa726",
        "score": 5,
        "thumbsUpCount": 0,
        "userImage": "https://play-lh.googleusercontent.com/a-/ALV-UjWDI9pUhC_QxD69kVvSdGWdHPY-7PCSP22nHrz5l_fW0ck",
        "userName": "Mujittafa muhammad"
    },
    {
        "appVersion": "1.0.5",
        "at": "2023-09-08 15:29:49",
        "content": "Very nice and warm up Altaf",
        "repliedAt": null,
        "replyContent": null,
        "reviewCreatedVersion": "1.0.5",
        "reviewId": "f591ea86-102d-4ade-b449-e5ea2c86cd5c",
        "score": 4,
        "thumbsUpCount": 0,
        "userImage": "https://play-lh.googleusercontent.com/a-/ALV-UjVjlwVlQKeGZ92MhReY077l1LF4qIyduSfDhMYiqcISpRie",
        "userName": "Altaf Hussain"
    },
    {
        "appVersion": "1.0.5",
        "at": "2023-09-06 04:14:05",
        "content": "Best mining app, highly recommended",
        "repliedAt": null,
        "replyContent": null,
        "reviewCreatedVersion": "1.0.5",
        "reviewId": "c35cc312-bd84-49d6-afcb-2dd627af3071",
        "score": 5,
        "thumbsUpCount": 1,
        "userImage": "https://play-lh.googleusercontent.com/a-/ALV-UjUzsi5QoqXrpQk8LpHxdw2iX880OzW2TEPedPJMy-2R2nk",
        "userName": "K C"
    },
    {
        "appVersion": "1.0.5",
        "at": "2023-09-04 17:50:16",
        "content": "nice",
        "repliedAt": null,
        "replyContent": null,
        "reviewCreatedVersion": "1.0.5",
        "reviewId": "5ec5a7d4-7453-41d1-bc52-13deb80a604e",
        "score": 5,
        "thumbsUpCount": 0,
        "userImage": "https://play-lh.googleusercontent.com/a/ACg8ocK7dXp0BsqGnLj_DB8HzrnbwgEXHLNTP6zGnEt2szIM=mo",
        "userName": "Sangam"
    },
    {
        "appVersion": "1.0.5",
        "at": "2023-08-30 19:42:06",
        "content": "Happy",
        "repliedAt": null,
        "replyContent": null,
        "reviewCreatedVersion": "1.0.5",
        "reviewId": "ebfe34f6-a49f-492c-9764-d20b04c5a4d7",
        "score": 5,
        "thumbsUpCount": 0,
        "userImage": "https://play-lh.googleusercontent.com/a-/ALV-UjWNI2lv1a0UoYL8vHleXG4NjgpPA8rFq2uJ5ex44eEwFs4",
        "userName": "shahid Mehmood"
    },
    {
        "appVersion": "1.0.5",
        "at": "2023-08-20 16:20:05",
        "content": "Scam app, i repeat it's SACAM app! Don't install it!",
        "repliedAt": null,
        "replyContent": null,
        "reviewCreatedVersion": "1.0.5",
        "reviewId": "fec8f4ab-b0b0-403a-8f5f-8d624e65950e",
        "score": 1,
        "thumbsUpCount": 1,
        "userImage": "https://play-lh.googleusercontent.com/a-/ALV-UjXutktM3Lf5SZkZnKdQs7H_kLbpZiF7U4vZyg4sFiqCnYw",
        "userName": "Hassan Abdul"
    },
    {
        "appVersion": null,
        "at": "2023-08-20 02:43:29",
        "content": "Best crypto mining app",
        "repliedAt": null,
        "replyContent": null,
        "reviewCreatedVersion": null,
        "reviewId": "410faaa0-98b2-48b6-a68e-13c0d8220d93",
        "score": 5,
        "thumbsUpCount": 0,
        "userImage": "https://play-lh.googleusercontent.com/a-/ALV-UjUMC_RO4oEFeyx6wOLnxIYoMSr3GAetm8O7JTPFqzUBPZk",
        "userName": "Abhishek Kalathiya"
    },
    {
        "appVersion": "1.0.5",
        "at": "2023-08-19 18:44:58",
        "content": "Oh my God \ud83e\udd11\ud83e\udd11\ud83e\udd11\ud83e\udd11\ud83e\udd11 Tank you MINE Crypto-Cloud....",
        "repliedAt": null,
        "replyContent": null,
        "reviewCreatedVersion": "1.0.5",
        "reviewId": "c7478f90-1394-4153-8ac6-de5c6304b7b9",
        "score": 5,
        "thumbsUpCount": 0,
        "userImage": "https://play-lh.googleusercontent.com/a-/ALV-UjVcBrZgysJpRn-8LO4Jn1BjJ4bttUPSD6jtMt7dx4gTpw",
        "userName": "Yousef Solgi"
    },
    {
        "appVersion": "1.0.5",
        "at": "2023-08-15 09:20:11",
        "content": "Good app",
        "repliedAt": null,
        "replyContent": null,
        "reviewCreatedVersion": "1.0.5",
        "reviewId": "e40b7123-cc33-40fe-9c53-6d572e660032",
        "score": 2,
        "thumbsUpCount": 0,
        "userImage": "https://play-lh.googleusercontent.com/a/ACg8ocKtSGCfYNhaZRzT6Tb5smjoHDgKergsLmrEC0K-8gw6=mo",
        "userName": "abubakar tijjani"
    },
    {
        "appVersion": "1.0.5",
        "at": "2023-08-15 07:05:07",
        "content": "I will give three star if i received my withdrawal to my binance account am going to give five stars \u2b50\ufe0freview bet I love \u26a1\u2764\u26a1\ud83d\ude0d\u26a1\ud83d\ude48 your minig user friendly tanx developer",
        "repliedAt": null,
        "replyContent": null,
        "reviewCreatedVersion": "1.0.5",
        "reviewId": "fe195f47-5389-44b0-bb7c-499d3b98186e",
        "score": 3,
        "thumbsUpCount": 0,
        "userImage": "https://play-lh.googleusercontent.com/a/ACg8ocJKjWUpcbulqE1dUg5Q4sSdasZrPE8nZcBsTrfMxYkU=mo",
        "userName": "Badamasi Sadiq"
    },
    {
        "appVersion": "1.0.5",
        "at": "2023-08-12 09:34:59",
        "content": "Fake app",
        "repliedAt": null,
        "replyContent": null,
        "reviewCreatedVersion": "1.0.5",
        "reviewId": "698ddc6f-a6aa-41e8-a2df-91c3b85b90ac",
        "score": 1,
        "thumbsUpCount": 1,
        "userImage": "https://play-lh.googleusercontent.com/a/ACg8ocIYVgiK-YLI15jhRdNyJjnZzTB3ZjUJaZFjnwStK2Uy=mo",
        "userName": "Bardia Jb"
    },
    {
        "appVersion": "1.0.5",
        "at": "2023-08-10 22:16:33",
        "content": "Another scamm, mined for the 12 hour period,and got no coins accumulated, went straight to the developer, Don't use.",
        "repliedAt": null,
        "replyContent": null,
        "reviewCreatedVersion": "1.0.5",
        "reviewId": "e171a837-ff7a-4da0-9f9a-73911370018a",
        "score": 1,
        "thumbsUpCount": 4,
        "userImage": "https://play-lh.googleusercontent.com/a-/ALV-UjUtJUzTTOIuFsBk6miU1YffDeRBx3dU1UOi0qeMvnRCPFk",
        "userName": "RICLEY75"
    },
    {
        "appVersion": null,
        "at": "2023-08-09 03:13:58",
        "content": "Great crypto project, I have earn many coin using this app",
        "repliedAt": null,
        "replyContent": null,
        "reviewCreatedVersion": null,
        "reviewId": "0837ecac-ec13-4f0e-8dad-e6d9808a6530",
        "score": 5,
        "thumbsUpCount": 0,
        "userImage": "https://play-lh.googleusercontent.com/a-/ALV-UjXAEB1AIL2Ub5eF9tFwZEb2Bbtd-4IY97KyyF7XIIAZjNE",
        "userName": "parth kabariya"
    },
    {
        "appVersion": null,
        "at": "2023-08-09 01:17:31",
        "content": "Great project",
        "repliedAt": null,
        "replyContent": null,
        "reviewCreatedVersion": null,
        "reviewId": "8dfde255-0685-4a80-a9d5-06df3510f2bf",
        "score": 5,
        "thumbsUpCount": 0,
        "userImage": "https://play-lh.googleusercontent.com/a/ACg8ocLVfO6_TiazkxcY4lO5VC9C4w31XdG7NprstYhMXq8h=mo",
        "userName": "Blue Moon"
    },
    {
        "appVersion": null,
        "at": "2023-08-07 02:47:42",
        "content": "I give 2 star because I want observe about this game withdrawal is real pay with crypto or not?",
        "repliedAt": null,
        "replyContent": null,
        "reviewCreatedVersion": null,
        "reviewId": "582b0758-329d-4953-81d6-c5198085f53e",
        "score": 2,
        "thumbsUpCount": 1,
        "userImage": "https://play-lh.googleusercontent.com/a-/ALV-UjUK_Hb5iJ7mFBI0Qs0YjhaDKxdPcFkKvvUJ7XRWUVBolA",
        "userName": "Haus Lapar"
    },
    {
        "appVersion": "1.0.5",
        "at": "2023-08-03 05:22:07",
        "content": "My balance not received ??????????????????? What's problem??????? I am still waiting for reply???? Developer not give answer I was many time contact",
        "repliedAt": null,
        "replyContent": null,
        "reviewCreatedVersion": "1.0.5",
        "reviewId": "8ff916b1-b24b-4cc4-926e-27727bb31719",
        "score": 1,
        "thumbsUpCount": 2,
        "userImage": "https://play-lh.googleusercontent.com/a-/ALV-UjVDkW5j80U6Zhwhl8IidGJF704OFA0ECKfbd-Q-nOFi-yk",
        "userName": "Bhuv nesh"
    },
    {
        "appVersion": "1.0.5",
        "at": "2023-07-31 09:45:06",
        "content": "Straight forward, easy to use application. Delivers as advertised. Thank you!......................... Awesome app......",
        "repliedAt": null,
        "replyContent": null,
        "reviewCreatedVersion": "1.0.5",
        "reviewId": "734ec59c-2184-4d50-8fcc-c3182bac03bd",
        "score": 5,
        "thumbsUpCount": 3,
        "userImage": "https://play-lh.googleusercontent.com/a-/ALV-UjUTe5dAsmz5fQMuCR2bMioh_cXBrQmMh3QMq4odMNfM1JQ",
        "userName": "RUSHIL BELADIYA"
    },
    {
        "appVersion": "1.0.5",
        "at": "2023-07-14 23:42:54",
        "content": "I don't understand it's a real or fake app, because I withdraw My mained coins but I don't receive the same And also the miner app shows negative",
        "repliedAt": null,
        "replyContent": null,
        "reviewCreatedVersion": "1.0.5",
        "reviewId": "8ee6c422-d7ac-41be-9ab8-0b96466fad18",
        "score": 2,
        "thumbsUpCount": 5,
        "userImage": "https://play-lh.googleusercontent.com/a-/ALV-UjWd1jA--Qg5qRxPu819H22XAxnOHUk8G-Ty4xXBTJ3ebw",
        "userName": "Ravi Kumar"
    },
    {
        "appVersion": "1.0.5",
        "at": "2023-07-02 23:30:16",
        "content": "Very good mineing app easy to use",
        "repliedAt": null,
        "replyContent": null,
        "reviewCreatedVersion": "1.0.5",
        "reviewId": "15efeb2c-9576-4ff7-a6cf-b26d91aa3322",
        "score": 5,
        "thumbsUpCount": 1,
        "userImage": "https://play-lh.googleusercontent.com/a/ACg8ocJc06eRjmcU9HJy9qheAwwhH8jQOoK7Fdq-Cc3T2vJA=mo",
        "userName": "Lee Harradine"
    },
    {
        "appVersion": "1.0.5",
        "at": "2023-06-23 13:07:04",
        "content": "I received coin within 24 hours",
        "repliedAt": null,
        "replyContent": null,
        "reviewCreatedVersion": "1.0.5",
        "reviewId": "57e27e0d-66bd-4c10-84e7-87271c7ae605",
        "score": 5,
        "thumbsUpCount": 1,
        "userImage": "https://play-lh.googleusercontent.com/a/ACg8ocJYBU-Dyu9ZqWkmg7J0FvdoJdstZy4Z-T5SLxfutwo=mo",
        "userName": "Gita Devani"
    },
    {
        "appVersion": "1.0.5",
        "at": "2023-06-23 13:04:10",
        "content": "Nice app",
        "repliedAt": null,
        "replyContent": null,
        "reviewCreatedVersion": "1.0.5",
        "reviewId": "e9b31e9e-2dc1-4791-b834-9190ac79b85d",
        "score": 5,
        "thumbsUpCount": 1,
        "userImage": "https://play-lh.googleusercontent.com/a/ACg8ocJa-HkxVVqUGU4FqcQoZI3MDk9-FBnbfRi2eSoTMiNB=mo",
        "userName": "Krishan Devani"
    },
    {
        "appVersion": "1.0.5",
        "at": "2023-06-20 06:13:24",
        "content": "Fak app",
        "repliedAt": null,
        "replyContent": null,
        "reviewCreatedVersion": "1.0.5",
        "reviewId": "0636390c-c182-4f0a-bdfe-7930d50530ed",
        "score": 1,
        "thumbsUpCount": 2,
        "userImage": "https://play-lh.googleusercontent.com/a-/ALV-UjV7YfAgXFJAp_lMOw6WKyKLdEzHXGzZKjWIARlHTwAeBq4",
        "userName": "cho ma"
    },
    {
        "appVersion": null,
        "at": "2023-06-12 22:39:21",
        "content": "Awesome mining app",
        "repliedAt": null,
        "replyContent": null,
        "reviewCreatedVersion": null,
        "reviewId": "e12775b2-b4fa-4005-8cf7-2bfe0ed9d632",
        "score": 5,
        "thumbsUpCount": 1,
        "userImage": "https://play-lh.googleusercontent.com/a/ACg8ocJarq50F9b6iC9WIp3P9rP9gz-g2V1vcLghK4H8hNI9=mo",
        "userName": "Riddhi Domadiya"
    },
    {
        "appVersion": "1.0.5",
        "at": "2023-06-11 05:38:23",
        "content": "I didn't receive the btc I withdraw in my wallet and my balance is showing negative",
        "repliedAt": null,
        "replyContent": null,
        "reviewCreatedVersion": "1.0.5",
        "reviewId": "4a70500a-14dd-4a3b-b564-d451fe3e810a",
        "score": 1,
        "thumbsUpCount": 2,
        "userImage": "https://play-lh.googleusercontent.com/a/ACg8ocKfxF1fu0f7ZwC11cC8gdX5SQ2_OXxfvcWXmcj5mp5G=mo",
        "userName": "Jadyn Anderson"
    },
    {
        "appVersion": "1.0.3",
        "at": "2023-06-02 01:28:53",
        "content": "I earn much crypto and in 25 days i will reach my withdraw criteria so i can withdraw I will change after i earn my crypto",
        "repliedAt": null,
        "replyContent": null,
        "reviewCreatedVersion": "1.0.3",
        "reviewId": "7e7b0d6d-7958-4df9-b426-6cee26229bc2",
        "score": 5,
        "thumbsUpCount": 6,
        "userImage": "https://play-lh.googleusercontent.com/a-/ALV-UjV_lyEnWYJ-0wW-eLiwv18n4gr5akUG-2PD2_CQi3_2qA",
        "userName": "Barath BK"
    },
    {
        "appVersion": "1.0.5",
        "at": "2023-06-01 12:15:04",
        "content": "Cool app",
        "repliedAt": null,
        "replyContent": null,
        "reviewCreatedVersion": "1.0.5",
        "reviewId": "83927ab1-15fe-4463-9e34-b83461d98a1a",
        "score": 5,
        "thumbsUpCount": 1,
        "userImage": "https://play-lh.googleusercontent.com/a/ACg8ocKacQ_CkMPYmMzQbyzwZxGZbW3vWLP-87m4ne09RKXO=mo",
        "userName": "Jayeshbhai Domadiya"
    },
    {
        "appVersion": null,
        "at": "2023-06-01 12:00:30",
        "content": "Legit mining app, I have never seen such kind of app, highly recommended",
        "repliedAt": null,
        "replyContent": null,
        "reviewCreatedVersion": null,
        "reviewId": "0a785e1b-f5ea-460a-809d-25248947661d",
        "score": 5,
        "thumbsUpCount": 1,
        "userImage": "https://play-lh.googleusercontent.com/a-/ALV-UjWnch5iTLiPreBBFxjxFmzarhgRqQbE03asbGUzegm14v4",
        "userName": "Divisha Domadiya"
    },
    {
        "appVersion": null,
        "at": "2023-05-31 11:28:34",
        "content": "Awesome mining app",
        "repliedAt": null,
        "replyContent": null,
        "reviewCreatedVersion": null,
        "reviewId": "72f96ad3-81bf-4109-a8cc-780786b85a86",
        "score": 5,
        "thumbsUpCount": 2,
        "userImage": "https://play-lh.googleusercontent.com/a-/ALV-UjWpXX6CxG0Zc1nPzCgOftGNiLlq6Tr0NQRzKmoa5KC3bKc",
        "userName": "Abhee Savaliya"
    },
    {
        "appVersion": "1.0.5",
        "at": "2023-05-31 01:00:23",
        "content": "Awesome mining app",
        "repliedAt": null,
        "replyContent": null,
        "reviewCreatedVersion": "1.0.5",
        "reviewId": "60d57364-abec-4925-b2be-c9a464337cf3",
        "score": 5,
        "thumbsUpCount": 3,
        "userImage": "https://play-lh.googleusercontent.com/a/ACg8ocKJGoC-S1TqG3rYvi5JsLV9sLUxLn8DF7XxQRUSqH4M=mo",
        "userName": "SNEHAA GEM"
    },
    {
        "appVersion": "1.0.5",
        "at": "2023-05-29 13:30:56",
        "content": "Only one with multiple miners at once!",
        "repliedAt": null,
        "replyContent": null,
        "reviewCreatedVersion": "1.0.5",
        "reviewId": "e87f0582-771d-4dd8-a126-a3b8e735129a",
        "score": 5,
        "thumbsUpCount": 5,
        "userImage": "https://play-lh.googleusercontent.com/a-/ALV-UjXLnWU7W1_hNPDqMXKA86aUbXMyEi9FcmTXr5xBpOGtFV8",
        "userName": "Dee Ess"
    },
    {
        "appVersion": null,
        "at": "2023-05-27 03:02:06",
        "content": "Well done, legit mining app",
        "repliedAt": null,
        "replyContent": null,
        "reviewCreatedVersion": null,
        "reviewId": "93fda213-24fe-4fdc-82d9-2138ea0b3606",
        "score": 5,
        "thumbsUpCount": 4,
        "userImage": "https://play-lh.googleusercontent.com/a-/ALV-UjXxhbBuv1FFZ6lKD9aWyJE3faQVE9P2mGBoYsohaiVrs_o",
        "userName": "Parth Kothiya"
    },
    {
        "appVersion": "1.0.5",
        "at": "2023-05-26 07:25:27",
        "content": "Worth it \ud83d\udc4b\ud83d\udc4b",
        "repliedAt": null,
        "replyContent": null,
        "reviewCreatedVersion": "1.0.5",
        "reviewId": "9d471123-42a9-40da-b1d4-c42dceff4d89",
        "score": 5,
        "thumbsUpCount": 4,
        "userImage": "https://play-lh.googleusercontent.com/a-/ALV-UjUC6ylfWP8FhfL_ZxO9PNvWPHrp3r9zUpm22TiMba6BQ73v",
        "userName": "Jaimis Domadiya"
    },
    {
        "appVersion": "1.0.5",
        "at": "2023-05-26 07:07:05",
        "content": "Awesome mining app",
        "repliedAt": null,
        "replyContent": null,
        "reviewCreatedVersion": "1.0.5",
        "reviewId": "963325e6-08ef-4171-bad5-a37f167f6700",
        "score": 5,
        "thumbsUpCount": 4,
        "userImage": "https://play-lh.googleusercontent.com/a-/ALV-UjWaJoTBbaLqBGGPD2OHeooIpoIFCOHZ-wVgBegeszE5pFM",
        "userName": "Kuldeep Vagadiya"
    },
    {
        "appVersion": "1.0.5",
        "at": "2023-05-25 10:33:16",
        "content": "Legit mining app",
        "repliedAt": null,
        "replyContent": null,
        "reviewCreatedVersion": "1.0.5",
        "reviewId": "9fb675d4-dc9b-4de3-8a00-e590626d66d2",
        "score": 5,
        "thumbsUpCount": 4,
        "userImage": "https://play-lh.googleusercontent.com/a-/ALV-UjWEBVqgLEC4V3wKYp45ewP_dIQtlW2qZ4Cggv1MWE1z2JU",
        "userName": "Darshan Sheta"
    },
    {
        "appVersion": "1.0.5",
        "at": "2023-05-21 11:15:35",
        "content": "Awesome mining app",
        "repliedAt": null,
        "replyContent": null,
        "reviewCreatedVersion": "1.0.5",
        "reviewId": "fe3d16aa-1e16-43df-9bfa-c98d00221a7d",
        "score": 5,
        "thumbsUpCount": 5,
        "userImage": "https://play-lh.googleusercontent.com/a/ACg8ocKEyuZXOUha7UpV0tr0wEvGGss6eZQeUGFfEGgVZJuHiy0=mo",
        "userName": "Tejas Devani"
    },
    {
        "appVersion": "1.0.5",
        "at": "2023-05-20 08:37:59",
        "content": "Excellent",
        "repliedAt": null,
        "replyContent": null,
        "reviewCreatedVersion": "1.0.5",
        "reviewId": "dac83426-bc4b-4f3a-a635-4c747ad20b50",
        "score": 5,
        "thumbsUpCount": 4,
        "userImage": "https://play-lh.googleusercontent.com/a/ACg8ocKvaqfATGk7uEG3AqbYhjCN04ktaT7JXApjJuobMt-FMQ=mo",
        "userName": "Okechukwu.p. Ndukauba"
    },
    {
        "appVersion": "1.0.5",
        "at": "2023-05-19 13:14:37",
        "content": "Fake app no money received more than 7 days",
        "repliedAt": null,
        "replyContent": null,
        "reviewCreatedVersion": "1.0.5",
        "reviewId": "6b46001c-b52d-4e64-9e0a-9f948f52d0c4",
        "score": 1,
        "thumbsUpCount": 2,
        "userImage": "https://play-lh.googleusercontent.com/a/ACg8ocIPvsIuhXixctPm9-RdMW3nDp5yIsHVJ1y7Vu33dWQC=mo",
        "userName": "Krish Garg"
    },
    {
        "appVersion": "1.0.3",
        "at": "2023-05-15 16:25:30",
        "content": "Cool thx \ud83d\ude4f",
        "repliedAt": null,
        "replyContent": null,
        "reviewCreatedVersion": "1.0.3",
        "reviewId": "5ca3aec8-c582-4662-80e1-9720a41fe174",
        "score": 5,
        "thumbsUpCount": 3,
        "userImage": "https://play-lh.googleusercontent.com/a-/ALV-UjVFwcrBCgXL9_KB782OfI0FcsMd-difq6zsmVUx16o1GN4",
        "userName": "Jeff Turner"
    }
]