[
    {
        "appVersion": "3.0.2",
        "at": "2023-11-19 14:00:20",
        "content": "The layout and idea is nice. Thats the extent of good things. Made it through the first 5 questions of the quiz, and between outdated info, and incorrect answers, it's unusable. One of their screenshots even shows a question that's incorrect. \"Latest version of Powershell\" is not 6.0, and if you're trying to be a windows PS, and PS app, you should probably distinguish between the 2. \"Select object\" is not a command as your quiz suggests, it's \"select-object\". Good idea, poor execution.",
        "repliedAt": "2023-11-19 14:02:15",
        "replyContent": "dear user we are sorry for that. we can solve this quiz questions.\nthanks for informing our team.",
        "reviewCreatedVersion": "3.0.2",
        "reviewId": "71389a97-a556-48e9-a983-fdd81bdb846d",
        "score": 1,
        "thumbsUpCount": 0,
        "userImage": "https://play-lh.googleusercontent.com/a-/ALV-UjXyC7IB57ws292EfbvQ8JupYNsqx7Fa63yPbPQb3818HQ",
        "userName": "Josh Seaton"
    },
    {
        "appVersion": null,
        "at": "2023-11-06 19:04:46",
        "content": "Does what it says",
        "repliedAt": null,
        "replyContent": null,
        "reviewCreatedVersion": null,
        "reviewId": "f63259cc-1204-41e1-9884-1607ae49c99e",
        "score": 5,
        "thumbsUpCount": 0,
        "userImage": "https://play-lh.googleusercontent.com/a-/ALV-UjVsF8b_OkwoNlpftaUyfI7p6oXxnLI-oNRj5LXcD405gAQ",
        "userName": "Joe Rios"
    },
    {
        "appVersion": "3.0.2",
        "at": "2023-09-30 06:05:06",
        "content": "Horribly outdated and badly translated",
        "repliedAt": null,
        "replyContent": null,
        "reviewCreatedVersion": "3.0.2",
        "reviewId": "033982c6-3f8e-4c83-a8f3-6733076ca74d",
        "score": 1,
        "thumbsUpCount": 0,
        "userImage": "https://play-lh.googleusercontent.com/a-/ALV-UjX7z8jtnNconOgLKv164S8PAHaF8I-x_eAqcDsszJnyWBk",
        "userName": "Rasmus Rohde Brandt"
    },
    {
        "appVersion": "3.0.2",
        "at": "2023-07-28 13:29:07",
        "content": "Too much theoretical approach. Content is good but not at all interactive. Taking each feature ,explaining a bit and then providing real examples below, followed by short sum up quiz would be more engaging. Currently it is just like a reference book.",
        "repliedAt": "2023-08-01 08:28:24",
        "replyContent": "Dear Soumyadeep,\nWe will improve  our app as your demons ,\nPlease give 5 Star reviews.",
        "reviewCreatedVersion": "3.0.2",
        "reviewId": "0c1dac24-14b5-4637-a7a2-3153ec7f8751",
        "score": 2,
        "thumbsUpCount": 3,
        "userImage": "https://play-lh.googleusercontent.com/a-/ALV-UjWpIIibl5PBsHsGxFkxbXuMS6uJ5eLKjhnfm-s-DAD1w2s",
        "userName": "Soumyadeep Bhattacharya"
    },
    {
        "appVersion": "3.0.1",
        "at": "2023-06-01 03:20:18",
        "content": "Wow such amazing powershell learning app . Is daily quiz base system is amazing. i spent a lot of time here. heighly recommend it. Thank you developer.",
        "repliedAt": null,
        "replyContent": null,
        "reviewCreatedVersion": "3.0.1",
        "reviewId": "d041bca7-26d2-49ef-ad54-593996f679e6",
        "score": 5,
        "thumbsUpCount": 1,
        "userImage": "https://play-lh.googleusercontent.com/a-/ALV-UjVTGtwFQEbRSiDospSIPxvyMLFe-mPfvqcTPp6mTGHuhkc",
        "userName": "A_B Chandio"
    },
    {
        "appVersion": null,
        "at": "2023-05-11 05:20:09",
        "content": "Wow great learning experience i found here",
        "repliedAt": null,
        "replyContent": null,
        "reviewCreatedVersion": null,
        "reviewId": "1fc092e7-392a-40eb-893d-13da2afa8c6a",
        "score": 5,
        "thumbsUpCount": 0,
        "userImage": "https://play-lh.googleusercontent.com/a-/ALV-UjUk02KF8ioXAQyFyz1M7ISJGnHDIsJwS5OBl2FRSwzSgIE",
        "userName": "M\u00e4hrab Khan"
    },
    {
        "appVersion": null,
        "at": "2023-04-28 15:35:34",
        "content": "Could be a cool app if the translation wasn't so broken. I tried the quizz, the questions are unintelligible, and I've done a fair amount of scripting. Misspelling and typos everywhere. I wanted an app to share as a intro to scripting, this won't be the one. Edit : literally all the text. The english translation and maybe other languages need to be reworked",
        "repliedAt": "2023-04-28 09:18:00",
        "replyContent": "Dear user,\nOur team is working to add translation system and multiple languages systems. \nPlease contact \n\nmagicforstudio@gmail.com\n\nAnd send screenshot of of spelling errors and mistakes. \n\nPlease give 5 stars review.\nThank you so much.",
        "reviewCreatedVersion": null,
        "reviewId": "58ee79b8-7c67-4d11-a59b-c971cade48f1",
        "score": 1,
        "thumbsUpCount": 1,
        "userImage": "https://play-lh.googleusercontent.com/a/ACg8ocIPqJOZs2YBQAW3D1xSRWWmAWz8q5qVp7fOU3Bmnc5x6g=mo",
        "userName": "Alex"
    },
    {
        "appVersion": "3.0.0",
        "at": "2023-02-23 18:44:27",
        "content": "This app is very cool \ud83d\udc4d",
        "repliedAt": "2023-02-24 01:21:40",
        "replyContent": "Dear user thank you so much,\nPlease give 5 stars review.",
        "reviewCreatedVersion": "3.0.0",
        "reviewId": "f1d55158-bae4-4264-abf0-e43a9c580835",
        "score": 4,
        "thumbsUpCount": 0,
        "userImage": "https://play-lh.googleusercontent.com/a-/ALV-UjWTguNYhtmVTnHERWVbgvMfi6npz5N7IVPX-ZguIqXxj-g",
        "userName": "Ham Ishaya"
    },
    {
        "appVersion": null,
        "at": "2023-02-15 19:14:55",
        "content": "Terrible app. Just basic info from the net and insane amount of ads at every page. It is completely useless.",
        "repliedAt": null,
        "replyContent": null,
        "reviewCreatedVersion": null,
        "reviewId": "1aba7522-b38b-4230-88b4-b9db20c3601c",
        "score": 1,
        "thumbsUpCount": 1,
        "userImage": "https://play-lh.googleusercontent.com/a-/ALV-UjXJ8uLNzcVy5FNiVoCc5UwypV0LJKny1N_3QxP8kumhraU",
        "userName": "Sidd Mishra"
    },
    {
        "appVersion": null,
        "at": "2023-02-12 08:28:59",
        "content": "One of the best PowerShell learning application.",
        "repliedAt": null,
        "replyContent": null,
        "reviewCreatedVersion": null,
        "reviewId": "808ba5b9-520d-4fbd-8eaf-4bb8c891479a",
        "score": 5,
        "thumbsUpCount": 0,
        "userImage": "https://play-lh.googleusercontent.com/a/ACg8ocIY2LOKM3lZVIFzgb352evwPIZJSC5Zl8honAHMW0z4=mo",
        "userName": "Tayyab Sarki"
    },
    {
        "appVersion": "3.0.0",
        "at": "2023-02-10 08:13:20",
        "content": "One of the beat power she'll learning app.",
        "repliedAt": null,
        "replyContent": null,
        "reviewCreatedVersion": "3.0.0",
        "reviewId": "568693bd-39c9-4967-985a-08b2ac69707a",
        "score": 5,
        "thumbsUpCount": 0,
        "userImage": "https://play-lh.googleusercontent.com/a/ACg8ocJivtwzcaMB3T8KA_5MP9mEhW4fYr5kk9xVgpc9TfF7=mo",
        "userName": "Sheikh Hamad"
    },
    {
        "appVersion": "3.0.0",
        "at": "2023-01-07 10:19:34",
        "content": "Wow learn PowerShell and shellscrip both tutorials and quizzes are the best . Thanks development",
        "repliedAt": null,
        "replyContent": null,
        "reviewCreatedVersion": "3.0.0",
        "reviewId": "f55eff93-4999-4331-984b-ed3ea150fdee",
        "score": 5,
        "thumbsUpCount": 1,
        "userImage": "https://play-lh.googleusercontent.com/a/ACg8ocJ1zwsEW4LewkedctNhDZsCn046bxRb1KAzsu-tTl-d=mo",
        "userName": "Muhammad Irfan"
    },
    {
        "appVersion": "3.0.0",
        "at": "2023-01-03 07:02:22",
        "content": "One of the best application of learn powershell and shellscript",
        "repliedAt": null,
        "replyContent": null,
        "reviewCreatedVersion": "3.0.0",
        "reviewId": "a5560bff-8e27-459a-b1c7-378766b5c842",
        "score": 5,
        "thumbsUpCount": 0,
        "userImage": "https://play-lh.googleusercontent.com/a-/ALV-UjUasK5_-dC8wKrFSJr0-98hDYf0XSRozeyhfoflkyn-JOw",
        "userName": "PUBG GAMER"
    },
    {
        "appVersion": null,
        "at": "2022-12-26 17:31:32",
        "content": "Wow. This app is great. Specially for beginners. The content in tje app is easy to understand and very simple. Thank you to the team.\ud83d\ude0d",
        "repliedAt": "2022-12-26 17:32:43",
        "replyContent": "Dear Muhammad ! \nThanks you so much for giving us a useful rating.",
        "reviewCreatedVersion": null,
        "reviewId": "8a1bb266-02f0-4fbb-b725-6674171cccae",
        "score": 5,
        "thumbsUpCount": 0,
        "userImage": "https://play-lh.googleusercontent.com/a-/ALV-UjWJT9IJdgk4lL9iF23v1lV-vYy11B_4T2VfU5WboUHV6Dw",
        "userName": "Muhammad Umair"
    },
    {
        "appVersion": "3.0.0",
        "at": "2022-11-28 11:36:24",
        "content": "Well and complete knowledge about powershell is available in this application. Highly recommended.",
        "repliedAt": null,
        "replyContent": null,
        "reviewCreatedVersion": "3.0.0",
        "reviewId": "e76037a9-3a03-4b13-b5ac-ec6b315b80f4",
        "score": 5,
        "thumbsUpCount": 1,
        "userImage": "https://play-lh.googleusercontent.com/a-/ALV-UjWsOsRp_BrgZq6OHEXZnARrFsdC5r1xarkZXTknVY1JONs",
        "userName": "M Usman"
    },
    {
        "appVersion": "1.0.0",
        "at": "2022-11-28 07:22:01",
        "content": "Nice apps",
        "repliedAt": null,
        "replyContent": null,
        "reviewCreatedVersion": "1.0.0",
        "reviewId": "c2bde351-99c1-4e12-97d1-64a9b50fad3a",
        "score": 5,
        "thumbsUpCount": 0,
        "userImage": "https://play-lh.googleusercontent.com/a-/ALV-UjUg6HB5a2ztRyY9RtrQ2X0Pmmn7c9dci4f4o9jd-U1WwKw",
        "userName": "Mohsin Khan"
    },
    {
        "appVersion": "1.0.0",
        "at": "2022-11-28 07:10:07",
        "content": "Best app in the world",
        "repliedAt": null,
        "replyContent": null,
        "reviewCreatedVersion": "1.0.0",
        "reviewId": "549e271b-c308-4c62-84da-07b4e4df2adb",
        "score": 5,
        "thumbsUpCount": 0,
        "userImage": "https://play-lh.googleusercontent.com/a-/ALV-UjW2Ol_-RsuqWkyBh6O7Ey1xifA3v3GTxf-Vpfq3GLs1Sw",
        "userName": "Haika Ishfaq"
    },
    {
        "appVersion": "1.0.0",
        "at": "2022-11-28 05:10:40",
        "content": "nice app very easy to understand . \ud83d\udc4d",
        "repliedAt": null,
        "replyContent": null,
        "reviewCreatedVersion": "1.0.0",
        "reviewId": "82c03ab4-92a4-4ab5-96f0-f53091505ce0",
        "score": 5,
        "thumbsUpCount": 0,
        "userImage": "https://play-lh.googleusercontent.com/a/ACg8ocINNRrGfvPJWVR4HzgwvEyNzeD_WoSPcVjHvCUtSI5p=mo",
        "userName": "Misam Ali Raza"
    },
    {
        "appVersion": null,
        "at": "2022-11-28 04:59:10",
        "content": "Great app best and easy to use",
        "repliedAt": null,
        "replyContent": null,
        "reviewCreatedVersion": null,
        "reviewId": "2407a190-370a-45ca-a006-e19fd2873280",
        "score": 5,
        "thumbsUpCount": 0,
        "userImage": "https://play-lh.googleusercontent.com/a-/ALV-UjU5T7_O2MaWQSMPS8_aQAmKgGdiIUv2J_JK5cyHdzI7k70m",
        "userName": "Aurangzaib Khan"
    },
    {
        "appVersion": "1.0.0",
        "at": "2022-11-24 06:23:58",
        "content": "Wow amazing content here of both power shell and shell scrip",
        "repliedAt": null,
        "replyContent": null,
        "reviewCreatedVersion": "1.0.0",
        "reviewId": "dd762c20-4393-4790-8a7d-563340669d86",
        "score": 5,
        "thumbsUpCount": 0,
        "userImage": "https://play-lh.googleusercontent.com/a-/ALV-UjUEBtQm5cjdz3dp2NQi9MGaXl6YJVvBbJu45AhUBIeLDlc",
        "userName": "Ahmad Khan"
    }
]