[
    {
        "appVersion": "1.3.3",
        "at": "2023-09-16 14:19:56",
        "content": "It's just a Google search of images with ads",
        "repliedAt": "2023-09-18 19:54:38",
        "replyContent": "Dear User, we are sorry for the inconvenience. We want to give you better user experience. Could you give us the screenshots of Ads that disturb you most? You can email us at vorevo.apps@gmail.com.",
        "reviewCreatedVersion": "1.3.3",
        "reviewId": "532053e0-a028-4ce1-b0bd-36e3475d2597",
        "score": 1,
        "thumbsUpCount": 0,
        "userImage": "https://play-lh.googleusercontent.com/a/ACg8ocKpO_Ex1-ZwrY5fAj6Eee8nHEk9fUB9NxSjh2DBpCKS=mo",
        "userName": "Nathan Mak"
    }
]