[
    {
        "appVersion": "1.0",
        "at": "2023-11-12 12:02:51",
        "content": "Echoed Badly",
        "repliedAt": null,
        "replyContent": null,
        "reviewCreatedVersion": "1.0",
        "reviewId": "439abc3c-f754-444c-a9c0-62ca1132c3b8",
        "score": 1,
        "thumbsUpCount": 0,
        "userImage": "https://play-lh.googleusercontent.com/a/ACg8ocKgeffreFtZif4vl8LdvtuJKZimfpupqZsINgrjreLIZw=mo",
        "userName": "DUSTIN GOLLYHORN"
    },
    {
        "appVersion": null,
        "at": "2023-11-09 17:09:20",
        "content": "Downloaded app, tried to use. Ads pop up everywhere!! The icon that shows for this app is so tiny if you blink you'll miss it!! Then it asks for language and... Nothing!! Just more ads!! Never got to actual app!! Piss-poor!!",
        "repliedAt": null,
        "replyContent": null,
        "reviewCreatedVersion": null,
        "reviewId": "1355d58d-2195-4179-acae-cc4554ee08fc",
        "score": 1,
        "thumbsUpCount": 0,
        "userImage": "https://play-lh.googleusercontent.com/a-/ALV-UjXuPSUyvhWUWmoBJUAOHSYZijUeRR2ce_IvXFARGKBr_EJ1",
        "userName": "Gregory Watson"
    },
    {
        "appVersion": null,
        "at": "2023-11-05 16:50:05",
        "content": "Ok",
        "repliedAt": null,
        "replyContent": null,
        "reviewCreatedVersion": null,
        "reviewId": "4d680748-4c8c-43c6-bc79-df4dc090dd2a",
        "score": 5,
        "thumbsUpCount": 0,
        "userImage": "https://play-lh.googleusercontent.com/a-/ALV-UjUo7hh0fUFyByiR4zXvgnFgbXfPfIV-arwWP5xPnvCpAKg",
        "userName": "Rida Mohammed"
    }
]