[
    {
        "appVersion": "katilubelas",
        "at": "2023-07-20 16:18:27",
        "content": "Awesome",
        "repliedAt": null,
        "replyContent": null,
        "reviewCreatedVersion": "katilubelas",
        "reviewId": "07eb0b4f-92c0-4ace-9e50-13693506a96e",
        "score": 5,
        "thumbsUpCount": 0,
        "userImage": "https://play-lh.googleusercontent.com/a-/ALV-UjVLMa7tQb6UPrWC4cuxt3kkveKA3h5WOs2FEu_rjTU8o8V_",
        "userName": "Gulfam Ahmed"
    },
    {
        "appVersion": null,
        "at": "2023-05-12 12:34:38",
        "content": "Wow wonderful skills \ud83d\ude46\u200d\u2642\ufe0f\ud83d\ude46\u200d\u2642\ufe0f\ud83d\ude46\u200d\u2642\ufe0f",
        "repliedAt": null,
        "replyContent": null,
        "reviewCreatedVersion": null,
        "reviewId": "c1dd2fb0-81da-46e0-afc5-2dbd8eef90e2",
        "score": 5,
        "thumbsUpCount": 0,
        "userImage": "https://play-lh.googleusercontent.com/a/ACg8ocKHEM8FvgE1fofZawFrIJ0U3fXK9-oR1i2oKpvXDhho=mo",
        "userName": "Nega Yismaw"
    },
    {
        "appVersion": null,
        "at": "2022-12-12 07:16:36",
        "content": "Very easy and guidance",
        "repliedAt": null,
        "replyContent": null,
        "reviewCreatedVersion": null,
        "reviewId": "feb3a1e3-bf6f-4cba-bbd2-0b723bf32b6e",
        "score": 5,
        "thumbsUpCount": 3,
        "userImage": "https://play-lh.googleusercontent.com/a/ACg8ocItXAoyyhtEmUslk-Q9axbH57_C35-9FCcm98iLVtpD=mo",
        "userName": "Sunam"
    },
    {
        "appVersion": null,
        "at": "2022-10-12 07:25:31",
        "content": "Good",
        "repliedAt": null,
        "replyContent": null,
        "reviewCreatedVersion": null,
        "reviewId": "2e98a5fe-d488-4733-9aaa-7c925df09f8a",
        "score": 2,
        "thumbsUpCount": 0,
        "userImage": "https://play-lh.googleusercontent.com/a/ACg8ocK4K_JdobU9Jj_6hgdssGyQUVH5uwCXpyRGOENm5yPB=mo",
        "userName": "Destiny Boy"
    },
    {
        "appVersion": null,
        "at": "2022-08-26 04:11:20",
        "content": "It's good and a great app I love it",
        "repliedAt": null,
        "replyContent": null,
        "reviewCreatedVersion": null,
        "reviewId": "39d5c1bc-7131-4031-a68f-5140bdadbb9d",
        "score": 5,
        "thumbsUpCount": 1,
        "userImage": "https://play-lh.googleusercontent.com/a/ACg8ocK8Edn1YcsjnYy_muTTOobAEbiTx7sRNbbLXz-fXrPY=mo",
        "userName": "Mia Gold"
    },
    {
        "appVersion": null,
        "at": "2022-01-23 23:34:26",
        "content": "Good",
        "repliedAt": null,
        "replyContent": null,
        "reviewCreatedVersion": null,
        "reviewId": "3304313e-c645-47a9-a37b-de141077fd23",
        "score": 5,
        "thumbsUpCount": 0,
        "userImage": "https://play-lh.googleusercontent.com/a/ACg8ocIJX1rFiUXJrMquRzRJ1xAUxyDtrBv77HXc3H_EvGp4=mo",
        "userName": "saw blute htoo"
    },
    {
        "appVersion": null,
        "at": "2021-12-22 02:38:43",
        "content": "Mast",
        "repliedAt": null,
        "replyContent": null,
        "reviewCreatedVersion": null,
        "reviewId": "1bfb194b-f4fa-4c46-a4c4-9202c57500e7",
        "score": 5,
        "thumbsUpCount": 0,
        "userImage": "https://play-lh.googleusercontent.com/a/ACg8ocKfUgiO2lno7nazcVy0bMK6xR70ccEm4pagtrjZ6GBe=mo",
        "userName": "Sandyabasavaraj Kamble"
    },
    {
        "appVersion": "kasabelas",
        "at": "2021-08-17 02:13:18",
        "content": "Zayarphyo",
        "repliedAt": null,
        "replyContent": null,
        "reviewCreatedVersion": "kasabelas",
        "reviewId": "216cb9dc-947a-4bc0-baa4-5fd99ea57221",
        "score": 4,
        "thumbsUpCount": 1,
        "userImage": "https://play-lh.googleusercontent.com/a/ACg8ocIHKdvfYZXM6uqmGzSQs3MzrJw7L6crpTJplb9-MUbK=mo",
        "userName": "zayar phyo"
    },
    {
        "appVersion": null,
        "at": "2021-07-16 10:32:25",
        "content": "Good",
        "repliedAt": null,
        "replyContent": null,
        "reviewCreatedVersion": null,
        "reviewId": "128aea8e-395b-4294-802a-86fd87d4f27d",
        "score": 5,
        "thumbsUpCount": 2,
        "userImage": "https://play-lh.googleusercontent.com/a/ACg8ocJ0QTqbFy7t1ODMXBtSg_MfFXuFTHqXeT3ktOFK4DzU=mo",
        "userName": "Saroj Sabin"
    },
    {
        "appVersion": null,
        "at": "2021-04-10 11:00:14",
        "content": "Easy and understandable app",
        "repliedAt": null,
        "replyContent": null,
        "reviewCreatedVersion": null,
        "reviewId": "3a3e9e57-5b4a-40ec-a581-77683fc8cc72",
        "score": 5,
        "thumbsUpCount": 18,
        "userImage": "https://play-lh.googleusercontent.com/a-/ALV-UjVOc8zPIVVi0qnTpOVkQzUJliMYie7sukcuGsm_27VJcV4",
        "userName": "Donaldson Nyamwaro"
    },
    {
        "appVersion": null,
        "at": "2021-03-13 06:37:09",
        "content": "Good app i like offline apps",
        "repliedAt": null,
        "replyContent": null,
        "reviewCreatedVersion": null,
        "reviewId": "6ec06f12-5c92-4bf2-8402-2d2ed75e73a9",
        "score": 5,
        "thumbsUpCount": 6,
        "userImage": "https://play-lh.googleusercontent.com/a/ACg8ocJ-Ur5yy_jno82K6F9rhLmAN7VLbWIU2NNHLGdze_62=mo",
        "userName": "Robel Haish"
    },
    {
        "appVersion": "kasalapan",
        "at": "2021-02-20 09:07:30",
        "content": "Easy for learn football skills. Full offline. I love this app\ud83d\udc96",
        "repliedAt": null,
        "replyContent": null,
        "reviewCreatedVersion": "kasalapan",
        "reviewId": "0b4c449c-0765-42ea-a337-aa8d237f5842",
        "score": 5,
        "thumbsUpCount": 27,
        "userImage": "https://play-lh.googleusercontent.com/a-/ALV-UjWvRqTrVF8Ux84VXSHice4OVDJLgquIRSfXeHUSdoZTd-Y",
        "userName": "Akash Jr"
    },
    {
        "appVersion": null,
        "at": "2021-02-19 05:06:30",
        "content": "Wow",
        "repliedAt": null,
        "replyContent": null,
        "reviewCreatedVersion": null,
        "reviewId": "cbf0e988-e296-42f2-a1f1-a37242d4fa06",
        "score": 1,
        "thumbsUpCount": 1,
        "userImage": "https://play-lh.googleusercontent.com/a-/ALV-UjVex0kPTC5mBVuiAAJF3lOfMuJC7kQoX90g_FeZ--xfZRE",
        "userName": "MusTaFe MaaJid"
    },
    {
        "appVersion": "kadalapan",
        "at": "2020-10-10 04:12:58",
        "content": "My video was in neymar social handle!!!!!!!!! Thanks guys Ur the best Greetimgs from the giant of africa \ud83c\uddf3\ud83c\uddec",
        "repliedAt": null,
        "replyContent": null,
        "reviewCreatedVersion": "kadalapan",
        "reviewId": "d2f43071-0caa-42d1-8ede-37110ece75a8",
        "score": 5,
        "thumbsUpCount": 7,
        "userImage": "https://play-lh.googleusercontent.com/a/ACg8ocI6N1o602_X6PUwxvoqCMvMm6GcxDDHDdwaKeZLsnn3=mo",
        "userName": "Zakariya DanAzuMi"
    },
    {
        "appVersion": null,
        "at": "2019-09-06 14:50:54",
        "content": "It's a good app",
        "repliedAt": null,
        "replyContent": null,
        "reviewCreatedVersion": null,
        "reviewId": "44f07ca2-2426-4eee-85cb-161481bcd767",
        "score": 5,
        "thumbsUpCount": 6,
        "userImage": "https://play-lh.googleusercontent.com/EGemoI2NTXmTsBVtJqk8jxF9rh8ApRWfsIMQSt2uE4OcpQqbFu7f7NbTK05lx80nuSijCz7sc3a277R67g",
        "userName": "A Google user"
    },
    {
        "appVersion": null,
        "at": "2018-09-30 06:24:22",
        "content": "Developer",
        "repliedAt": null,
        "replyContent": null,
        "reviewCreatedVersion": null,
        "reviewId": "9907aa4a-c129-4ca9-ab64-831f6b1d50ac",
        "score": 5,
        "thumbsUpCount": 19,
        "userImage": "https://play-lh.googleusercontent.com/EGemoI2NTXmTsBVtJqk8jxF9rh8ApRWfsIMQSt2uE4OcpQqbFu7f7NbTK05lx80nuSijCz7sc3a277R67g",
        "userName": "A Google user"
    }
]