[
    {
        "appVersion": "1.1",
        "at": "2021-11-03 20:51:58",
        "content": "It does not show what you should eat",
        "repliedAt": null,
        "replyContent": null,
        "reviewCreatedVersion": "1.1",
        "reviewId": "688912b6-980b-4d27-a0d6-d54f7f0f3c4a",
        "score": 1,
        "thumbsUpCount": 0,
        "userImage": "https://play-lh.googleusercontent.com/a/ACg8ocIiXbOnvA3-g863_raN-0i4mlK0VCA1zGzcSIp4PRNs=mo",
        "userName": "rachel"
    },
    {
        "appVersion": "1.1",
        "at": "2019-04-15 09:30:16",
        "content": "very nyc app",
        "repliedAt": null,
        "replyContent": null,
        "reviewCreatedVersion": "1.1",
        "reviewId": "c85e4d26-cd60-4890-8a37-06576350d053",
        "score": 5,
        "thumbsUpCount": 2,
        "userImage": "https://play-lh.googleusercontent.com/EGemoI2NTXmTsBVtJqk8jxF9rh8ApRWfsIMQSt2uE4OcpQqbFu7f7NbTK05lx80nuSijCz7sc3a277R67g",
        "userName": "A Google user"
    }
]