[
    {
        "appVersion": "1.2.6",
        "at": "2023-11-17 01:52:03",
        "content": "I love you you are beautiful",
        "repliedAt": null,
        "replyContent": null,
        "reviewCreatedVersion": "1.2.6",
        "reviewId": "c35b55e8-5943-469f-b7e1-25473aefaf97",
        "score": 5,
        "thumbsUpCount": 0,
        "userImage": "https://play-lh.googleusercontent.com/a/ACg8ocIRYZlj7QHdgH7fTt0nPUsLzDtSI7WPnjbMLDQUwHSRBbU=mo",
        "userName": "maria lopez"
    },
    {
        "appVersion": "1.2.6",
        "at": "2023-11-10 10:49:28",
        "content": "\ud835\udd4b\ud835\udd46\ud835\udd4b\ud835\udd38\ud835\udd43 \ud835\udd4a\u2102\ud835\udd38\ud835\udd44!",
        "repliedAt": null,
        "replyContent": null,
        "reviewCreatedVersion": "1.2.6",
        "reviewId": "92fad4a8-16e7-40ae-b93c-54968fc3c9e9",
        "score": 1,
        "thumbsUpCount": 1,
        "userImage": "https://play-lh.googleusercontent.com/a-/ALV-UjWhARh7GDzw8ueXi7mzEXtXXmVHIfF15IeUxALSIx088Q",
        "userName": "Harlan Cash"
    },
    {
        "appVersion": null,
        "at": "2023-10-26 17:40:15",
        "content": "bruh this app is horrible I keep getting an error pls fix it",
        "repliedAt": null,
        "replyContent": null,
        "reviewCreatedVersion": null,
        "reviewId": "f07b70fa-bef7-4f92-ac3c-7494180c8099",
        "score": 1,
        "thumbsUpCount": 2,
        "userImage": "https://play-lh.googleusercontent.com/a-/ALV-UjX5469wHs3MSe8oONvYC0Opvn-CwssNNo_Ck8q1C_lbFQ",
        "userName": "Makayla Pate"
    },
    {
        "appVersion": "1.2.5",
        "at": "2023-10-24 06:17:45",
        "content": "I have been deceived\u2026 I thought I could create my own AI singer\u2026 I was wrong\u2026",
        "repliedAt": null,
        "replyContent": null,
        "reviewCreatedVersion": "1.2.5",
        "reviewId": "1d0a65b6-bb22-4db4-8fe4-a83fe337c2b7",
        "score": 1,
        "thumbsUpCount": 4,
        "userImage": "https://play-lh.googleusercontent.com/a-/ALV-UjVXLtVOUoRdlmIqwO-WckSBzMW3YEFmkRRZYTCsioScISc",
        "userName": "Glitchy Errors"
    },
    {
        "appVersion": "1.2.5",
        "at": "2023-10-17 09:00:18",
        "content": "I like it so far",
        "repliedAt": null,
        "replyContent": null,
        "reviewCreatedVersion": "1.2.5",
        "reviewId": "523aa04d-2e3d-49b9-8d09-e782049b4b3a",
        "score": 5,
        "thumbsUpCount": 0,
        "userImage": "https://play-lh.googleusercontent.com/a/ACg8ocIpanSkg8myGShmj7F57-tOQaVwRHM74dgSD5Y8n9zp=mo",
        "userName": "Pearl Blose"
    },
    {
        "appVersion": null,
        "at": "2023-10-09 14:56:26",
        "content": "Really horrible I'm not paying for pro version",
        "repliedAt": null,
        "replyContent": null,
        "reviewCreatedVersion": null,
        "reviewId": "982cf9df-e780-43a9-988a-580c4f1badda",
        "score": 1,
        "thumbsUpCount": 1,
        "userImage": "https://play-lh.googleusercontent.com/a-/ALV-UjVScZIqF1KwUIcNHlXz6M8Pr2YTIb32Cq-9a2GrPmIXjIQ",
        "userName": "Slenderman Fan"
    },
    {
        "appVersion": null,
        "at": "2023-10-06 11:24:47",
        "content": "It sucks ,when I use the app the voice remain same and unchanged",
        "repliedAt": null,
        "replyContent": null,
        "reviewCreatedVersion": null,
        "reviewId": "302c6a7f-d65b-48f9-896b-5d2dfdf4aa3e",
        "score": 1,
        "thumbsUpCount": 3,
        "userImage": "https://play-lh.googleusercontent.com/a/ACg8ocL4weRdJhw1sY4OzGunyT9YOjGmsPIs8ptaY1xiI3Ix=mo",
        "userName": "Dharma Sanskriti"
    },
    {
        "appVersion": "1.2.3",
        "at": "2023-10-01 10:07:56",
        "content": "Awesome!",
        "repliedAt": null,
        "replyContent": null,
        "reviewCreatedVersion": "1.2.3",
        "reviewId": "37aa1d44-ad4c-4406-ae87-7ff1a0fa44e6",
        "score": 5,
        "thumbsUpCount": 0,
        "userImage": "https://play-lh.googleusercontent.com/a-/ALV-UjXL8LJOwX2OFZQHpOyzY9jRAbDGdjn5y0lre68SoeIoRXIo",
        "userName": "Hiro Hamada"
    },
    {
        "appVersion": "1.2.3",
        "at": "2023-09-28 09:46:19",
        "content": "All it does is say the adio is not clear and everything and jts really annoying so don't get it",
        "repliedAt": null,
        "replyContent": null,
        "reviewCreatedVersion": "1.2.3",
        "reviewId": "ff42eded-b379-49b6-9e12-0a98151fd733",
        "score": 1,
        "thumbsUpCount": 0,
        "userImage": "https://play-lh.googleusercontent.com/a/ACg8ocIJAks8YRcQeqeXP4pHdZ5Qp_8hQSP3E_I1SJqZDNsw=mo",
        "userName": "Michael Candelaria12"
    },
    {
        "appVersion": null,
        "at": "2023-09-27 23:46:14",
        "content": "Needs more AI voices but other than that it'a pretty good. 3 rappers out of 5 singers",
        "repliedAt": null,
        "replyContent": null,
        "reviewCreatedVersion": null,
        "reviewId": "b74e2abe-9520-47d1-be4a-649c49cf6b7c",
        "score": 3,
        "thumbsUpCount": 5,
        "userImage": "https://play-lh.googleusercontent.com/a-/ALV-UjWyZxAV11Toy5uvdiZ530VVLqXUdqXCE3fwDd6kWFpr7JU",
        "userName": "Gavin"
    },
    {
        "appVersion": "1.2.2",
        "at": "2023-09-20 20:29:19",
        "content": "I love it.",
        "repliedAt": null,
        "replyContent": null,
        "reviewCreatedVersion": "1.2.2",
        "reviewId": "10f6e02b-8f86-4551-9095-adff751bfaca",
        "score": 5,
        "thumbsUpCount": 1,
        "userImage": "https://play-lh.googleusercontent.com/a-/ALV-UjU8FYBJoG9-yvumWg-hKY2xPHR0nhQ4mBT17Dy8df2HuYE",
        "userName": "Michael Denson Jr"
    },
    {
        "appVersion": null,
        "at": "2023-09-16 19:23:13",
        "content": "Don't download, Just don't.",
        "repliedAt": null,
        "replyContent": null,
        "reviewCreatedVersion": null,
        "reviewId": "0da80e37-cd4a-4c97-af7d-c2fd03446e22",
        "score": 1,
        "thumbsUpCount": 2,
        "userImage": "https://play-lh.googleusercontent.com/a/ACg8ocJWUboBx0M3K5eGoFPIspegsl3FZ0BzyVv_MGwe__I4SQ=mo",
        "userName": "Audrey TaborWeber"
    },
    {
        "appVersion": null,
        "at": "2023-09-08 00:17:43",
        "content": "You get one free generation before it forces you to subscribe to premium.",
        "repliedAt": null,
        "replyContent": null,
        "reviewCreatedVersion": null,
        "reviewId": "e8927fc6-2a0e-446a-b641-af2a59129026",
        "score": 2,
        "thumbsUpCount": 1,
        "userImage": "https://play-lh.googleusercontent.com/a-/ALV-UjXTPdGE8bRQIsQjNrEOjmxUf-MQdVz151SIUijQPq4eQg0",
        "userName": "Christopher Tillack"
    },
    {
        "appVersion": "1.2.0",
        "at": "2023-09-07 20:13:22",
        "content": "Muy mala",
        "repliedAt": null,
        "replyContent": null,
        "reviewCreatedVersion": "1.2.0",
        "reviewId": "62e93c75-e860-487f-9b3b-7fe08227b3b5",
        "score": 1,
        "thumbsUpCount": 0,
        "userImage": "https://play-lh.googleusercontent.com/a-/ALV-UjUHrI3MxkNdOCgN9rSiZHbIj3JL2DjrtkRp0a-rbuWoOVE",
        "userName": "Loli Music Records."
    },
    {
        "appVersion": "1.0.0",
        "at": "2023-08-18 17:09:13",
        "content": "It doesnt even work",
        "repliedAt": "2023-08-22 07:03:51",
        "replyContent": "Apologies for the inconvenience. We encountered a temporary problem, but it has now been resolved. Kindly give it another attempt.",
        "reviewCreatedVersion": "1.0.0",
        "reviewId": "bccecae7-dc5a-46c4-8394-81ff764e5283",
        "score": 1,
        "thumbsUpCount": 2,
        "userImage": "https://play-lh.googleusercontent.com/a-/ALV-UjV1xhf0WY9sXF40ejBh_w0GLEfQi9v7wiDMvb4MUDZ5mYA",
        "userName": "Joe Turd"
    }
]