[
    {
        "appVersion": "1.3.2",
        "at": "2023-06-27 18:21:19",
        "content": "Nice",
        "repliedAt": "2023-06-28 17:50:31",
        "replyContent": "Thank you for your support",
        "reviewCreatedVersion": "1.3.2",
        "reviewId": "aab0fbfb-5654-4fdb-b918-27d0bb5e8573",
        "score": 5,
        "thumbsUpCount": 3,
        "userImage": "https://play-lh.googleusercontent.com/a/ACg8ocLRWi9C7OYK8kS05WKM7pKAXHaIhKNDjU_FLkZaxBna=mo",
        "userName": "Christiana Yusuf"
    },
    {
        "appVersion": "1.3.2",
        "at": "2023-05-07 09:41:42",
        "content": "so good",
        "repliedAt": "2023-05-10 19:47:50",
        "replyContent": "Thanks for taking out time to rate us. It really helps us to keep going and delivering the best :)",
        "reviewCreatedVersion": "1.3.2",
        "reviewId": "fd51cdb4-1d38-4829-8ec6-9939eb724208",
        "score": 5,
        "thumbsUpCount": 2,
        "userImage": "https://play-lh.googleusercontent.com/a-/ALV-UjWcJjsSEJT0rO5IImsrz99EOnBl_9q197Cve2RxnUO54Q",
        "userName": "Nada Hzlkom"
    },
    {
        "appVersion": "1.3.2",
        "at": "2023-03-25 21:35:38",
        "content": "A very nice app Buh will be difficult 4 some peole to use",
        "repliedAt": "2023-03-26 02:52:47",
        "replyContent": "Dear User, really appreciate your suggestion. We will consider it and improve our app in the new version. If you have questions or suggestions please contact us at vorevo.apps@gmail.com.",
        "reviewCreatedVersion": "1.3.2",
        "reviewId": "a4f39eaa-bc70-4800-a645-cf35475c7076",
        "score": 2,
        "thumbsUpCount": 0,
        "userImage": "https://play-lh.googleusercontent.com/a/ACg8ocJQsO1-TKMlRcRPPH91VN6zotcA1AAwAg-LcwSQZRU=mo",
        "userName": "Oheneba Akwasi Atuahene-Bonsu"
    }
]