[
    {
        "appVersion": "1.3.3",
        "at": "2023-08-14 07:00:53",
        "content": "I love this app! I've been looking for beginners help with painting and this one has been the easiest and most user friendly app I've found.",
        "repliedAt": "2023-08-15 09:36:53",
        "replyContent": "Thanks for your review! Please recommend our app to your friends, and don\u2019t hesitate to shoot us a note at vorevo.apps@gmail.com if you have any questions.",
        "reviewCreatedVersion": "1.3.3",
        "reviewId": "24ae8406-c17c-4d3e-86d4-bf8813f953b9",
        "score": 5,
        "thumbsUpCount": 0,
        "userImage": "https://play-lh.googleusercontent.com/a-/ALV-UjXju8wpSc9HI-DdLng5bkIkjc74QbQUL6Q3ayJOTJsccq0",
        "userName": "Sassy B"
    },
    {
        "appVersion": "1.3.2",
        "at": "2023-05-07 10:30:03",
        "content": "Love. It",
        "repliedAt": "2023-05-10 19:47:06",
        "replyContent": "Thanks for your love. If you have any questions, please contact us at vorevo.apps@gmail.com.",
        "reviewCreatedVersion": "1.3.2",
        "reviewId": "8b9f4786-2352-4b0a-94bb-b7f3ef4b2b17",
        "score": 5,
        "thumbsUpCount": 0,
        "userImage": "https://play-lh.googleusercontent.com/a-/ALV-UjUwsLqbrIu7CUIuoAjo6Sv4cEELEGhCOi2_PnTZghLVyw",
        "userName": "Rosa Lansard"
    }
]