[
    {
        "appVersion": null,
        "at": "2021-12-17 00:34:10",
        "content": "I love this game \u2764\ufe0f\u2764\ufe0f\u2764\ufe0f\u2764\ufe0f\u2764\ufe0f\u2764\ufe0f\u2764\ufe0f\u2764\ufe0f\u2764\ufe0f",
        "repliedAt": null,
        "replyContent": null,
        "reviewCreatedVersion": null,
        "reviewId": "afe87f0a-32c5-438f-badf-b633784fb36c",
        "score": 3,
        "thumbsUpCount": 0,
        "userImage": "https://play-lh.googleusercontent.com/a-/ALV-UjUKL-4utsi87HKzaJUjlVr7kSqkfq0tx2avgz7nh61dNZw",
        "userName": "Krishna Bihari Sahu"
    }
]