[
    {
        "appVersion": "1.0",
        "at": "2023-10-13 11:47:42",
        "content": "Ad Central. Couldn't be bothered with it",
        "repliedAt": null,
        "replyContent": null,
        "reviewCreatedVersion": "1.0",
        "reviewId": "040efe35-c24a-40c8-915f-707c3d451bff",
        "score": 1,
        "thumbsUpCount": 0,
        "userImage": "https://play-lh.googleusercontent.com/a-/ALV-UjU6EB6IzfxAGjgQVefZZZooD_J-_oLjeYhCyyjAaibb8RY",
        "userName": "Andy Berry"
    },
    {
        "appVersion": "1.0",
        "at": "2023-10-02 05:22:18",
        "content": "Totally time and data loss .... No use of this apps... Never install it",
        "repliedAt": null,
        "replyContent": null,
        "reviewCreatedVersion": "1.0",
        "reviewId": "e6647f98-f6ff-4268-840b-a1a3c9b07d3c",
        "score": 1,
        "thumbsUpCount": 1,
        "userImage": "https://play-lh.googleusercontent.com/a-/ALV-UjXAi22LEuj3x3S9l3uzFBereM_et8gFtKXyGl4w3w3wIQzf",
        "userName": "DHARMVEER JATAV"
    },
    {
        "appVersion": null,
        "at": "2023-09-09 12:55:22",
        "content": "How do you use this app? No instructions and can't find button to get a reading.",
        "repliedAt": null,
        "replyContent": null,
        "reviewCreatedVersion": null,
        "reviewId": "caef928d-28d1-4bf1-aee8-90a34c70a6be",
        "score": 1,
        "thumbsUpCount": 0,
        "userImage": "https://play-lh.googleusercontent.com/a-/ALV-UjUtP14GnEfwb6cCZWBqH0sV0WUN2VbB7_qUtzBV5nClzvp4",
        "userName": "Guy Pipili"
    },
    {
        "appVersion": "1.0",
        "at": "2023-09-03 02:25:21",
        "content": "Worse",
        "repliedAt": null,
        "replyContent": null,
        "reviewCreatedVersion": "1.0",
        "reviewId": "8e06750d-79dc-4dd4-a23a-773d3f01c250",
        "score": 1,
        "thumbsUpCount": 0,
        "userImage": "https://play-lh.googleusercontent.com/a/ACg8ocIMHk3ER4gb_EH4bFnkVfgy3WH1nhj7VDdda6qNEhQY=mo",
        "userName": "Asish Ghosh"
    },
    {
        "appVersion": "1.0",
        "at": "2023-09-02 20:52:19",
        "content": "Spam",
        "repliedAt": null,
        "replyContent": null,
        "reviewCreatedVersion": "1.0",
        "reviewId": "10c0a12d-39e1-4137-a346-446732589359",
        "score": 1,
        "thumbsUpCount": 0,
        "userImage": "https://play-lh.googleusercontent.com/a/ACg8ocIX5gPhI8XOvqY-OT5g51TRBbcxTTODZvbBB8eRYaRv=mo",
        "userName": "chok wave"
    },
    {
        "appVersion": "1.0",
        "at": "2023-08-31 12:34:09",
        "content": "\u09b8\u09aa\u09bf\u0995",
        "repliedAt": null,
        "replyContent": null,
        "reviewCreatedVersion": "1.0",
        "reviewId": "19767d94-cd39-4343-b195-731946235668",
        "score": 5,
        "thumbsUpCount": 0,
        "userImage": "https://play-lh.googleusercontent.com/a/ACg8ocJM3zb1lvPutjZNREVk-PbTktlHixrZmaYuNYgQvmgM=mo",
        "userName": "Shafiq Shafiqq"
    },
    {
        "appVersion": null,
        "at": "2023-08-14 01:47:48",
        "content": "Useless",
        "repliedAt": null,
        "replyContent": null,
        "reviewCreatedVersion": null,
        "reviewId": "d06de3d7-0595-43ac-a9d8-8ce3fb460e85",
        "score": 1,
        "thumbsUpCount": 0,
        "userImage": "https://play-lh.googleusercontent.com/a-/ALV-UjWtjU9uzQGoRiPwnk25Dj4cDmZKl0mWjAu47yAOwNhy09bN",
        "userName": "Abhinav Mishra"
    },
    {
        "appVersion": "1.0",
        "at": "2023-08-08 15:27:23",
        "content": "Can not even take a reading because I cannot get past Ads!!!",
        "repliedAt": null,
        "replyContent": null,
        "reviewCreatedVersion": "1.0",
        "reviewId": "8fc097f7-6772-4186-bbd4-f54f58cae9de",
        "score": 1,
        "thumbsUpCount": 4,
        "userImage": "https://play-lh.googleusercontent.com/a/ACg8ocJg77BhDlUrP9-vgjfaLjzmtgzFT4ZasbwyrBjp-nmM=mo",
        "userName": "Greg Colomy"
    },
    {
        "appVersion": "1.0",
        "at": "2023-08-08 09:50:54",
        "content": "Worst app ever",
        "repliedAt": null,
        "replyContent": null,
        "reviewCreatedVersion": "1.0",
        "reviewId": "59816761-b918-4e53-a158-349328f03ee4",
        "score": 1,
        "thumbsUpCount": 0,
        "userImage": "https://play-lh.googleusercontent.com/a-/ALV-UjVRMPNYKOESpFSXilL6YeykDbqCkIiKaaFTM-Ev8IPGHQ",
        "userName": "\u300eRTX\u300f GUJJAR"
    },
    {
        "appVersion": null,
        "at": "2023-08-04 00:41:05",
        "content": "Literally just ads.",
        "repliedAt": null,
        "replyContent": null,
        "reviewCreatedVersion": null,
        "reviewId": "458dd1af-9650-49e5-87d9-5d5f522f926d",
        "score": 1,
        "thumbsUpCount": 0,
        "userImage": "https://play-lh.googleusercontent.com/a/ACg8ocI7TbnYmChBOjkv4mT4C8HVmBSCPP52uqhR4vLw6V9E=mo",
        "userName": "Maria Schillaci"
    },
    {
        "appVersion": null,
        "at": "2023-07-16 05:37:20",
        "content": "Tried to use it and after 15 minutes gave up and used phones buttons to come out of app, Reason could not find buttons or anyway to do anything apart from start a add. I mean anything I touched the screen a add started and then you found a X and you think great stop everything but no only add stops. You try touching the app and another add starts up. THIS IS ONLY A PLACE FOR ADDS AND NOTHING ELSE AS FAR AS I AM CONCERNED",
        "repliedAt": null,
        "replyContent": null,
        "reviewCreatedVersion": null,
        "reviewId": "adce6d06-00b4-4f4f-bb66-f8076959ef96",
        "score": 1,
        "thumbsUpCount": 7,
        "userImage": "https://play-lh.googleusercontent.com/a/ACg8ocJh5vXnW4xMgrboBNsyUqgjqcFYUb9hVTxOh930cfmY=mo",
        "userName": "John Moore"
    },
    {
        "appVersion": "1.0",
        "at": "2023-07-07 22:28:23",
        "content": "I could not find the way to make it work. The UI is awful.",
        "repliedAt": null,
        "replyContent": null,
        "reviewCreatedVersion": "1.0",
        "reviewId": "50282c19-cf19-4731-8630-11c29d89e2cc",
        "score": 1,
        "thumbsUpCount": 4,
        "userImage": "https://play-lh.googleusercontent.com/a/ACg8ocI8F14Rg_vlur0EAZEd7K1mUghsfrb9fvCIJBam6ug_=mo",
        "userName": "Gregory Lepsky"
    },
    {
        "appVersion": "1.0",
        "at": "2023-07-04 02:51:06",
        "content": "Accuration is good",
        "repliedAt": null,
        "replyContent": null,
        "reviewCreatedVersion": "1.0",
        "reviewId": "bc86b27f-8282-4c0b-a663-92dd47bfe42b",
        "score": 5,
        "thumbsUpCount": 0,
        "userImage": "https://play-lh.googleusercontent.com/a-/ALV-UjX8MRHrQivo9jlBq0ei-Lb8xVTFWXXs-UbqQ8aqqxnyJso",
        "userName": "Vista Embedded"
    },
    {
        "appVersion": "1.0",
        "at": "2023-06-28 13:31:34",
        "content": "Wow most usable oxygen tracker app",
        "repliedAt": null,
        "replyContent": null,
        "reviewCreatedVersion": "1.0",
        "reviewId": "07d7dc37-f9d2-4e5f-8b6d-c7540c8e076e",
        "score": 5,
        "thumbsUpCount": 1,
        "userImage": "https://play-lh.googleusercontent.com/a/ACg8ocKRGpUs6HuY9bv1762XkvayJ_0AS0ZSbSWM4OXmFmhR=mo",
        "userName": "Richis Nakrani"
    },
    {
        "appVersion": "1.0",
        "at": "2023-06-26 01:48:48",
        "content": "Very nice \ud83d\udc4d\ud83d\udc4d",
        "repliedAt": null,
        "replyContent": null,
        "reviewCreatedVersion": "1.0",
        "reviewId": "c1159142-7eeb-441f-a59b-d1f20cd7f243",
        "score": 5,
        "thumbsUpCount": 0,
        "userImage": "https://play-lh.googleusercontent.com/a-/ALV-UjXRkAZ2v68ue3OElPBtVlIKBpDFnxrsLfQJZ9GVBuhLAA",
        "userName": "amit patel"
    },
    {
        "appVersion": "1.0",
        "at": "2023-06-26 01:45:23",
        "content": "Oxygen level tracker is very accurate application...very good app...",
        "repliedAt": null,
        "replyContent": null,
        "reviewCreatedVersion": "1.0",
        "reviewId": "d5c19e04-b8e4-4830-84ad-885f90c78b09",
        "score": 5,
        "thumbsUpCount": 1,
        "userImage": "https://play-lh.googleusercontent.com/a/ACg8ocJm1Xm21SzQPUqOv0o2QMMLfvizw8U-008CSaDf8Ra0=mo",
        "userName": "Umesh Patel"
    },
    {
        "appVersion": "1.0",
        "at": "2023-06-26 01:40:33",
        "content": "Nice app to save o2 level record",
        "repliedAt": null,
        "replyContent": null,
        "reviewCreatedVersion": "1.0",
        "reviewId": "2433abc6-6292-4338-baf4-dc45d0b51e35",
        "score": 5,
        "thumbsUpCount": 1,
        "userImage": "https://play-lh.googleusercontent.com/a/ACg8ocJJyJBEZOhj0R6FxCL5RmQjd8uMwfUQV5qSWOYN93bO=mo",
        "userName": "Patel Manish"
    },
    {
        "appVersion": "1.0",
        "at": "2023-06-21 12:14:10",
        "content": "Poor",
        "repliedAt": null,
        "replyContent": null,
        "reviewCreatedVersion": "1.0",
        "reviewId": "4d3816ac-71f7-4505-b9f6-036301c98c0f",
        "score": 1,
        "thumbsUpCount": 0,
        "userImage": "https://play-lh.googleusercontent.com/a-/ALV-UjWZtqqDNfInCy3YKiGIwNsP2iap5fi_N5S47go-pp0RDA",
        "userName": "Pradeep Kumar"
    },
    {
        "appVersion": null,
        "at": "2023-06-13 13:42:30",
        "content": "I don't have a credit card sorry",
        "repliedAt": null,
        "replyContent": null,
        "reviewCreatedVersion": null,
        "reviewId": "e664c076-edac-47d8-97f9-e511b4584eb4",
        "score": 1,
        "thumbsUpCount": 0,
        "userImage": "https://play-lh.googleusercontent.com/a-/ALV-UjUbSHRkTf6smnPX3qeS8-Rn6sKzVpnB0DuroYbNlMBUFQ",
        "userName": "Michael Graul"
    },
    {
        "appVersion": null,
        "at": "2023-06-11 08:48:38",
        "content": "Wants credit card if free u don't need one",
        "repliedAt": null,
        "replyContent": null,
        "reviewCreatedVersion": null,
        "reviewId": "30303c35-31cb-4b88-94fd-459e97b7cf44",
        "score": 1,
        "thumbsUpCount": 2,
        "userImage": "https://play-lh.googleusercontent.com/a/ACg8ocJ7PgKfu5ZvsRzPPmBBovYy-hhblNWmD-bHVRB1fglH=mo",
        "userName": "Jennifer Taylor"
    },
    {
        "appVersion": null,
        "at": "2023-06-07 16:34:57",
        "content": "Asked me for a Credit card . A no..no for me",
        "repliedAt": null,
        "replyContent": null,
        "reviewCreatedVersion": null,
        "reviewId": "416de4ef-6a6e-4488-9712-22f028790476",
        "score": 1,
        "thumbsUpCount": 0,
        "userImage": "https://play-lh.googleusercontent.com/a-/ALV-UjVn321k7LuB5eM4CBsryqWyL9WC0Tan4Vp6jXfsLtIMwgg",
        "userName": "Bianca quiltAquilt"
    },
    {
        "appVersion": "1.0",
        "at": "2023-06-02 01:09:30",
        "content": "Not sure what it is supposed to do, but it isn't doing anything at all, other than ads",
        "repliedAt": null,
        "replyContent": null,
        "reviewCreatedVersion": "1.0",
        "reviewId": "664e57f8-de61-4cba-bd45-d6ed14c85f37",
        "score": 1,
        "thumbsUpCount": 4,
        "userImage": "https://play-lh.googleusercontent.com/a/ACg8ocJxisHGObQidl4vJSfzq1HvvGhm3rdioSm9HBtZEY7-=mo",
        "userName": "Albina Dzyaloshinskaya"
    },
    {
        "appVersion": null,
        "at": "2023-06-01 05:23:28",
        "content": "Just ad after ad. No measurements made",
        "repliedAt": null,
        "replyContent": null,
        "reviewCreatedVersion": null,
        "reviewId": "17e3e15a-7fc4-4030-b01b-e71fe4d10754",
        "score": 1,
        "thumbsUpCount": 0,
        "userImage": "https://play-lh.googleusercontent.com/a-/ALV-UjWpzRNCDe_cboP1wfld7PELGCDKvJrqgBcmBoKwp-ahLadd",
        "userName": "doon stairs"
    },
    {
        "appVersion": null,
        "at": "2023-05-26 08:09:46",
        "content": "So hard to use if it is of any use.",
        "repliedAt": null,
        "replyContent": null,
        "reviewCreatedVersion": null,
        "reviewId": "f7e85d0b-c7df-4900-835a-3423bf6fbbc5",
        "score": 1,
        "thumbsUpCount": 0,
        "userImage": "https://play-lh.googleusercontent.com/a-/ALV-UjX0RCOzExRnkwX2Zu6jdCOoPANxdSoBYICHe5RO5SBj4X8",
        "userName": "Alinda Mondal"
    },
    {
        "appVersion": "1.0",
        "at": "2023-05-18 00:20:04",
        "content": "Complete scam.. Just an Ad..",
        "repliedAt": null,
        "replyContent": null,
        "reviewCreatedVersion": "1.0",
        "reviewId": "793337e4-c386-49fb-a94a-f6df2445a0f2",
        "score": 1,
        "thumbsUpCount": 0,
        "userImage": "https://play-lh.googleusercontent.com/a-/ALV-UjWtXmSDMN8wP8d9mnfB2tZiHz4Iq-hChBmgMmmz00rG9w-u",
        "userName": "Jonathan Frankfurt"
    },
    {
        "appVersion": "1.0",
        "at": "2023-05-14 04:48:00",
        "content": "Bakvaas",
        "repliedAt": null,
        "replyContent": null,
        "reviewCreatedVersion": "1.0",
        "reviewId": "16d87c93-5f1c-4ae4-9669-b5795ab1bc3a",
        "score": 1,
        "thumbsUpCount": 0,
        "userImage": "https://play-lh.googleusercontent.com/a/ACg8ocKrc3hMhobwJis4UskcAX7V33mp4jK-_axxITUoIyCq=mo",
        "userName": "Priti Anand"
    },
    {
        "appVersion": "1.0",
        "at": "2023-05-06 02:26:51",
        "content": "Not works",
        "repliedAt": null,
        "replyContent": null,
        "reviewCreatedVersion": "1.0",
        "reviewId": "bb93ad06-f3a2-4896-8566-b2d56486bcc7",
        "score": 1,
        "thumbsUpCount": 0,
        "userImage": "https://play-lh.googleusercontent.com/a/ACg8ocJWh_zersmZRg18noS1I7tal9beroPyU1xqW6qXESk=mo",
        "userName": "Ari Martono"
    },
    {
        "appVersion": null,
        "at": "2023-05-04 21:10:01",
        "content": "It's just ads. Don't bother",
        "repliedAt": null,
        "replyContent": null,
        "reviewCreatedVersion": null,
        "reviewId": "a8c31806-f926-4097-ac5a-ad5a22fb0641",
        "score": 1,
        "thumbsUpCount": 0,
        "userImage": "https://play-lh.googleusercontent.com/a-/ALV-UjURqe-0hBqeSJTKMnvDNkh1f_NrWMZZqWQG8bOckmU4sdM",
        "userName": "Terry Sirius"
    },
    {
        "appVersion": "1.0",
        "at": "2023-04-17 21:27:22",
        "content": "Not a reader app",
        "repliedAt": null,
        "replyContent": null,
        "reviewCreatedVersion": "1.0",
        "reviewId": "cd0690bb-4bdb-4ad0-9bc6-104044d3f312",
        "score": 1,
        "thumbsUpCount": 0,
        "userImage": "https://play-lh.googleusercontent.com/a/ACg8ocJbWncRHackjw-apHfFm9JJtRKaa8oc7iiAqfcrsstY=mo",
        "userName": "Aoife"
    }
]