[
    {
        "appVersion": "0.4",
        "at": "2023-11-17 04:57:57",
        "content": "Rauskdeqy sgsiwr wgris",
        "repliedAt": null,
        "replyContent": null,
        "reviewCreatedVersion": "0.4",
        "reviewId": "db7040c8-4839-47a3-aaed-04996e0dde30",
        "score": 4,
        "thumbsUpCount": 0,
        "userImage": "https://play-lh.googleusercontent.com/a/ACg8ocIzWJPh_5oD5UTV-DviHZ0Y9-bTyWJYR80330qsGsxG=mo",
        "userName": "Amarat Parmar"
    },
    {
        "appVersion": null,
        "at": "2023-11-16 23:23:48",
        "content": "hnd sya ma install sa cp ko yawa!!",
        "repliedAt": null,
        "replyContent": null,
        "reviewCreatedVersion": null,
        "reviewId": "20ab77a4-6c19-4a4c-be8e-309c3c50fb9a",
        "score": 1,
        "thumbsUpCount": 0,
        "userImage": "https://play-lh.googleusercontent.com/a-/ALV-UjXSsILdKnwnGWx7AcgLychGsvbaw8Id0T_BBRQJpR5DlQ",
        "userName": "Aaron Galle"
    },
    {
        "appVersion": null,
        "at": "2023-10-24 10:13:20",
        "content": "Good",
        "repliedAt": null,
        "replyContent": null,
        "reviewCreatedVersion": null,
        "reviewId": "b7125b33-5560-4412-b5d4-df65fc0d85af",
        "score": 2,
        "thumbsUpCount": 0,
        "userImage": "https://play-lh.googleusercontent.com/a/ACg8ocIuS3mg9dXLblEraiG8aWecfxvn5ZpDb1SnHp6KjNmv=mo",
        "userName": "Shahzaib Shah"
    },
    {
        "appVersion": null,
        "at": "2023-10-21 12:26:54",
        "content": "this game is the best \u2764\ufe0f",
        "repliedAt": null,
        "replyContent": null,
        "reviewCreatedVersion": null,
        "reviewId": "05257113-3787-42af-b1f7-0a630ff36d22",
        "score": 5,
        "thumbsUpCount": 0,
        "userImage": "https://play-lh.googleusercontent.com/a/ACg8ocLmQw-Gq55cI4CrSOVJgiyKrz5DUt6tqTqEbHUtIpbk=mo",
        "userName": "Zenobe Vosloo"
    },
    {
        "appVersion": null,
        "at": "2023-10-18 09:26:31",
        "content": "What a nice game",
        "repliedAt": null,
        "replyContent": null,
        "reviewCreatedVersion": null,
        "reviewId": "2781f97d-cf64-43bf-912e-16414a61c6ff",
        "score": 5,
        "thumbsUpCount": 0,
        "userImage": "https://play-lh.googleusercontent.com/a/ACg8ocJ1yUaVeGpLv1XtKZltmuCDxRGgklA8j3lF_0o0APY4=mo",
        "userName": "Petet Banda"
    },
    {
        "appVersion": "0.4",
        "at": "2023-10-02 08:02:19",
        "content": "Extremely good",
        "repliedAt": null,
        "replyContent": null,
        "reviewCreatedVersion": "0.4",
        "reviewId": "07c88e84-9e90-4108-84b1-6003c7c1f8da",
        "score": 5,
        "thumbsUpCount": 0,
        "userImage": "https://play-lh.googleusercontent.com/a/ACg8ocKgaAbDFEe_x1SdUlDcsC7-p0ycnLhBoHE0EbPVnIop=mo",
        "userName": "david kimani"
    },
    {
        "appVersion": "0.4",
        "at": "2023-09-14 04:19:46",
        "content": "I like. It",
        "repliedAt": null,
        "replyContent": null,
        "reviewCreatedVersion": "0.4",
        "reviewId": "5411fcc8-2282-409b-a535-c3d1515f7663",
        "score": 5,
        "thumbsUpCount": 2,
        "userImage": "https://play-lh.googleusercontent.com/a/ACg8ocIwqHwiIRbJjBEGQ6RK27Dfim2rXjq6PPY9-GsTytgS=mo",
        "userName": "ernest aluge"
    },
    {
        "appVersion": null,
        "at": "2023-09-12 04:01:23",
        "content": "Polizia",
        "repliedAt": null,
        "replyContent": null,
        "reviewCreatedVersion": null,
        "reviewId": "23a66b0b-15e8-44f0-8f97-45762367d493",
        "score": 5,
        "thumbsUpCount": 1,
        "userImage": "https://play-lh.googleusercontent.com/a/ACg8ocJzpwYLUk5hjVgzvFCHeqdxRFWkvUbf_bBWa_IqHby1=mo",
        "userName": "Hooria Ali"
    },
    {
        "appVersion": null,
        "at": "2023-08-17 14:52:42",
        "content": "Quite interactive",
        "repliedAt": null,
        "replyContent": null,
        "reviewCreatedVersion": null,
        "reviewId": "171d3841-21ed-4b52-b4f3-c2ddd4f893af",
        "score": 5,
        "thumbsUpCount": 2,
        "userImage": "https://play-lh.googleusercontent.com/a/ACg8ocIgGPotOpqE8jz9BmLXqiG4U271TiWpTUHL2cZsIZ9P=mo",
        "userName": "Fareed Ismail"
    },
    {
        "appVersion": null,
        "at": "2023-08-13 19:29:18",
        "content": "Mmm",
        "repliedAt": null,
        "replyContent": null,
        "reviewCreatedVersion": null,
        "reviewId": "028e5c86-d998-43ce-a919-36ae93beda83",
        "score": 5,
        "thumbsUpCount": 0,
        "userImage": "https://play-lh.googleusercontent.com/a-/ALV-UjVr343WjhHe_jHSjvmgaxSA2cHqCKQuKp7-lYq2iPM0Pg",
        "userName": "BIBOSCOTT ally"
    },
    {
        "appVersion": "0.4",
        "at": "2023-08-11 19:57:25",
        "content": "\u0627\u0644\u062c\u0648\u062f\u0647 \u062e\u0631\u0627\u0627\u0627\u0627\u0627\u0627\u0627 \u0627\u0644\u0644\u0639\u0628\u0647 \u062e\u0631\u0627\u0627\u0627\u0627\u0627\u0627\u0627 \u0645\u062d\u062f\u0634 \u064a\u062d\u0645\u0644\u0647\u0627",
        "repliedAt": null,
        "replyContent": null,
        "reviewCreatedVersion": "0.4",
        "reviewId": "0b2b9cd1-4202-4bdb-8933-0c2af54fbae5",
        "score": 1,
        "thumbsUpCount": 0,
        "userImage": "https://play-lh.googleusercontent.com/a/ACg8ocJrssqfBkN60Mh7F-d5dRr--0DlotAJFjoNSZxtWQj7=mo",
        "userName": "Sarah Raafat"
    },
    {
        "appVersion": "0.4",
        "at": "2023-08-10 11:35:52",
        "content": "The game is awesome i want the title of the song",
        "repliedAt": null,
        "replyContent": null,
        "reviewCreatedVersion": "0.4",
        "reviewId": "eb3ddd03-7151-431c-a397-0247b50a6374",
        "score": 5,
        "thumbsUpCount": 19,
        "userImage": "https://play-lh.googleusercontent.com/a-/ALV-UjXySC_BohM63ZMLhVFoB46X9MT5mRA1dR54eFeeKhhMZg",
        "userName": "Joseph Mutondo"
    },
    {
        "appVersion": null,
        "at": "2023-07-29 08:48:29",
        "content": "I've it",
        "repliedAt": null,
        "replyContent": null,
        "reviewCreatedVersion": null,
        "reviewId": "69aa24b2-afcb-4f64-9702-b9b67330579b",
        "score": 5,
        "thumbsUpCount": 3,
        "userImage": "https://play-lh.googleusercontent.com/a/ACg8ocIXZkMj6hCYG1BRNebnfogr2wDwauhDMe-CorF_-BIi=mo",
        "userName": "Onalo Mhobo"
    },
    {
        "appVersion": null,
        "at": "2023-07-26 08:19:11",
        "content": "Seehi",
        "repliedAt": null,
        "replyContent": null,
        "reviewCreatedVersion": null,
        "reviewId": "eb22ffa7-fa9b-44db-a699-d3de0b7ce512",
        "score": 1,
        "thumbsUpCount": 1,
        "userImage": "https://play-lh.googleusercontent.com/a/ACg8ocJO2Nk6U3a-5IIrb0ixg3xDeqYgh5Z1gjrO3ttcGtWr=mo",
        "userName": "Sabeer N"
    },
    {
        "appVersion": null,
        "at": "2023-07-20 13:37:17",
        "content": "Worse game ever",
        "repliedAt": null,
        "replyContent": null,
        "reviewCreatedVersion": null,
        "reviewId": "7ce56e39-8c4e-4483-8e9f-5901eee7649f",
        "score": 1,
        "thumbsUpCount": 0,
        "userImage": "https://play-lh.googleusercontent.com/a/ACg8ocJMRZAo6qNT5S7FEV6dzgCxbozL-xJq2xcmL-g4hXe_=mo",
        "userName": "Siphosethu Shongwe"
    },
    {
        "appVersion": null,
        "at": "2023-07-12 08:05:14",
        "content": "This game is not nice bro I play and 1 srtar broooo",
        "repliedAt": null,
        "replyContent": null,
        "reviewCreatedVersion": null,
        "reviewId": "c191905d-4637-4e0b-aa17-2532dfda2925",
        "score": 1,
        "thumbsUpCount": 0,
        "userImage": "https://play-lh.googleusercontent.com/a/ACg8ocIphiBwaX3hlYwfquwa8fWSudJrr_qyloSt-h0yxE4y=mo",
        "userName": "Monique Ewulu"
    },
    {
        "appVersion": null,
        "at": "2023-07-01 17:09:15",
        "content": "I like the game \ud83d\udc4d so much",
        "repliedAt": null,
        "replyContent": null,
        "reviewCreatedVersion": null,
        "reviewId": "989ed80a-5d98-4751-bc21-88cab4dea480",
        "score": 5,
        "thumbsUpCount": 3,
        "userImage": "https://play-lh.googleusercontent.com/a/ACg8ocKdiFlPtKytOiFng3n4IJTHvjZ9umrF18eNYjsqnUzo=mo",
        "userName": "Chidera Kayode"
    },
    {
        "appVersion": null,
        "at": "2023-06-27 08:13:28",
        "content": "What a beautiful app so interesting and good",
        "repliedAt": null,
        "replyContent": null,
        "reviewCreatedVersion": null,
        "reviewId": "ae8845d6-61be-4fd8-b2ff-0b2ade140a82",
        "score": 5,
        "thumbsUpCount": 2,
        "userImage": "https://play-lh.googleusercontent.com/a/ACg8ocL9xiEHm5uXX1gUJbEH2baY3TrfJ48ch4cLAjQqxjrw=mo",
        "userName": "Folasayo Oluwatola"
    },
    {
        "appVersion": "0.4",
        "at": "2023-06-23 18:58:21",
        "content": "\ud83d\ude24\ud83d\ude24\ud83d\ude24\ud83d\ude24\ud83d\ude24\ud83d\ude24\ud83d\ude24\ud83d\ude24\ud83d\ude24",
        "repliedAt": null,
        "replyContent": null,
        "reviewCreatedVersion": "0.4",
        "reviewId": "38a5d766-ae76-48ef-8451-f560469efe35",
        "score": 1,
        "thumbsUpCount": 1,
        "userImage": "https://play-lh.googleusercontent.com/a/ACg8ocJXM4IbqG_xEtHaGdKfBsK_dXut4UeKF0NtVW5AQAkZ=mo",
        "userName": "Nicolas Bokika"
    },
    {
        "appVersion": null,
        "at": "2023-06-23 10:48:10",
        "content": "It's difficult to control the car",
        "repliedAt": null,
        "replyContent": null,
        "reviewCreatedVersion": null,
        "reviewId": "ac62c50c-5144-43ae-866b-3d7d7579e92b",
        "score": 2,
        "thumbsUpCount": 4,
        "userImage": "https://play-lh.googleusercontent.com/a/ACg8ocL5TP-cMA06zNivd_AjHxTDtuWA4rwSfEcD1F66wIkX=mo",
        "userName": "Kreshanka Caesar"
    },
    {
        "appVersion": null,
        "at": "2023-05-31 11:12:23",
        "content": "The most worst game I have ever played in my life. Very bad graphics so bad this 1 star they do not deserve.",
        "repliedAt": null,
        "replyContent": null,
        "reviewCreatedVersion": null,
        "reviewId": "ac857fba-7e80-48f7-b21b-17246f9cfb2f",
        "score": 1,
        "thumbsUpCount": 40,
        "userImage": "https://play-lh.googleusercontent.com/a-/ALV-UjWMlEFrO8AJ6yUQi_2yYzO-FuqqhC_PEu5f4h6ncsn3lQ",
        "userName": "Ekachukwu Osiegbu"
    },
    {
        "appVersion": "0.4",
        "at": "2023-05-08 20:38:56",
        "content": "It's a rubber and nonsense games... The graphic is totally nonsense",
        "repliedAt": null,
        "replyContent": null,
        "reviewCreatedVersion": "0.4",
        "reviewId": "e87d1ef7-0c59-4fe2-9a0c-f5f9bc2c7d7b",
        "score": 1,
        "thumbsUpCount": 42,
        "userImage": "https://play-lh.googleusercontent.com/a-/ALV-UjVWdSHSM8_GgzXEcXo-iQ3Q3XHCfAk1leMgfQKoMo-tYd8",
        "userName": "Daniel Jackson"
    },
    {
        "appVersion": null,
        "at": "2023-05-01 13:37:37",
        "content": "Best of the game ever",
        "repliedAt": "2023-05-02 00:27:24",
        "replyContent": "We are truly happy that you enjoyed our game. Thank you so much for your evaluation. Your praise will help us to create more interesting games.",
        "reviewCreatedVersion": null,
        "reviewId": "c51f3580-7111-4478-a27b-c42212e18653",
        "score": 5,
        "thumbsUpCount": 3,
        "userImage": "https://play-lh.googleusercontent.com/a/ACg8ocL5CpaJWzyOOB9BIVH0HrfCcY6FyIemPKtFw82YpLAb=mo",
        "userName": "Siyamthanda Ncobo"
    },
    {
        "appVersion": "0.4",
        "at": "2023-04-04 03:04:17",
        "content": "3rd Level Not Work And Change Map \ud83d\ude21\ud83d\ude21\ud83d\ude21\ud83d\ude21\ud83d\ude21",
        "repliedAt": null,
        "replyContent": null,
        "reviewCreatedVersion": "0.4",
        "reviewId": "0e15da84-aa90-469d-b6dc-376e7c9e4e86",
        "score": 1,
        "thumbsUpCount": 28,
        "userImage": "https://play-lh.googleusercontent.com/a-/ALV-UjUdVdQb7wfU7wdArS8Qd0XDj55-VYdrpByZ_XL_gCUXYyM",
        "userName": "dhaval shah"
    },
    {
        "appVersion": null,
        "at": "2023-03-25 06:38:27",
        "content": "Its a very interesting game",
        "repliedAt": null,
        "replyContent": null,
        "reviewCreatedVersion": null,
        "reviewId": "445b1f44-5108-433e-bd16-141ca502a436",
        "score": 5,
        "thumbsUpCount": 4,
        "userImage": "https://play-lh.googleusercontent.com/a/ACg8ocKvaIQuiMvMgqrr8Rphedr4qB478qef4VhU1yiWite5=mo",
        "userName": "Michael Ekeson"
    },
    {
        "appVersion": null,
        "at": "2023-03-18 17:18:25",
        "content": "I give this a 0 star cause it literally nothing like it says it is and it sucks.",
        "repliedAt": null,
        "replyContent": null,
        "reviewCreatedVersion": null,
        "reviewId": "af86d671-1131-49d4-8a3b-a2e90c88124b",
        "score": 1,
        "thumbsUpCount": 4,
        "userImage": "https://play-lh.googleusercontent.com/a-/ALV-UjVz5_pydEHEK8yAkWPb5Z_4X6ZC8mhjLdBzjhl8OyuUcQ",
        "userName": "LMX LDs"
    }
]