[
    {
        "appVersion": "1.0",
        "at": "2023-11-18 22:45:01",
        "content": "This app say your withdraw is credited to account but not sent money",
        "repliedAt": null,
        "replyContent": null,
        "reviewCreatedVersion": "1.0",
        "reviewId": "9bbe197f-2a87-4c48-910e-b8d9d31ad5af",
        "score": 1,
        "thumbsUpCount": 0,
        "userImage": "https://play-lh.googleusercontent.com/a/ACg8ocLxRWewo6zK2z48iqVfKUWxZU2IJNkWk2XMXJEXY7w5=mo",
        "userName": "Sunil Neupane"
    },
    {
        "appVersion": "1.0",
        "at": "2023-11-18 19:41:27",
        "content": "So very good \ud83c\udf1f\ud83c\udf1f\ud83c\udf1f",
        "repliedAt": null,
        "replyContent": null,
        "reviewCreatedVersion": "1.0",
        "reviewId": "85f879c8-9e07-4680-9315-7ebda37e090b",
        "score": 5,
        "thumbsUpCount": 0,
        "userImage": "https://play-lh.googleusercontent.com/a-/ALV-UjUqw8JChghca-NMgrHi0bO10F7KqQ4S01bgGGG716BOqmo",
        "userName": "Denis Sina"
    },
    {
        "appVersion": "1.0",
        "at": "2023-11-17 20:35:20",
        "content": "Honestly ads not loading kindly fix it ..when i click on start mining ads not loading..make smooth performance for all android version's device..I have smart phone with android 8 version",
        "repliedAt": null,
        "replyContent": null,
        "reviewCreatedVersion": "1.0",
        "reviewId": "5c32b246-1e03-4471-807a-4aa110edc438",
        "score": 5,
        "thumbsUpCount": 0,
        "userImage": "https://play-lh.googleusercontent.com/a-/ALV-UjVoZVGcEegFXrj0H_sukGl9_g90gvmCfX7VKlbxWM4MHt4",
        "userName": "Ansar Abbas"
    },
    {
        "appVersion": "1.0",
        "at": "2023-11-17 09:05:51",
        "content": "I give one star because they haven't pay my money and It's like I waisted time on the app",
        "repliedAt": null,
        "replyContent": null,
        "reviewCreatedVersion": "1.0",
        "reviewId": "843e2b0b-3985-492e-9be2-5d3cec65e0b2",
        "score": 1,
        "thumbsUpCount": 0,
        "userImage": "https://play-lh.googleusercontent.com/a/ACg8ocKLbS0kJLuO3bLDps_JtmJ3rGAzPmEu3XyWRnZhfPMz=mo",
        "userName": "Ayuk Geneva David Emile"
    },
    {
        "appVersion": "1.0",
        "at": "2023-11-17 01:51:24",
        "content": "Don't kyc complete please can you help me some how we can do this complete now I am giving one star when withdraw then I give five star",
        "repliedAt": null,
        "replyContent": null,
        "reviewCreatedVersion": "1.0",
        "reviewId": "32c878f2-0628-4af0-9a61-aa71e716c0b2",
        "score": 1,
        "thumbsUpCount": 0,
        "userImage": "https://play-lh.googleusercontent.com/a/ACg8ocJByYGXw_ywE3Yv5AcfPi9N7OBmGXa0fttYgTg_vp-L=mo",
        "userName": "Shahzaib Hameed"
    },
    {
        "appVersion": "1.0",
        "at": "2023-11-16 01:32:03",
        "content": "not recived withdrawl i work perivous three day",
        "repliedAt": null,
        "replyContent": null,
        "reviewCreatedVersion": "1.0",
        "reviewId": "0528bb72-e240-4899-b96a-3767214ffdb7",
        "score": 4,
        "thumbsUpCount": 0,
        "userImage": "https://play-lh.googleusercontent.com/a-/ALV-UjWOcekubaMe5h7sLPpQwUQkstCBTJQ3bSRDk9c-Q06A0Q",
        "userName": "Muhammad Iqran"
    },
    {
        "appVersion": "1.0",
        "at": "2023-11-13 05:08:27",
        "content": "Scam alert \u2757\u2757",
        "repliedAt": null,
        "replyContent": null,
        "reviewCreatedVersion": "1.0",
        "reviewId": "663ef470-a7bb-4580-9185-d39dd53efbf6",
        "score": 1,
        "thumbsUpCount": 0,
        "userImage": "https://play-lh.googleusercontent.com/a/ACg8ocIDDdWYKbjwOvG1z87EN-DxJWx24O3NNM_logGNoius=mo",
        "userName": "Prisca Akinyi"
    },
    {
        "appVersion": "1.0",
        "at": "2023-11-12 11:20:30",
        "content": "I try to give this 4star for now. If I reach the target points and it is true withdraw this I change it to 5star and I will promote this to all my family and friends.",
        "repliedAt": null,
        "replyContent": null,
        "reviewCreatedVersion": "1.0",
        "reviewId": "a0415b38-1642-4a74-bd24-088fba4508d9",
        "score": 4,
        "thumbsUpCount": 0,
        "userImage": "https://play-lh.googleusercontent.com/a/ACg8ocLrOCo8W9bONrOkRQS7QBZiK33mHXII1lYUAWs0ODq5yw=mo",
        "userName": "Andrew Berto"
    },
    {
        "appVersion": "1.0",
        "at": "2023-11-11 19:54:46",
        "content": "Scam",
        "repliedAt": null,
        "replyContent": null,
        "reviewCreatedVersion": "1.0",
        "reviewId": "512ae43f-63ee-438a-afbc-6b3cea3378bf",
        "score": 1,
        "thumbsUpCount": 0,
        "userImage": "https://play-lh.googleusercontent.com/a-/ALV-UjV_W3mjPwATpB8aLZT0pZD8byO3V9zgjPbeWk1QlUXN54c",
        "userName": "claudiu rusu"
    },
    {
        "appVersion": null,
        "at": "2023-11-10 02:48:40",
        "content": "Very good mining application, But I m looking further to see withdrawal",
        "repliedAt": null,
        "replyContent": null,
        "reviewCreatedVersion": null,
        "reviewId": "abb22280-b5b2-4ff2-aa16-67b0a8d1336d",
        "score": 3,
        "thumbsUpCount": 0,
        "userImage": "https://play-lh.googleusercontent.com/a-/ALV-UjXro49QHvosUK6OX2oHGe-Zi-8HV1OdD8NyWZgnuQKgld0",
        "userName": "Alhaji abubakar Umar"
    }
]