[
    {
        "appVersion": "0.6",
        "at": "2023-11-17 13:00:38",
        "content": "I love free hair run game like this it's funi love games that are free",
        "repliedAt": null,
        "replyContent": null,
        "reviewCreatedVersion": "0.6",
        "reviewId": "7ee1eaeb-5d4d-4b05-ad8a-d219594b0e04",
        "score": 5,
        "thumbsUpCount": 0,
        "userImage": "https://play-lh.googleusercontent.com/a/ACg8ocK2KrghodCMZuLaBXL4W6myWQgH8zmyRAlbwnJbDBBU=mo",
        "userName": "Evon E"
    },
    {
        "appVersion": "2",
        "at": "2023-02-11 08:24:56",
        "content": "very difficult to control",
        "repliedAt": null,
        "replyContent": null,
        "reviewCreatedVersion": "2",
        "reviewId": "ff25603f-68cb-4715-b563-3b3e08a01929",
        "score": 3,
        "thumbsUpCount": 0,
        "userImage": "https://play-lh.googleusercontent.com/a/ACg8ocIta5clf5UvwpG0LWxtkxwj-UCGMStMKXy6tlQN5zUt=mo",
        "userName": "Mahdi Musa"
    },
    {
        "appVersion": null,
        "at": "2023-01-25 11:41:54",
        "content": "Very annoying experience literally very very bad just hated",
        "repliedAt": null,
        "replyContent": null,
        "reviewCreatedVersion": null,
        "reviewId": "859a9223-19d3-4a3b-bbcc-f7d37d4350ee",
        "score": 1,
        "thumbsUpCount": 0,
        "userImage": "https://play-lh.googleusercontent.com/a-/ALV-UjUzFRjPcImZqtmYSv4eXDFHfCUWe1-vePUNj5DHOQbyyA",
        "userName": "cizim x art"
    },
    {
        "appVersion": null,
        "at": "2022-12-03 16:11:55",
        "content": "My child love this game",
        "repliedAt": null,
        "replyContent": null,
        "reviewCreatedVersion": null,
        "reviewId": "fce9caad-93d4-455a-9cc8-983265297e55",
        "score": 5,
        "thumbsUpCount": 0,
        "userImage": "https://play-lh.googleusercontent.com/a/ACg8ocJHxS-NN4C2OikMZTXf6_BdCAEzaEmOJknJWh8axqyY=mo",
        "userName": "Julia Nyambi"
    },
    {
        "appVersion": null,
        "at": "2022-10-06 14:57:33",
        "content": "Hair cuallange 3 d is s good game u must be downloaded in our mobile****",
        "repliedAt": null,
        "replyContent": null,
        "reviewCreatedVersion": null,
        "reviewId": "27146e8f-b362-4953-8dfb-5fd7842b2ce1",
        "score": 5,
        "thumbsUpCount": 1,
        "userImage": "https://play-lh.googleusercontent.com/a/ACg8ocI5xptFR3PkROe9Od6CoQjQ0evyK1txOzGtDElrog0R=mo",
        "userName": "Waseem Saleem 1MY (1MY)"
    },
    {
        "appVersion": null,
        "at": "2022-10-06 12:28:21",
        "content": "Hair challenge 3d it is wonderful easy install enjoy every moment I like it easy install. )....",
        "repliedAt": null,
        "replyContent": null,
        "reviewCreatedVersion": null,
        "reviewId": "c4187f28-3bb1-4222-a472-d96381fe9418",
        "score": 5,
        "thumbsUpCount": 2,
        "userImage": "https://play-lh.googleusercontent.com/a/ACg8ocIQ6hEQWIHwPlD5PxoL0QwxSOjtvUdBFjSfZReT-RTp=mo",
        "userName": "Sean Wong"
    },
    {
        "appVersion": null,
        "at": "2022-10-06 12:11:47",
        "content": "Hair challenge is very popular and interesting game.I daily use and plying it.)...",
        "repliedAt": null,
        "replyContent": null,
        "reviewCreatedVersion": null,
        "reviewId": "f8114abf-fb9d-43e6-9070-f5cf597dee63",
        "score": 5,
        "thumbsUpCount": 0,
        "userImage": "https://play-lh.googleusercontent.com/a/ACg8ocL1cHM5oDwPxgYAS_xxEsmP6c3iehd2wB7AEuxfNpId=mo",
        "userName": "Gersi Musaj"
    },
    {
        "appVersion": null,
        "at": "2022-10-06 10:50:29",
        "content": "Hair challenges 3d girl is very good game. Easy to use, graphics are very good I like to play this game ****",
        "repliedAt": null,
        "replyContent": null,
        "reviewCreatedVersion": null,
        "reviewId": "674f63b4-9461-4599-83b0-3ce0d04fdcea",
        "score": 5,
        "thumbsUpCount": 2,
        "userImage": "https://play-lh.googleusercontent.com/a/ACg8ocJrS23EHiLxHHph5U0TyeUlUj6w75htmxPw1iP7648w=mo",
        "userName": "Faria 16my"
    },
    {
        "appVersion": null,
        "at": "2022-10-06 09:52:23",
        "content": "Superb exciting new design of most popular optimized user interface game...!",
        "repliedAt": null,
        "replyContent": null,
        "reviewCreatedVersion": null,
        "reviewId": "e3203b9e-715a-4b37-8a89-8f757bde9a57",
        "score": 5,
        "thumbsUpCount": 0,
        "userImage": "https://play-lh.googleusercontent.com/a/ACg8ocLr2Ero77FypUgfjWyn6NMt-tdLfmxhwG1GTynnhsGT=mo",
        "userName": "Gary Farlow"
    },
    {
        "appVersion": null,
        "at": "2022-10-06 09:48:48",
        "content": "Hair challenge 3d girl runner games a awesome this a well fantastic the good using the game application --",
        "repliedAt": null,
        "replyContent": null,
        "reviewCreatedVersion": null,
        "reviewId": "2d517064-714a-432f-b7db-b626de1f65a9",
        "score": 5,
        "thumbsUpCount": 0,
        "userImage": "https://play-lh.googleusercontent.com/a/ACg8ocIlpgWXyZ5yllxYZ5F3w1_QtB_icyJijmqVjwYW7nmu=mo",
        "userName": "Karter Richard Jw"
    },
    {
        "appVersion": null,
        "at": "2022-10-06 07:31:34",
        "content": "Hair challenge 3dd is very good and very awesome --",
        "repliedAt": null,
        "replyContent": null,
        "reviewCreatedVersion": null,
        "reviewId": "233f42d1-848c-4fce-9346-eaa1eda79325",
        "score": 5,
        "thumbsUpCount": 0,
        "userImage": "https://play-lh.googleusercontent.com/a/ACg8ocK93aH6YtcYzSqS3-IkJ8nQ0jkhx_TVDf1b1OI1LDXI=mo",
        "userName": "Jini Jinoq"
    },
    {
        "appVersion": null,
        "at": "2022-10-06 06:26:24",
        "content": "Hair Challenge I am very impressed with the new one app and high quality and the fantastic app...",
        "repliedAt": null,
        "replyContent": null,
        "reviewCreatedVersion": null,
        "reviewId": "0ac8ae15-93b5-40c6-b92e-a392878a13d9",
        "score": 5,
        "thumbsUpCount": 0,
        "userImage": "https://play-lh.googleusercontent.com/a/ACg8ocL7fWUUaGhD-b-gaGhsfMqTV2gO3A2OEgvXDmeWHfrJ=mo",
        "userName": "Hannah Hanny"
    },
    {
        "appVersion": null,
        "at": "2022-10-06 06:21:25",
        "content": "Hair challenge game is this a science fiction game I m enjoy game --",
        "repliedAt": null,
        "replyContent": null,
        "reviewCreatedVersion": null,
        "reviewId": "09724e3c-3835-4a90-bd8a-26283475d39c",
        "score": 5,
        "thumbsUpCount": 0,
        "userImage": "https://play-lh.googleusercontent.com/a/ACg8ocJDKf5TPTLv_T-14w3Ga4m5fBcKEVMvL4mvndezjvk=mo",
        "userName": "sahab ak"
    },
    {
        "appVersion": null,
        "at": "2022-10-06 05:53:03",
        "content": "This is amazing so wonderful game any people use everyday so brilliant game I love it. )...",
        "repliedAt": null,
        "replyContent": null,
        "reviewCreatedVersion": null,
        "reviewId": "e1a601ed-81ad-4355-accd-421eff29b7a0",
        "score": 5,
        "thumbsUpCount": 0,
        "userImage": "https://play-lh.googleusercontent.com/a/ACg8ocI2gFKmo9qNZfB0W18CjjLD9AkuBdsOgGaKY_MmJbKS=mo",
        "userName": "Brian Arnold"
    },
    {
        "appVersion": null,
        "at": "2022-10-06 05:29:55",
        "content": "Hair challenge 3d girl runner game is nice game.This app has too much fun.I like it ...",
        "repliedAt": null,
        "replyContent": null,
        "reviewCreatedVersion": null,
        "reviewId": "561f9aa3-f743-40fa-b0b6-289c389953c3",
        "score": 5,
        "thumbsUpCount": 0,
        "userImage": "https://play-lh.googleusercontent.com/a/ACg8ocIdUh_rE3vxbk5DR3lZuah5VRvvGsnJr_r8fYLS5O9C=mo",
        "userName": "Victor Jon 7"
    },
    {
        "appVersion": null,
        "at": "2022-10-06 05:00:58",
        "content": "Hair Challenge 3d girl runner it's a very good game I have played this unique game --",
        "repliedAt": null,
        "replyContent": null,
        "reviewCreatedVersion": null,
        "reviewId": "a44be29e-8d13-4d59-ac26-386c3be353d4",
        "score": 5,
        "thumbsUpCount": 0,
        "userImage": "https://play-lh.googleusercontent.com/a-/ALV-UjWN4IFHChjLDsxuL1SP9jYKK1I35uSN2kM7GRw-TDSjew",
        "userName": "Asad Butt AAA"
    },
    {
        "appVersion": null,
        "at": "2022-10-06 04:14:26",
        "content": "Hair challenge 3d this is very nice and amazing game it's very easy to use and download ****",
        "repliedAt": null,
        "replyContent": null,
        "reviewCreatedVersion": null,
        "reviewId": "a4577b02-954b-404f-99c5-bfaee4e9f71d",
        "score": 5,
        "thumbsUpCount": 1,
        "userImage": "https://play-lh.googleusercontent.com/a/ACg8ocKei1drx8mtZ2NTCZMO-3OoHSKS2AL_UAySiWZGNI2e=mo",
        "userName": "Azaan Ali 2MY"
    },
    {
        "appVersion": null,
        "at": "2022-10-06 03:10:49",
        "content": "Hair challenge 3d is good graphics game application with best color combinations at background...",
        "repliedAt": null,
        "replyContent": null,
        "reviewCreatedVersion": null,
        "reviewId": "5f71607e-05f0-419b-acdc-a9b853a29d41",
        "score": 5,
        "thumbsUpCount": 0,
        "userImage": "https://play-lh.googleusercontent.com/a/ACg8ocJ_PjLjDwm3TtwLWMx5hzCqqgcBQb9kctBsGWHNhDE4=mo",
        "userName": "Nora 1mh"
    },
    {
        "appVersion": null,
        "at": "2022-10-06 02:08:06",
        "content": "It is such an interesting game...",
        "repliedAt": null,
        "replyContent": null,
        "reviewCreatedVersion": null,
        "reviewId": "9bab0cf8-caca-47cd-950a-107ed3dc0b54",
        "score": 5,
        "thumbsUpCount": 0,
        "userImage": "https://play-lh.googleusercontent.com/a/ACg8ocJmiLhOFNjUyff17SIblyJMRQpJNJqKTsd7TrnbKPiV=mo",
        "userName": "Fruity Alex MI"
    },
    {
        "appVersion": null,
        "at": "2022-10-05 14:44:16",
        "content": "Very enjoyable game .. I really like it.. features are good.. I used to play this in my free time...",
        "repliedAt": null,
        "replyContent": null,
        "reviewCreatedVersion": null,
        "reviewId": "4e009d9e-1d6f-430a-bb75-b0c69f61cadc",
        "score": 5,
        "thumbsUpCount": 1,
        "userImage": "https://play-lh.googleusercontent.com/a/ACg8ocKiTAeIDKVk-LhXp8ajQOW0YqBs4CjfoYSYbTiYDFYL=mo",
        "userName": "Hamna \u201cR2\u201d Kuri"
    },
    {
        "appVersion": null,
        "at": "2022-10-05 14:18:13",
        "content": "Hair challenge 3d girl game is beautiful.its graphics is wounder full.i like it .\ud83d\udc4c\ud83d\udc4c",
        "repliedAt": null,
        "replyContent": null,
        "reviewCreatedVersion": null,
        "reviewId": "db6863ad-f10c-4743-8ac3-cd2d83f63781",
        "score": 5,
        "thumbsUpCount": 0,
        "userImage": "https://play-lh.googleusercontent.com/a/ACg8ocJ_VHuCFeMVCaNSjbYak67daZDQ9VzPzt0T9ws4PKR4=mo",
        "userName": "Ahmad Haseeb toney"
    },
    {
        "appVersion": null,
        "at": "2022-10-05 03:39:08",
        "content": "It is a great game.it is an outstanding idea of developers...",
        "repliedAt": null,
        "replyContent": null,
        "reviewCreatedVersion": null,
        "reviewId": "07b39e3d-fa1c-4d6b-94f3-d49a515815b5",
        "score": 5,
        "thumbsUpCount": 0,
        "userImage": "https://play-lh.googleusercontent.com/a/ACg8ocIkEU-kD48fENcyf80ds3Q5MUWTjl-fD8Z7teYIUK3R=mo",
        "userName": "Jveria Ali MI"
    },
    {
        "appVersion": null,
        "at": "2022-10-04 14:00:10",
        "content": "This crazy hair master challenging gun game lets you take part in a crazy race ...",
        "repliedAt": null,
        "replyContent": null,
        "reviewCreatedVersion": null,
        "reviewId": "a0bb6bfe-05fe-446c-b2a0-2f49d595a74f",
        "score": 5,
        "thumbsUpCount": 0,
        "userImage": "https://play-lh.googleusercontent.com/a/ACg8ocI4h9kWxaPHstqgisIVPZ7kSDo2k0BtxXVhvOiGsmKt=mo",
        "userName": "Kinza Hashim MR"
    },
    {
        "appVersion": null,
        "at": "2022-10-04 13:20:19",
        "content": "This aap is very interesting...",
        "repliedAt": null,
        "replyContent": null,
        "reviewCreatedVersion": null,
        "reviewId": "ba44c683-53a2-41e5-9e85-1973108b9541",
        "score": 5,
        "thumbsUpCount": 0,
        "userImage": "https://play-lh.googleusercontent.com/a/ACg8ocIFEFzm2EZKbWDal1gFrNi9S-Pq0ByTSDpemHCNUIoa=mo",
        "userName": "Taha Taha kkk"
    },
    {
        "appVersion": null,
        "at": "2022-10-04 12:19:41",
        "content": "Its very outstanding game one of the brilliant gamd ...",
        "repliedAt": null,
        "replyContent": null,
        "reviewCreatedVersion": null,
        "reviewId": "d04fd8ed-7c53-498f-a8c4-9cd47d48c5aa",
        "score": 5,
        "thumbsUpCount": 0,
        "userImage": "https://play-lh.googleusercontent.com/a/ACg8ocL7yEJb5X8koAMzKh2qe4KW_B106OeSJFOC9MI-Gfvz=mo",
        "userName": "David Anjio IJ"
    },
    {
        "appVersion": null,
        "at": "2022-10-04 11:58:19",
        "content": "Very amazing app with 3d and fantastic features...",
        "repliedAt": null,
        "replyContent": null,
        "reviewCreatedVersion": null,
        "reviewId": "4c39a259-672e-425c-9c6e-b09e2a026604",
        "score": 5,
        "thumbsUpCount": 0,
        "userImage": "https://play-lh.googleusercontent.com/a/ACg8ocIeZh-UYCITYg2JeVdDmDZJx1t9jkp_QxMVuGlkT6j-=mo",
        "userName": "Azka 1mh"
    },
    {
        "appVersion": null,
        "at": "2022-10-04 11:37:24",
        "content": "Hair challenge is super fastly playing game. Its full of joyment game...",
        "repliedAt": null,
        "replyContent": null,
        "reviewCreatedVersion": null,
        "reviewId": "77d7bc2d-d2ea-427d-87a7-bca3929f8567",
        "score": 5,
        "thumbsUpCount": 0,
        "userImage": "https://play-lh.googleusercontent.com/a/ACg8ocInVSlYWWH95Xfz27PGz0o8YZI05S30jGLEL_zC-BAk=mo",
        "userName": "Slamat Khan98"
    },
    {
        "appVersion": null,
        "at": "2022-10-04 10:55:08",
        "content": "Hair challange 3d girl runner app is so realistic app...... Super play quality.... I like it ...",
        "repliedAt": null,
        "replyContent": null,
        "reviewCreatedVersion": null,
        "reviewId": "5cdee98d-4bbf-4e28-a636-1a80e23bfbcb",
        "score": 5,
        "thumbsUpCount": 0,
        "userImage": "https://play-lh.googleusercontent.com/a/ACg8ocIVkRborygkGFqp3vjxfqv7tAQ8h8FiH0JCu6HOb3m-=mo",
        "userName": "Home 15 az"
    },
    {
        "appVersion": null,
        "at": "2022-10-04 10:44:38",
        "content": "This is best app good amazing apps ...",
        "repliedAt": null,
        "replyContent": null,
        "reviewCreatedVersion": null,
        "reviewId": "27460de8-fead-46a6-8ebb-050fbd5592d6",
        "score": 5,
        "thumbsUpCount": 0,
        "userImage": "https://play-lh.googleusercontent.com/a/ACg8ocKGcmWvd2k3fQ-ntbpb5fuu7yWrYLgZHCQCi43cqSzT=mo",
        "userName": "Khan Khan2"
    },
    {
        "appVersion": null,
        "at": "2022-10-04 10:36:28",
        "content": "This application is fantastic really amazing game with advance features really like it...",
        "repliedAt": null,
        "replyContent": null,
        "reviewCreatedVersion": null,
        "reviewId": "e1c597e9-949a-467c-a972-a0f2c95367b0",
        "score": 5,
        "thumbsUpCount": 0,
        "userImage": "https://play-lh.googleusercontent.com/a-/ALV-UjXOfkGMxe4S1Js3GVvfQb4FozmS56GjOGf7LedBW-hk0g",
        "userName": "Zally7 566"
    },
    {
        "appVersion": null,
        "at": "2022-10-04 09:23:32",
        "content": "Hair challenge 3d girl running game is interesting ...",
        "repliedAt": null,
        "replyContent": null,
        "reviewCreatedVersion": null,
        "reviewId": "e8be217d-f78b-458e-8ba0-d0e11ccc0c35",
        "score": 5,
        "thumbsUpCount": 1,
        "userImage": "https://play-lh.googleusercontent.com/a-/ALV-UjX-oZAmowMqlOIcDX-4T4FHmWsxvz11GhtZ1crEn0e20Q",
        "userName": "Alizbeth Alizbeth UA"
    },
    {
        "appVersion": null,
        "at": "2022-10-04 06:51:36",
        "content": "Amazing game...",
        "repliedAt": null,
        "replyContent": null,
        "reviewCreatedVersion": null,
        "reviewId": "56711312-8eb9-4165-a32f-b5edb78d5691",
        "score": 5,
        "thumbsUpCount": 0,
        "userImage": "https://play-lh.googleusercontent.com/a/ACg8ocK2cuIuIjPpLulMl1lIYoDtu6lQfuyiFE_ePNsvRku4=mo",
        "userName": "Bignes. 165"
    },
    {
        "appVersion": null,
        "at": "2022-08-24 07:50:25",
        "content": "This is not god game",
        "repliedAt": null,
        "replyContent": null,
        "reviewCreatedVersion": null,
        "reviewId": "3666c031-47cb-42c6-ab45-4cef10736f0f",
        "score": 1,
        "thumbsUpCount": 3,
        "userImage": "https://play-lh.googleusercontent.com/a/ACg8ocK7OahICcd6-SCKWUKlo1XIJ3vlS9Y9PC6z74YSes0w=mo",
        "userName": "Maria Buen Dagomos"
    }
]