[
    {
        "appVersion": "7.0.0",
        "at": "2023-08-09 11:51:19",
        "content": "Sofar sogood B+",
        "repliedAt": null,
        "replyContent": null,
        "reviewCreatedVersion": "7.0.0",
        "reviewId": "554937bc-d7a6-4fed-a968-4b6949c75fec",
        "score": 5,
        "thumbsUpCount": 0,
        "userImage": "https://play-lh.googleusercontent.com/a-/ALV-UjVfW4AcPV4fOD87T02rfDtzrraUkI88ggfcQzRN8kgNMps",
        "userName": "Nelson Young"
    },
    {
        "appVersion": null,
        "at": "2023-06-27 00:21:37",
        "content": "Washington waseem",
        "repliedAt": null,
        "replyContent": null,
        "reviewCreatedVersion": null,
        "reviewId": "ddb83365-2774-42d6-aa18-095b2e1c4a29",
        "score": 5,
        "thumbsUpCount": 1,
        "userImage": "https://play-lh.googleusercontent.com/a/ACg8ocKRJ65Te1OnE-Wk7biK6hc3s_zUu_Wy95nD_yQi87gv=mo",
        "userName": "Muhammad Waseem"
    },
    {
        "appVersion": "7.0.0",
        "at": "2023-06-09 11:34:18",
        "content": "HOME 4GWTTX",
        "repliedAt": null,
        "replyContent": null,
        "reviewCreatedVersion": "7.0.0",
        "reviewId": "5827f2e9-b50b-4792-8630-81c434c4547b",
        "score": 5,
        "thumbsUpCount": 1,
        "userImage": "https://play-lh.googleusercontent.com/a/ACg8ocIRbJi0VR_uoJUxiQzwR630jV3i-KgE-wwWTnb18no8=mo",
        "userName": "Tebarek Tafese"
    },
    {
        "appVersion": null,
        "at": "2023-05-30 12:00:18",
        "content": "Very disrutive ads and doesnot work",
        "repliedAt": null,
        "replyContent": null,
        "reviewCreatedVersion": null,
        "reviewId": "eaee450d-dbd1-4925-9377-3af9c9aec5a7",
        "score": 1,
        "thumbsUpCount": 1,
        "userImage": "https://play-lh.googleusercontent.com/a-/ALV-UjXTI4X-BwjYCNF2wplt6xCPdiaWMWuVFiAsNbLKuXfm2RA",
        "userName": "abderahman zayyan"
    }
]