[
    {
        "appVersion": "1.1",
        "at": "2022-04-21 04:12:27",
        "content": "It's good, but why did you pay it?\ud83d\ude10",
        "repliedAt": null,
        "replyContent": null,
        "reviewCreatedVersion": "1.1",
        "reviewId": "fef6da09-6be1-4faa-8b83-6d53b9096f01",
        "score": 5,
        "thumbsUpCount": 0,
        "userImage": "https://play-lh.googleusercontent.com/a/ACg8ocIBK8TP0p7-dlNDpse_-O6Ta3XoZXyfLacK0G02-moD=mo",
        "userName": "edvard Garcia"
    },
    {
        "appVersion": "1.1",
        "at": "2022-03-23 04:03:31",
        "content": "I think it was not found.",
        "repliedAt": null,
        "replyContent": null,
        "reviewCreatedVersion": "1.1",
        "reviewId": "3af10259-a68f-40a4-bf6d-5b20765e0544",
        "score": 5,
        "thumbsUpCount": 0,
        "userImage": "https://play-lh.googleusercontent.com/a-/ALV-UjVWaGl0hWF3e-yafZhaNTsJfbSx6JjV69BiIQEcRYJ_NA",
        "userName": "a man deepfrom"
    },
    {
        "appVersion": "1.1",
        "at": "2021-12-17 02:46:32",
        "content": "amazing app",
        "repliedAt": null,
        "replyContent": null,
        "reviewCreatedVersion": "1.1",
        "reviewId": "5503ff34-34a3-4728-ab04-f4276a9106b2",
        "score": 5,
        "thumbsUpCount": 1,
        "userImage": "https://play-lh.googleusercontent.com/a/ACg8ocKExO2rpBC3pzXszG6s0WdKsBcDy8_9CeSwtjVT3Q8e=mo",
        "userName": "Ayaan Anis"
    },
    {
        "appVersion": "1.1",
        "at": "2021-04-13 23:46:38",
        "content": "There isn't even much to help explain it is lazy and only gives you what you already know cause everyone tells you how to sprawl it's like the first thing you learn. Add some more stuff.",
        "repliedAt": null,
        "replyContent": null,
        "reviewCreatedVersion": "1.1",
        "reviewId": "c44f933f-dc0f-4d30-b265-2afc0d3c111f",
        "score": 1,
        "thumbsUpCount": 10,
        "userImage": "https://play-lh.googleusercontent.com/a-/ALV-UjVlu8vqeC3dbwR-_Olq3u8LCPBnnMSYsx2ByZat2LISf9Y",
        "userName": "Yesitsme"
    },
    {
        "appVersion": "1.1",
        "at": "2020-12-19 12:42:10",
        "content": "There should have been more relevant videos.",
        "repliedAt": null,
        "replyContent": null,
        "reviewCreatedVersion": "1.1",
        "reviewId": "412b4bb1-2fe3-42ea-b20f-b06bf90e40d0",
        "score": 2,
        "thumbsUpCount": 4,
        "userImage": "https://play-lh.googleusercontent.com/a-/ALV-UjXo866aQB9RIPJiGxGTsFCWapKzGjIRyFQYInZNWFk7Ds8",
        "userName": "Manoj kumar"
    },
    {
        "appVersion": null,
        "at": "2020-10-18 16:17:30",
        "content": "Stupid",
        "repliedAt": null,
        "replyContent": null,
        "reviewCreatedVersion": null,
        "reviewId": "516ba55c-fe47-42b9-88eb-beda0eb439b7",
        "score": 1,
        "thumbsUpCount": 1,
        "userImage": "https://play-lh.googleusercontent.com/a-/ALV-UjUqp_lvliOnLfE8mo3I0uEyYJ4TAQvmau7nIZvlDsq4E6A",
        "userName": "RealSmithas"
    },
    {
        "appVersion": "1.1",
        "at": "2020-08-21 01:17:37",
        "content": "its good",
        "repliedAt": null,
        "replyContent": null,
        "reviewCreatedVersion": "1.1",
        "reviewId": "65d6d7cf-535d-4a25-a3d0-f86526274080",
        "score": 5,
        "thumbsUpCount": 2,
        "userImage": "https://play-lh.googleusercontent.com/a/ACg8ocKem5UJ4HgkXbpXJ1nj_GzHjUv3sebFcm1962tQsMxFvg=mo",
        "userName": "ghubar ghurzang"
    },
    {
        "appVersion": "1.1",
        "at": "2020-03-23 23:00:20",
        "content": "i love it",
        "repliedAt": null,
        "replyContent": null,
        "reviewCreatedVersion": "1.1",
        "reviewId": "9d85132c-f2e0-47a0-abf2-37e6048a0d73",
        "score": 5,
        "thumbsUpCount": 1,
        "userImage": "https://play-lh.googleusercontent.com/EGemoI2NTXmTsBVtJqk8jxF9rh8ApRWfsIMQSt2uE4OcpQqbFu7f7NbTK05lx80nuSijCz7sc3a277R67g",
        "userName": "A Google user"
    },
    {
        "appVersion": "1.1",
        "at": "2019-12-10 22:34:07",
        "content": "Useless Go to the jim",
        "repliedAt": null,
        "replyContent": null,
        "reviewCreatedVersion": "1.1",
        "reviewId": "be0a86d4-0ab7-4ba1-aac1-d8ba2336140c",
        "score": 1,
        "thumbsUpCount": 0,
        "userImage": "https://play-lh.googleusercontent.com/EGemoI2NTXmTsBVtJqk8jxF9rh8ApRWfsIMQSt2uE4OcpQqbFu7f7NbTK05lx80nuSijCz7sc3a277R67g",
        "userName": "A Google user"
    },
    {
        "appVersion": "1.1",
        "at": "2019-12-02 22:43:37",
        "content": "This app is garbage I am a middle school wrestler and we are way past that I do not recommend this app",
        "repliedAt": null,
        "replyContent": null,
        "reviewCreatedVersion": "1.1",
        "reviewId": "3b0bcdcd-673a-458d-a46b-6db6111a3873",
        "score": 1,
        "thumbsUpCount": 9,
        "userImage": "https://play-lh.googleusercontent.com/EGemoI2NTXmTsBVtJqk8jxF9rh8ApRWfsIMQSt2uE4OcpQqbFu7f7NbTK05lx80nuSijCz7sc3a277R67g",
        "userName": "A Google user"
    },
    {
        "appVersion": "1.1",
        "at": "2019-08-20 08:29:55",
        "content": "good experience",
        "repliedAt": null,
        "replyContent": null,
        "reviewCreatedVersion": "1.1",
        "reviewId": "c48c2deb-77e9-4cef-93c4-8b84463b7c83",
        "score": 3,
        "thumbsUpCount": 1,
        "userImage": "https://play-lh.googleusercontent.com/EGemoI2NTXmTsBVtJqk8jxF9rh8ApRWfsIMQSt2uE4OcpQqbFu7f7NbTK05lx80nuSijCz7sc3a277R67g",
        "userName": "A Google user"
    },
    {
        "appVersion": null,
        "at": "2019-07-20 11:29:34",
        "content": "Brody",
        "repliedAt": null,
        "replyContent": null,
        "reviewCreatedVersion": null,
        "reviewId": "ffc9ae61-fd4a-4d77-950e-ced5130cfdee",
        "score": 5,
        "thumbsUpCount": 2,
        "userImage": "https://play-lh.googleusercontent.com/EGemoI2NTXmTsBVtJqk8jxF9rh8ApRWfsIMQSt2uE4OcpQqbFu7f7NbTK05lx80nuSijCz7sc3a277R67g",
        "userName": "A Google user"
    },
    {
        "appVersion": "1.1",
        "at": "2019-07-01 22:57:16",
        "content": "well for starters this app isnt for high school wrestling... its WWE not as i expected people who have rated this before are misleading",
        "repliedAt": null,
        "replyContent": null,
        "reviewCreatedVersion": "1.1",
        "reviewId": "fa2a43db-89cd-42c2-ac85-4add271a6b99",
        "score": 1,
        "thumbsUpCount": 16,
        "userImage": "https://play-lh.googleusercontent.com/EGemoI2NTXmTsBVtJqk8jxF9rh8ApRWfsIMQSt2uE4OcpQqbFu7f7NbTK05lx80nuSijCz7sc3a277R67g",
        "userName": "A Google user"
    },
    {
        "appVersion": "1.1",
        "at": "2019-06-10 14:42:10",
        "content": "l love wrestling",
        "repliedAt": null,
        "replyContent": null,
        "reviewCreatedVersion": "1.1",
        "reviewId": "ff1a1c50-4e61-4772-9365-d6ff71ba0795",
        "score": 5,
        "thumbsUpCount": 3,
        "userImage": "https://play-lh.googleusercontent.com/EGemoI2NTXmTsBVtJqk8jxF9rh8ApRWfsIMQSt2uE4OcpQqbFu7f7NbTK05lx80nuSijCz7sc3a277R67g",
        "userName": "A Google user"
    },
    {
        "appVersion": null,
        "at": "2019-03-03 00:51:12",
        "content": "sucked",
        "repliedAt": null,
        "replyContent": null,
        "reviewCreatedVersion": null,
        "reviewId": "dbb5c547-8deb-4c7b-880c-fda606b8d6e7",
        "score": 1,
        "thumbsUpCount": 2,
        "userImage": "https://play-lh.googleusercontent.com/EGemoI2NTXmTsBVtJqk8jxF9rh8ApRWfsIMQSt2uE4OcpQqbFu7f7NbTK05lx80nuSijCz7sc3a277R67g",
        "userName": "A Google user"
    },
    {
        "appVersion": "1.1",
        "at": "2019-02-20 01:19:53",
        "content": "as a wrestler I find this app very reliable",
        "repliedAt": null,
        "replyContent": null,
        "reviewCreatedVersion": "1.1",
        "reviewId": "67940c3b-2d11-4e80-ada4-3b605cdcb8da",
        "score": 5,
        "thumbsUpCount": 20,
        "userImage": "https://play-lh.googleusercontent.com/EGemoI2NTXmTsBVtJqk8jxF9rh8ApRWfsIMQSt2uE4OcpQqbFu7f7NbTK05lx80nuSijCz7sc3a277R67g",
        "userName": "A Google user"
    },
    {
        "appVersion": "1.1",
        "at": "2019-01-23 12:37:21",
        "content": "i love this aap",
        "repliedAt": null,
        "replyContent": null,
        "reviewCreatedVersion": "1.1",
        "reviewId": "75d6fb44-4492-459d-903f-2621e904be2b",
        "score": 5,
        "thumbsUpCount": 3,
        "userImage": "https://play-lh.googleusercontent.com/EGemoI2NTXmTsBVtJqk8jxF9rh8ApRWfsIMQSt2uE4OcpQqbFu7f7NbTK05lx80nuSijCz7sc3a277R67g",
        "userName": "A Google user"
    },
    {
        "appVersion": "1.1",
        "at": "2019-01-19 00:12:11",
        "content": "i like wrestling because wrestling is very impressive gorgeous good for me,",
        "repliedAt": null,
        "replyContent": null,
        "reviewCreatedVersion": "1.1",
        "reviewId": "3ca09623-5426-4cb8-89f2-7238cf91d2df",
        "score": 5,
        "thumbsUpCount": 12,
        "userImage": "https://play-lh.googleusercontent.com/EGemoI2NTXmTsBVtJqk8jxF9rh8ApRWfsIMQSt2uE4OcpQqbFu7f7NbTK05lx80nuSijCz7sc3a277R67g",
        "userName": "A Google user"
    },
    {
        "appVersion": "1.1",
        "at": "2019-01-15 08:30:12",
        "content": "i.m werestling",
        "repliedAt": null,
        "replyContent": null,
        "reviewCreatedVersion": "1.1",
        "reviewId": "f234fa26-ae37-4eb6-94ee-5ad40fbab394",
        "score": 5,
        "thumbsUpCount": 4,
        "userImage": "https://play-lh.googleusercontent.com/EGemoI2NTXmTsBVtJqk8jxF9rh8ApRWfsIMQSt2uE4OcpQqbFu7f7NbTK05lx80nuSijCz7sc3a277R67g",
        "userName": "A Google user"
    },
    {
        "appVersion": "1.1",
        "at": "2018-09-27 07:42:46",
        "content": "Good app I am player of wrestling",
        "repliedAt": null,
        "replyContent": null,
        "reviewCreatedVersion": "1.1",
        "reviewId": "5716bcca-2279-480e-ab41-cd3e09a90746",
        "score": 5,
        "thumbsUpCount": 15,
        "userImage": "https://play-lh.googleusercontent.com/EGemoI2NTXmTsBVtJqk8jxF9rh8ApRWfsIMQSt2uE4OcpQqbFu7f7NbTK05lx80nuSijCz7sc3a277R67g",
        "userName": "A Google user"
    },
    {
        "appVersion": null,
        "at": "2018-07-04 08:49:50",
        "content": "This is a great app",
        "repliedAt": null,
        "replyContent": null,
        "reviewCreatedVersion": null,
        "reviewId": "ad450758-98d9-4e6d-be5d-431c1c5e9019",
        "score": 5,
        "thumbsUpCount": 5,
        "userImage": "https://play-lh.googleusercontent.com/EGemoI2NTXmTsBVtJqk8jxF9rh8ApRWfsIMQSt2uE4OcpQqbFu7f7NbTK05lx80nuSijCz7sc3a277R67g",
        "userName": "A Google user"
    }
]