[
    {
        "appVersion": "2.0.2.release",
        "at": "2023-10-09 11:17:58",
        "content": "This is a really good app for studying. I like it",
        "repliedAt": null,
        "replyContent": null,
        "reviewCreatedVersion": "2.0.2.release",
        "reviewId": "5969ffdb-b061-411c-a4c3-959c56f0e656",
        "score": 5,
        "thumbsUpCount": 1,
        "userImage": "https://play-lh.googleusercontent.com/a/ACg8ocLk2iV3AaZv8Y0BfOfWtz0sOARyvuwEVDYAkkfDagqn=mo",
        "userName": "aruni silva"
    },
    {
        "appVersion": "2.0.2.release",
        "at": "2023-10-06 01:45:51",
        "content": "Amazing! Good Job :-)",
        "repliedAt": null,
        "replyContent": null,
        "reviewCreatedVersion": "2.0.2.release",
        "reviewId": "b4b3675b-f19c-4f87-b18a-b8d27022633d",
        "score": 5,
        "thumbsUpCount": 1,
        "userImage": "https://play-lh.googleusercontent.com/a/ACg8ocLZ18YNb4OWUvMdOJL1lXbyVC7Bgg4TZSmMmE6CjYzZ=mo",
        "userName": "Pawan Swarna"
    },
    {
        "appVersion": null,
        "at": "2023-01-31 12:49:04",
        "content": "Nicely done. Best one for the programming beginners. Highly recommended. All credits goes for the host.",
        "repliedAt": null,
        "replyContent": null,
        "reviewCreatedVersion": null,
        "reviewId": "fbe36b4b-924e-4ddd-a9a6-a08cbf77dd92",
        "score": 5,
        "thumbsUpCount": 1,
        "userImage": "https://play-lh.googleusercontent.com/a-/ALV-UjXM7_s8DrfUsMhveTJO9_wWH3fUOBDL0lj0TBRRY4VrwA",
        "userName": "life mobile"
    },
    {
        "appVersion": "1.04",
        "at": "2023-01-25 05:21:31",
        "content": "I'm giving it a four star because it still has some bugs, hopefully they'll be gone in the future.",
        "repliedAt": "2023-01-25 05:19:27",
        "replyContent": "Thank you for taking the time to leave a review and for bringing the bugs to our attention. We apologize for any inconvenience they may have caused. Our new version has fixed all those issues. Your feedback is important to us and we appreciate you bringing it to our attention. Thank you for your support.",
        "reviewCreatedVersion": "1.04",
        "reviewId": "b72b71df-9607-4871-993f-89bbbfd3345b",
        "score": 5,
        "thumbsUpCount": 2,
        "userImage": "https://play-lh.googleusercontent.com/a/ACg8ocKjlBXX3L5f8_AQLzoukRED9HhSmm9t_X62ni_qg9wH=mo",
        "userName": "Henry De Mel"
    },
    {
        "appVersion": "1.04",
        "at": "2023-01-25 00:14:45",
        "content": "This app is marvellous, earlier there was bugs but the developer have sorted them. I'm giving it a 5",
        "repliedAt": "2023-01-25 05:21:05",
        "replyContent": "With every new app version we are introducing new features and improving existing ones. We are sure that your feedback will only help us improve further.",
        "reviewCreatedVersion": "1.04",
        "reviewId": "83892212-23e3-4f13-ba99-e1786947d2a4",
        "score": 5,
        "thumbsUpCount": 1,
        "userImage": "https://play-lh.googleusercontent.com/a-/ALV-UjUg_faxqP9kOgEuGaUula9FZvH8sFJk7KjD5i1wJposb4k",
        "userName": "Extreme balance"
    },
    {
        "appVersion": "1.02",
        "at": "2023-01-21 03:13:32",
        "content": "This app is very interesting for teenagers to improve their skills and knowledge, Good job !!!",
        "repliedAt": null,
        "replyContent": null,
        "reviewCreatedVersion": "1.02",
        "reviewId": "8678460d-832a-46c5-a6a8-7b01c8d3d4a2",
        "score": 5,
        "thumbsUpCount": 2,
        "userImage": "https://play-lh.googleusercontent.com/a/ACg8ocK9NpEWWiZMa3qsbSzelFFvVctr4Lfbxt3EEDyBV5D2=mo",
        "userName": "W.M Jayasiri"
    }
]