[
    {
        "appVersion": "1.0.2",
        "at": "2023-06-25 21:42:35",
        "content": "I enjoy using the app everyday",
        "repliedAt": null,
        "replyContent": null,
        "reviewCreatedVersion": "1.0.2",
        "reviewId": "1a231d2e-ec1a-4bbe-9511-e81d7c1459c7",
        "score": 5,
        "thumbsUpCount": 0,
        "userImage": "https://play-lh.googleusercontent.com/a-/ALV-UjVEJ4lpAiq8NmrLzMG1AD3mDCIVfqGuN-NThQouuvxQsdg",
        "userName": "Ed Galimba"
    },
    {
        "appVersion": "1.1",
        "at": "2019-11-30 14:29:27",
        "content": "The app not good",
        "repliedAt": null,
        "replyContent": null,
        "reviewCreatedVersion": "1.1",
        "reviewId": "7e987096-7005-40c5-88e5-13a693020834",
        "score": 1,
        "thumbsUpCount": 1,
        "userImage": "https://play-lh.googleusercontent.com/EGemoI2NTXmTsBVtJqk8jxF9rh8ApRWfsIMQSt2uE4OcpQqbFu7f7NbTK05lx80nuSijCz7sc3a277R67g",
        "userName": "A Google user"
    },
    {
        "appVersion": "1.1",
        "at": "2019-05-18 06:55:23",
        "content": "cool",
        "repliedAt": null,
        "replyContent": null,
        "reviewCreatedVersion": "1.1",
        "reviewId": "e3f9036b-0a26-4745-9ef2-5c06bebd836e",
        "score": 5,
        "thumbsUpCount": 4,
        "userImage": "https://play-lh.googleusercontent.com/EGemoI2NTXmTsBVtJqk8jxF9rh8ApRWfsIMQSt2uE4OcpQqbFu7f7NbTK05lx80nuSijCz7sc3a277R67g",
        "userName": "A Google user"
    }
]