[
    {
        "appVersion": null,
        "at": "2023-10-31 05:24:21",
        "content": "Very very poor game",
        "repliedAt": null,
        "replyContent": null,
        "reviewCreatedVersion": null,
        "reviewId": "1fa2ee91-138f-494b-b2cc-2f93cda1b7f2",
        "score": 1,
        "thumbsUpCount": 6,
        "userImage": "https://play-lh.googleusercontent.com/a-/ALV-UjW8JCEu5olUVMXBpci7CqFIvqp5NkQAv3xRG-rIxWKSeZQ",
        "userName": "Rajesh Kumar"
    },
    {
        "appVersion": "0.4",
        "at": "2023-10-06 12:55:46",
        "content": "Nice Game\ud83d\udc4d\ud83d\udc4d\ud83d\udc4d\ud83d\udc4d\ud83d\udc4d",
        "repliedAt": null,
        "replyContent": null,
        "reviewCreatedVersion": "0.4",
        "reviewId": "1517d6f9-e843-4394-b69d-676409458967",
        "score": 5,
        "thumbsUpCount": 17,
        "userImage": "https://play-lh.googleusercontent.com/a-/ALV-UjUdVdQb7wfU7wdArS8Qd0XDj55-VYdrpByZ_XL_gCUXYyM",
        "userName": "dhaval shah"
    },
    {
        "appVersion": null,
        "at": "2023-09-10 01:10:14",
        "content": "\ud83d\udc90\ud83d\udc90\ud83d\udc90",
        "repliedAt": null,
        "replyContent": null,
        "reviewCreatedVersion": null,
        "reviewId": "93fd7b2c-590f-436e-bb9d-08e6b00374e7",
        "score": 5,
        "thumbsUpCount": 32,
        "userImage": "https://play-lh.googleusercontent.com/a/ACg8ocJd8V5Gn-a-RhpP8NlMrEBHx5AZ1JJnzo2xQsRRie3T=mo",
        "userName": "Ttt Ttt"
    }
]