[
    {
        "appVersion": "2.6",
        "at": "2023-05-25 05:27:22",
        "content": "\ud83d\udc4d\ud83d\udc4d\ud83d\udc4d",
        "repliedAt": null,
        "replyContent": null,
        "reviewCreatedVersion": "2.6",
        "reviewId": "0de6d5ce-0db5-4c1b-a55e-b5d9db812f2b",
        "score": 5,
        "thumbsUpCount": 0,
        "userImage": "https://play-lh.googleusercontent.com/a/ACg8ocLvzrD023D3AEOktcVeWehkGR2A9PuicbG3NVMu9L73=mo",
        "userName": "Patrick Kivambe"
    },
    {
        "appVersion": null,
        "at": "2022-09-13 05:03:30",
        "content": "Great app",
        "repliedAt": null,
        "replyContent": null,
        "reviewCreatedVersion": null,
        "reviewId": "55f9f36e-c784-4b30-b9c4-2c15610bd776",
        "score": 5,
        "thumbsUpCount": 0,
        "userImage": "https://play-lh.googleusercontent.com/a/ACg8ocLZLOrWPQ0RzjOs6zveB6P6ctvdisF5rP2gUyuU-v-G=mo",
        "userName": "Natasha Mosier"
    },
    {
        "appVersion": null,
        "at": "2022-04-02 21:08:17",
        "content": "I too take a picture of my plam it wont scan",
        "repliedAt": null,
        "replyContent": null,
        "reviewCreatedVersion": null,
        "reviewId": "92a568d3-d9c3-4d78-9921-8d4390c12ea9",
        "score": 1,
        "thumbsUpCount": 0,
        "userImage": "https://play-lh.googleusercontent.com/a-/ALV-UjUmQayJek_LI19FYxLPZlKO3fMbcA2n4ikNWaNCcSb5LTY",
        "userName": "Green Ranger"
    },
    {
        "appVersion": "2.2",
        "at": "2021-11-28 18:18:36",
        "content": "I'm liking this app as it looks,at astrology from a better vantage point than many newspaper astrology readings tell you and so to summarise I now know with this where the planets are and the moon as well as the tarot card readings",
        "repliedAt": null,
        "replyContent": null,
        "reviewCreatedVersion": "2.2",
        "reviewId": "6bd7137a-866f-482d-92d7-82fe35cf2fec",
        "score": 4,
        "thumbsUpCount": 0,
        "userImage": "https://play-lh.googleusercontent.com/a-/ALV-UjWLB1jXLmGpiYgf9E48PnnViwuV5A2RUOpis3nzmZNkLHQ",
        "userName": "John Macleod"
    },
    {
        "appVersion": "2.2",
        "at": "2021-11-28 07:32:48",
        "content": "so good but expensive",
        "repliedAt": null,
        "replyContent": null,
        "reviewCreatedVersion": "2.2",
        "reviewId": "e9788c1b-5a01-4839-9d5a-c8b5d8eabe38",
        "score": 4,
        "thumbsUpCount": 0,
        "userImage": "https://play-lh.googleusercontent.com/a-/ALV-UjXaBZVrbjtOQwLKwCg_fNfc9PWNeU4D2RRz7oxsIrXY_w",
        "userName": "Ibrahim Sale Abdu"
    },
    {
        "appVersion": "2.2",
        "at": "2021-11-21 21:14:33",
        "content": "Does not show fortune and it's more of a game that makes you watch adds.",
        "repliedAt": null,
        "replyContent": null,
        "reviewCreatedVersion": "2.2",
        "reviewId": "96082024-c6f1-41ef-8262-41cc753f1d9d",
        "score": 1,
        "thumbsUpCount": 0,
        "userImage": "https://play-lh.googleusercontent.com/a-/ALV-UjWnYLQtz3DrohhSHnm94Iq0OVuzxjVk-xD6BcE4TXMh4HE",
        "userName": "Jackie"
    },
    {
        "appVersion": "2.2",
        "at": "2021-11-20 10:35:40",
        "content": "It's a cool app to tell the future \ud83d\ude42",
        "repliedAt": null,
        "replyContent": null,
        "reviewCreatedVersion": "2.2",
        "reviewId": "7f1e222c-298a-41a4-b07b-3ad40df95f75",
        "score": 5,
        "thumbsUpCount": 0,
        "userImage": "https://play-lh.googleusercontent.com/a-/ALV-UjUvQWJrZMpLId2nDL4uyHHM7lDeXdTLN2jtI2vaApJdyg",
        "userName": "Tara S"
    },
    {
        "appVersion": "2.1",
        "at": "2021-11-19 16:15:35",
        "content": "If it won't for the ads.. I would have rated five stars.. but info that is giving is 85% accrete..",
        "repliedAt": null,
        "replyContent": null,
        "reviewCreatedVersion": "2.1",
        "reviewId": "86cd20f7-186e-4830-afc3-d83cde674d8e",
        "score": 3,
        "thumbsUpCount": 0,
        "userImage": "https://play-lh.googleusercontent.com/a-/ALV-UjVuyYFzr0-mqr8FRZOWVBWcwk4rokKorRMGBqJsiiJOCQ",
        "userName": "Juicy Hermandez"
    },
    {
        "appVersion": "2.0",
        "at": "2021-11-18 17:06:35",
        "content": "Won't connect to the internet",
        "repliedAt": null,
        "replyContent": null,
        "reviewCreatedVersion": "2.0",
        "reviewId": "fcb54408-e1d0-4d03-a900-47df90c9694c",
        "score": 1,
        "thumbsUpCount": 0,
        "userImage": "https://play-lh.googleusercontent.com/a/ACg8ocITvHZ2G-kBZzmnhIo7X05dQqjei4d0MjmYdFA_ukCE=mo",
        "userName": "Jade Jolley"
    },
    {
        "appVersion": "2.0",
        "at": "2021-11-12 09:35:48",
        "content": "this is true app i apriciate it",
        "repliedAt": null,
        "replyContent": null,
        "reviewCreatedVersion": "2.0",
        "reviewId": "c83c4c10-20e5-4777-ab48-fcd0673936cd",
        "score": 5,
        "thumbsUpCount": 0,
        "userImage": "https://play-lh.googleusercontent.com/a/ACg8ocLg97DCOQ4Laa2e4XUFF4_VeYSfYAszt3H6KMYldFeb=mo",
        "userName": "chimwemwe eliya"
    },
    {
        "appVersion": "2.0",
        "at": "2021-11-08 10:04:38",
        "content": "Excellant",
        "repliedAt": null,
        "replyContent": null,
        "reviewCreatedVersion": "2.0",
        "reviewId": "75dd7e4c-eded-445e-9331-9d50b91fa63c",
        "score": 5,
        "thumbsUpCount": 0,
        "userImage": "https://play-lh.googleusercontent.com/a-/ALV-UjVepCTzs_frvJbQKgl6Nz3wAi-l8_VCKZpZZ3oQB6Evpjbu",
        "userName": "Villa Govender"
    },
    {
        "appVersion": "2.0",
        "at": "2021-11-07 06:54:14",
        "content": "Nice",
        "repliedAt": null,
        "replyContent": null,
        "reviewCreatedVersion": "2.0",
        "reviewId": "d1f50743-bb2a-49c8-9fbd-78443b8aa704",
        "score": 5,
        "thumbsUpCount": 0,
        "userImage": "https://play-lh.googleusercontent.com/a-/ALV-UjUiPnCmcm-5Skfb66-dYvgQrMDTQUL3aCKo71wF3tVDYA",
        "userName": "Milon Khan"
    },
    {
        "appVersion": "2.0",
        "at": "2021-11-07 01:39:18",
        "content": "Boring",
        "repliedAt": null,
        "replyContent": null,
        "reviewCreatedVersion": "2.0",
        "reviewId": "d2799362-871d-4c2c-b18d-3359c3aa5ace",
        "score": 1,
        "thumbsUpCount": 0,
        "userImage": "https://play-lh.googleusercontent.com/a-/ALV-UjXf1aYmI-g_5PNxx0xi2V5_YDkT9wnVR-lN7HONiD-tcQ",
        "userName": "Faith Faith"
    },
    {
        "appVersion": "2.0",
        "at": "2021-11-01 20:40:26",
        "content": "W-ere do i ;elong then",
        "repliedAt": null,
        "replyContent": null,
        "reviewCreatedVersion": "2.0",
        "reviewId": "b70888f8-dbbb-48d3-b536-fdc2bb016b4b",
        "score": 3,
        "thumbsUpCount": 0,
        "userImage": "https://play-lh.googleusercontent.com/a/ACg8ocJCQzmvZWEVnr6cvr9veKb8-XwoEl2lIgIgD9cgR-p3=mo",
        "userName": "Meliy Trinciante"
    },
    {
        "appVersion": "2.0",
        "at": "2021-11-01 00:03:32",
        "content": "Ever reading is so me no",
        "repliedAt": null,
        "replyContent": null,
        "reviewCreatedVersion": "2.0",
        "reviewId": "06ad88a0-e30b-4b08-ae81-1535281e739e",
        "score": 5,
        "thumbsUpCount": 0,
        "userImage": "https://play-lh.googleusercontent.com/a/ACg8ocIAKM1-BSBN-YwMHATP0gWk3LyH4UnVa8t5oqYE82we=mo",
        "userName": "Celena Manygoats"
    },
    {
        "appVersion": "2.0",
        "at": "2021-10-29 01:52:08",
        "content": "This app is the best",
        "repliedAt": null,
        "replyContent": null,
        "reviewCreatedVersion": "2.0",
        "reviewId": "7703626e-7ed0-452c-a2ff-fc50e3c0c2b1",
        "score": 5,
        "thumbsUpCount": 0,
        "userImage": "https://play-lh.googleusercontent.com/a-/ALV-UjVn6NRx5-EKtv_AW3FH7Y12TR60S5MHLL-bV1lw_NI9K2A",
        "userName": "ola mayowa"
    },
    {
        "appVersion": "2.0",
        "at": "2021-10-24 08:49:01",
        "content": "New love",
        "repliedAt": null,
        "replyContent": null,
        "reviewCreatedVersion": "2.0",
        "reviewId": "3881fc6b-62fb-486c-a8b5-b93df8d1b69a",
        "score": 5,
        "thumbsUpCount": 0,
        "userImage": "https://play-lh.googleusercontent.com/a-/ALV-UjWcDQArfVRSiL9-4P6FKaGWge7-9RbzQn12VB0t2EInWsE",
        "userName": "Zerfework Haregewoyne"
    },
    {
        "appVersion": "2.0",
        "at": "2021-10-17 08:07:33",
        "content": "Good",
        "repliedAt": null,
        "replyContent": null,
        "reviewCreatedVersion": "2.0",
        "reviewId": "6af7dd6e-aa10-4ff5-89bb-6a2492f0097f",
        "score": 3,
        "thumbsUpCount": 0,
        "userImage": "https://play-lh.googleusercontent.com/a/ACg8ocK-dIS5oCoMHen7Vq3bbmoVgIZrx8YLgVOjfgSpsAbQ=mo",
        "userName": "tilahun ayalew"
    },
    {
        "appVersion": null,
        "at": "2021-10-06 02:46:50",
        "content": "You get more commercial than the taror cards smdfh.",
        "repliedAt": null,
        "replyContent": null,
        "reviewCreatedVersion": null,
        "reviewId": "1c7429f9-4f96-4538-a964-d8fd3afadf97",
        "score": 1,
        "thumbsUpCount": 0,
        "userImage": "https://play-lh.googleusercontent.com/a/ACg8ocK_NRXjSvtPssiySCrHVeW7YdCkI8IBF3FX-1cDaHI=mo",
        "userName": "Yolanda Walton"
    },
    {
        "appVersion": "2.0",
        "at": "2021-10-04 12:51:09",
        "content": "Oh my goodness!!! I have never had a horoscope be so point on the way things are happening and the way my physical, mental, and emotional feelings are and have been going on in my everyday life. It's soo amazing to have something that is so accurate and 100% TRUE AND REAL!!!",
        "repliedAt": null,
        "replyContent": null,
        "reviewCreatedVersion": "2.0",
        "reviewId": "fc57f596-1a40-4800-8709-d15af47ff4d3",
        "score": 5,
        "thumbsUpCount": 21,
        "userImage": "https://play-lh.googleusercontent.com/a/ACg8ocIeIP3m653DPkXdFkWJ54iqd_kdePOtFiGOh22GDeY8=mo",
        "userName": "Taylor Fox"
    },
    {
        "appVersion": "2.0",
        "at": "2021-10-02 10:28:13",
        "content": "Tooo many ads",
        "repliedAt": null,
        "replyContent": null,
        "reviewCreatedVersion": "2.0",
        "reviewId": "6913536b-44c7-4d4a-9820-24c21f9d930c",
        "score": 1,
        "thumbsUpCount": 0,
        "userImage": "https://play-lh.googleusercontent.com/a-/ALV-UjWc4TnE6RFp9oUPNcnAVLzzqWoLWP4PuG0Y6PPa1y-QHtQ",
        "userName": "Robin Bobo"
    },
    {
        "appVersion": "1.9",
        "at": "2021-09-27 05:46:29",
        "content": "It sucks because of everytime i click on something an ad pops up and when u try to get readings u gotta pay for it when it specifically says free!",
        "repliedAt": null,
        "replyContent": null,
        "reviewCreatedVersion": "1.9",
        "reviewId": "0fea1feb-ded5-465b-b87c-a4ad5709a103",
        "score": 2,
        "thumbsUpCount": 14,
        "userImage": "https://play-lh.googleusercontent.com/a-/ALV-UjU41AEvzek_GlRgoMk3pt9daQSS_7pzffCyjY5Yltp0vw",
        "userName": "Penny Funk"
    },
    {
        "appVersion": "1.8",
        "at": "2021-09-12 13:53:25",
        "content": "This app is frustrating.. there's no point in downloading it unless you're going to pay for it and even then I'm not sure it would work. Pictures of your palm don't read you have to watch an ad for every card you draw in the tarot and it doesn't even give you a reading.. literally this app makes me want to throw my phone across the room.",
        "repliedAt": null,
        "replyContent": null,
        "reviewCreatedVersion": "1.8",
        "reviewId": "1d7450a9-1738-47fe-9ee5-e185a9cae155",
        "score": 1,
        "thumbsUpCount": 25,
        "userImage": "https://play-lh.googleusercontent.com/a-/ALV-UjUZfGr86e_-kc464_MmhLUuyacvkDbz5G1cPWqnRFf9fys",
        "userName": "Jane R (Virgo8MyBrain)"
    },
    {
        "appVersion": "1.7",
        "at": "2021-08-18 08:14:05",
        "content": "Today i downloaded this app , it is great but it has a little bit problem that i need you to help me with and that is after i go into tarot card reading , after tarot card shuffles there is an ad and after that there is nothing on screen no matter how much click the back button nothing comes on app and then i tried again and again but nothing happened , app open but i never got tarot card reading.",
        "repliedAt": null,
        "replyContent": null,
        "reviewCreatedVersion": "1.7",
        "reviewId": "95bd89e0-afcc-4bb9-a464-88b3f8bc1b3e",
        "score": 4,
        "thumbsUpCount": 12,
        "userImage": "https://play-lh.googleusercontent.com/a-/ALV-UjXstQxUq_KTmewLp7ss3J3LMOmhBSioDxbkOsLZDnvpVA",
        "userName": "arisha memon"
    },
    {
        "appVersion": "1.7",
        "at": "2021-08-18 04:59:14",
        "content": "Too many ads",
        "repliedAt": null,
        "replyContent": null,
        "reviewCreatedVersion": "1.7",
        "reviewId": "d8d1ab8a-8944-4f94-ba0b-e788a537457b",
        "score": 1,
        "thumbsUpCount": 2,
        "userImage": "https://play-lh.googleusercontent.com/a/ACg8ocKWXidU_2U3vjWapWmCaOHhTnkDUaYUIhwG8-OTyx-5=mo",
        "userName": "Ann"
    },
    {
        "appVersion": null,
        "at": "2021-08-08 12:33:19",
        "content": "astrology ??..",
        "repliedAt": null,
        "replyContent": null,
        "reviewCreatedVersion": null,
        "reviewId": "31bbc3ca-757d-4a4b-a00d-86fc160a424a",
        "score": 5,
        "thumbsUpCount": 0,
        "userImage": "https://play-lh.googleusercontent.com/a/ACg8ocKQc9JAU0nOA3LrTqjbgFlTyvIk_f_yif65RUad709v=mo",
        "userName": "Chang Toomer"
    },
    {
        "appVersion": "1.7",
        "at": "2021-08-01 10:56:23",
        "content": "Love the horoscopes, the Tarot are a bit harder to understand. Overall a good app.",
        "repliedAt": null,
        "replyContent": null,
        "reviewCreatedVersion": "1.7",
        "reviewId": "6280a68f-70a0-4679-b260-4ffc35999f8a",
        "score": 3,
        "thumbsUpCount": 13,
        "userImage": "https://play-lh.googleusercontent.com/a-/ALV-UjWN4BCR-rxsgHEDDAmMqamnRvMikFoXe6KoxgrgP5hp6cXg",
        "userName": "Isabella R. Stabilito"
    },
    {
        "appVersion": "1.7",
        "at": "2021-07-30 23:56:43",
        "content": "Have to watch ads too often",
        "repliedAt": null,
        "replyContent": null,
        "reviewCreatedVersion": "1.7",
        "reviewId": "88c52d88-ef88-420f-bd57-096dcd2038d1",
        "score": 1,
        "thumbsUpCount": 9,
        "userImage": "https://play-lh.googleusercontent.com/a-/ALV-UjX6UbkmyICZN4s9EWPUSPSgMLj2Aft7gO-5YeBgPPPcDQu9",
        "userName": "Alexa Miller"
    },
    {
        "appVersion": "1.6",
        "at": "2021-07-28 03:34:00",
        "content": "Very Good. This is believe it or not, it's a Powerful App.!",
        "repliedAt": null,
        "replyContent": null,
        "reviewCreatedVersion": "1.6",
        "reviewId": "8f35cacb-e08b-4ab6-9a8a-d391f5c4019b",
        "score": 5,
        "thumbsUpCount": 5,
        "userImage": "https://play-lh.googleusercontent.com/a-/ALV-UjXHyhOqZArB8H4LU3WWLc6WdKzJep9O1GEH5yFEXx1xpRg",
        "userName": "Ernest Risti"
    },
    {
        "appVersion": "1.6",
        "at": "2021-07-16 01:13:37",
        "content": "This app made me wonder if I should stay alive bro! All I got was negative readings and nothing more. Stop scamming people for the love of god. I'm gonna uninstall it right now.",
        "repliedAt": null,
        "replyContent": null,
        "reviewCreatedVersion": "1.6",
        "reviewId": "11d8342e-a2d8-47e6-b42f-cee39aaa51b9",
        "score": 1,
        "thumbsUpCount": 6,
        "userImage": "https://play-lh.googleusercontent.com/a-/ALV-UjXyWzQgYkNLK1VF8ouOmPElS3RcUvuQZ3SLgaDofHyEaBo",
        "userName": "Mohamed Abbassene"
    },
    {
        "appVersion": null,
        "at": "2021-07-15 08:36:55",
        "content": "Great zodiac horoscope app, I\u2019m addicted!!",
        "repliedAt": null,
        "replyContent": null,
        "reviewCreatedVersion": null,
        "reviewId": "9a36d0fa-febf-4e97-a199-adc30d81163d",
        "score": 5,
        "thumbsUpCount": 0,
        "userImage": "https://play-lh.googleusercontent.com/a/ACg8ocJyHsD8_QIxOy3Nyb1N_K_QkiU5L8A4C_6g0zgAfjZ3=mo",
        "userName": "Singleton Aarika Schwartz"
    },
    {
        "appVersion": null,
        "at": "2021-07-15 05:06:31",
        "content": "Includes tarot so many tarot things",
        "repliedAt": null,
        "replyContent": null,
        "reviewCreatedVersion": null,
        "reviewId": "2348d40c-ea14-4b45-a28f-49bb5a36794b",
        "score": 5,
        "thumbsUpCount": 0,
        "userImage": "https://play-lh.googleusercontent.com/a/ACg8ocIC9q2wfIFOhTqap4OlQnNhHsFNGWJpj5sqcH3vmnbp=mo",
        "userName": "Brant Morse"
    },
    {
        "appVersion": "1.1",
        "at": "2021-06-28 12:31:30",
        "content": "Very intuitive!!",
        "repliedAt": null,
        "replyContent": null,
        "reviewCreatedVersion": "1.1",
        "reviewId": "26d9d9c8-c446-4926-b814-a81f8e6512ba",
        "score": 5,
        "thumbsUpCount": 0,
        "userImage": "https://play-lh.googleusercontent.com/a-/ALV-UjUf8ceO24dXKV8XlcEa-ffm1rwzxgUGxYgLDg9pXK1xqK4y",
        "userName": "Traci \u201cTAKES12KNOW1\u201d Bridges"
    },
    {
        "appVersion": "1.1",
        "at": "2021-06-21 14:29:06",
        "content": "Could be alittle more in depth",
        "repliedAt": null,
        "replyContent": null,
        "reviewCreatedVersion": "1.1",
        "reviewId": "66579743-9cba-4e55-8119-ac46a29b8f53",
        "score": 3,
        "thumbsUpCount": 0,
        "userImage": "https://play-lh.googleusercontent.com/a/ACg8ocJP3TdB6GUpApOoyk7oyXhT-_KUakadpXO3R7Yo5ZJI=mo",
        "userName": "Kelly Childers"
    },
    {
        "appVersion": "1.1",
        "at": "2021-06-19 11:33:59",
        "content": "Very good, trusted prediction",
        "repliedAt": null,
        "replyContent": null,
        "reviewCreatedVersion": "1.1",
        "reviewId": "37a5699c-cce8-47c4-9a3d-b30be973e93c",
        "score": 5,
        "thumbsUpCount": 0,
        "userImage": "https://play-lh.googleusercontent.com/a/ACg8ocIxV9_ITwfvkBG3j2f0WEqV8PLNachRsvjqARJceBSv=mo",
        "userName": "Deepa Hd"
    },
    {
        "appVersion": null,
        "at": "2021-06-14 08:01:07",
        "content": "This app helps me learn things horoscope I didn\u2019t even know about my zodiac sign. zodiac It\u2019s amazing and when you read about your sign it\u2019s like its reading you.",
        "repliedAt": null,
        "replyContent": null,
        "reviewCreatedVersion": null,
        "reviewId": "055649ed-bc88-4765-91bb-116a76a3be96",
        "score": 5,
        "thumbsUpCount": 0,
        "userImage": "https://play-lh.googleusercontent.com/a-/ALV-UjVhzf8EC08yb0rI0Zto5pXOMlWqb-YPEKqdWTfOqsB1qQ",
        "userName": "Wiley Bharat"
    },
    {
        "appVersion": null,
        "at": "2021-06-12 11:03:44",
        "content": "App is amazing but horoscope I accidentally zodiac made a mistake with my birth month im just wondering how to change it?",
        "repliedAt": null,
        "replyContent": null,
        "reviewCreatedVersion": null,
        "reviewId": "4350c531-e8ea-4b74-b36a-c4c20cff89d2",
        "score": 5,
        "thumbsUpCount": 0,
        "userImage": "https://play-lh.googleusercontent.com/a/ACg8ocLYZj4guosxuiN6vY_zed3V8raLQsqNMilSiZQRwFoz=mo",
        "userName": "Frey Valeria Danaher"
    },
    {
        "appVersion": null,
        "at": "2021-06-10 08:28:51",
        "content": "But horoscope I will be rating again in a month horoscope to see how my liking is going to be as I use this app. I do think that the price is high though.",
        "repliedAt": null,
        "replyContent": null,
        "reviewCreatedVersion": null,
        "reviewId": "7a0200f5-5c1c-4be7-8bc5-edeb44ff8cc9",
        "score": 5,
        "thumbsUpCount": 0,
        "userImage": "https://play-lh.googleusercontent.com/a/ACg8ocLbxPIZ1fwT70hJMohVAXn_Wdzpw8PrPqbtfD7XFaam=mo",
        "userName": "Lester Virtue"
    },
    {
        "appVersion": null,
        "at": "2021-06-10 05:05:19",
        "content": "I love this app. zodiac It\u2019s easy horoscope to read and understand",
        "repliedAt": null,
        "replyContent": null,
        "reviewCreatedVersion": null,
        "reviewId": "0d2a3158-05dc-4b02-bc98-4cf80eb1e1d2",
        "score": 5,
        "thumbsUpCount": 0,
        "userImage": "https://play-lh.googleusercontent.com/a/ACg8ocIzK6XPwJLTCtnOhNsPuyBndQUHNA47jzbi2yNrBjl-=mo",
        "userName": "Rodgers Minas"
    }
]