[
    {
        "appVersion": "1.1",
        "at": "2023-10-20 07:13:14",
        "content": "Good",
        "repliedAt": null,
        "replyContent": null,
        "reviewCreatedVersion": "1.1",
        "reviewId": "345c8c23-ad30-490d-a5b8-c120d0afc42a",
        "score": 5,
        "thumbsUpCount": 0,
        "userImage": "https://play-lh.googleusercontent.com/a-/ALV-UjUHQ6qH0NMsPEAGHs0nGpUWvcgg_ErPQxFPYU4znha1Uw",
        "userName": "Saikou Touray"
    },
    {
        "appVersion": "1.1",
        "at": "2023-08-18 19:09:21",
        "content": "Aliyusalisu",
        "repliedAt": null,
        "replyContent": null,
        "reviewCreatedVersion": "1.1",
        "reviewId": "be6bdd14-e0c5-4fc5-9a9f-9b3e4751f33c",
        "score": 5,
        "thumbsUpCount": 0,
        "userImage": "https://play-lh.googleusercontent.com/a-/ALV-UjUH4cIPp1y3eb6BZWd12ZIymvELvzvM3wa75K0YdA4qk6s",
        "userName": "Aliyu Muhammad"
    }
]