[
    {
        "appVersion": null,
        "at": "2023-10-29 15:13:50",
        "content": "My experience is BAAD! I couldn't get my Chrome password to download my bookmarks",
        "repliedAt": null,
        "replyContent": null,
        "reviewCreatedVersion": null,
        "reviewId": "cc11cf16-654f-49d2-8a26-0dbbcefbc64c",
        "score": 1,
        "thumbsUpCount": 0,
        "userImage": "https://play-lh.googleusercontent.com/a-/ALV-UjXj79Xyl-MhzHgq-3CkH5g3FJBjqzsGAHPRh4ZLxchKRQ",
        "userName": "Erhan Aybars"
    },
    {
        "appVersion": "2.0",
        "at": "2023-10-10 17:46:02",
        "content": "sluggish",
        "repliedAt": null,
        "replyContent": null,
        "reviewCreatedVersion": "2.0",
        "reviewId": "f68d8a87-75c0-4693-9ada-e01d3caefbb0",
        "score": 4,
        "thumbsUpCount": 0,
        "userImage": "https://play-lh.googleusercontent.com/a-/ALV-UjWZVY5E19BruflpdTFgspiD1pGpk-UFR4aFdplTlC0vhA",
        "userName": "Abdel Dawud"
    },
    {
        "appVersion": "2.0",
        "at": "2023-09-24 10:00:45",
        "content": "I not a native app",
        "repliedAt": null,
        "replyContent": null,
        "reviewCreatedVersion": "2.0",
        "reviewId": "cc2ef06c-99b0-43d7-85e5-018409e4e22f",
        "score": 2,
        "thumbsUpCount": 0,
        "userImage": "https://play-lh.googleusercontent.com/a-/ALV-UjWlWZkOPvHAJESerwBD3yGLltMxY2DSlVoJRhIw_7vrSBg",
        "userName": "MD AR"
    },
    {
        "appVersion": "2.0",
        "at": "2023-09-15 18:18:13",
        "content": "How can you call your app a bookmark manager when you can't share links to it from Chrome? Awful, uninstalled",
        "repliedAt": null,
        "replyContent": null,
        "reviewCreatedVersion": "2.0",
        "reviewId": "8f079d8a-b3dd-4d22-a445-c381157b492d",
        "score": 1,
        "thumbsUpCount": 0,
        "userImage": "https://play-lh.googleusercontent.com/a/ACg8ocLEyx5wi-eEoFzPzStZUrF0HtzzZu3EDFDQAkH0DhrpaWs=mo",
        "userName": "Paul Teale"
    },
    {
        "appVersion": "2.0",
        "at": "2023-09-01 00:57:08",
        "content": "white screen",
        "repliedAt": null,
        "replyContent": null,
        "reviewCreatedVersion": "2.0",
        "reviewId": "bf8a6260-7115-485b-ab62-da08c8d69816",
        "score": 1,
        "thumbsUpCount": 0,
        "userImage": "https://play-lh.googleusercontent.com/a-/ALV-UjUzkVV0vf62HK58868rwC_9VFwVS0u4daJ1XzkUGzfG0ks",
        "userName": "Rohan"
    },
    {
        "appVersion": "2.0",
        "at": "2023-08-18 00:10:34",
        "content": "The app has great potential, sadly the developer hasn't updated the app. Some bugs here and there",
        "repliedAt": null,
        "replyContent": null,
        "reviewCreatedVersion": "2.0",
        "reviewId": "bb8af769-af58-4fbd-bdee-5592b2d19b41",
        "score": 3,
        "thumbsUpCount": 0,
        "userImage": "https://play-lh.googleusercontent.com/a-/ALV-UjVtZh6ivo7XgtsJLIyMYBFMP9fmB-MD84gTOZlrQYK6Hg",
        "userName": "Olatunde Daniel Balogun"
    },
    {
        "appVersion": null,
        "at": "2023-08-15 23:48:22",
        "content": "This app has potential, but it never works, I can't create any new boards, so I can't make any book marks, I keep having to go online to their website to do so...",
        "repliedAt": null,
        "replyContent": null,
        "reviewCreatedVersion": null,
        "reviewId": "448a10bb-6770-4874-9d52-6fa4eebf79a4",
        "score": 3,
        "thumbsUpCount": 2,
        "userImage": "https://play-lh.googleusercontent.com/a-/ALV-UjXW1qYfQpsFrJ4nxgiCFOFq_iY8Pj8eJR4fpSQ258hPqg",
        "userName": "Brittany Allen"
    },
    {
        "appVersion": "2.0",
        "at": "2023-08-14 00:26:14",
        "content": "Review bookmark",
        "repliedAt": null,
        "replyContent": null,
        "reviewCreatedVersion": "2.0",
        "reviewId": "79af035f-cb16-496e-867b-8f83a290538d",
        "score": 5,
        "thumbsUpCount": 0,
        "userImage": "https://play-lh.googleusercontent.com/a-/ALV-UjVo0vwBOTcZ348OmxeB6wtwLy3SytVRzsigWxPUA5Nutg",
        "userName": "David Mugure"
    },
    {
        "appVersion": "2.0",
        "at": "2023-07-20 12:44:34",
        "content": "\u00a9\u00ae\u2122\u0e01\u0e32\u0e23",
        "repliedAt": null,
        "replyContent": null,
        "reviewCreatedVersion": "2.0",
        "reviewId": "bed13d89-720b-4e7e-b6f8-e27cea8f4c90",
        "score": 5,
        "thumbsUpCount": 0,
        "userImage": "https://play-lh.googleusercontent.com/a/ACg8ocLiwvHnRaP0HhQp_xrvEe18f4hk_4tYaCD2X2dvZMOk=mo",
        "userName": "Saw Saw"
    },
    {
        "appVersion": "2.0",
        "at": "2023-07-18 17:34:02",
        "content": "Not work .login issue.. worst app",
        "repliedAt": null,
        "replyContent": null,
        "reviewCreatedVersion": "2.0",
        "reviewId": "3c9403be-9fb2-4527-b081-b5c3d6078f25",
        "score": 1,
        "thumbsUpCount": 0,
        "userImage": "https://play-lh.googleusercontent.com/a/ACg8ocJ4Dd9rg7eAc0PsJzjWJ4oPoy2jUZ586WoEthXeorKc=mo",
        "userName": "Alam Ansari"
    },
    {
        "appVersion": null,
        "at": "2023-04-25 06:59:00",
        "content": "I really liked this app. But it is not stable yet. Kinda buggy on my android device. Hope you will fix it soon",
        "repliedAt": null,
        "replyContent": null,
        "reviewCreatedVersion": null,
        "reviewId": "d6e50235-7fcf-45dd-8f81-b45049ddb045",
        "score": 3,
        "thumbsUpCount": 3,
        "userImage": "https://play-lh.googleusercontent.com/a-/ALV-UjUs9wvWC2O5MTGrpm_t8_1N9X2nL_3UPJ9QUugvL8j8TAQ",
        "userName": "Rushikesh Cheulwar"
    },
    {
        "appVersion": "2.0",
        "at": "2023-01-21 13:18:25",
        "content": "This very good app but still it very less downloading that's not good So I think may be of less downloading of this app, may the developer delete his app from playstore So plz not delete your app your app. This is so amazing app and it's helpful for needed person. After using it, it is very slow hanging and we not give title to link, it's only bookmark features At the end 1star\ud83d\ude2d\ud83d\ude2d\ud83d\ude2d\ud83d\ude2d Bad experience It not give that thing that i expected from it sorry bro",
        "repliedAt": null,
        "replyContent": null,
        "reviewCreatedVersion": "2.0",
        "reviewId": "c3645b3c-5131-475e-934f-94dc0ae82802",
        "score": 1,
        "thumbsUpCount": 3,
        "userImage": "https://play-lh.googleusercontent.com/a-/ALV-UjVc-3hH-gs2CEwYR2rvAX1UepywKdv5Ea7QNWSxQukr7w",
        "userName": "Bhushan Kumar"
    },
    {
        "appVersion": null,
        "at": "2023-01-11 01:24:37",
        "content": "Could not import a Google bookmarks file. Looks nice but could not use",
        "repliedAt": null,
        "replyContent": null,
        "reviewCreatedVersion": null,
        "reviewId": "18ea83a6-5e97-4c66-8e84-62cb7a9c2e90",
        "score": 2,
        "thumbsUpCount": 2,
        "userImage": "https://play-lh.googleusercontent.com/a-/ALV-UjVnvzY3vIAHf_fOAxFa-biuuHpZC9kou82Vh44PHqMMfrlQ",
        "userName": "TechAdict Tips to Tantalize the Typer"
    }
]