[
    {
        "appVersion": null,
        "at": "2023-11-05 06:57:35",
        "content": "I don't like it because It doesn't go back where you watch the first video it's like keep going until it finish the video please fix it",
        "repliedAt": null,
        "replyContent": null,
        "reviewCreatedVersion": null,
        "reviewId": "c7c22f8a-9f33-48f2-b697-4e330e559a25",
        "score": 1,
        "thumbsUpCount": 0,
        "userImage": "https://play-lh.googleusercontent.com/a-/ALV-UjVyfHLr8oRy9zPQcQ2klyl3QnrhcAUNDoDyFz1W5HdamUA",
        "userName": "Shallow Tears"
    },
    {
        "appVersion": "1",
        "at": "2023-11-02 12:14:02",
        "content": "Naah not worth 140 mb and just shows video only 12 options are available",
        "repliedAt": null,
        "replyContent": null,
        "reviewCreatedVersion": "1",
        "reviewId": "f16d0f86-b7d2-47e0-86eb-a52875f780b4",
        "score": 1,
        "thumbsUpCount": 0,
        "userImage": "https://play-lh.googleusercontent.com/a-/ALV-UjXVfD_NklMBe8QwMA89kHV2JHHjP6uX7E6-cd3yzu3fTz0",
        "userName": "Mehta Harsh"
    },
    {
        "appVersion": "1",
        "at": "2023-10-24 04:39:04",
        "content": "Useless, its just videos of 17key kalimbas nothing else",
        "repliedAt": null,
        "replyContent": null,
        "reviewCreatedVersion": "1",
        "reviewId": "61d7e684-6d8b-47eb-b48f-13ad9334cc15",
        "score": 1,
        "thumbsUpCount": 0,
        "userImage": "https://play-lh.googleusercontent.com/a-/ALV-UjUbZp9PU5Pj1MgxpaYgTU3GiIuHSbjiBhMQmg5gSWTPxnM",
        "userName": "ashwanpreet singh"
    },
    {
        "appVersion": null,
        "at": "2023-09-27 19:28:43",
        "content": "240p vids like 6 songs",
        "repliedAt": null,
        "replyContent": null,
        "reviewCreatedVersion": null,
        "reviewId": "ac8d5d8f-429f-4fb1-af91-607f40bf4515",
        "score": 1,
        "thumbsUpCount": 0,
        "userImage": "https://play-lh.googleusercontent.com/a-/ALV-UjVCwKonUYrLAHBwXEUGitd9xqjpkdU4j59uR8VgpATOw3E",
        "userName": "Kaidu"
    },
    {
        "appVersion": "1",
        "at": "2023-09-09 18:39:05",
        "content": "Bland, not much to it, I can find everything on here on youtube, so why waist the space",
        "repliedAt": null,
        "replyContent": null,
        "reviewCreatedVersion": "1",
        "reviewId": "6fd168e9-499e-44f2-8b08-f5a41d8cd0ce",
        "score": 2,
        "thumbsUpCount": 0,
        "userImage": "https://play-lh.googleusercontent.com/a-/ALV-UjXf9nJ5tqsnLuuODSo14021qW3U0Ot5k1C4MIUose1XWw",
        "userName": "The Zombiria"
    },
    {
        "appVersion": "1",
        "at": "2023-08-14 06:06:38",
        "content": "Good",
        "repliedAt": null,
        "replyContent": null,
        "reviewCreatedVersion": "1",
        "reviewId": "1bc1d09d-0635-496b-8bd4-722bf6e95fab",
        "score": 5,
        "thumbsUpCount": 0,
        "userImage": "https://play-lh.googleusercontent.com/a/ACg8ocIVnYyQpZxbd3xRQHKslGA2xyWGdhDHsMLEkmdXtqlz=mo",
        "userName": "narges farnoosh"
    }
]