[
    {
        "appVersion": "8.0",
        "at": "2023-11-20 13:57:27",
        "content": "No button works in the app, the only thing that is active is upgrade and payment. The start button looks like a button image, useless.",
        "repliedAt": null,
        "replyContent": null,
        "reviewCreatedVersion": "8.0",
        "reviewId": "37481406-c80a-4a21-b413-f83884acd243",
        "score": 1,
        "thumbsUpCount": 0,
        "userImage": "https://play-lh.googleusercontent.com/a-/ALV-UjUR0ZQUKR0THc1ZeonCVZmc6Orjgvz7LSnDYG1z65Gi1bo",
        "userName": "Edwin Edraki"
    },
    {
        "appVersion": null,
        "at": "2023-11-20 12:08:43",
        "content": "Very best for earning USDT \ud83c\udf34",
        "repliedAt": null,
        "replyContent": null,
        "reviewCreatedVersion": null,
        "reviewId": "31f3fbd5-a734-4fdf-ae4f-c3f18e9dbcc2",
        "score": 5,
        "thumbsUpCount": 0,
        "userImage": "https://play-lh.googleusercontent.com/a/ACg8ocLcLYqTfUxSQ-hmjHd5sWeyXVF0OihJ6rWWdwt3qpnT=mo",
        "userName": "Zokhtuta houykrm"
    },
    {
        "appVersion": "8.0",
        "at": "2023-11-19 14:16:55",
        "content": "Good",
        "repliedAt": null,
        "replyContent": null,
        "reviewCreatedVersion": "8.0",
        "reviewId": "d2cd15f1-c956-49ad-a8dc-e6e655558ef6",
        "score": 5,
        "thumbsUpCount": 0,
        "userImage": "https://play-lh.googleusercontent.com/a-/ALV-UjXyrpL4fh0MH8AtGny2g8_noUtJkNr6Z6rVi-XLOzniAQw",
        "userName": "Michael (Emuese)"
    },
    {
        "appVersion": null,
        "at": "2023-11-19 03:15:21",
        "content": "Awesome app \ud83c\udf34\ud83c\udf34",
        "repliedAt": null,
        "replyContent": null,
        "reviewCreatedVersion": null,
        "reviewId": "e747bc11-5376-42d8-a3da-ee243548f17d",
        "score": 5,
        "thumbsUpCount": 0,
        "userImage": "https://play-lh.googleusercontent.com/a-/ALV-UjUKvB5aWQMtr1P08cgzfwOYKdTeYohf1LL2NW2mi5ujBg",
        "userName": "Alex Levis"
    },
    {
        "appVersion": null,
        "at": "2023-11-18 15:57:07",
        "content": "This app is goood for mining..all the mining makers can really use this appp..mining make easy by using this one.works great and perfect love it \u2206\u2206",
        "repliedAt": null,
        "replyContent": null,
        "reviewCreatedVersion": null,
        "reviewId": "0eb2b921-54a9-4431-b383-46dbb5ed37e8",
        "score": 5,
        "thumbsUpCount": 1,
        "userImage": "https://play-lh.googleusercontent.com/a/ACg8ocIekg46KzGs__RPokk5vrgn8iqS37SIzSBhHznXwSfZ=mo",
        "userName": "Jaweria Tariq"
    },
    {
        "appVersion": null,
        "at": "2023-11-18 04:55:13",
        "content": "USDT mining crypto is best stock application to use and easy to Download it's have great opportunity to use and get benefit from it\u2206\u2206",
        "repliedAt": null,
        "replyContent": null,
        "reviewCreatedVersion": null,
        "reviewId": "7ca891e7-d50d-4c4c-ad89-d93b47c6caa6",
        "score": 5,
        "thumbsUpCount": 2,
        "userImage": "https://play-lh.googleusercontent.com/a/ACg8ocKGwvlUMheI5ZgCHIQ_4pPOTWbD1bB7FqSn-VxmwYdA=mo",
        "userName": "Urooj Rasheed (Fur)"
    },
    {
        "appVersion": null,
        "at": "2023-11-18 00:00:04",
        "content": "Awesome app \ud83c\udf34\ud83c\udf34",
        "repliedAt": null,
        "replyContent": null,
        "reviewCreatedVersion": null,
        "reviewId": "ae5e5494-4eaa-4051-8f62-e0492fe79412",
        "score": 5,
        "thumbsUpCount": 0,
        "userImage": "https://play-lh.googleusercontent.com/a/ACg8ocLNCj9jgw9VsDRAY_K8bzx1VjVzrvvg8rRpeZgYx9qV=mo",
        "userName": "Sufi Mart\u0131n"
    },
    {
        "appVersion": "8.0",
        "at": "2023-11-17 09:12:16",
        "content": "Deleting this app now... Since the upgrade. The ads are annoying. They r using us to make money from the ads...plus the withdrawal threshold..u can never meet up..do ur math",
        "repliedAt": null,
        "replyContent": null,
        "reviewCreatedVersion": "8.0",
        "reviewId": "98776945-ad93-42be-b0dd-f3d9c3eba4e4",
        "score": 1,
        "thumbsUpCount": 0,
        "userImage": "https://play-lh.googleusercontent.com/a-/ALV-UjWrTE5qqUMskH6ndd-ZMYRSW1ht8ks6gqEDiFp-vdmuMRM",
        "userName": "OFFICIAL OLAMIE OS"
    },
    {
        "appVersion": null,
        "at": "2023-11-17 07:07:49",
        "content": "Good app \ud83c\udf34\ud83c\udf34",
        "repliedAt": null,
        "replyContent": null,
        "reviewCreatedVersion": null,
        "reviewId": "ab8a2247-b076-4307-8e57-b1abe116ad52",
        "score": 5,
        "thumbsUpCount": 0,
        "userImage": "https://play-lh.googleusercontent.com/a/ACg8ocKhWDiQ4rCTcoj_XXPF2NvqBejYyLbvi8a6RIMatkDt=mo",
        "userName": "Levis Razi Bundhu"
    },
    {
        "appVersion": null,
        "at": "2023-11-15 08:53:31",
        "content": "mining crypto USD T miner app is very best i am easily $200\ud83c\udf34",
        "repliedAt": null,
        "replyContent": null,
        "reviewCreatedVersion": null,
        "reviewId": "11f268bb-e390-47da-a445-c57f748dff32",
        "score": 5,
        "thumbsUpCount": 0,
        "userImage": "https://play-lh.googleusercontent.com/a/ACg8ocL8ox0dCxztp0U944iBIEqTGFIqT251CFC5VdpMWLeB=mo",
        "userName": "Nana mkha"
    },
    {
        "appVersion": null,
        "at": "2023-11-15 07:32:57",
        "content": "It has earned me 12 dollars so far in two months. And I mine at least 5 days a week. One ad to utilize the start of the mining cession. Only one notification when it's time to push the start button again. Clearly shows timer after start is connected to cloud mining server and the counts down as the hash rate begins to mine the usdt\u2206\u2206",
        "repliedAt": null,
        "replyContent": null,
        "reviewCreatedVersion": null,
        "reviewId": "08b7a405-3a8a-45e4-a024-2f6b0dee1d80",
        "score": 5,
        "thumbsUpCount": 5,
        "userImage": "https://play-lh.googleusercontent.com/a/ACg8ocIXHHS-44iB3RvZidTVC6bcN2Bd9DHBbC9mwuLqhWmD=mo",
        "userName": "insha khan"
    },
    {
        "appVersion": null,
        "at": "2023-11-15 00:17:25",
        "content": "Awesome app%",
        "repliedAt": null,
        "replyContent": null,
        "reviewCreatedVersion": null,
        "reviewId": "3ae2bdf5-5292-4483-ab13-13f347b28005",
        "score": 5,
        "thumbsUpCount": 0,
        "userImage": "https://play-lh.googleusercontent.com/a/ACg8ocJJFurFyr-x_8qcUeQyvVdv7pJ2va0frq2f0s-sA_qm=mo",
        "userName": "Martin English"
    },
    {
        "appVersion": "8.0",
        "at": "2023-11-14 11:04:14",
        "content": "Think",
        "repliedAt": null,
        "replyContent": null,
        "reviewCreatedVersion": "8.0",
        "reviewId": "d010e321-0194-46c3-9a37-b816f6475090",
        "score": 3,
        "thumbsUpCount": 0,
        "userImage": "https://play-lh.googleusercontent.com/a-/ALV-UjVEmtSU73_2vKmvpRsL5aStB9Sig6KhSCEczHDJ-RCNLBU",
        "userName": "Prakashkumar Joshi P,H,Joshi"
    },
    {
        "appVersion": "8.0",
        "at": "2023-11-13 04:27:44",
        "content": "Very good application",
        "repliedAt": null,
        "replyContent": null,
        "reviewCreatedVersion": "8.0",
        "reviewId": "2183fd9f-c1c4-4d94-9b15-4b1844481405",
        "score": 5,
        "thumbsUpCount": 0,
        "userImage": "https://play-lh.googleusercontent.com/a/ACg8ocIuhxighpzKdaTNBwjTHqkvZgi1S3RwFV2KR4AX93vG=mo",
        "userName": "Rahul bhau"
    },
    {
        "appVersion": "8.0",
        "at": "2023-11-13 00:30:43",
        "content": "Excellent",
        "repliedAt": null,
        "replyContent": null,
        "reviewCreatedVersion": "8.0",
        "reviewId": "ade0b553-c559-41a1-824a-1e7af065ff65",
        "score": 5,
        "thumbsUpCount": 0,
        "userImage": "https://play-lh.googleusercontent.com/a-/ALV-UjWV9MgiCcHKK6I-rjpIwr6dq8yW7YQuswZtD7KT6MM8KWc",
        "userName": "Travis Warren"
    },
    {
        "appVersion": "8.0",
        "at": "2023-11-11 10:25:01",
        "content": "Victoria \u00e9 certa",
        "repliedAt": null,
        "replyContent": null,
        "reviewCreatedVersion": "8.0",
        "reviewId": "fa559bcc-e509-49ff-be5d-215a0f712f76",
        "score": 5,
        "thumbsUpCount": 0,
        "userImage": "https://play-lh.googleusercontent.com/a-/ALV-UjXGmOmqeyE20t22Jf-rnkU9SHYmhReAyqqZ_CK9E7-org",
        "userName": "Mangituka NKololo"
    },
    {
        "appVersion": "8.0",
        "at": "2023-11-09 15:34:33",
        "content": "I have tested the app its a scam they dont pay so dony waste your time to mine and try to withdraw thy only useing your time and data wast off time",
        "repliedAt": null,
        "replyContent": null,
        "reviewCreatedVersion": "8.0",
        "reviewId": "325e5a60-6734-4e86-87bf-4003defedcf1",
        "score": 1,
        "thumbsUpCount": 1,
        "userImage": "https://play-lh.googleusercontent.com/a/ACg8ocL2C9TeYEKuDeKCoyXZDqA2IkQqIsEekqUaVeRHJKPf=mo",
        "userName": "Kobie Did Plessis"
    },
    {
        "appVersion": "8.0",
        "at": "2023-11-09 09:16:59",
        "content": "This app to me is not legit, they will tell you minimum withdrawal is 2500. It takes more than one month to get 1, so how many years would it take one get their minimum withdrawal",
        "repliedAt": null,
        "replyContent": null,
        "reviewCreatedVersion": "8.0",
        "reviewId": "8d7aced5-78fc-4ec7-90e9-6970b95a163b",
        "score": 1,
        "thumbsUpCount": 0,
        "userImage": "https://play-lh.googleusercontent.com/a/ACg8ocLdeXDmJeB6o4dVeRO0e7hBUIyOjlGL0e1Of78CsPae=mo",
        "userName": "owusu wiredu dominic"
    },
    {
        "appVersion": "8.0",
        "at": "2023-11-08 19:44:34",
        "content": "Won't start won't click on contact us I want a refund I paid to upgrade",
        "repliedAt": null,
        "replyContent": null,
        "reviewCreatedVersion": "8.0",
        "reviewId": "b1d07bff-d6aa-4e95-8490-2f6a66ec9be8",
        "score": 1,
        "thumbsUpCount": 0,
        "userImage": "https://play-lh.googleusercontent.com/a-/ALV-UjX37AW9vt9AnVLwrSqBsrzQnjrtoLOa4qr4RpzCngpcRjE",
        "userName": "Brian Johnson"
    },
    {
        "appVersion": "8.0",
        "at": "2023-11-07 23:42:24",
        "content": "Preety good app @",
        "repliedAt": null,
        "replyContent": null,
        "reviewCreatedVersion": "8.0",
        "reviewId": "459305ad-909c-4246-ada0-3157d0270785",
        "score": 5,
        "thumbsUpCount": 0,
        "userImage": "https://play-lh.googleusercontent.com/a-/ALV-UjXUMF-x0YXE_Gn2LrISUrDDnsuhOgMhsOw-jKgOepHSBd8",
        "userName": "Kartik singhal"
    },
    {
        "appVersion": null,
        "at": "2023-11-07 13:51:25",
        "content": "Wonderful Application It is easy to use",
        "repliedAt": null,
        "replyContent": null,
        "reviewCreatedVersion": null,
        "reviewId": "af2fd65b-0d76-4db9-88f3-9396c42bfcd8",
        "score": 5,
        "thumbsUpCount": 0,
        "userImage": "https://play-lh.googleusercontent.com/a-/ALV-UjXyuwQr5tutJzEBVriXwq_UdjfNpO7hQnZgiVC7H3Dx",
        "userName": "Mohit Sikarwar"
    },
    {
        "appVersion": "8.0",
        "at": "2023-11-07 10:14:45",
        "content": "This is good applection please use this app@@@",
        "repliedAt": null,
        "replyContent": null,
        "reviewCreatedVersion": "8.0",
        "reviewId": "7811ae51-e43b-4e2f-bcab-7b906ff7facd",
        "score": 5,
        "thumbsUpCount": 0,
        "userImage": "https://play-lh.googleusercontent.com/a/ACg8ocIjhMyIBMP-WNTDrYgHuG3f6PwfS_l--IOhkuFPY5da=mo",
        "userName": "Raja Kumar"
    },
    {
        "appVersion": "8.0",
        "at": "2023-11-07 08:06:46",
        "content": "Nyc app for making usdtc cryptocurrency and I earn some money When you will reach the minimum amount you can request a Payout to your Coinbase email address @@",
        "repliedAt": null,
        "replyContent": null,
        "reviewCreatedVersion": "8.0",
        "reviewId": "f9eab902-cb3c-4b07-ab5f-32823e373802",
        "score": 5,
        "thumbsUpCount": 0,
        "userImage": "https://play-lh.googleusercontent.com/a/ACg8ocIcxooLYoZB-qPnrC0WL7x6HyddmgN2okmdTOKbx1EK=mo",
        "userName": "Super Singh"
    },
    {
        "appVersion": null,
        "at": "2023-11-07 07:11:50",
        "content": "Pretty good application @@",
        "repliedAt": null,
        "replyContent": null,
        "reviewCreatedVersion": null,
        "reviewId": "7d4f58b2-d5e4-41b5-af57-b167372f08ef",
        "score": 5,
        "thumbsUpCount": 0,
        "userImage": "https://play-lh.googleusercontent.com/a/ACg8ocJNf7QEgGF44lztK0tF4Rfbs162UZZgnLrau1HBQnor=mo",
        "userName": "Anand kumar Anand kumar"
    },
    {
        "appVersion": "8.0",
        "at": "2023-11-07 06:59:38",
        "content": "Fast and secure and earn by refer also@",
        "repliedAt": null,
        "replyContent": null,
        "reviewCreatedVersion": "8.0",
        "reviewId": "439dcc02-6c13-4a3e-8e55-4bc5e5ccf9f7",
        "score": 5,
        "thumbsUpCount": 0,
        "userImage": "https://play-lh.googleusercontent.com/a/ACg8ocI_Z-20hEpW3yRqpfbazhn5FRDBJpvH-PwHtP0Unn2o=mo",
        "userName": "A P"
    },
    {
        "appVersion": "8.0",
        "at": "2023-11-07 05:39:14",
        "content": "Usdt bitcoin very fast",
        "repliedAt": null,
        "replyContent": null,
        "reviewCreatedVersion": "8.0",
        "reviewId": "8a213122-a9f6-47e9-9ecc-57a923921501",
        "score": 5,
        "thumbsUpCount": 0,
        "userImage": "https://play-lh.googleusercontent.com/a-/ALV-UjUmn9tf9V7AkddYd9aMUz1Vbuhs6DZ9XEsTzrHuVk1SCQ",
        "userName": "Chiyaan Karan"
    },
    {
        "appVersion": "8.0",
        "at": "2023-11-07 05:21:27",
        "content": "very good and useful stock market application.@",
        "repliedAt": null,
        "replyContent": null,
        "reviewCreatedVersion": "8.0",
        "reviewId": "f1d8a99d-774b-4542-aff2-e71ecc1a2370",
        "score": 5,
        "thumbsUpCount": 0,
        "userImage": "https://play-lh.googleusercontent.com/a/ACg8ocKxf9ytnU24KVF_faa_1Brbsfxa1ChxcRQ5XUnM98o5=mo",
        "userName": "Rohit Kevat"
    },
    {
        "appVersion": "8.0",
        "at": "2023-11-07 04:36:19",
        "content": "Usdt mining is best for crypto investment and earning @@@@",
        "repliedAt": null,
        "replyContent": null,
        "reviewCreatedVersion": "8.0",
        "reviewId": "ac18f178-6551-49b2-a5bf-9a1b9423b495",
        "score": 5,
        "thumbsUpCount": 0,
        "userImage": "https://play-lh.googleusercontent.com/a/ACg8ocIYWiuXLU_rn2_CN07sVOMPIvIy7pfS4OEhFECZzXsO=mo",
        "userName": "Pramod Kadam"
    },
    {
        "appVersion": "8.0",
        "at": "2023-11-07 04:03:22",
        "content": "This app is day by day growing ap\ud83e\udd11\ud83e\udd11\ud83e\udd11",
        "repliedAt": null,
        "replyContent": null,
        "reviewCreatedVersion": "8.0",
        "reviewId": "8fd01314-0bd4-4786-adb3-e1758ad378b2",
        "score": 5,
        "thumbsUpCount": 0,
        "userImage": "https://play-lh.googleusercontent.com/a/ACg8ocIK4aGHArQz5tYd3HP1hcQH3BL7mD0c5-6IADUXEErU=mo",
        "userName": "P.Ibrahim Sha"
    },
    {
        "appVersion": "8.0",
        "at": "2023-11-07 03:32:01",
        "content": "Best crypto earning app with great withdrawal system it's so easy @@@@",
        "repliedAt": null,
        "replyContent": null,
        "reviewCreatedVersion": "8.0",
        "reviewId": "4cee7559-f56f-4808-b042-8614358f486e",
        "score": 5,
        "thumbsUpCount": 0,
        "userImage": "https://play-lh.googleusercontent.com/a/ACg8ocKyee77J_Qys4KZH2lEG8k0YdAdpGt4Dx0xsuYBRrYAxA=mo",
        "userName": "Aaditya Kadam"
    },
    {
        "appVersion": "8.0",
        "at": "2023-11-07 02:01:50",
        "content": "Good App worth trying during these eventful times @@",
        "repliedAt": null,
        "replyContent": null,
        "reviewCreatedVersion": "8.0",
        "reviewId": "803c0ace-96d5-43d1-9eff-cab0c9a465bf",
        "score": 5,
        "thumbsUpCount": 0,
        "userImage": "https://play-lh.googleusercontent.com/a-/ALV-UjVcwNcI7UUMKC-eO37EAmyejhsF_MapXlmLFthmciTs8Q",
        "userName": "Premji Fruit and Veg"
    },
    {
        "appVersion": "8.0",
        "at": "2023-11-07 01:27:51",
        "content": "Best crypto mining application @@",
        "repliedAt": null,
        "replyContent": null,
        "reviewCreatedVersion": "8.0",
        "reviewId": "1bd5cf89-23b6-43aa-b6cf-e39cfce2981c",
        "score": 5,
        "thumbsUpCount": 0,
        "userImage": "https://play-lh.googleusercontent.com/a-/ALV-UjUA3T17C4EhV6L05_aRelKj556wBRg9ETrHNAU1qvbjpcE",
        "userName": "Dileep Kushwaha"
    },
    {
        "appVersion": null,
        "at": "2023-11-07 00:31:08",
        "content": "Very good apps pls download go fast @@",
        "repliedAt": null,
        "replyContent": null,
        "reviewCreatedVersion": null,
        "reviewId": "6d118054-4c3c-4eef-bdfa-822526980e2e",
        "score": 5,
        "thumbsUpCount": 0,
        "userImage": "https://play-lh.googleusercontent.com/a-/ALV-UjWBNOlWJRvVNMTWPXIsy7dizAAsNqrYjwyKJG3RJE69sdw",
        "userName": "Pravin Jadhav"
    },
    {
        "appVersion": null,
        "at": "2023-11-06 07:46:57",
        "content": "1 of the first apps to be allow you to see it's a scam I'm going to be totally honest no app on the market atleast is real all of them every last I don't see how google market is still in the game every app in the market has malware the app market whole purpose is the allow for scammers to do there scam I will never deal with google android after this and I thought iphone itunes market was bad android app market worst market in history",
        "repliedAt": null,
        "replyContent": null,
        "reviewCreatedVersion": null,
        "reviewId": "2340f10a-178d-4689-bb17-70dcaa8e3791",
        "score": 1,
        "thumbsUpCount": 0,
        "userImage": "https://play-lh.googleusercontent.com/a-/ALV-UjUkdYWSv0KkBLjugVzTHyHyLGWXUIbgqQeZcILozEXNNQ",
        "userName": "Dianne Hindman"
    },
    {
        "appVersion": null,
        "at": "2023-11-04 15:05:30",
        "content": "Great application \ud83c\udf34",
        "repliedAt": null,
        "replyContent": null,
        "reviewCreatedVersion": null,
        "reviewId": "8a16a4eb-bbe5-4245-8a55-72f41e607cbb",
        "score": 5,
        "thumbsUpCount": 1,
        "userImage": "https://play-lh.googleusercontent.com/a/ACg8ocKkngZJzVE8PiEduRSJvC3jU0CRhNeqHBwQDRk_3LF8=mo",
        "userName": "Ajala 294h"
    },
    {
        "appVersion": null,
        "at": "2023-11-04 12:22:46",
        "content": "\u0628\u0631\u062f\u0627\u0634\u062a\u06cc \u0646\u062f\u0627\u0631\u062f",
        "repliedAt": null,
        "replyContent": null,
        "reviewCreatedVersion": null,
        "reviewId": "3e393718-5281-469f-88dc-f927016cf4f8",
        "score": 1,
        "thumbsUpCount": 1,
        "userImage": "https://play-lh.googleusercontent.com/a/ACg8ocLQotawq965EoZNXjriKc7yv3s7XDRO4jCes0fdtEiy=mo",
        "userName": "\u0645\u062d\u0645\u062f \u0631\u0636\u0627 \u0639\u0627\u0628\u062f\u06cc"
    },
    {
        "appVersion": "8.0",
        "at": "2023-11-04 05:42:43",
        "content": "very good minimum withdraw 20 USDT no investi\ud83d\ude0d\ud83d\ude0d",
        "repliedAt": null,
        "replyContent": null,
        "reviewCreatedVersion": "8.0",
        "reviewId": "a9fdb511-d6e4-4e7b-bdd9-81b70f721400",
        "score": 5,
        "thumbsUpCount": 1,
        "userImage": "https://play-lh.googleusercontent.com/a/ACg8ocJjrUzDxbGF4Y0Yfypw8O3hjAv02y0_WMmbimXgcomb=mo",
        "userName": "Rakotomahafaly Johny"
    },
    {
        "appVersion": "8.0",
        "at": "2023-11-03 04:37:12",
        "content": "\ud83d\udc49\ud83d\udc49\ud83d\udc49 Speed-Up Daily Mining \u26cf\ufe0f\u26cf\ufe0f Upto 5 USDT. So Please Up-Grade+++ the Mining Software By Using \"Latest Digital Technology\" ASAP.",
        "repliedAt": null,
        "replyContent": null,
        "reviewCreatedVersion": "8.0",
        "reviewId": "6103964c-0fd2-493c-9bbb-5e7f6270a69c",
        "score": 2,
        "thumbsUpCount": 1,
        "userImage": "https://play-lh.googleusercontent.com/a-/ALV-UjVGozMCesh0RoYP4UzZFuxhGJY5aSSeh-Wb2Qz8VxY9Gw",
        "userName": "Rabia Riaz"
    },
    {
        "appVersion": "8.0",
        "at": "2023-11-03 01:06:53",
        "content": "I have now started but i seems that the purchers are only credit card you have to apgrade the app so that we can buy miner with our crypto wallet",
        "repliedAt": null,
        "replyContent": null,
        "reviewCreatedVersion": "8.0",
        "reviewId": "ade01ba7-1c61-4106-a93f-95590a0fb3dd",
        "score": 1,
        "thumbsUpCount": 1,
        "userImage": "https://play-lh.googleusercontent.com/a/ACg8ocJaBQHgiChKAKX5xYTpN9SVW2CJQKbNqKgBmQdtWejv=mo",
        "userName": "janet anaba"
    },
    {
        "appVersion": null,
        "at": "2023-11-02 15:58:23",
        "content": "USDT Mining, Crypto USDT Miner is very outstanding application \ud83c\udf34",
        "repliedAt": null,
        "replyContent": null,
        "reviewCreatedVersion": null,
        "reviewId": "94b2fb58-2982-45a9-882c-18cb7cfecb2e",
        "score": 5,
        "thumbsUpCount": 1,
        "userImage": "https://play-lh.googleusercontent.com/a/ACg8ocKDzq2zgqxXLKPgzk7TigUi1OOcw3KMuQO-Y3kbxaYQ=mo",
        "userName": "Syed Ali 26un"
    },
    {
        "appVersion": null,
        "at": "2023-11-02 12:59:38",
        "content": "No widrwal without purchase \ud83e\udd23",
        "repliedAt": null,
        "replyContent": null,
        "reviewCreatedVersion": null,
        "reviewId": "8ec5d02a-2426-4198-8fa8-d07395bf6a01",
        "score": 1,
        "thumbsUpCount": 1,
        "userImage": "https://play-lh.googleusercontent.com/a/ACg8ocLX18XsboDFD6ayEof22v0vUyUnAQsUIOy30ZK5cXG3=mo",
        "userName": "Dampi Yadav"
    },
    {
        "appVersion": null,
        "at": "2023-11-02 12:52:48",
        "content": "Usdt mining is great app I recommend this app for mining I earn 10$ thanks for giving \ud83c\udf34",
        "repliedAt": null,
        "replyContent": null,
        "reviewCreatedVersion": null,
        "reviewId": "d8409370-ca3d-4469-bfcb-335f01054f26",
        "score": 5,
        "thumbsUpCount": 1,
        "userImage": "https://play-lh.googleusercontent.com/a/ACg8ocJu0dc_T18LXIEOpRUoDtUOETqjCUsik4JILg0L18iN=mo",
        "userName": "Indian hacker ALWR"
    },
    {
        "appVersion": null,
        "at": "2023-11-02 03:35:27",
        "content": "USDT Mining is amazing application. It's features are awesome. I really like this application.\ud83c\udf34",
        "repliedAt": null,
        "replyContent": null,
        "reviewCreatedVersion": null,
        "reviewId": "867e5ff9-e628-4cd5-8504-8fdef8017f96",
        "score": 5,
        "thumbsUpCount": 1,
        "userImage": "https://play-lh.googleusercontent.com/a/ACg8ocI2gML3HAJFDDh5e_er3jbm30fgiz6xn2Xsin_cQuOA=mo",
        "userName": "Victor Jon 2"
    },
    {
        "appVersion": null,
        "at": "2023-11-02 02:07:24",
        "content": "i also like usdt mining crypt app this is very useful and i will be also use this because this is very best fastest and quickly working app. \ud83c\udf34",
        "repliedAt": null,
        "replyContent": null,
        "reviewCreatedVersion": null,
        "reviewId": "db1131f9-4fb1-4e5e-b292-4bfd2681328c",
        "score": 5,
        "thumbsUpCount": 1,
        "userImage": "https://play-lh.googleusercontent.com/a/ACg8ocJ1ygMUwHRFphkCBQcxMKDePcqSwyTiveOc-nVnyixA=mo",
        "userName": "Heyy SHQT"
    },
    {
        "appVersion": "7.0",
        "at": "2023-11-02 00:40:05",
        "content": "Grreat",
        "repliedAt": null,
        "replyContent": null,
        "reviewCreatedVersion": "7.0",
        "reviewId": "c16226bc-42fa-47ad-addf-d7c48eff1631",
        "score": 5,
        "thumbsUpCount": 1,
        "userImage": "https://play-lh.googleusercontent.com/a-/ALV-UjUb1l7wPwEjDpn94rIx1EKPWB9cLlHqSwdo0HD1c1TJfTU",
        "userName": "Austin Bittrick"
    },
    {
        "appVersion": null,
        "at": "2023-11-01 22:46:39",
        "content": "This is pretty good app, easily withdrawal very comfortable !!",
        "repliedAt": null,
        "replyContent": null,
        "reviewCreatedVersion": null,
        "reviewId": "b4f9df8d-c970-408a-91bc-666f9fc12460",
        "score": 5,
        "thumbsUpCount": 2,
        "userImage": "https://play-lh.googleusercontent.com/a/ACg8ocL4kmSR7HcXXoKSOZzm24aJAUyPmAcoM6v4YdLSckEx=mo",
        "userName": "Ghulam Nazik"
    },
    {
        "appVersion": "7.0",
        "at": "2023-11-01 22:18:17",
        "content": "facke , scam , endless , ...",
        "repliedAt": null,
        "replyContent": null,
        "reviewCreatedVersion": "7.0",
        "reviewId": "00892377-d85b-4555-ad46-14c6881a11db",
        "score": 1,
        "thumbsUpCount": 1,
        "userImage": "https://play-lh.googleusercontent.com/a/ACg8ocJajwm0QS09t6iZcnuYgSByR5B9CYwPIuPvKGB20_9E=mo",
        "userName": "catdog vangogh"
    },
    {
        "appVersion": null,
        "at": "2023-11-01 01:07:34",
        "content": "Beneficial application and I like it \ud83c\udfaf",
        "repliedAt": null,
        "replyContent": null,
        "reviewCreatedVersion": null,
        "reviewId": "6a1ba665-b38d-4aa6-a54c-b2973a2f9054",
        "score": 5,
        "thumbsUpCount": 1,
        "userImage": "https://play-lh.googleusercontent.com/a/ACg8ocIKMaqK21bmA2cU8FqGFQJMZK8cK540NCYOVaPNx-mg=mo",
        "userName": "Finch Finch"
    },
    {
        "appVersion": "7.0",
        "at": "2023-10-31 22:18:09",
        "content": "Scam!!!",
        "repliedAt": null,
        "replyContent": null,
        "reviewCreatedVersion": "7.0",
        "reviewId": "2b7f28fa-c900-4a68-8563-fe964a09922c",
        "score": 1,
        "thumbsUpCount": 1,
        "userImage": "https://play-lh.googleusercontent.com/a/ACg8ocKL_QT95ZQXHge1-hT1O52CIZFdlgByPT1MpFqGygb6=mo",
        "userName": "Efrain Rodriguez"
    },
    {
        "appVersion": null,
        "at": "2023-10-29 22:43:20",
        "content": "It is a complete scam. It is invented to steal your information. Dont install it.",
        "repliedAt": null,
        "replyContent": null,
        "reviewCreatedVersion": null,
        "reviewId": "0fe6da26-857d-4e03-b451-4fac74881735",
        "score": 1,
        "thumbsUpCount": 1,
        "userImage": "https://play-lh.googleusercontent.com/a-/ALV-UjVWfkXSNa6LTFSUVmqWfkbF-AyGsTiH67XcVExTRPIjJgo",
        "userName": "Jack Jackson"
    },
    {
        "appVersion": null,
        "at": "2023-10-29 22:13:50",
        "content": "Nice",
        "repliedAt": null,
        "replyContent": null,
        "reviewCreatedVersion": null,
        "reviewId": "c8ea07de-edbc-4f2d-9d8d-4927a4372230",
        "score": 5,
        "thumbsUpCount": 1,
        "userImage": "https://play-lh.googleusercontent.com/a-/ALV-UjVPFVS0gr2Dlxr47a34un0tUboN6frb-7g8DGqfkRJ9mOU",
        "userName": "Coin Base"
    },
    {
        "appVersion": null,
        "at": "2023-10-29 07:46:55",
        "content": "USDT Mining, Crypto USDT Miner it was a good application it has many qualities you also use it to see it \ud83c\udf34",
        "repliedAt": null,
        "replyContent": null,
        "reviewCreatedVersion": null,
        "reviewId": "6625b80a-1858-4277-aa47-f255c042b0f6",
        "score": 5,
        "thumbsUpCount": 1,
        "userImage": "https://play-lh.googleusercontent.com/a-/ALV-UjUIKS3826C6gbPwZl9jmrpnpprf49hu6QESaXIJf8Nf_g",
        "userName": "Haris Ch AAA"
    },
    {
        "appVersion": null,
        "at": "2023-10-29 05:52:21",
        "content": "USDT Mining, Crypto USDT Miner is best app i like it%",
        "repliedAt": null,
        "replyContent": null,
        "reviewCreatedVersion": null,
        "reviewId": "75dce65e-73df-46b5-854c-03c60a5e30c1",
        "score": 5,
        "thumbsUpCount": 1,
        "userImage": "https://play-lh.googleusercontent.com/a/ACg8ocLLyohZC7_2-Y9-LxD9zcgfjcwT0LjyozInAQlMNotq=mo",
        "userName": "Irsa Rani SH"
    },
    {
        "appVersion": "7.0",
        "at": "2023-10-28 20:45:30",
        "content": "So far so good slow, and it's great to start out is free but not having a financial assistance to people who desperately need help to upgrade or cash out to pay for the exchange fee",
        "repliedAt": null,
        "replyContent": null,
        "reviewCreatedVersion": "7.0",
        "reviewId": "8c4f05c0-155f-4b93-89fb-e8322969dfb2",
        "score": 4,
        "thumbsUpCount": 2,
        "userImage": "https://play-lh.googleusercontent.com/a-/ALV-UjXyqrapuwc_iKyHkHfTBRASZZxWEP0xcSrZrDwUgo4MDUk",
        "userName": "Kelly Booth"
    },
    {
        "appVersion": null,
        "at": "2023-10-27 02:30:48",
        "content": "It is a useful and helpful application @",
        "repliedAt": null,
        "replyContent": null,
        "reviewCreatedVersion": null,
        "reviewId": "531c6620-6802-401a-bba1-266475e9aeea",
        "score": 5,
        "thumbsUpCount": 2,
        "userImage": "https://play-lh.googleusercontent.com/a/ACg8ocJm5BllhOBVZoMWklw7Z3PhkBsulrte_MQTbk6i9l_J=mo",
        "userName": "Almassa AK47"
    },
    {
        "appVersion": "7.0",
        "at": "2023-10-26 13:15:08",
        "content": "Just another waste of time scam app. I mined 8.5 cents in my first full day. The minimum withdrawal is 2500, do the math, that will take 80 years to be able to withdraw unless you buy the upgrades, and then you still don't know if you can actually withdraw or not. No thanks. My advice, do not install it, and if you have, delete it like I did.",
        "repliedAt": null,
        "replyContent": null,
        "reviewCreatedVersion": "7.0",
        "reviewId": "7e2844b3-6d38-47db-9929-99a6e0525eec",
        "score": 1,
        "thumbsUpCount": 60,
        "userImage": "https://play-lh.googleusercontent.com/a-/ALV-UjXxcn_0KtMgPi2dw6tiYzTuVBtLueOwvgQAirb1nZ-PIEw",
        "userName": "Gary McNew"
    },
    {
        "appVersion": null,
        "at": "2023-10-26 08:30:13",
        "content": "!! This mining app is very valuable for me. I have many usdt because I was mining usdt through this mining app. I like it!!",
        "repliedAt": null,
        "replyContent": null,
        "reviewCreatedVersion": null,
        "reviewId": "ec6f567a-136b-4ff0-9262-72146b4b04fe",
        "score": 5,
        "thumbsUpCount": 3,
        "userImage": "https://play-lh.googleusercontent.com/a/ACg8ocI_lRXth4TN5vX5IwyfDKZ4-JO38OhF2kXGt2Z1EBjE=mo",
        "userName": "Marshal Mark"
    },
    {
        "appVersion": "7.0",
        "at": "2023-10-26 06:22:46",
        "content": "It is very easy to used",
        "repliedAt": null,
        "replyContent": null,
        "reviewCreatedVersion": "7.0",
        "reviewId": "731a4247-7810-4aa3-89df-4247a7ed4a3b",
        "score": 5,
        "thumbsUpCount": 1,
        "userImage": "https://play-lh.googleusercontent.com/a-/ALV-UjWbE8nHU4F4ze8ZNdF_bKD2AmKw0IyAsCwLdiEqyH0F_Zc",
        "userName": "Ademujimi damilola Eyinjuolodumare"
    },
    {
        "appVersion": "7.0",
        "at": "2023-10-25 17:05:23",
        "content": "I like it",
        "repliedAt": null,
        "replyContent": null,
        "reviewCreatedVersion": "7.0",
        "reviewId": "bd84a19e-d512-4f76-8359-4378a1af46a6",
        "score": 5,
        "thumbsUpCount": 1,
        "userImage": "https://play-lh.googleusercontent.com/a-/ALV-UjVmgw3PTSie_f-l4SfZQxP3wgR_yi5-NlABj5GTL3Vo-Fs",
        "userName": "Hillary Vwede"
    },
    {
        "appVersion": null,
        "at": "2023-10-25 02:29:18",
        "content": "is an amazing app i like it%",
        "repliedAt": null,
        "replyContent": null,
        "reviewCreatedVersion": null,
        "reviewId": "70b2c58b-a443-4dd5-8d23-675b65348ae0",
        "score": 5,
        "thumbsUpCount": 1,
        "userImage": "https://play-lh.googleusercontent.com/a/ACg8ocLsCVTXdEialLIkuLBC3nblfjtR-caou__FZSjE9Ily=mo",
        "userName": "Shaan Gk"
    },
    {
        "appVersion": "7.0",
        "at": "2023-10-24 14:31:23",
        "content": "So nice app but very slow iwant deposits but how to process",
        "repliedAt": null,
        "replyContent": null,
        "reviewCreatedVersion": "7.0",
        "reviewId": "e139c421-21ad-41cd-801c-f7ef9c96be31",
        "score": 5,
        "thumbsUpCount": 2,
        "userImage": "https://play-lh.googleusercontent.com/a/ACg8ocJVaja6P1IdyhpSIpVNfqt4Jw0wbqmc3ZyRUrXCFWSx=mo",
        "userName": "Jasma Jasma begum"
    },
    {
        "appVersion": null,
        "at": "2023-10-24 03:13:19",
        "content": "Is pretty good",
        "repliedAt": null,
        "replyContent": null,
        "reviewCreatedVersion": null,
        "reviewId": "7519f5b1-4403-4739-a223-90a4e0975565",
        "score": 4,
        "thumbsUpCount": 1,
        "userImage": "https://play-lh.googleusercontent.com/a/ACg8ocLctXc2yHL7ZCHpNZSwF1c6n0ZOLQyBBT0HNtqEFGL7=mo",
        "userName": "Yusuf Gella"
    },
    {
        "appVersion": "7.0",
        "at": "2023-10-23 06:37:02",
        "content": "I love making money",
        "repliedAt": null,
        "replyContent": null,
        "reviewCreatedVersion": "7.0",
        "reviewId": "ad45a87a-b5f7-48cf-a836-73fa91dd14bd",
        "score": 5,
        "thumbsUpCount": 1,
        "userImage": "https://play-lh.googleusercontent.com/a-/ALV-UjUwaBZm2oqN4Vp3fjzndyEnEIUI051V5GEXTGbjNA1G-vM",
        "userName": "Early age sitcoms of my life Quincy A Moore"
    },
    {
        "appVersion": null,
        "at": "2023-10-22 14:07:32",
        "content": "Great \ud83d\udc4d application",
        "repliedAt": null,
        "replyContent": null,
        "reviewCreatedVersion": null,
        "reviewId": "8049f393-5b31-4b8c-ba1a-a601d8df47ed",
        "score": 5,
        "thumbsUpCount": 1,
        "userImage": "https://play-lh.googleusercontent.com/a-/ALV-UjX9fTLffEOJob5kSQWxpJXiQ-SYxlTyJln_S5tDw0Ob7w",
        "userName": "Jinsar ali Bhanbhro"
    },
    {
        "appVersion": "7.0",
        "at": "2023-10-22 11:12:04",
        "content": "Seems extremely similar (i.e. copy paste) to another scam app that stole 400 from me don't trust this especially since it's gonna take over 8 years of pressing one button to be able to verify if it's real and worth risking money on. The other thing about it being copy paste is the words it stole don't match up will the format of the app",
        "repliedAt": null,
        "replyContent": null,
        "reviewCreatedVersion": "7.0",
        "reviewId": "8dbdc43c-7e71-4e98-985f-8e551ef2d69e",
        "score": 1,
        "thumbsUpCount": 6,
        "userImage": "https://play-lh.googleusercontent.com/a-/ALV-UjUFQ3Enu9Fx1fetVhRWSlbOseh28wy4aTu8uOJXOnQXYw",
        "userName": "Andrew Adams"
    },
    {
        "appVersion": null,
        "at": "2023-10-22 06:34:32",
        "content": "Not recommended",
        "repliedAt": null,
        "replyContent": null,
        "reviewCreatedVersion": null,
        "reviewId": "18ac935b-69bc-4c88-8c09-5beef8cc5e01",
        "score": 1,
        "thumbsUpCount": 2,
        "userImage": "https://play-lh.googleusercontent.com/a-/ALV-UjWmJFc_hc2REZdjc24ke0Gcy25O0CB5G5FtZTYA7PNxwrM",
        "userName": "Quranic Health"
    },
    {
        "appVersion": null,
        "at": "2023-10-22 06:25:02",
        "content": "USDT mining application is one of the best app @",
        "repliedAt": null,
        "replyContent": null,
        "reviewCreatedVersion": null,
        "reviewId": "3392f1b4-c34e-41ba-b71b-7793ec395d53",
        "score": 5,
        "thumbsUpCount": 1,
        "userImage": "https://play-lh.googleusercontent.com/a/ACg8ocJmjw-B-jiAr69fB-_2FfkfrqtwM1aL2ITU25ju-Hx0=mo",
        "userName": "Miss ulfat 333"
    },
    {
        "appVersion": null,
        "at": "2023-10-21 04:00:30",
        "content": "I can't get into my account for about 2-3days and I'm paying like $23 a week for the upgraded hashrate. Well. this week is almost over and I still haven't been able to restart my mining session.",
        "repliedAt": null,
        "replyContent": null,
        "reviewCreatedVersion": null,
        "reviewId": "51bbf030-8317-46f5-9358-577be4b25de2",
        "score": 1,
        "thumbsUpCount": 4,
        "userImage": "https://play-lh.googleusercontent.com/a-/ALV-UjUZ9QF5Enx52x8Wizr8PD1DLzjkRiVnh2gNS8Ivt--kmXI",
        "userName": "Kevin Rosales"
    },
    {
        "appVersion": null,
        "at": "2023-10-20 03:42:32",
        "content": "Usdt mining app is good for everyone. Thanks for creating !!",
        "repliedAt": null,
        "replyContent": null,
        "reviewCreatedVersion": null,
        "reviewId": "2da43eb0-7eb2-486e-b181-a2584abf2ce6",
        "score": 5,
        "thumbsUpCount": 2,
        "userImage": "https://play-lh.googleusercontent.com/a/ACg8ocLDS6HVxVT_RXVxdOpWbCmpdbxSQKb7aKnFmyOXhl9J=mo",
        "userName": "Abeer Khan A.Z"
    },
    {
        "appVersion": null,
        "at": "2023-10-19 10:08:37",
        "content": "USDT Mining provides a simple way to mine USDT & earn USDT in Crypto Cloud mining app. This is fast and secure usdt mining app.\ud83c\udf34",
        "repliedAt": null,
        "replyContent": null,
        "reviewCreatedVersion": null,
        "reviewId": "0e8f3ec9-ade8-4a8e-b222-2dc9cafced3c",
        "score": 5,
        "thumbsUpCount": 1,
        "userImage": "https://play-lh.googleusercontent.com/a-/ALV-UjUiARaGMyD8sMZJ2xtUlPFOH8CmEec9sRzMwsWJWl8TGA",
        "userName": "Irfan MW"
    },
    {
        "appVersion": null,
        "at": "2023-10-18 11:44:52",
        "content": "Usdt mining application is perfect and classic application and I like it and also useful application \ud83c\udfaf",
        "repliedAt": null,
        "replyContent": null,
        "reviewCreatedVersion": null,
        "reviewId": "52bbcdde-4a50-4939-80bf-0e9c030713d2",
        "score": 5,
        "thumbsUpCount": 1,
        "userImage": "https://play-lh.googleusercontent.com/a/ACg8ocIXGeFvCcX0TvC0PWVQCnm9eGdyc60fLSWzuUv9DhuZ=mo",
        "userName": "Sh Bilal"
    },
    {
        "appVersion": "7.0",
        "at": "2023-10-18 10:21:07",
        "content": "Just downloaded the App and is ok working smoothly for now, but only thing is that customer service do not reply user, cause I have sent Email for the support team to ask them something but still till now there is no replyment so this makes me slow down \ud83d\ude0f at first. And secondly just see weather the site payout. I will come back for 5 \ud83c\udf1f when I able to withdraw my found. Am going to purchase a plan now so that I will be able to reach the minimum threshold fast \ud83d\ude4f please I beg don't SCAM \u274c me ok.",
        "repliedAt": null,
        "replyContent": null,
        "reviewCreatedVersion": "7.0",
        "reviewId": "81d8798f-44ba-44f7-aa8f-ded8ceddd012",
        "score": 1,
        "thumbsUpCount": 3,
        "userImage": "https://play-lh.googleusercontent.com/a/ACg8ocLy3vvv_QKtsjM03WPBk8LHDhgDm9FFKSslBwUQLDsV=mo",
        "userName": "Ebenezer Bekoe"
    },
    {
        "appVersion": null,
        "at": "2023-10-18 01:10:15",
        "content": "USDT mining is easy withdraw app for everyone mining user@",
        "repliedAt": null,
        "replyContent": null,
        "reviewCreatedVersion": null,
        "reviewId": "a60456fc-c184-4330-ad0f-afb5d8b0711f",
        "score": 5,
        "thumbsUpCount": 1,
        "userImage": "https://play-lh.googleusercontent.com/a/ACg8ocIwnrf5T8PJR7lLloyi1b2_VKoMmPU2H7MdMhToUypX=mo",
        "userName": "Horace Pk"
    },
    {
        "appVersion": null,
        "at": "2023-10-17 13:53:05",
        "content": "Usdt mining is very wonderful and outclass application amazing app \ud83c\udf34",
        "repliedAt": null,
        "replyContent": null,
        "reviewCreatedVersion": null,
        "reviewId": "6706561c-2d74-4952-9f5d-24c6ea0fff28",
        "score": 5,
        "thumbsUpCount": 1,
        "userImage": "https://play-lh.googleusercontent.com/a-/ALV-UjX1ReSMHGIlXooZGW2Vg0FYaJf_BZ5N8YpYXrP9PTK4UmGo",
        "userName": "Anum Shafique #1"
    },
    {
        "appVersion": null,
        "at": "2023-10-17 13:31:13",
        "content": "Just pay close attention to the 5 star names. The \"real\" actress Emily Blunt is one. Some names repeat. Just saying they're sus \ud83e\udd28 The critical comments user names seem much more genuine. Do with that information what you will...",
        "repliedAt": null,
        "replyContent": null,
        "reviewCreatedVersion": null,
        "reviewId": "95b6c9f9-873c-4782-b3e2-ce607cdd79c6",
        "score": 1,
        "thumbsUpCount": 2,
        "userImage": "https://play-lh.googleusercontent.com/a-/ALV-UjXu26YJMWJdOULilW6d5fe1pIEWi1UbAPJFLWzk1ObOBWU",
        "userName": "Diana Kerper"
    },
    {
        "appVersion": null,
        "at": "2023-10-17 12:42:22",
        "content": "This is really amazing usdt mining app. Easy way to earn usdt by crypto without any investment.\ud83c\udf34",
        "repliedAt": null,
        "replyContent": null,
        "reviewCreatedVersion": null,
        "reviewId": "777f8829-48da-4d26-a4bc-7b4fb6946b87",
        "score": 5,
        "thumbsUpCount": 1,
        "userImage": "https://play-lh.googleusercontent.com/a-/ALV-UjWXmX4QHMvJVlrTWJfXXRzw0kl_bZyMG71jT2f6LoGJweA",
        "userName": "Dale Steyn MW"
    },
    {
        "appVersion": "7.0",
        "at": "2023-10-17 11:56:57",
        "content": "Great miner",
        "repliedAt": null,
        "replyContent": null,
        "reviewCreatedVersion": "7.0",
        "reviewId": "bdb7ce85-9726-47e1-8b6b-9ee9c060d120",
        "score": 5,
        "thumbsUpCount": 1,
        "userImage": "https://play-lh.googleusercontent.com/a-/ALV-UjULYdsB6oOa6MF3MZtpjW5IBf5-RphfrTYTrkuIRguxqbc",
        "userName": "john kilcline"
    },
    {
        "appVersion": "7.0",
        "at": "2023-10-17 11:26:42",
        "content": "Usdtmining crypto miner is very nice application \ud83c\udf34",
        "repliedAt": null,
        "replyContent": null,
        "reviewCreatedVersion": "7.0",
        "reviewId": "9161097b-306f-4394-a768-1d95be301e30",
        "score": 5,
        "thumbsUpCount": 2,
        "userImage": "https://play-lh.googleusercontent.com/a/ACg8ocImjv968yUoaPFAB1Ko7dv8bfJa8Vz-_OtqO4o6RA7LPw=mo",
        "userName": "Adee 294h"
    },
    {
        "appVersion": "7.0",
        "at": "2023-10-17 08:33:02",
        "content": "USDT Mining, Crypto USDT Miner is very great application\ud83c\udf34",
        "repliedAt": null,
        "replyContent": null,
        "reviewCreatedVersion": "7.0",
        "reviewId": "7ee249dc-2275-4fe3-b9f4-a9a19a46517c",
        "score": 5,
        "thumbsUpCount": 2,
        "userImage": "https://play-lh.googleusercontent.com/a/ACg8ocJ4kLcQjDVbbEpax6N6NNo4wJrpw-u68JH7t-9l6SsLLQ=mo",
        "userName": "Aimaa 26un"
    },
    {
        "appVersion": null,
        "at": "2023-10-16 23:24:17",
        "content": "Scam",
        "repliedAt": null,
        "replyContent": null,
        "reviewCreatedVersion": null,
        "reviewId": "75d9a68f-490f-4a03-9f67-a59e538d4d02",
        "score": 1,
        "thumbsUpCount": 1,
        "userImage": "https://play-lh.googleusercontent.com/a-/ALV-UjXGBavtFMFYgoPkXny30fKYn2m7YvVP5KyHTOLCgpan1a4",
        "userName": "Cory Nichols"
    },
    {
        "appVersion": "7.0",
        "at": "2023-10-16 22:24:49",
        "content": "pretty good app. the withdrawal rates are pretty high though. Time will tell how profitable it can be though. Update: tried the basic upgrade. worked for one day but when the timer ran out I went to restart and it won't. meanwhile I have this 7 day upgrade I can't use. I reached out to support (a Gmail address... sketchy) so we will see how long it takes for a response. knocked one star off for now",
        "repliedAt": null,
        "replyContent": null,
        "reviewCreatedVersion": "7.0",
        "reviewId": "04a2a402-e421-4953-803f-1687d9eee568",
        "score": 3,
        "thumbsUpCount": 17,
        "userImage": "https://play-lh.googleusercontent.com/a-/ALV-UjU8-jSCIsvGl3AZv95FuxbLIzktj-Wg9YNAS_EIMSCsY3Q",
        "userName": "Jeremy G"
    },
    {
        "appVersion": null,
        "at": "2023-10-16 13:48:30",
        "content": "Usdt mining is such a so fantastic and fabulous application. I like it very unique and amazing application %",
        "repliedAt": null,
        "replyContent": null,
        "reviewCreatedVersion": null,
        "reviewId": "a7d81a9a-ddcc-483f-b05e-bb06ea489b84",
        "score": 5,
        "thumbsUpCount": 1,
        "userImage": "https://play-lh.googleusercontent.com/a/ACg8ocL5VX1-oXyBJ0xFpXsE0msz1diDSUFZdt96BJyvU0Ca=mo",
        "userName": "RAJ05 RAJ"
    },
    {
        "appVersion": "7.0",
        "at": "2023-10-14 07:33:40",
        "content": "Just started and stops mineing and what I've mined can't find a way to withdraw to paypalor cashapp will try it for 1month longer then reevaluate I hope for a better one but that will come when I get real u.s.a.currency from exchange crypto for USA money",
        "repliedAt": null,
        "replyContent": null,
        "reviewCreatedVersion": "7.0",
        "reviewId": "946a6e74-0955-4e1b-a8b9-48c9cae58270",
        "score": 1,
        "thumbsUpCount": 5,
        "userImage": "https://play-lh.googleusercontent.com/a/ACg8ocJZrQCj5P-d0kCv3vqbcqq-J_HNpb9zqaJCujVbZ62m=mo",
        "userName": "Karl Hessler"
    },
    {
        "appVersion": null,
        "at": "2023-10-14 05:41:47",
        "content": "Needs some touch up",
        "repliedAt": null,
        "replyContent": null,
        "reviewCreatedVersion": null,
        "reviewId": "1a5d0b76-be14-44b0-b0d6-47bb6552a3aa",
        "score": 3,
        "thumbsUpCount": 1,
        "userImage": "https://play-lh.googleusercontent.com/a-/ALV-UjXfeKT4DcfJBqcxB6S-f_w68ZY-h0pKhTsTqbk_R3NQghI",
        "userName": "Dominick Cain"
    },
    {
        "appVersion": "7.0",
        "at": "2023-10-14 04:31:45",
        "content": "It has earned me 12 dollars so far in two months. And I mine at least 5 days a week. One ad to utilize the start of the mining cession. Only one notification when it's time to push the start button again. Clearly shows timer after start is connected to cloud mining server and the counts down as the hash rate begins to mine the usdt. In free mode mined 12 dollars of USDT in two months. Transfer minimum requirements are easily optainable. 20 usdt minimum withdrawal. We will reeval then",
        "repliedAt": null,
        "replyContent": null,
        "reviewCreatedVersion": "7.0",
        "reviewId": "e55ad168-5390-4c23-a71f-43313cd1a966",
        "score": 5,
        "thumbsUpCount": 15,
        "userImage": "https://play-lh.googleusercontent.com/a-/ALV-UjXFGFAsGxKx7ssffuLnf7iDPWFsNCJBMs0Q4bRsxS004Q",
        "userName": "Alena Young"
    },
    {
        "appVersion": null,
        "at": "2023-10-14 04:22:09",
        "content": "Am just installing it for the first time i no it will be good",
        "repliedAt": null,
        "replyContent": null,
        "reviewCreatedVersion": null,
        "reviewId": "c3bf908e-1605-4a1e-92c5-4c518f7da888",
        "score": 1,
        "thumbsUpCount": 2,
        "userImage": "https://play-lh.googleusercontent.com/a-/ALV-UjX4ddYodMibqFbMqkmfwDGNuWJAxgFDqCyBx_UDW6Khx4o",
        "userName": "Bishop Obadiah"
    },
    {
        "appVersion": "7.0",
        "at": "2023-10-13 17:29:37",
        "content": "If I thought I would outlive the cashout, I would keep the app. But 79+ years is well over the line. $2500.00 cashout? Bye",
        "repliedAt": null,
        "replyContent": null,
        "reviewCreatedVersion": "7.0",
        "reviewId": "40f30e60-e166-4701-aebd-f0d6965871b9",
        "score": 1,
        "thumbsUpCount": 5,
        "userImage": "https://play-lh.googleusercontent.com/a/ACg8ocLUa1rsMqyT8iuTWL4VpEUSyQagFKuxcfQQM1RJ0rPr=mo",
        "userName": "Derek Switzer"
    },
    {
        "appVersion": null,
        "at": "2023-10-13 15:15:58",
        "content": "Usdt mining is very wonderful and outclass application. Very classic and excellent application %",
        "repliedAt": null,
        "replyContent": null,
        "reviewCreatedVersion": null,
        "reviewId": "b248dd5a-da78-421c-9b2e-14c6dc3c0857",
        "score": 5,
        "thumbsUpCount": 1,
        "userImage": "https://play-lh.googleusercontent.com/a/ACg8ocJNk0RpGKVpMATCvUW0hayYcmwozMc-MwT1LRGkaY8=mo",
        "userName": "RAJ05 JAMES"
    },
    {
        "appVersion": null,
        "at": "2023-10-13 04:23:09",
        "content": "Appeared very promising, but the minimum withdrawal amount is 2500 USDT! 25 would be believable.",
        "repliedAt": null,
        "replyContent": null,
        "reviewCreatedVersion": null,
        "reviewId": "bbff6c1a-e733-4118-a2ce-8140d87d15ce",
        "score": 1,
        "thumbsUpCount": 2,
        "userImage": "https://play-lh.googleusercontent.com/a-/ALV-UjV4FRz1Bj0S17EhznaxqPMSPK-84xTOOfe5lnylnm6qMY0",
        "userName": "Angela Knight"
    },
    {
        "appVersion": null,
        "at": "2023-10-12 02:32:43",
        "content": "Love this app",
        "repliedAt": null,
        "replyContent": null,
        "reviewCreatedVersion": null,
        "reviewId": "5c462d29-2e48-45bd-99b3-95a45aa944c5",
        "score": 5,
        "thumbsUpCount": 1,
        "userImage": "https://play-lh.googleusercontent.com/a-/ALV-UjXOnpY_77Ku7Q9Q5xUItLTUlF7HzwG3K5H9dRkguEs8YKg",
        "userName": "Kristal Moore"
    },
    {
        "appVersion": null,
        "at": "2023-10-10 10:09:18",
        "content": "Usdt mining is very marvelous and outclass application. Very outstanding and outclass application%",
        "repliedAt": null,
        "replyContent": null,
        "reviewCreatedVersion": null,
        "reviewId": "975a59e3-b645-4df0-9a26-1750614caf6e",
        "score": 5,
        "thumbsUpCount": 1,
        "userImage": "https://play-lh.googleusercontent.com/a/ACg8ocK72LCbeg9GqdG31B8tQ9XmlRsH6khJ9H5vk8vJIe2R=mo",
        "userName": "RAJ05 KUMAR"
    },
    {
        "appVersion": null,
        "at": "2023-10-07 08:40:51",
        "content": "Usdt mining is very awesome and superb application. Very mind blowing and gorgeous application \ud83c\udfaf",
        "repliedAt": null,
        "replyContent": null,
        "reviewCreatedVersion": null,
        "reviewId": "5be52260-3c72-4838-b1d7-a327da2ca4c9",
        "score": 5,
        "thumbsUpCount": 1,
        "userImage": "https://play-lh.googleusercontent.com/a/ACg8ocLLEPqg4h0oMb8EJuzUYPh88qhM1_Z-boCeCIpD3Kk5=mo",
        "userName": "Nadeem 05nadeem"
    },
    {
        "appVersion": "5.0",
        "at": "2023-10-06 14:57:32",
        "content": "Not opening at alll",
        "repliedAt": null,
        "replyContent": null,
        "reviewCreatedVersion": "5.0",
        "reviewId": "0ac5e0ad-8502-433e-95d7-1dd59743f38a",
        "score": 1,
        "thumbsUpCount": 1,
        "userImage": "https://play-lh.googleusercontent.com/a-/ALV-UjXOLwdUYZh7Pjg-QMHuxtkWM5DipF3S4-5vSvoT3wyyHCo",
        "userName": "Baffa Shuaibu G."
    },
    {
        "appVersion": "5.0",
        "at": "2023-10-05 15:20:47",
        "content": "USDT mining Cryoto mining app is best app for crypto.It is the best authentic mining app I found today I really love it and it's features highly recommend this app \u2206",
        "repliedAt": null,
        "replyContent": null,
        "reviewCreatedVersion": "5.0",
        "reviewId": "6357d0ab-e8bb-45cf-9db6-47b6a336f135",
        "score": 5,
        "thumbsUpCount": 1,
        "userImage": "https://play-lh.googleusercontent.com/a/ACg8ocIMQ6hj4_Y7pAcUkx95FRcWNPN76ukGJ2LDo_d2YXMM=mo",
        "userName": "Fatima Zafar"
    },
    {
        "appVersion": null,
        "at": "2023-10-05 10:13:19",
        "content": "It is so superb and great application and I like it and also perfect application %",
        "repliedAt": null,
        "replyContent": null,
        "reviewCreatedVersion": null,
        "reviewId": "8a75ab06-1396-43bf-a1ee-19ea0f9451e5",
        "score": 5,
        "thumbsUpCount": 1,
        "userImage": "https://play-lh.googleusercontent.com/a/ACg8ocJ8p4506vEMRv2OFVT0bE4uwjmAkvmbJg31LBt9xbs=mo",
        "userName": "Usman Usman"
    },
    {
        "appVersion": "5.0",
        "at": "2023-10-04 06:09:02",
        "content": "Great",
        "repliedAt": null,
        "replyContent": null,
        "reviewCreatedVersion": "5.0",
        "reviewId": "307c45c0-e9f7-4726-9cb9-1e20f879883b",
        "score": 5,
        "thumbsUpCount": 1,
        "userImage": "https://play-lh.googleusercontent.com/a-/ALV-UjXih6UnxkBWP1yjj55Z1xfjNiTxwcca-pYzIVdCI5dsqg",
        "userName": "Hanely Koli"
    },
    {
        "appVersion": null,
        "at": "2023-10-02 07:19:01",
        "content": "USDT Miner, USDT Crypto is always was a very excellent this a good online the mining a used the great application%",
        "repliedAt": null,
        "replyContent": null,
        "reviewCreatedVersion": null,
        "reviewId": "9b45f608-ec89-4186-b484-3ca8febca350",
        "score": 5,
        "thumbsUpCount": 1,
        "userImage": "https://play-lh.googleusercontent.com/a/ACg8ocJ92tOClFGfuEKvZs0kkee1Jox6BZ5PjDbAWgjs_05b=mo",
        "userName": "Kamal Kami Jw"
    },
    {
        "appVersion": "5.0",
        "at": "2023-09-29 15:27:29",
        "content": "Fake fake fake It is fake And Time wist",
        "repliedAt": null,
        "replyContent": null,
        "reviewCreatedVersion": "5.0",
        "reviewId": "a6606204-ce99-4092-a4a6-c56d2061b89d",
        "score": 1,
        "thumbsUpCount": 2,
        "userImage": "https://play-lh.googleusercontent.com/a-/ALV-UjVVwEraeNii_Pvg80db_ga8FlkxADksQWNw2y6y6GOa",
        "userName": "All in One channnel"
    },
    {
        "appVersion": "5.0",
        "at": "2023-09-29 08:46:00",
        "content": "After Upgrading the app, the app stopped opening totally in my phone. I'm giving it 1 star till you fix that..",
        "repliedAt": null,
        "replyContent": null,
        "reviewCreatedVersion": "5.0",
        "reviewId": "68c93b87-acfb-460a-9bb2-f7ce77612dcb",
        "score": 1,
        "thumbsUpCount": 9,
        "userImage": "https://play-lh.googleusercontent.com/a-/ALV-UjXl0ipG2Zaqc_hjU950zd6rdDMkqYtZ4CNVkmQ0syR_oaQ",
        "userName": "Osita Anyaorah"
    },
    {
        "appVersion": "5.0",
        "at": "2023-09-29 03:20:58",
        "content": "Tosin wow",
        "repliedAt": null,
        "replyContent": null,
        "reviewCreatedVersion": "5.0",
        "reviewId": "4eac526a-7399-4bdd-b9a5-e249549149ea",
        "score": 5,
        "thumbsUpCount": 1,
        "userImage": "https://play-lh.googleusercontent.com/a/ACg8ocKtZn8f9w1kqSyi5-3p0zGOjHSMoSchQ3b71b45aW3I=mo",
        "userName": "Kimmy James"
    },
    {
        "appVersion": "4.0",
        "at": "2023-09-26 11:23:31",
        "content": "Good",
        "repliedAt": null,
        "replyContent": null,
        "reviewCreatedVersion": "4.0",
        "reviewId": "3cf3d83b-f0a8-4841-8f49-46125cdbaf24",
        "score": 5,
        "thumbsUpCount": 1,
        "userImage": "https://play-lh.googleusercontent.com/a-/ALV-UjVX_OW87aS5jezqCHmhYh3qbkt8hoGJLEk8_n8TG5qanY8",
        "userName": "Hossein Heydar"
    },
    {
        "appVersion": "5.0",
        "at": "2023-09-23 22:57:38",
        "content": "\ud83d\ude0a\ud83d\ude0d\ud83d\ude01\ud83d\ude09",
        "repliedAt": null,
        "replyContent": null,
        "reviewCreatedVersion": "5.0",
        "reviewId": "8c3d740e-83b7-41ab-8c49-a27a400c820d",
        "score": 5,
        "thumbsUpCount": 1,
        "userImage": "https://play-lh.googleusercontent.com/a/ACg8ocJD6Q_rXEEBlQxFu2QgQolUcwr8zSKL50QW-cpB1rVPFA=mo",
        "userName": "Andrew Hamieh (AJ)"
    },
    {
        "appVersion": "4.0",
        "at": "2023-09-23 08:06:20",
        "content": "Good",
        "repliedAt": null,
        "replyContent": null,
        "reviewCreatedVersion": "4.0",
        "reviewId": "a3eb7312-9a08-48c1-8245-0ed9e74a919c",
        "score": 5,
        "thumbsUpCount": 1,
        "userImage": "https://play-lh.googleusercontent.com/a/ACg8ocIJ0aSeEZ1fd9YlGzRQRJXLnY7t5x_o_LH0V6GTSKCn=mo",
        "userName": "Md Hasan"
    },
    {
        "appVersion": "5.0",
        "at": "2023-09-21 14:08:51",
        "content": "Usdt mining is very wonderful and outclass application. Very wonderful and outclass application I like it%",
        "repliedAt": null,
        "replyContent": null,
        "reviewCreatedVersion": "5.0",
        "reviewId": "b0b6382a-da03-437c-85d5-904982501f61",
        "score": 5,
        "thumbsUpCount": 2,
        "userImage": "https://play-lh.googleusercontent.com/a/ACg8ocKJOFc0Zly_LypVZCA38l6Jr4XsDYjRaU3LLm7ZXctW=mo",
        "userName": "Khawaja45 Khawaja"
    },
    {
        "appVersion": null,
        "at": "2023-09-20 10:58:58",
        "content": "USDT MINING CRYPTO AND USDT MINER IS VERY INTERESTING AND AMAZING APPLICATION \u2206",
        "repliedAt": null,
        "replyContent": null,
        "reviewCreatedVersion": null,
        "reviewId": "be70a5d6-e4a6-431d-bd56-f70799965f72",
        "score": 5,
        "thumbsUpCount": 2,
        "userImage": "https://play-lh.googleusercontent.com/a-/ALV-UjWWV75bfR_i_6_aWf-TEj4san0bRlFuqV9m187lB0-B-A",
        "userName": "Kane Nickel _1"
    },
    {
        "appVersion": null,
        "at": "2023-09-20 08:13:18",
        "content": "USDT MINING CRYPTO USDT MINER APP IS A VERY EASY AND SECURE USE APPLICATION I REALLY LIKE IT \u2206",
        "repliedAt": null,
        "replyContent": null,
        "reviewCreatedVersion": null,
        "reviewId": "e956926a-0e1c-4eea-83ba-1dd433472c44",
        "score": 5,
        "thumbsUpCount": 2,
        "userImage": "https://play-lh.googleusercontent.com/a/ACg8ocJLH_JOQt4V_qyprlL9ZiPdQgYG46WPekOqPghZnuec=mo",
        "userName": "GEORGIA AGMY"
    },
    {
        "appVersion": null,
        "at": "2023-09-19 22:22:50",
        "content": "USDT Mining, Crypto USDT Miner it's really best application for use really amazing and so wonderful application really best and helpful this application %",
        "repliedAt": null,
        "replyContent": null,
        "reviewCreatedVersion": null,
        "reviewId": "6505a918-aae5-4ce3-af98-86991dec0a9e",
        "score": 5,
        "thumbsUpCount": 2,
        "userImage": "https://play-lh.googleusercontent.com/a/ACg8ocKMQnfnn86O5DsLzzelbqfOIceG_R0OU6Zx9nNRHMEH=mo",
        "userName": "Reno Omokri K S"
    },
    {
        "appVersion": null,
        "at": "2023-09-19 06:35:45",
        "content": "Wow it's a greatful and classic application and I like it and also great%",
        "repliedAt": null,
        "replyContent": null,
        "reviewCreatedVersion": null,
        "reviewId": "9a478d85-6763-4c5d-a3d5-655e428b63cf",
        "score": 5,
        "thumbsUpCount": 1,
        "userImage": "https://play-lh.googleusercontent.com/a/ACg8ocLk76Y8AG7_YQvUcDVleDqGD93aKqC7jukZFmN7DosT=mo",
        "userName": "Kh Khan"
    },
    {
        "appVersion": null,
        "at": "2023-09-19 06:02:34",
        "content": "USDT mining is very good app. This app is very helpful. It is very useful in making money. Used for mining. $$",
        "repliedAt": null,
        "replyContent": null,
        "reviewCreatedVersion": null,
        "reviewId": "5998d96e-050f-4359-9373-3714a18cb76d",
        "score": 5,
        "thumbsUpCount": 1,
        "userImage": "https://play-lh.googleusercontent.com/a/ACg8ocILOw3wRzsO11feZgXcOYR5dumghUHicZ_3vGp1xoHf=mo",
        "userName": "Saim Khan"
    },
    {
        "appVersion": "5.0",
        "at": "2023-09-19 00:59:43",
        "content": "Very good free earning apps",
        "repliedAt": null,
        "replyContent": null,
        "reviewCreatedVersion": "5.0",
        "reviewId": "4bf09301-5a95-448b-a9c0-e0638804f03f",
        "score": 5,
        "thumbsUpCount": 1,
        "userImage": "https://play-lh.googleusercontent.com/a-/ALV-UjWBvaKCSTb_ULbvHDoTerjyAPe5ScuEKbeIuA0TTH4UiA",
        "userName": "Jakir Hossain"
    },
    {
        "appVersion": "5.0",
        "at": "2023-09-18 23:23:58",
        "content": "This is absolutely a scam app. Don't install it",
        "repliedAt": null,
        "replyContent": null,
        "reviewCreatedVersion": "5.0",
        "reviewId": "39ae597c-fc19-49bc-9951-59dafe37a67f",
        "score": 1,
        "thumbsUpCount": 3,
        "userImage": "https://play-lh.googleusercontent.com/a/ACg8ocKt6m8mWvMbuurJTlp8Y-v4Gwym2CT89oyzbfVOsemG=mo",
        "userName": "manjeet singh"
    },
    {
        "appVersion": "5.0",
        "at": "2023-09-18 18:58:28",
        "content": "5::56 PM EST I JUST INSTALLED THE LATEST UPDATE. IT DID NOT FIX THE PROBLEM. IT ONLY MADE IT WORSE! NOW I CAN'T RUN YOUR APP AT ALL!!! The app startup/initialization page is in a constant loop. I cannot even get to the login page. The App also keeps crashing. Is there an update that will fix it?",
        "repliedAt": null,
        "replyContent": null,
        "reviewCreatedVersion": "5.0",
        "reviewId": "6a3ab2d2-2eb7-4cf5-8e2c-78d2dc9e971a",
        "score": 2,
        "thumbsUpCount": 40,
        "userImage": "https://play-lh.googleusercontent.com/a/ACg8ocIFjgHo2xGTTtA6H7QYYDEmEXOe2Jhj7jyAh8wnruE=mo",
        "userName": "Andrew Earley"
    },
    {
        "appVersion": null,
        "at": "2023-09-18 14:03:52",
        "content": "I get halfway thru a day and it refuses to open. Idk what to do or how to fix it. It's keeps saying something is wrong",
        "repliedAt": null,
        "replyContent": null,
        "reviewCreatedVersion": null,
        "reviewId": "fbd85690-e7d4-4387-9d84-310ed262f868",
        "score": 1,
        "thumbsUpCount": 2,
        "userImage": "https://play-lh.googleusercontent.com/a-/ALV-UjVLsBOFZfgpBTR26nvmEkTNPxkHuyMHauz2MSJcTTr17oo",
        "userName": "Lindsay Waters"
    },
    {
        "appVersion": null,
        "at": "2023-09-18 12:37:07",
        "content": "Loops splash screen over and over And never comes up anymore only AFTER I deposited my money into the app to speed up my hashing of course and now, app is essentially dead. I want my money back!",
        "repliedAt": null,
        "replyContent": null,
        "reviewCreatedVersion": null,
        "reviewId": "53a45a75-aa0b-461b-be22-416ade09dbfe",
        "score": 1,
        "thumbsUpCount": 2,
        "userImage": "https://play-lh.googleusercontent.com/a-/ALV-UjVmMwbX9327Cfh4UMSh7zJkt-fWyieHnlKZme99JSsisUnU",
        "userName": "Clinton Simpson"
    },
    {
        "appVersion": null,
        "at": "2023-09-18 06:07:00",
        "content": "App not open",
        "repliedAt": null,
        "replyContent": null,
        "reviewCreatedVersion": null,
        "reviewId": "b8e2fb1d-0c88-473f-b9a2-43b469efbe13",
        "score": 1,
        "thumbsUpCount": 2,
        "userImage": "https://play-lh.googleusercontent.com/a/ACg8ocIMiB8nrfbVJmol-Hjkcweb_8aTs4SO63rETy-SqAUg=mo",
        "userName": "Nuno Santos"
    },
    {
        "appVersion": "5.0",
        "at": "2023-09-17 16:28:33",
        "content": "Why can't I open my account ? I have there 20 usdt (gained via my refferals )and now the app won't open saying all the time something went wrong try again layer",
        "repliedAt": null,
        "replyContent": null,
        "reviewCreatedVersion": "5.0",
        "reviewId": "fadeb513-3fbe-43ef-bddc-5fdc2bd29084",
        "score": 1,
        "thumbsUpCount": 5,
        "userImage": "https://play-lh.googleusercontent.com/a-/ALV-UjV-Wj1Ek5iS8vakFe0SfBmsmdGtqJ2Q52T0etukfVe58Q",
        "userName": "Rkaf Af"
    },
    {
        "appVersion": "4.0",
        "at": "2023-09-16 05:10:51",
        "content": "I'm never wrongly wrong 5 Star before I play",
        "repliedAt": null,
        "replyContent": null,
        "reviewCreatedVersion": "4.0",
        "reviewId": "2b18c096-f000-4ccc-b7a1-807b7259aaf2",
        "score": 5,
        "thumbsUpCount": 1,
        "userImage": "https://play-lh.googleusercontent.com/a-/ALV-UjVFwcrBCgXL9_KB782OfI0FcsMd-difq6zsmVUx16o1GN4",
        "userName": "Jeff Turner"
    },
    {
        "appVersion": "4.0",
        "at": "2023-09-15 06:06:28",
        "content": "Minimum withdraw is 2000 usdt not 10 will take 150 years to reach that",
        "repliedAt": null,
        "replyContent": null,
        "reviewCreatedVersion": "4.0",
        "reviewId": "3edacbbb-afaa-4e92-993b-1acc4d6a23e8",
        "score": 1,
        "thumbsUpCount": 5,
        "userImage": "https://play-lh.googleusercontent.com/a-/ALV-UjWQP5vCmTaFt74Fy0wfev8MsDWeBh3tBQTfT1-AeUH5Yg",
        "userName": "glenn peel"
    },
    {
        "appVersion": null,
        "at": "2023-09-14 01:22:38",
        "content": "Google play protect just advised me to uninstall as your app is using my device for advertising fraud.",
        "repliedAt": null,
        "replyContent": null,
        "reviewCreatedVersion": null,
        "reviewId": "698f3807-f141-4d7d-9ecd-ab5f9866a392",
        "score": 1,
        "thumbsUpCount": 4,
        "userImage": "https://play-lh.googleusercontent.com/a-/ALV-UjXJREVzOinFs_1dsshBfw_g5Q9x9uxc2syCIZ_H0OcrRA",
        "userName": "Peter Ornelas"
    },
    {
        "appVersion": null,
        "at": "2023-09-12 21:42:41",
        "content": "It's. A security risk",
        "repliedAt": null,
        "replyContent": null,
        "reviewCreatedVersion": null,
        "reviewId": "e272e95e-2653-4f71-9970-b45b9ad24ac6",
        "score": 1,
        "thumbsUpCount": 2,
        "userImage": "https://play-lh.googleusercontent.com/a-/ALV-UjXiyB9h74mR4WxgnR186CH_C4z8_Ga_DA6rdgnGdR0UcQ",
        "userName": "Dez Miller"
    },
    {
        "appVersion": "4.0",
        "at": "2023-09-12 12:18:32",
        "content": "So can you let me know why it rejecting to register?",
        "repliedAt": null,
        "replyContent": null,
        "reviewCreatedVersion": "4.0",
        "reviewId": "c4d839cb-3fd8-486a-9637-37b36cf2c88e",
        "score": 1,
        "thumbsUpCount": 4,
        "userImage": "https://play-lh.googleusercontent.com/a-/ALV-UjWHvDd8tkyJMecb6qNOk5FZ9U5iVOTrlXxhc6CnNPW-HQ",
        "userName": "ho222 nussa"
    },
    {
        "appVersion": null,
        "at": "2023-09-11 20:10:09",
        "content": "Is very good app my love ones",
        "repliedAt": null,
        "replyContent": null,
        "reviewCreatedVersion": null,
        "reviewId": "981b3e94-8133-41d9-baf8-a0be3177a097",
        "score": 5,
        "thumbsUpCount": 1,
        "userImage": "https://play-lh.googleusercontent.com/a-/ALV-UjXwu9BQuo0W9Y7-OQp7XJPWxQWS_4KeIbgQ1hI3-cCD",
        "userName": "Muise Adigun"
    },
    {
        "appVersion": null,
        "at": "2023-09-11 06:24:20",
        "content": "Worst ever",
        "repliedAt": null,
        "replyContent": null,
        "reviewCreatedVersion": null,
        "reviewId": "d818b0c7-7739-4a6c-a418-040a0a0cf032",
        "score": 1,
        "thumbsUpCount": 1,
        "userImage": "https://play-lh.googleusercontent.com/a-/ALV-UjUN_KJ8H57aYbvnOrS0IViDkomh0c2C1YZ7lJJPRcp_zw",
        "userName": "Oluwashina Ampitan"
    },
    {
        "appVersion": null,
        "at": "2023-09-09 12:32:47",
        "content": "0 0*6665\ud83d\udc4574\ud83d\udc45\ud83d\ude2a",
        "repliedAt": null,
        "replyContent": null,
        "reviewCreatedVersion": null,
        "reviewId": "f15f1c33-f255-4150-8359-0060d2df3207",
        "score": 1,
        "thumbsUpCount": 2,
        "userImage": "https://play-lh.googleusercontent.com/a-/ALV-UjUnc3yzObyrBQO5LNNn5vZQfcN7qvG022Gxbq_S87j3qQ",
        "userName": "Amila Chaminda"
    },
    {
        "appVersion": "4.0",
        "at": "2023-09-07 18:41:56",
        "content": "Seems like it will take too long to reach 2000 usdt. Needs to have lower withdrawal limit. And it has a BUG that makes it crash",
        "repliedAt": null,
        "replyContent": null,
        "reviewCreatedVersion": "4.0",
        "reviewId": "912e312a-0d81-4a6d-93e4-bfaa9aa7d922",
        "score": 1,
        "thumbsUpCount": 17,
        "userImage": "https://play-lh.googleusercontent.com/a/ACg8ocKcp9xdDwaXCsIKXN6dloODUk2Y6lN-au3XDa7m-STd=mo",
        "userName": "David Godfrey"
    },
    {
        "appVersion": null,
        "at": "2023-09-07 14:13:52",
        "content": "Crashed every time I tried to open it",
        "repliedAt": null,
        "replyContent": null,
        "reviewCreatedVersion": null,
        "reviewId": "393e1fd1-8a70-427a-9041-ae730c524113",
        "score": 1,
        "thumbsUpCount": 4,
        "userImage": "https://play-lh.googleusercontent.com/a-/ALV-UjXRuLg2OUAdGG9eRHGgD5FVH-xdOr7LQ9OlaIPKmPsL9lU",
        "userName": "Paul Greenhead"
    },
    {
        "appVersion": "4.0",
        "at": "2023-09-06 11:39:06",
        "content": "This app keeps on stopping \ud83d\ude2d\ud83d\ude2d\ud83d\ude2d\ud83d\ude2d please change that problem.thank you",
        "repliedAt": null,
        "replyContent": null,
        "reviewCreatedVersion": "4.0",
        "reviewId": "7af90e68-e631-492f-84a7-8d8ac1fbc7a9",
        "score": 1,
        "thumbsUpCount": 8,
        "userImage": "https://play-lh.googleusercontent.com/a-/ALV-UjXD2MPG7iTvgXHzewcLC_QTblW4P91UizGg04CbR5DWYA",
        "userName": "Nanfuka Margret"
    },
    {
        "appVersion": "4.0",
        "at": "2023-09-06 04:28:10",
        "content": "Love you",
        "repliedAt": null,
        "replyContent": null,
        "reviewCreatedVersion": "4.0",
        "reviewId": "bff80cfb-bcb5-4031-86eb-630968eef8b8",
        "score": 5,
        "thumbsUpCount": 1,
        "userImage": "https://play-lh.googleusercontent.com/a-/ALV-UjW9a0bzoLxcOJJ5FEl0dc4q1tKDPXKrSb2Lj_5NwJvE7A",
        "userName": "sumon roy"
    },
    {
        "appVersion": null,
        "at": "2023-09-06 03:04:44",
        "content": "This keeps crashing. Everytime I open it shutting down.",
        "repliedAt": null,
        "replyContent": null,
        "reviewCreatedVersion": null,
        "reviewId": "6d0ab4a7-3d58-456a-9a20-c11a9546ef61",
        "score": 1,
        "thumbsUpCount": 9,
        "userImage": "https://play-lh.googleusercontent.com/a-/ALV-UjUlOp_8-lQsG_uvBVZ1uEA-JvmPAUBfYe3Hzuou3K86Aj8",
        "userName": "Nicole Webb"
    },
    {
        "appVersion": null,
        "at": "2023-09-05 04:40:07",
        "content": "DO NOT DOWNLOAD !!!!!! Google told me to Uninstall do to it was trying to commit fraud",
        "repliedAt": null,
        "replyContent": null,
        "reviewCreatedVersion": null,
        "reviewId": "4c7086f2-6004-4b7c-9986-d6da6269f3f9",
        "score": 1,
        "thumbsUpCount": 8,
        "userImage": "https://play-lh.googleusercontent.com/a/ACg8ocILRiA4sWQyL12O8cutqfTQiucxatU5-gTwETNJ_4Sz=mo",
        "userName": "Thor Scurlock"
    },
    {
        "appVersion": "4.0",
        "at": "2023-09-04 03:11:16",
        "content": "It's a fake app guys",
        "repliedAt": null,
        "replyContent": null,
        "reviewCreatedVersion": "4.0",
        "reviewId": "c4fb834d-0244-4c55-8872-e326789ba828",
        "score": 1,
        "thumbsUpCount": 10,
        "userImage": "https://play-lh.googleusercontent.com/a/ACg8ocJKTFoFmdhEtg-Z7l-ScSCqTZJLYUUZlS4vpvN3mufe=mo",
        "userName": "Adrian E"
    },
    {
        "appVersion": "4.0",
        "at": "2023-09-02 13:30:13",
        "content": "Nice app",
        "repliedAt": null,
        "replyContent": null,
        "reviewCreatedVersion": "4.0",
        "reviewId": "2e0c5da8-5fa2-4a21-b5ab-599197364193",
        "score": 5,
        "thumbsUpCount": 1,
        "userImage": "https://play-lh.googleusercontent.com/a-/ALV-UjUiRZx6b5c3yNAe2O6djajiVOrLf1-1E3z4fKu7ygGe-qc",
        "userName": "md milton"
    },
    {
        "appVersion": "4.0",
        "at": "2023-09-01 01:23:34",
        "content": "Nice",
        "repliedAt": null,
        "replyContent": null,
        "reviewCreatedVersion": "4.0",
        "reviewId": "f561a4e9-1e36-49cb-937b-96c4c2ab1d1f",
        "score": 5,
        "thumbsUpCount": 2,
        "userImage": "https://play-lh.googleusercontent.com/a/ACg8ocLyA3aQ0qBszr6GJGDxHIyOEU0kZ5drGu08y6TQFTfx=mo",
        "userName": "Rasel Hossen"
    },
    {
        "appVersion": null,
        "at": "2023-08-28 12:48:10",
        "content": "Stupid app. I can't log in.",
        "repliedAt": null,
        "replyContent": null,
        "reviewCreatedVersion": null,
        "reviewId": "7acb3048-30e0-44ed-bbf9-e646edf50154",
        "score": 1,
        "thumbsUpCount": 5,
        "userImage": "https://play-lh.googleusercontent.com/a/ACg8ocIwN_LFqANnFr6fObLg1pBIdITOVJjiGBdmQNndwRVP=mo",
        "userName": "Ashkan Sajadi"
    }
]