[
    {
        "appVersion": "1.12",
        "at": "2023-11-18 03:36:43",
        "content": "I enjoy this app it so different then any app. To with it alot fun and enjoyable. Love the app.",
        "repliedAt": null,
        "replyContent": null,
        "reviewCreatedVersion": "1.12",
        "reviewId": "eb9a6f5b-f3d2-4cea-8f0a-8726fcde7667",
        "score": 5,
        "thumbsUpCount": 0,
        "userImage": "https://play-lh.googleusercontent.com/a/ACg8ocJPmb42VuKkuth03iYLtSJ_Uc_YZNIss22Qp4BSe5Hl=mo",
        "userName": "Paula Wagoner"
    },
    {
        "appVersion": "1.12",
        "at": "2023-11-15 17:12:09",
        "content": "Its great. I love this .",
        "repliedAt": null,
        "replyContent": null,
        "reviewCreatedVersion": "1.12",
        "reviewId": "b1401872-5a82-4f7c-a355-20b842deed0a",
        "score": 5,
        "thumbsUpCount": 0,
        "userImage": "https://play-lh.googleusercontent.com/a-/ALV-UjWM05S6QCmVP8i1EXAsyVk3_pcddTDhkPWltsHh9b2TuA",
        "userName": "Linda"
    },
    {
        "appVersion": "1.12",
        "at": "2023-11-12 15:53:56",
        "content": "I liked it better when you can push in the color of appears so you can get the hard spots other than that some of the pictures are very have a happy holiday",
        "repliedAt": null,
        "replyContent": null,
        "reviewCreatedVersion": "1.12",
        "reviewId": "4b742fed-9fac-496d-b6ce-b77d04aacd6f",
        "score": 3,
        "thumbsUpCount": 1,
        "userImage": "https://play-lh.googleusercontent.com/a-/ALV-UjXf6RP7TCg3dAMgiIbqYRgs-ITRsTBb2dH_-4Buscph",
        "userName": "Shawna Aydelott"
    },
    {
        "appVersion": "1.12",
        "at": "2023-11-10 04:27:10",
        "content": "Love it because it is about my favorite Holiday which is CHRISTMAS.",
        "repliedAt": null,
        "replyContent": null,
        "reviewCreatedVersion": "1.12",
        "reviewId": "6258e3d3-7960-45f7-9d85-681b4c30fe16",
        "score": 5,
        "thumbsUpCount": 1,
        "userImage": "https://play-lh.googleusercontent.com/a-/ALV-UjWHXLu3lAfqRNEKrWeScoQmphkwdl831cli4YvDWrUUmQ",
        "userName": "Virginia Einsele"
    },
    {
        "appVersion": "1.12",
        "at": "2023-11-07 13:38:12",
        "content": "This app isnt worth paying money for to color.",
        "repliedAt": null,
        "replyContent": null,
        "reviewCreatedVersion": "1.12",
        "reviewId": "197670fe-d392-4ebb-9201-65188d59235d",
        "score": 1,
        "thumbsUpCount": 0,
        "userImage": "https://play-lh.googleusercontent.com/a/ACg8ocLJjsSVV0Bp80EimxwAzJlrEeHcz49HjcOy4hFqYvzk=mo",
        "userName": "Joanne Wilson"
    },
    {
        "appVersion": "1.12",
        "at": "2023-11-06 19:55:46",
        "content": "like it alot",
        "repliedAt": null,
        "replyContent": null,
        "reviewCreatedVersion": "1.12",
        "reviewId": "2e166382-7336-4372-9284-0b40b5740fe3",
        "score": 5,
        "thumbsUpCount": 0,
        "userImage": "https://play-lh.googleusercontent.com/a-/ALV-UjXR_r6SH-KDTVfF94VZ18ZrroH_eixCyZxFYlS5P5rJsIO4",
        "userName": "bettyboortiz"
    },
    {
        "appVersion": "1.12",
        "at": "2023-10-26 03:58:58",
        "content": "great \ud83d\ude03\ud83d\udc4d",
        "repliedAt": null,
        "replyContent": null,
        "reviewCreatedVersion": "1.12",
        "reviewId": "7b125366-9b0b-415b-ab42-f807ed6db648",
        "score": 5,
        "thumbsUpCount": 0,
        "userImage": "https://play-lh.googleusercontent.com/a/ACg8ocJcO5ZHOyF7FwniQT1faV5r8Jl7O_rqXkt8WHP2ogdasQ=mo",
        "userName": "Pamela Clark"
    },
    {
        "appVersion": "1.9",
        "at": "2023-08-11 05:37:10",
        "content": "Great app! Xx excellent at Christmas to do some relaxing colouring",
        "repliedAt": null,
        "replyContent": null,
        "reviewCreatedVersion": "1.9",
        "reviewId": "611b39bd-bf05-4ee1-a8bf-d066b11f5bc4",
        "score": 4,
        "thumbsUpCount": 0,
        "userImage": "https://play-lh.googleusercontent.com/a-/ALV-UjW9o3EsswOm_z9ObgrUp8n00WIac2wyMpd70bYCkadxsw",
        "userName": "Imogen Patz"
    },
    {
        "appVersion": "1.9",
        "at": "2023-07-24 21:39:39",
        "content": "a bit of Christmas music would really add to this experience",
        "repliedAt": null,
        "replyContent": null,
        "reviewCreatedVersion": "1.9",
        "reviewId": "a30b632d-3c66-4778-9e0a-11f7173e29fc",
        "score": 3,
        "thumbsUpCount": 0,
        "userImage": "https://play-lh.googleusercontent.com/a-/ALV-UjUHp-yHJqX52dSNPdVSc4e0IFTdEGk2AXVjDGdtewKAOa4A",
        "userName": "Lori Gleason"
    },
    {
        "appVersion": "1.9",
        "at": "2023-07-23 01:52:45",
        "content": "Love the different xmas pics",
        "repliedAt": null,
        "replyContent": null,
        "reviewCreatedVersion": "1.9",
        "reviewId": "5352d764-ac22-4cf9-a667-6380c22b448f",
        "score": 5,
        "thumbsUpCount": 0,
        "userImage": "https://play-lh.googleusercontent.com/a/ACg8ocJpL1NjkmR1E1CBNRus-Rnis5KliiZjS8LL3miBuwtbIw=mo",
        "userName": "Cindy Servin"
    },
    {
        "appVersion": "1.9",
        "at": "2023-07-17 10:38:47",
        "content": "Love my little \"hoot owls!\" Festive colors! Memories of back East!\ud83e\udd89\ud83e\udd89\ud83e\udd89",
        "repliedAt": null,
        "replyContent": null,
        "reviewCreatedVersion": "1.9",
        "reviewId": "f08a5882-195a-4ca8-a2a1-78bd4b10922e",
        "score": 5,
        "thumbsUpCount": 0,
        "userImage": "https://play-lh.googleusercontent.com/a/ACg8ocLnQ7FYHfAjOgXDQYzOMkeQ5-FqkYbzBfxlFB9o_MzP=mo",
        "userName": "Darcy Kingston"
    },
    {
        "appVersion": "1.9",
        "at": "2023-07-03 21:15:27",
        "content": "i like christmas \ud83d\ude42",
        "repliedAt": null,
        "replyContent": null,
        "reviewCreatedVersion": "1.9",
        "reviewId": "f6aa232a-bd5b-41d8-9185-b6cbe38390c7",
        "score": 5,
        "thumbsUpCount": 0,
        "userImage": "https://play-lh.googleusercontent.com/a/ACg8ocI6ZXGHwOc-U2cbm9z778ruFf8jaVxg8ADV1drb63Kx=mo",
        "userName": "Emanuel Pineiro"
    },
    {
        "appVersion": null,
        "at": "2023-06-10 04:00:52",
        "content": "It has been rated It is free for 3 days but I want it free so all may play and make them joy Nice.",
        "repliedAt": null,
        "replyContent": null,
        "reviewCreatedVersion": null,
        "reviewId": "737ae52c-f34f-43f3-9689-f21bf54ffab7",
        "score": 3,
        "thumbsUpCount": 2,
        "userImage": "https://play-lh.googleusercontent.com/a-/ALV-UjXsD-t3tycz_-INLFYLJ3ZMGn5vRN2ooOVqDItb7oL8ApU",
        "userName": "Benial Benial"
    },
    {
        "appVersion": null,
        "at": "2023-04-14 08:06:19",
        "content": "Christmas color By nu....",
        "repliedAt": null,
        "replyContent": null,
        "reviewCreatedVersion": null,
        "reviewId": "7416b8da-01f3-4b4e-b91e-86491ba9351d",
        "score": 1,
        "thumbsUpCount": 0,
        "userImage": "https://play-lh.googleusercontent.com/a/ACg8ocLI-L6Iv8-3rX8IuZ14vKE8Bb3YfKpazNYUpKcJnkjG=mo",
        "userName": "Victoria ball"
    },
    {
        "appVersion": "1.9",
        "at": "2023-03-18 17:28:19",
        "content": "I know that is my",
        "repliedAt": null,
        "replyContent": null,
        "reviewCreatedVersion": "1.9",
        "reviewId": "42f28656-eac5-4df6-aa7d-ff4457b64423",
        "score": 5,
        "thumbsUpCount": 0,
        "userImage": "https://play-lh.googleusercontent.com/a-/ALV-UjXlMjV8viLC8sl8nzPSQXP1zf1ydpdubcxFnEATq-07htc",
        "userName": "Jeremy Schwem"
    },
    {
        "appVersion": "1.9",
        "at": "2023-03-05 18:42:01",
        "content": "Too hard seeing numbers Frustrating Going to delete. Terrible app.",
        "repliedAt": null,
        "replyContent": null,
        "reviewCreatedVersion": "1.9",
        "reviewId": "e71a78f0-2609-466c-8631-29385fb3ceeb",
        "score": 1,
        "thumbsUpCount": 0,
        "userImage": "https://play-lh.googleusercontent.com/a/ACg8ocKfSMwTXURV7_G0v9w93r8eHawdx5_Odq2S_2IJrcKx=mo",
        "userName": "Ginny Billock"
    },
    {
        "appVersion": "1.9",
        "at": "2023-02-21 15:54:26",
        "content": "this is cool except for not being able to move around in the colors",
        "repliedAt": null,
        "replyContent": null,
        "reviewCreatedVersion": "1.9",
        "reviewId": "b94615b9-5488-493b-97b7-bf17a26b6520",
        "score": 5,
        "thumbsUpCount": 0,
        "userImage": "https://play-lh.googleusercontent.com/a/ACg8ocJJ__04yJca7zOk0Kv862x6ByUd-eulSezqCGen6e7x=mo",
        "userName": "Dadre Barnett"
    },
    {
        "appVersion": "1.9",
        "at": "2023-02-19 17:18:08",
        "content": "Relaxation",
        "repliedAt": null,
        "replyContent": null,
        "reviewCreatedVersion": "1.9",
        "reviewId": "c568a4e9-2059-4572-b6b0-e36332ee405d",
        "score": 5,
        "thumbsUpCount": 1,
        "userImage": "https://play-lh.googleusercontent.com/a/ACg8ocLo4ERSJ2mLCpa1vObxFXueUF4c5vNBZOVDC5YIHFrm=mo",
        "userName": "Debra Duquette"
    },
    {
        "appVersion": "1.9",
        "at": "2023-02-03 18:05:31",
        "content": "Great app",
        "repliedAt": null,
        "replyContent": null,
        "reviewCreatedVersion": "1.9",
        "reviewId": "2636542d-7bc2-41cf-a889-78c6cc25e015",
        "score": 5,
        "thumbsUpCount": 0,
        "userImage": "https://play-lh.googleusercontent.com/a/ACg8ocIRJ0IiLg4HtSdHbu11CpRL6k6lwJU47wc1oWdofuQuww=mo",
        "userName": "Sylvia Barnes"
    },
    {
        "appVersion": "1.9",
        "at": "2023-01-12 17:30:13",
        "content": "they need to add more Christmas Pictures",
        "repliedAt": null,
        "replyContent": null,
        "reviewCreatedVersion": "1.9",
        "reviewId": "bffc212c-0657-4e83-a607-d34594404643",
        "score": 5,
        "thumbsUpCount": 0,
        "userImage": "https://play-lh.googleusercontent.com/a/ACg8ocKdMgARDD7YKIIjjB9kq3E-twqXFyGFN4SBRVshvj_0=mo",
        "userName": "Virginia Eckley"
    },
    {
        "appVersion": "1.8",
        "at": "2022-12-24 02:15:38",
        "content": "Keeps freezing could not paid every one picture so deleated it",
        "repliedAt": null,
        "replyContent": null,
        "reviewCreatedVersion": "1.8",
        "reviewId": "2cb059fc-2ec2-4ad4-9c12-5b35e6c86897",
        "score": 1,
        "thumbsUpCount": 1,
        "userImage": "https://play-lh.googleusercontent.com/a/ACg8ocJ3h84bsZemRorckj4Wu79yituvXrLJmkCG-A74hAX6=mo",
        "userName": "Mattie Reeves"
    },
    {
        "appVersion": "1.9",
        "at": "2022-12-13 19:57:02",
        "content": "So far it's pretty cool the pictures are pretty",
        "repliedAt": null,
        "replyContent": null,
        "reviewCreatedVersion": "1.9",
        "reviewId": "7bf3bb72-ec32-4d6d-bde0-21f72d542aa4",
        "score": 4,
        "thumbsUpCount": 2,
        "userImage": "https://play-lh.googleusercontent.com/a-/ALV-UjUuhH0LQBiaaL64YXR8NluFrZm-dr_OMeaHNZsh5dbV6u0",
        "userName": "Pennie Bruehan"
    },
    {
        "appVersion": "1.9",
        "at": "2022-12-08 20:34:45",
        "content": "it's so amazing fun",
        "repliedAt": null,
        "replyContent": null,
        "reviewCreatedVersion": "1.9",
        "reviewId": "03ebeb22-3e7c-4972-b135-fe1da8baff75",
        "score": 5,
        "thumbsUpCount": 1,
        "userImage": "https://play-lh.googleusercontent.com/a/ACg8ocLhinh__ouvtqBxDrSco5Xi-DaaQMDVoiGcQPZrHrkZ=mo",
        "userName": "ashley tuck"
    },
    {
        "appVersion": "1.9",
        "at": "2022-12-07 02:04:45",
        "content": "love it",
        "repliedAt": null,
        "replyContent": null,
        "reviewCreatedVersion": "1.9",
        "reviewId": "595872dc-6286-48da-9b09-6aff6905a7f7",
        "score": 5,
        "thumbsUpCount": 0,
        "userImage": "https://play-lh.googleusercontent.com/a/ACg8ocK7zrAHkMDYd4IBO5uvQ86k3HuuP5Zeu8L1TqBQs5cr=mo",
        "userName": "kaylind ramos"
    },
    {
        "appVersion": "1.9",
        "at": "2022-12-06 20:57:15",
        "content": "TOASTY SETTINGS",
        "repliedAt": null,
        "replyContent": null,
        "reviewCreatedVersion": "1.9",
        "reviewId": "d9d5130e-a3d5-417d-ae9c-87a51d1b81f1",
        "score": 5,
        "thumbsUpCount": 0,
        "userImage": "https://play-lh.googleusercontent.com/a-/ALV-UjUAbgEaeseeF65oOdDqi7Cmk31Hx2g354XOK4uiuualXw",
        "userName": "Kellie Kannady"
    },
    {
        "appVersion": "1.9",
        "at": "2022-12-02 21:32:46",
        "content": "No stress colorings",
        "repliedAt": null,
        "replyContent": null,
        "reviewCreatedVersion": "1.9",
        "reviewId": "cedaba1a-e19e-4206-8497-a42ef17efb53",
        "score": 5,
        "thumbsUpCount": 2,
        "userImage": "https://play-lh.googleusercontent.com/a/ACg8ocIYcyyvlgTgqQt2UJALM8mNAEGfXFy4QTiNPoWUW-Ag=mo",
        "userName": "Teresa McFadden"
    },
    {
        "appVersion": "1.8",
        "at": "2022-11-25 02:06:35",
        "content": "I love coloring Christmas photos yes I love it",
        "repliedAt": null,
        "replyContent": null,
        "reviewCreatedVersion": "1.8",
        "reviewId": "523ace34-1c67-4e7b-9cfe-9b3f4bbbe236",
        "score": 5,
        "thumbsUpCount": 1,
        "userImage": "https://play-lh.googleusercontent.com/a/ACg8ocK_GUFaxgZzpyd1NgfUmklK_yhs4RQx6iapstj0NxA5=mo",
        "userName": "Rhonda Whittington"
    },
    {
        "appVersion": "1.8",
        "at": "2022-11-23 15:35:22",
        "content": "love this app",
        "repliedAt": null,
        "replyContent": null,
        "reviewCreatedVersion": "1.8",
        "reviewId": "8c62dfb3-ae71-4a47-8739-87f63cf83c7e",
        "score": 5,
        "thumbsUpCount": 1,
        "userImage": "https://play-lh.googleusercontent.com/a-/ALV-UjXeupkTMt325ENBJ5CT6WEX2-14rENvlUxJkmSNuU-xS8Q",
        "userName": "Wendy Langkaas"
    },
    {
        "appVersion": "1.8",
        "at": "2022-11-22 13:30:22",
        "content": "Game is okay, but don't like that you get a very limited amount of pics. If you want more, you have to pay for the premium package.",
        "repliedAt": null,
        "replyContent": null,
        "reviewCreatedVersion": "1.8",
        "reviewId": "c343107e-ae79-4c4a-9bb7-838393e97304",
        "score": 3,
        "thumbsUpCount": 8,
        "userImage": "https://play-lh.googleusercontent.com/a-/ALV-UjXpNRni1ejJpJ01gfyXkd2FxPQdW_cXGKowvzRJe5e8LHE",
        "userName": "Gail Greene"
    },
    {
        "appVersion": null,
        "at": "2022-11-17 06:58:28",
        "content": "My favorite Christmas Carol Hark the Herald Angels Sing",
        "repliedAt": null,
        "replyContent": null,
        "reviewCreatedVersion": null,
        "reviewId": "bbab4404-ce61-4667-9414-739da410bb17",
        "score": 5,
        "thumbsUpCount": 1,
        "userImage": "https://play-lh.googleusercontent.com/a/ACg8ocLiB3IwPr46EhQEI1TSN4kj3X8q9k6UyHmzamQkd0UD=mo",
        "userName": "DAVID DEWAYNE BOTTOMLEY"
    },
    {
        "appVersion": "1.8",
        "at": "2022-11-11 22:02:42",
        "content": "l love the beautiful Christmas pictures on this app Thank you",
        "repliedAt": null,
        "replyContent": null,
        "reviewCreatedVersion": "1.8",
        "reviewId": "7fe23fe1-99fe-4690-b3d6-155ba155c843",
        "score": 5,
        "thumbsUpCount": 2,
        "userImage": "https://play-lh.googleusercontent.com/a/ACg8ocJOLxIyaw9zysWH358Jnx40hxiO-4VhM4u27_qN20BK=mo",
        "userName": "Maria Reyes"
    },
    {
        "appVersion": "1.8",
        "at": "2022-11-09 23:31:21",
        "content": "Kinda boring & slow",
        "repliedAt": null,
        "replyContent": null,
        "reviewCreatedVersion": "1.8",
        "reviewId": "87459474-d2ed-4e20-9369-69d2cc95c802",
        "score": 1,
        "thumbsUpCount": 1,
        "userImage": "https://play-lh.googleusercontent.com/a-/ALV-UjWHKTLuR0UuCl6chDvlTFfDGBvZDKDkSdLK0Dumqsodhhw",
        "userName": "Clara King"
    },
    {
        "appVersion": "1.6",
        "at": "2022-10-27 21:10:36",
        "content": "l love it. so simple",
        "repliedAt": null,
        "replyContent": null,
        "reviewCreatedVersion": "1.6",
        "reviewId": "fba2fd2e-b4bc-46c4-820c-c4573bf7a59d",
        "score": 5,
        "thumbsUpCount": 1,
        "userImage": "https://play-lh.googleusercontent.com/a-/ALV-UjXoOOjDAO15AzngqMWuSSSYrvX5SELAACC7WgsrrJNxLVY",
        "userName": "maria Brown"
    },
    {
        "appVersion": "1.6",
        "at": "2022-10-10 15:38:56",
        "content": "I love doing the pictures cuz I love christmas",
        "repliedAt": null,
        "replyContent": null,
        "reviewCreatedVersion": "1.6",
        "reviewId": "a974e89d-075b-432f-b241-533372e758b4",
        "score": 5,
        "thumbsUpCount": 4,
        "userImage": "https://play-lh.googleusercontent.com/a-/ALV-UjUVSWhXTDmC9TWu8nmYdUV58jJk2f3MecsFQo-Y8KsTR975",
        "userName": "Henrietta Palomino"
    },
    {
        "appVersion": "1.6",
        "at": "2022-10-02 16:50:33",
        "content": "I'm having a great time.",
        "repliedAt": null,
        "replyContent": null,
        "reviewCreatedVersion": "1.6",
        "reviewId": "f27a8218-2341-456d-8c03-350cc097a30f",
        "score": 5,
        "thumbsUpCount": 1,
        "userImage": "https://play-lh.googleusercontent.com/a/ACg8ocKprDDw8QFxLH8AFrmJUH3foV3iMZTXISXWrJyyszwm=mo",
        "userName": "Peggy Whitaker"
    },
    {
        "appVersion": "1.4",
        "at": "2022-09-20 22:10:46",
        "content": "Some of the pages will not let me finish. I can see the spot I need to color but I can't click on it. I have tried to exit out and start the page over but it doesn't fix the problem. So kind of annoying that I have unfinished pages.",
        "repliedAt": null,
        "replyContent": null,
        "reviewCreatedVersion": "1.4",
        "reviewId": "77718357-e87d-439e-a98c-b5575e1bd0b0",
        "score": 3,
        "thumbsUpCount": 4,
        "userImage": "https://play-lh.googleusercontent.com/a-/ALV-UjVaTjAHeBcsXS5O_dkQmdz-bICBxhUe9RHHQSeu2HDPSA",
        "userName": "Chasitie Chivaran"
    },
    {
        "appVersion": null,
        "at": "2022-09-12 01:19:22",
        "content": "Love the Christmas painting by numbers. But you can't share it, plus no hints. Need to fix that. So uninstalled it, because of that.",
        "repliedAt": null,
        "replyContent": null,
        "reviewCreatedVersion": null,
        "reviewId": "fcd82465-197f-4ee4-b6e0-541c695d2932",
        "score": 4,
        "thumbsUpCount": 10,
        "userImage": "https://play-lh.googleusercontent.com/a-/ALV-UjUlacrBAYGeZ8mHErIZ3ocXWDneUjlUzZkGUKqPVouR4g",
        "userName": "J0Ann Ingrao"
    },
    {
        "appVersion": null,
        "at": "2022-08-31 18:19:25",
        "content": "Just started",
        "repliedAt": null,
        "replyContent": null,
        "reviewCreatedVersion": null,
        "reviewId": "4a3c00e1-ace0-42b0-a1a5-f47420bf1806",
        "score": 5,
        "thumbsUpCount": 0,
        "userImage": "https://play-lh.googleusercontent.com/a-/ALV-UjWMfUBmfiBUjzTR54Og5mCtYbWgyfsbh70iRAz5Jm7Xqh8",
        "userName": "Elvis boop"
    },
    {
        "appVersion": "1.4",
        "at": "2022-08-26 18:27:48",
        "content": "It's Christmas which makes it special to me. It's easy. I love it",
        "repliedAt": null,
        "replyContent": null,
        "reviewCreatedVersion": "1.4",
        "reviewId": "7152dba8-e232-4b61-9d0a-66ce91948f8e",
        "score": 5,
        "thumbsUpCount": 1,
        "userImage": "https://play-lh.googleusercontent.com/a/ACg8ocK-suPedoansCSjpra8-tQLUWzupG7a-EV78fRzoo7r=mo",
        "userName": "Phyllis Roe"
    },
    {
        "appVersion": null,
        "at": "2021-12-27 16:09:32",
        "content": "Too few for free",
        "repliedAt": null,
        "replyContent": null,
        "reviewCreatedVersion": null,
        "reviewId": "c4c0d54b-8006-4244-9aa1-4f354a990537",
        "score": 2,
        "thumbsUpCount": 1,
        "userImage": "https://play-lh.googleusercontent.com/a-/ALV-UjWdRTCGjXGM5AiwwYHZxLod7daVSGW3du7fnatIm2JHLME",
        "userName": "Alecia Atwood"
    },
    {
        "appVersion": "1.2",
        "at": "2021-11-19 02:25:56",
        "content": "Need ALOT more elephants",
        "repliedAt": null,
        "replyContent": null,
        "reviewCreatedVersion": "1.2",
        "reviewId": "3d8c8885-e500-4b05-89dc-0c551280b2fb",
        "score": 2,
        "thumbsUpCount": 1,
        "userImage": "https://play-lh.googleusercontent.com/a/ACg8ocJlWHA1YOgE8Pof2fSCztrFE6UbZnMOaNgRS7F8fJfZ=mo",
        "userName": "lillie scott"
    },
    {
        "appVersion": "1.2",
        "at": "2021-11-18 15:05:27",
        "content": "I love the app it's relaxing \ud83c\udf1f\u2728\ud83d\udc7c\ud83c\udf85\ud83e\udd36\ud83d\udc82\ud83c\udf81\u2603\ufe0f\u26c4\u2744\ufe0f\ud83c\udf28\ufe0f\ud83c\udf32\ud83c\udf84\ud83c\udf80.",
        "repliedAt": null,
        "replyContent": null,
        "reviewCreatedVersion": "1.2",
        "reviewId": "ea3fb18c-b531-48ea-be4f-62933b6d4daf",
        "score": 5,
        "thumbsUpCount": 1,
        "userImage": "https://play-lh.googleusercontent.com/a-/ALV-UjW8cz61mXBt8fHLO1dhgFtS9_lfHXO6E2qLW7OL9fBN8ic",
        "userName": "Leigh Brookshire"
    },
    {
        "appVersion": "1.2",
        "at": "2021-11-14 13:47:08",
        "content": "Wonderful, cute, Christmas pictures to prepare you for the Christmas Holiday Season!!\ud83d\udc9c\u263a\ufe0f\u2603\ufe0f",
        "repliedAt": null,
        "replyContent": null,
        "reviewCreatedVersion": "1.2",
        "reviewId": "772cc634-8e86-4e84-b07a-34ab34376094",
        "score": 5,
        "thumbsUpCount": 2,
        "userImage": "https://play-lh.googleusercontent.com/a-/ALV-UjXBRz2d2bo2UtpbaySGxBc2v2KrRM2xdU_zexOJgLXFlbU",
        "userName": "Alicia Davis"
    },
    {
        "appVersion": "1.2",
        "at": "2021-11-13 18:49:58",
        "content": "I love it!",
        "repliedAt": null,
        "replyContent": null,
        "reviewCreatedVersion": "1.2",
        "reviewId": "b40282c6-9275-4e2d-86c4-d2b1c20fc15e",
        "score": 5,
        "thumbsUpCount": 1,
        "userImage": "https://play-lh.googleusercontent.com/a-/ALV-UjUKjEDI12x20agyUHp8PcqGMqsg5NLC_kgkmCx0K8nPNWM",
        "userName": "Janelle Kellerman"
    },
    {
        "appVersion": "1.2",
        "at": "2021-11-13 00:11:53",
        "content": "I do not like it when the number is one color and the number in the pic is another color!",
        "repliedAt": null,
        "replyContent": null,
        "reviewCreatedVersion": "1.2",
        "reviewId": "a112f23e-f685-4822-a9bb-cf1bfe2984a8",
        "score": 2,
        "thumbsUpCount": 6,
        "userImage": "https://play-lh.googleusercontent.com/a/ACg8ocJJkAPyka8SUmZxF-FF0Icq5aZBakzgZjfOxUFsRVM0=mo",
        "userName": "Beverly Swain"
    },
    {
        "appVersion": "1.2",
        "at": "2021-11-12 01:09:18",
        "content": "Love the pictures@",
        "repliedAt": null,
        "replyContent": null,
        "reviewCreatedVersion": "1.2",
        "reviewId": "2c1ea706-fb16-4fac-bb6a-e489fb8fa3be",
        "score": 5,
        "thumbsUpCount": 1,
        "userImage": "https://play-lh.googleusercontent.com/a-/ALV-UjViHs-yzOZQyhCCAUfldGFbWNAldKuxRlGVjCPktZKQsA",
        "userName": "Michael & Suzie Holder"
    },
    {
        "appVersion": "1.2",
        "at": "2021-11-07 00:56:34",
        "content": "Nice",
        "repliedAt": null,
        "replyContent": null,
        "reviewCreatedVersion": "1.2",
        "reviewId": "c9c1acac-a870-4a55-988f-7236e036bc0c",
        "score": 5,
        "thumbsUpCount": 0,
        "userImage": "https://play-lh.googleusercontent.com/a-/ALV-UjW0unexl6jiZ7tBGV4Y0low4EX6qf6A7IP-IyZkYQUkGg",
        "userName": "Faye Johnson"
    },
    {
        "appVersion": "1.2",
        "at": "2021-07-19 20:20:38",
        "content": "I love it,makes me relax",
        "repliedAt": null,
        "replyContent": null,
        "reviewCreatedVersion": "1.2",
        "reviewId": "9493471f-11cb-42bc-b50a-37f0a95b4f60",
        "score": 5,
        "thumbsUpCount": 1,
        "userImage": "https://play-lh.googleusercontent.com/a-/ALV-UjUapljBcpeWh0t5rJ3doO2VzBADovz0bCvnTbub_e-Glg",
        "userName": "Deanna Poteet"
    },
    {
        "appVersion": "1.2",
        "at": "2021-01-17 19:09:13",
        "content": "Fun game.",
        "repliedAt": null,
        "replyContent": null,
        "reviewCreatedVersion": "1.2",
        "reviewId": "7835da07-620e-4a1f-9311-59d0a67e27d4",
        "score": 5,
        "thumbsUpCount": 0,
        "userImage": "https://play-lh.googleusercontent.com/a/ACg8ocINm-oYizhwItYf3Sx-Kq44pCswCwdtVCVUzHtyi4GX=mo",
        "userName": "James Mahon"
    },
    {
        "appVersion": "1.2",
        "at": "2020-12-26 07:33:50",
        "content": "Like to color",
        "repliedAt": null,
        "replyContent": null,
        "reviewCreatedVersion": "1.2",
        "reviewId": "fd872455-f699-4b72-a704-1bc6892e9f81",
        "score": 5,
        "thumbsUpCount": 1,
        "userImage": "https://play-lh.googleusercontent.com/a/ACg8ocKzksARoDjzQP0eyCqNwzDjlfDZDG0riRPkLEGCzH3g=mo",
        "userName": "ruby havard"
    },
    {
        "appVersion": "1.2",
        "at": "2020-12-23 19:26:23",
        "content": "Love it very relaxing love to color christmas pictures.",
        "repliedAt": null,
        "replyContent": null,
        "reviewCreatedVersion": "1.2",
        "reviewId": "f3dbf3fe-380f-4e77-8675-11f9ae2c4995",
        "score": 5,
        "thumbsUpCount": 14,
        "userImage": "https://play-lh.googleusercontent.com/a/ACg8ocKtg8S4STFYJv2wsjgJRnmkcnsneZFIy5lNygPhzzVV=mo",
        "userName": "Donna Hutch"
    },
    {
        "appVersion": "1.2",
        "at": "2020-12-13 19:41:44",
        "content": "I love to color",
        "repliedAt": null,
        "replyContent": null,
        "reviewCreatedVersion": "1.2",
        "reviewId": "33e84560-5dc8-48a7-b1b0-fc643f909422",
        "score": 5,
        "thumbsUpCount": 6,
        "userImage": "https://play-lh.googleusercontent.com/a/ACg8ocK8O6XUIN5aq_5mp1ypUQbVC6AHQ7QrsUmk62VcM5FH=mo",
        "userName": "Michele Enloe"
    },
    {
        "appVersion": "1.2",
        "at": "2020-12-13 05:41:19",
        "content": "Love it",
        "repliedAt": null,
        "replyContent": null,
        "reviewCreatedVersion": "1.2",
        "reviewId": "5cd1e2b9-5e78-456b-a6dd-55d86df69a00",
        "score": 5,
        "thumbsUpCount": 0,
        "userImage": "https://play-lh.googleusercontent.com/a/ACg8ocIscgsSTsKNUe12t4AQkP43U29D4GYoWycvUZ0W6J1v=mo",
        "userName": "Michael Shocinski"
    },
    {
        "appVersion": "1.2",
        "at": "2020-12-10 18:34:15",
        "content": "Relaxing",
        "repliedAt": null,
        "replyContent": null,
        "reviewCreatedVersion": "1.2",
        "reviewId": "7fbd21ce-b6fb-4118-9c12-cbfa0eabdbef",
        "score": 4,
        "thumbsUpCount": 0,
        "userImage": "https://play-lh.googleusercontent.com/a/ACg8ocJ0pO1Mhu0e5429M15MbEIMAu0TOBjHw6iEkejNrlmG=mo",
        "userName": "Rhonda Howard"
    },
    {
        "appVersion": "1.2",
        "at": "2020-12-09 18:47:53",
        "content": "Awesome",
        "repliedAt": null,
        "replyContent": null,
        "reviewCreatedVersion": "1.2",
        "reviewId": "d5671349-27ab-4caf-ba2a-1886627f88af",
        "score": 5,
        "thumbsUpCount": 1,
        "userImage": "https://play-lh.googleusercontent.com/a-/ALV-UjVf-YWw0586iPQ2YwFsnlNvoyHTk3lbQRTvCXS24Y10aJE",
        "userName": "Wendy Denise Strout-Dishaw"
    },
    {
        "appVersion": null,
        "at": "2020-12-09 03:40:43",
        "content": "Holiday Christmas book free coloring-book",
        "repliedAt": null,
        "replyContent": null,
        "reviewCreatedVersion": null,
        "reviewId": "1986ae04-5801-4b7b-9afc-9b7a0e1f92a7",
        "score": 2,
        "thumbsUpCount": 1,
        "userImage": "https://play-lh.googleusercontent.com/a/ACg8ocLi2woWTog8PCiA7wJKbisrqxR6YdNzoRTr5WkuOAnD=mo",
        "userName": "Connie Liming"
    },
    {
        "appVersion": "1.2",
        "at": "2020-12-09 00:18:53",
        "content": "Brilliant",
        "repliedAt": null,
        "replyContent": null,
        "reviewCreatedVersion": "1.2",
        "reviewId": "d27e8bdd-c4a3-4700-bc67-18c6cb8d3778",
        "score": 5,
        "thumbsUpCount": 1,
        "userImage": "https://play-lh.googleusercontent.com/a-/ALV-UjXXjy0aEwl5kf8SiepRD_Qajsmgxbytd-MCgSgREALXiLY",
        "userName": "Latoya Jasmin"
    },
    {
        "appVersion": "1.2",
        "at": "2020-12-08 19:16:19",
        "content": "Worst color by number experience I've had so far. Would watch ad to get pic to color and then would only show pic would not let you color it. Ugggg!",
        "repliedAt": null,
        "replyContent": null,
        "reviewCreatedVersion": "1.2",
        "reviewId": "0b859e99-4e68-4264-bddb-dcf1e5586415",
        "score": 1,
        "thumbsUpCount": 24,
        "userImage": "https://play-lh.googleusercontent.com/a/ACg8ocLHzOYR67IRx4TbBA4Ld-R08fwShnDXub7JLsukFHKW=mo",
        "userName": "Cynthia L Guy"
    },
    {
        "appVersion": "1.2",
        "at": "2020-12-06 18:11:33",
        "content": "Fun pictures",
        "repliedAt": null,
        "replyContent": null,
        "reviewCreatedVersion": "1.2",
        "reviewId": "f98922c5-7008-4b26-8f4d-5bc88844d849",
        "score": 4,
        "thumbsUpCount": 2,
        "userImage": "https://play-lh.googleusercontent.com/a/ACg8ocKqkyUb9XPW2xVQjigkBXLITPhf2lHDznD6K2FoyB9H=mo",
        "userName": "Leslie Pollock"
    },
    {
        "appVersion": "1.2",
        "at": "2020-12-05 21:17:43",
        "content": "Like it",
        "repliedAt": null,
        "replyContent": null,
        "reviewCreatedVersion": "1.2",
        "reviewId": "eb144be2-54d9-49ab-b050-e47be0d53a09",
        "score": 4,
        "thumbsUpCount": 1,
        "userImage": "https://play-lh.googleusercontent.com/a-/ALV-UjVI1M6Mtcvid4zu9CwHqcazfyXIjQILirWbmfS9Ai0syu4",
        "userName": "Barbara Reichenbacher"
    },
    {
        "appVersion": null,
        "at": "2020-11-24 13:06:47",
        "content": "WOULD. MORE XMAS ONE",
        "repliedAt": null,
        "replyContent": null,
        "reviewCreatedVersion": null,
        "reviewId": "489a2c42-88e1-4e10-92bf-2d66c56e2335",
        "score": 5,
        "thumbsUpCount": 1,
        "userImage": "https://play-lh.googleusercontent.com/a-/ALV-UjXVADxY7UMoT5DXlCXysvMUpJtKd1S2sxk2VFzbGQtBIAQ",
        "userName": "Mary Menzies"
    },
    {
        "appVersion": null,
        "at": "2020-11-22 16:40:02",
        "content": "Won't work with my pen.",
        "repliedAt": null,
        "replyContent": null,
        "reviewCreatedVersion": null,
        "reviewId": "66adcb44-2ebb-4ba3-bb35-5111a669c036",
        "score": 1,
        "thumbsUpCount": 4,
        "userImage": "https://play-lh.googleusercontent.com/a-/ALV-UjXYYKA216Y15tan339BozPda2_PYcYEkoSTgU1yKr1yhIs",
        "userName": "Kimmy N"
    },
    {
        "appVersion": "1.1",
        "at": "2020-11-19 15:17:29",
        "content": "Very difficult to see the highlighted areas! Jumps from one number to the next, which is great, but color palette does not move as colors are finished, so you don't know if a number is done, unless you happen to see the next color highlighted, or move the palette along (waste of time)! Some spaces are left blank, and I don't like empty spaces! Some of the pictures I have done will not let you even color all the numbers! Does not highight the areas or let you color them! Disappointed!",
        "repliedAt": null,
        "replyContent": null,
        "reviewCreatedVersion": "1.1",
        "reviewId": "d554d38a-0806-42b7-a726-9514a219595b",
        "score": 3,
        "thumbsUpCount": 35,
        "userImage": "https://play-lh.googleusercontent.com/a-/ALV-UjX0gu8ZksGEiy8V3nFSCEwlAg-HymVRCHOrrw-npFgml2Q",
        "userName": "Maridell Moore"
    }
]