[
    {
        "appVersion": "2",
        "at": "2023-11-04 06:52:09",
        "content": "Dumb",
        "repliedAt": null,
        "replyContent": null,
        "reviewCreatedVersion": "2",
        "reviewId": "8baed013-bf66-4ed6-a725-96c17e229715",
        "score": 1,
        "thumbsUpCount": 0,
        "userImage": "https://play-lh.googleusercontent.com/a-/ALV-UjX9eP34HUmA3VIh4btR7EOpaTM2Z_kYOTxe_lGdsbu-IfY",
        "userName": "Adam C. Martin"
    },
    {
        "appVersion": null,
        "at": "2023-11-04 00:28:49",
        "content": "good app",
        "repliedAt": null,
        "replyContent": null,
        "reviewCreatedVersion": null,
        "reviewId": "c8782edb-9e5e-4842-8441-a95ca53022f5",
        "score": 5,
        "thumbsUpCount": 0,
        "userImage": "https://play-lh.googleusercontent.com/a/ACg8ocKAOqYRUyXyEy8b3jBa-h2t2R3237XP63IugYHjhP7J=mo",
        "userName": "Reba l Das"
    },
    {
        "appVersion": null,
        "at": "2023-10-10 10:18:27",
        "content": "no it dote",
        "repliedAt": null,
        "replyContent": null,
        "reviewCreatedVersion": null,
        "reviewId": "32ff99f7-81ee-4457-accc-7af9476902c4",
        "score": 1,
        "thumbsUpCount": 0,
        "userImage": "https://play-lh.googleusercontent.com/a/ACg8ocIsWCIl5hP3q05kABTHt9uGiYZXdccG-cgyHTHdFLQK=mo",
        "userName": "Andrea Mathias"
    },
    {
        "appVersion": null,
        "at": "2023-09-19 13:01:35",
        "content": "This is working app thank you for the mota and I'll c8 is Ahsan for the mota for a while and qasi come \ud83e\udef4 for Minecraft PS4 Minecraft PE I'd be interested for sell car for Minecraft \ud83d\ude1b for Minecraft Xbox \ud83d\ude1e\ud83d\ude1e\ud83d\ude1e\ud83d\ude1e is Ahsan for Minecraft Xbox \ud83d\ude1e is working on his way and qasi cut it to me know what is Ahsan is Ahsan for a few days to my house \ud83c\udfe0 is hack app to make a video \ud83d\udcf7\ud83d\udcf8 is hack please let him come and get it for me to my phone 15 is Ahsan for a few weeks then auto correct for a ueuehehrh",
        "repliedAt": null,
        "replyContent": null,
        "reviewCreatedVersion": null,
        "reviewId": "c140e071-52e1-4669-8407-2dc818090864",
        "score": 4,
        "thumbsUpCount": 0,
        "userImage": "https://play-lh.googleusercontent.com/a-/ALV-UjUTtMrWwcGYa2mDNavuLRfOqNKrsQvbIxPieuyUqivQuw",
        "userName": "Salman Khan wadhanpoto"
    },
    {
        "appVersion": "2",
        "at": "2023-06-24 09:45:48",
        "content": "This app is good but it contains many ads",
        "repliedAt": null,
        "replyContent": null,
        "reviewCreatedVersion": "2",
        "reviewId": "6cd57635-3690-4062-baf4-c54c26028724",
        "score": 2,
        "thumbsUpCount": 0,
        "userImage": "https://play-lh.googleusercontent.com/a/ACg8ocJkHIkVSoiWBMsEmU6fOnqDo9qAY2ZNQxXFYE_5VbqU=mo",
        "userName": "Tenzui Treol"
    },
    {
        "appVersion": null,
        "at": "2023-04-07 14:36:52",
        "content": "DOESNT WORK. TOO MANY ADS AS WELL",
        "repliedAt": null,
        "replyContent": null,
        "reviewCreatedVersion": null,
        "reviewId": "5d97c481-95f6-4015-8705-f1b0015542c2",
        "score": 1,
        "thumbsUpCount": 0,
        "userImage": "https://play-lh.googleusercontent.com/a/ACg8ocIi9aJVxNgLF0stz0xVYmgO_mWnc3jC8ffOErMLjhd3=mo",
        "userName": "Ella Reynolds"
    },
    {
        "appVersion": null,
        "at": "2023-03-31 08:50:45",
        "content": "What I thought was not happening. I thought I will eat now. But appt said I have eaten sweets now. No one will download it. It will waste your time, data and mobile space.This app is useless \ud83e\udd2c\ud83e\udd2c",
        "repliedAt": null,
        "replyContent": null,
        "reviewCreatedVersion": null,
        "reviewId": "785f48c9-7c59-402f-874e-82ab8d6cf267",
        "score": 1,
        "thumbsUpCount": 1,
        "userImage": "https://play-lh.googleusercontent.com/a-/ALV-UjVjQHKLlxZbmjylXwsqAba9I5-RiBlRIH2TGDwL0OYxTVE",
        "userName": "Tahmina Begum"
    }
]