[
    {
        "appVersion": "1.0.1",
        "at": "2023-11-12 14:40:19",
        "content": "Grossly overloaded with ad pop-ups. Damm near impossible to do anything without the likes of Temu popping up at EVERY step. Forget it, not being blackmailed by inoperable \"free\" to find what might be in store on the paid app.",
        "repliedAt": null,
        "replyContent": null,
        "reviewCreatedVersion": "1.0.1",
        "reviewId": "1bf4843c-8ccc-4d35-b1b5-dcf14a475536",
        "score": 1,
        "thumbsUpCount": 0,
        "userImage": "https://play-lh.googleusercontent.com/a-/ALV-UjUiQG-ZdT3sse3qSQ1n9ceOZWA1QkZGKIL9ObzjPHODkw",
        "userName": "Gregg Warren"
    },
    {
        "appVersion": null,
        "at": "2023-10-01 09:28:14",
        "content": "Ads, ads, and more ads",
        "repliedAt": null,
        "replyContent": null,
        "reviewCreatedVersion": null,
        "reviewId": "8ae47ccd-3e61-46c8-8995-24f98d015a77",
        "score": 1,
        "thumbsUpCount": 0,
        "userImage": "https://play-lh.googleusercontent.com/a-/ALV-UjWYCiOn22XZseXPpOPrROhnHA46C_estKaubXU93RV0SDs5",
        "userName": "Jovy Mac"
    },
    {
        "appVersion": "1.0.0",
        "at": "2023-09-30 07:15:38",
        "content": "Calculator looks good but can't really test the app as every time you use a calculator or go back it trigers an ad. Ain't have time for that. Uninstalling it.",
        "repliedAt": null,
        "replyContent": null,
        "reviewCreatedVersion": "1.0.0",
        "reviewId": "cae49990-292d-4bea-b35e-539aca027aef",
        "score": 2,
        "thumbsUpCount": 1,
        "userImage": "https://play-lh.googleusercontent.com/a/ACg8ocKf_Pwl5Ss9HIMQgYjW5ntKc5IkfXPqHiWNC-nRuVeN=mo",
        "userName": "Kosta Dimitrov"
    },
    {
        "appVersion": "1.0.0",
        "at": "2023-09-23 22:38:30",
        "content": "Good app, does what it says It would be useful if the units were all changeable such the ability to use miles per gallon. I personally prefer metric but I live in the country that gave you Brexit so often speciations are only given in antique measurements because that apparently what \"taking back control\" is.\ud83e\udd37\u200d\u2642\ufe0f",
        "repliedAt": null,
        "replyContent": null,
        "reviewCreatedVersion": "1.0.0",
        "reviewId": "31be2b9e-ec44-484f-9699-c67e9d10fc54",
        "score": 4,
        "thumbsUpCount": 0,
        "userImage": "https://play-lh.googleusercontent.com/a-/ALV-UjX__CsssMBOUmJMWNxXIvNnRYeCRYTjHrMjMPmq5zY5Ks2N",
        "userName": "Iain William Davidson"
    },
    {
        "appVersion": "1.0.0",
        "at": "2023-07-30 15:14:34",
        "content": "Would have used this app if it was not dumped with a load of annoying ads. The developer is forcing us to not use the app at all.",
        "repliedAt": null,
        "replyContent": null,
        "reviewCreatedVersion": "1.0.0",
        "reviewId": "81555e19-c76a-4dea-94bf-b50a4d487bf9",
        "score": 1,
        "thumbsUpCount": 0,
        "userImage": "https://play-lh.googleusercontent.com/a-/ALV-UjXmwCuFMb4G_2MWDdr1fac37fBTZxB_Peb3viwJdXTEsXU",
        "userName": "Justin Mathew"
    },
    {
        "appVersion": "1.0.0",
        "at": "2023-07-22 18:53:36",
        "content": "Easy to use",
        "repliedAt": null,
        "replyContent": null,
        "reviewCreatedVersion": "1.0.0",
        "reviewId": "90351c84-a297-4f76-95fb-2f24e17f8c82",
        "score": 4,
        "thumbsUpCount": 0,
        "userImage": "https://play-lh.googleusercontent.com/a-/ALV-UjWUNPM0qfBRjIg69PET8OqzGsIuGN3KvTKky8VDyGwZk6WN",
        "userName": "Amin Ali"
    },
    {
        "appVersion": "1.0.0",
        "at": "2023-07-03 21:33:16",
        "content": "The Ads are super annoying, but does have some nice calculation metrics to help EV owners to learn about the performance, charging time, and costs of charging",
        "repliedAt": null,
        "replyContent": null,
        "reviewCreatedVersion": "1.0.0",
        "reviewId": "f48135b3-ea09-4cb3-adef-78a853232d7f",
        "score": 4,
        "thumbsUpCount": 0,
        "userImage": "https://play-lh.googleusercontent.com/a-/ALV-UjXMf7sYijdnyOp-YED2uZoTXYwaOheXSoVWZPnbMWv-kD3a",
        "userName": "H2 Lo"
    },
    {
        "appVersion": "1.0.0",
        "at": "2023-06-19 07:08:08",
        "content": "Asking for a credit card to activate an account is not good practice",
        "repliedAt": null,
        "replyContent": null,
        "reviewCreatedVersion": "1.0.0",
        "reviewId": "66e2d3e5-ffc0-42a4-a2a2-18d44b26bc4c",
        "score": 1,
        "thumbsUpCount": 0,
        "userImage": "https://play-lh.googleusercontent.com/a-/ALV-UjUdXU6sTOz5NKNGgmEp1xGTO0lafMITv-6PsgyIsGhtFME",
        "userName": "Marcio Spindola"
    },
    {
        "appVersion": "1.0.0",
        "at": "2023-05-27 09:51:12",
        "content": "Useless app. It's basically an add generator. Just don't waste your time...",
        "repliedAt": null,
        "replyContent": null,
        "reviewCreatedVersion": "1.0.0",
        "reviewId": "7fa0ccaf-c9b7-4bc9-900e-c9f71d8aa423",
        "score": 1,
        "thumbsUpCount": 0,
        "userImage": "https://play-lh.googleusercontent.com/a/ACg8ocKdDD0CtBlBbo1vQ8zVrEf_HaEqkoyy66teALmmIN0Q=mo",
        "userName": "B. Neto"
    },
    {
        "appVersion": null,
        "at": "2023-05-24 20:12:11",
        "content": "vary nice",
        "repliedAt": null,
        "replyContent": null,
        "reviewCreatedVersion": null,
        "reviewId": "6806df12-f0ec-4fdb-bc4f-1d7779498034",
        "score": 5,
        "thumbsUpCount": 0,
        "userImage": "https://play-lh.googleusercontent.com/a/ACg8ocKfmYhA23cOGbX5OHYrUlc_4jFviMr1tsJabJAutzHfeg=mo",
        "userName": "Imam Hosain Sohag"
    },
    {
        "appVersion": null,
        "at": "2023-05-21 11:23:58",
        "content": "Do not download. Everytime you want to use this youre forced to watch an ad. I clicked 3 buttons in the app and had to watch 4 ads. No thanks!",
        "repliedAt": null,
        "replyContent": null,
        "reviewCreatedVersion": null,
        "reviewId": "3b3d2d01-53dd-46d3-9c02-8052fcfae9fc",
        "score": 1,
        "thumbsUpCount": 0,
        "userImage": "https://play-lh.googleusercontent.com/a-/ALV-UjXQKfz4wmdE9T6TNGhCPHPh14GuEh5PqIVq1gz8r6UjJvkL",
        "userName": "Shawn Apffel"
    },
    {
        "appVersion": "1.0.0",
        "at": "2023-05-07 13:09:59",
        "content": "Not terribly useful in USA without ability to switch from metric to imperial. Kind of basic functionality. Great concept though. Also: VERY annoying and near constantly intrusive ads on every screen.",
        "repliedAt": null,
        "replyContent": null,
        "reviewCreatedVersion": "1.0.0",
        "reviewId": "ac90a239-9179-4c9c-893b-7a80cdf74a88",
        "score": 2,
        "thumbsUpCount": 1,
        "userImage": "https://play-lh.googleusercontent.com/a/ACg8ocLGNIGIgD1fRQN6YbBFQAdqf9f9IjeOZF6Uw_nex5YClHo=mo",
        "userName": "Robert Stout"
    },
    {
        "appVersion": "1.0.0",
        "at": "2023-04-28 20:24:18",
        "content": "too much advertising",
        "repliedAt": null,
        "replyContent": null,
        "reviewCreatedVersion": "1.0.0",
        "reviewId": "75edceac-1714-42ce-b797-72e60f51c20a",
        "score": 1,
        "thumbsUpCount": 1,
        "userImage": "https://play-lh.googleusercontent.com/a-/ALV-UjXOTPCW4EQpaVIKlcb7lW5lZ8DyDi6TqOZMMDG7bLIN4dw",
        "userName": "Marius Cicu"
    },
    {
        "appVersion": null,
        "at": "2023-04-22 00:56:12",
        "content": "Very happy with the app. Wish it had estimated costs of fuel per currency, not approved rates",
        "repliedAt": null,
        "replyContent": null,
        "reviewCreatedVersion": null,
        "reviewId": "3fb1523c-215f-4240-8907-d8a5163d6f44",
        "score": 4,
        "thumbsUpCount": 0,
        "userImage": "https://play-lh.googleusercontent.com/a-/ALV-UjV5QlYnHgpjW5LPfjR_NBn3zuue4omFED4VRuUVu0Awuy4",
        "userName": "Edmo Mosa Maditse"
    },
    {
        "appVersion": null,
        "at": "2023-04-16 12:21:33",
        "content": "Plays a freaking full screen video ad when you start then more small videos while you use it. Didn't even try the calculators. Too obnoxious to even focus on the app. Immediately uninstalled.",
        "repliedAt": null,
        "replyContent": null,
        "reviewCreatedVersion": null,
        "reviewId": "290b5178-1eb0-4333-a564-28146dcac09c",
        "score": 2,
        "thumbsUpCount": 1,
        "userImage": "https://play-lh.googleusercontent.com/a/ACg8ocLjMWXR09PXAtRH1BBDJQtUb6dqdxFUj07Bve0IPHO-=mo",
        "userName": "Ray Campbell"
    },
    {
        "appVersion": "1.0.0",
        "at": "2023-04-15 18:43:13",
        "content": "I like the app that can be amazing if you add more options like the amount of mile. I have and the amount of mile I need to get in one place and save that in the app. Then another option for save all this information and AGPS options to track they miles. I've been using and discharge from the battery. That can be amazing",
        "repliedAt": null,
        "replyContent": null,
        "reviewCreatedVersion": "1.0.0",
        "reviewId": "84e72758-bb4e-42b6-badd-310db5b5aa78",
        "score": 5,
        "thumbsUpCount": 0,
        "userImage": "https://play-lh.googleusercontent.com/a-/ALV-UjV1n1qpPqTHza_yCw66f8bySJpX_6VuQcahvBEBvBM4FDnF",
        "userName": "Octavio Peguero"
    },
    {
        "appVersion": "1.0.0",
        "at": "2023-04-07 02:39:06",
        "content": "Way too many ads. Every time you change screens or go back an add video pops up.",
        "repliedAt": null,
        "replyContent": null,
        "reviewCreatedVersion": "1.0.0",
        "reviewId": "a673f99e-0fe6-49c2-b7ca-cb3aaf8089c6",
        "score": 1,
        "thumbsUpCount": 0,
        "userImage": "https://play-lh.googleusercontent.com/a/ACg8ocJTLeEeGxamC-fg5luiIu4dpzcLXbwhsrJbseQ_Bjjg=mo",
        "userName": "James Wilson"
    },
    {
        "appVersion": "1.0.0",
        "at": "2023-03-04 23:51:44",
        "content": "Ads galore",
        "repliedAt": null,
        "replyContent": null,
        "reviewCreatedVersion": "1.0.0",
        "reviewId": "3d4618f8-60ba-4322-8eb4-685a5a0d212a",
        "score": 1,
        "thumbsUpCount": 0,
        "userImage": "https://play-lh.googleusercontent.com/a-/ALV-UjVc_gPnZoTmIoti8rkEa8pJpr-WMi-4CYmBJo5jlMcGvzw",
        "userName": "Jesse Higley"
    },
    {
        "appVersion": "1.0.0",
        "at": "2023-02-09 13:49:13",
        "content": "Good",
        "repliedAt": null,
        "replyContent": null,
        "reviewCreatedVersion": "1.0.0",
        "reviewId": "0df5970c-43bf-437a-afd8-0fc4c575c00c",
        "score": 5,
        "thumbsUpCount": 1,
        "userImage": "https://play-lh.googleusercontent.com/a/ACg8ocI8l0WY455Rn2KMcQllvfhXXPEfi4Y1x79cDP6BBPv3=mo",
        "userName": "Md. Razaul Islam"
    }
]