[
    {
        "appVersion": "1.0.2",
        "at": "2023-06-26 07:55:37",
        "content": "It's totally fake aap don't believe it",
        "repliedAt": null,
        "replyContent": null,
        "reviewCreatedVersion": "1.0.2",
        "reviewId": "8681e69d-7cfc-4a6f-b3bd-a5f7c9d551bc",
        "score": 1,
        "thumbsUpCount": 0,
        "userImage": "https://play-lh.googleusercontent.com/a/ACg8ocKv49O-kWQUvtEUq8nzWheW1epDrz3SKhxyvILCbc9p=mo",
        "userName": "Sunil Kumar Tiwari"
    },
    {
        "appVersion": null,
        "at": "2023-03-04 05:18:02",
        "content": "This is a fake app she always have a only truth",
        "repliedAt": null,
        "replyContent": null,
        "reviewCreatedVersion": null,
        "reviewId": "91b530e7-568f-4f84-89c6-49ae4f86f2b7",
        "score": 1,
        "thumbsUpCount": 0,
        "userImage": "https://play-lh.googleusercontent.com/a/ACg8ocKDvpipLrsRVKoyZh8rKxPPQ0Cji25UdZ8tvuCB5xba=mo",
        "userName": "Jommel Almayda"
    }
]