[
    {
        "appVersion": "1.3.5",
        "at": "2023-11-16 07:09:20",
        "content": "dis",
        "repliedAt": null,
        "replyContent": null,
        "reviewCreatedVersion": "1.3.5",
        "reviewId": "69b79e9c-c28b-49f9-b89e-ebf2dcf5c870",
        "score": 5,
        "thumbsUpCount": 0,
        "userImage": "https://play-lh.googleusercontent.com/a/ACg8ocKc3vUyvinlEMnTK9UnVilRLFLEvBAzS67mhzjR3sQs=mo",
        "userName": "TIMIDI TEKEME"
    },
    {
        "appVersion": "1.3.4",
        "at": "2023-10-14 04:55:03",
        "content": "good",
        "repliedAt": "2023-10-23 07:20:50",
        "replyContent": "Thank you! If you enjoy using the app, please rate us 5 stars. It would encourage us to continue improving the product!",
        "reviewCreatedVersion": "1.3.4",
        "reviewId": "7eb898c5-890d-49a6-9b10-93b17dcf15f6",
        "score": 4,
        "thumbsUpCount": 0,
        "userImage": "https://play-lh.googleusercontent.com/a/ACg8ocK97x-BWADgIo5wdZwU9uHp23GXTTecOq3yM2ZmIQ52=mo",
        "userName": "Idowu abiodun"
    },
    {
        "appVersion": "1.3.3",
        "at": "2023-09-24 05:21:13",
        "content": "nice viewing for painting walls",
        "repliedAt": "2023-09-26 07:13:47",
        "replyContent": "Thank you for your review! If you have any suggestions on how we could improve and enhance your user experience, please don't hesitate to share them with us.",
        "reviewCreatedVersion": "1.3.3",
        "reviewId": "dc939e74-fc26-4b11-9e48-eca8d5822c57",
        "score": 5,
        "thumbsUpCount": 0,
        "userImage": "https://play-lh.googleusercontent.com/a-/ALV-UjWpKoI1fat_WOG5PHjvj7tw79bCaLmwU3-vckc6KQoY3Q",
        "userName": "Joseph Ulama"
    },
    {
        "appVersion": "1.3.3",
        "at": "2023-09-09 05:22:04",
        "content": "good",
        "repliedAt": "2023-09-18 19:58:10",
        "replyContent": "Dear User,\nThank you for the rating us. Kindly let us know what updates or changes you would like to see in our app, in order to give us a 5 Star rating. You could write to us vorevo.apps@gmail.com.",
        "reviewCreatedVersion": "1.3.3",
        "reviewId": "efece7c1-d14c-480c-a9bc-e33dbf9f4f8e",
        "score": 3,
        "thumbsUpCount": 0,
        "userImage": "https://play-lh.googleusercontent.com/a/ACg8ocJC3vRJIgpYX8lkrY-xnkJMvLQzV5w7qveHGE5XsUHd=mo",
        "userName": "Omobolaji Okenla"
    }
]