[
    {
        "appVersion": null,
        "at": "2023-11-20 12:49:42",
        "content": "Nicr",
        "repliedAt": null,
        "replyContent": null,
        "reviewCreatedVersion": null,
        "reviewId": "eace29ea-c8e7-4b34-a970-05fbdbd7f817",
        "score": 2,
        "thumbsUpCount": 0,
        "userImage": "https://play-lh.googleusercontent.com/a-/ALV-UjVwkExQ-NK4mFXcXmOMYCnOiTSCxtqFdqMZ3c9IETAXVw",
        "userName": "Sonali Barik"
    },
    {
        "appVersion": "1.1",
        "at": "2023-11-19 03:01:40",
        "content": "Indian jusrey",
        "repliedAt": null,
        "replyContent": null,
        "reviewCreatedVersion": "1.1",
        "reviewId": "8e3ab8cc-4430-4091-a46f-f9071516a8b5",
        "score": 5,
        "thumbsUpCount": 1,
        "userImage": "https://play-lh.googleusercontent.com/a-/ALV-UjWkRyAkfLulccS7t4W6TAw1efja-fKbSlycvzIYJZJX-w",
        "userName": "shahidul Islam"
    },
    {
        "appVersion": null,
        "at": "2023-11-17 12:53:44",
        "content": "Hhhhhhhh hi good morning \ud83c\udf04\ud83c\udf1e\ud83c\udf1e\ud83c\udf1e\ud83c\udf1e\ud83c\udf1e\ud83c\udf1e\ud83c\udf1e\ud83c\udf1e\ud83c\udf1e\ud83c\udf1e\ud83c\udf1e\ud83c\udf1e\ud83c\udf1e\ud83c\udf1e\ud83c\udf1e\ud83c\udf1e\ud83c\udf1e\ud83c\udf1e\ud83c\udf1e\ud83c\udf1e\ud83c\udf1e\ud83c\udf1ey66 hi morning \ud83c\udf04\ud83c\udf1e\ud83c\udf1e\ud83c\udf1e\ud83c\udf1e\ud83c\udf1e\ud83c\udf1e\ud83c\udf1e\ud83c\udf1e\ud83c\udf1e\ud83c\udf1e\ud83c\udf1e\ud83c\udf1e 6",
        "repliedAt": null,
        "replyContent": null,
        "reviewCreatedVersion": null,
        "reviewId": "f7ebc07d-8265-479f-a16f-0084f1a434db",
        "score": 5,
        "thumbsUpCount": 1,
        "userImage": "https://play-lh.googleusercontent.com/a-/ALV-UjWgUtpcLe5pvd3fwPIFK67m1nLP33fzKDahJt1yocC5",
        "userName": "Sachin Khataniya"
    },
    {
        "appVersion": null,
        "at": "2023-11-14 13:33:06",
        "content": "Good app first time use but very happy",
        "repliedAt": null,
        "replyContent": null,
        "reviewCreatedVersion": null,
        "reviewId": "e077618b-f189-4246-baad-8a62107dfd5d",
        "score": 5,
        "thumbsUpCount": 1,
        "userImage": "https://play-lh.googleusercontent.com/a/ACg8ocLrr1e9x813TOJoQpp6BwKbdxaaTIj4xwhlM-c5tdnD=mo",
        "userName": "Kazim Shah"
    },
    {
        "appVersion": null,
        "at": "2023-11-14 11:18:58",
        "content": "Wow app",
        "repliedAt": null,
        "replyContent": null,
        "reviewCreatedVersion": null,
        "reviewId": "cdbd46bb-ca19-42ec-a62f-79196ebc5000",
        "score": 1,
        "thumbsUpCount": 0,
        "userImage": "https://play-lh.googleusercontent.com/a/ACg8ocK60tvp-MAunmIj8F1V3n0ao7X5Z72f5J0d2wyIp9wA=mo",
        "userName": "Meer Babal Khan"
    },
    {
        "appVersion": null,
        "at": "2023-11-06 07:17:09",
        "content": "This is best app for Whatsapp dpz",
        "repliedAt": null,
        "replyContent": null,
        "reviewCreatedVersion": null,
        "reviewId": "b7ae15e7-171b-4e59-a56f-518c7b880a30",
        "score": 5,
        "thumbsUpCount": 1,
        "userImage": "https://play-lh.googleusercontent.com/a/ACg8ocLsUXSwPUj2hBPJQKO-IPbQXbOkhOs7gcw3GmJZWO-H=mo",
        "userName": "AtA G"
    },
    {
        "appVersion": null,
        "at": "2023-11-04 14:05:16",
        "content": "Nice app name editor i love it app plz install the app",
        "repliedAt": null,
        "replyContent": null,
        "reviewCreatedVersion": null,
        "reviewId": "56f9d60a-8fdb-4bb3-87a5-30be7f5a9ff3",
        "score": 5,
        "thumbsUpCount": 1,
        "userImage": "https://play-lh.googleusercontent.com/a/ACg8ocLA-U3U1njpDp_dayQiMmPM97LsdQSYwUFclcJpKJ-s=mo",
        "userName": "SHAZAIB Arain"
    }
]