[
    {
        "appVersion": "3.904",
        "at": "2023-11-20 10:50:30",
        "content": "This app is perfect warking my device and making new anything important pic",
        "repliedAt": null,
        "replyContent": null,
        "reviewCreatedVersion": "3.904",
        "reviewId": "853c03d8-cc9b-4b25-b4d3-c36e8b54af72",
        "score": 5,
        "thumbsUpCount": 0,
        "userImage": "https://play-lh.googleusercontent.com/a/ACg8ocIX4PUhttKk8SayqB-z8dbNjxJ78vUKYbzfegZjCE0V=mo",
        "userName": "Shreyash Kasare"
    },
    {
        "appVersion": null,
        "at": "2023-11-20 10:44:46",
        "content": "I love it",
        "repliedAt": null,
        "replyContent": null,
        "reviewCreatedVersion": null,
        "reviewId": "2377537c-2cc4-49a7-8827-020cb6a4f943",
        "score": 5,
        "thumbsUpCount": 0,
        "userImage": "https://play-lh.googleusercontent.com/a-/ALV-UjXswr6s4n0Jsm758yTcnir56ITIlmWH_AljhXE96KhqC0I",
        "userName": "Rajia Chowdhury"
    },
    {
        "appVersion": "3.904",
        "at": "2023-11-15 10:24:41",
        "content": "Damn",
        "repliedAt": null,
        "replyContent": null,
        "reviewCreatedVersion": "3.904",
        "reviewId": "c418a471-b623-42c5-b00a-70f40c49b3ef",
        "score": 5,
        "thumbsUpCount": 0,
        "userImage": "https://play-lh.googleusercontent.com/a-/ALV-UjVg4ubqo0YfyXueKcLPZXZTugN3rBll7IImxCzDdmdTMu4",
        "userName": "neirucha"
    },
    {
        "appVersion": null,
        "at": "2023-11-13 08:26:31",
        "content": "Dude im a guy, thr images generated makes me look like a girl, and this is the problem with every single ai app\ud83d\ude2d",
        "repliedAt": null,
        "replyContent": null,
        "reviewCreatedVersion": null,
        "reviewId": "2e256c97-a9a9-4f55-b378-b0529a2f206f",
        "score": 1,
        "thumbsUpCount": 0,
        "userImage": "https://play-lh.googleusercontent.com/a-/ALV-UjUXnaar_4ps6zB_jJLkYrnyhCSiw_2-Qr_h7VSy6-J4A90",
        "userName": "Jashn Joshi"
    },
    {
        "appVersion": "3.904",
        "at": "2023-11-10 14:57:16",
        "content": "This app is better to edit the photos.",
        "repliedAt": "2023-11-12 18:34:35",
        "replyContent": "Thank you for your feedback! We're glad you find Popmage useful for photo editing. We strive to offer versatile tools for your creative needs. Keep exploring the app for more features and updates!",
        "reviewCreatedVersion": "3.904",
        "reviewId": "cc013069-f901-4dbb-b9dd-ca9248c0bbf8",
        "score": 5,
        "thumbsUpCount": 0,
        "userImage": "https://play-lh.googleusercontent.com/a/ACg8ocLCQq9p3G6dxKlg5HSfwjyDJHY88R6wZnPPY8LhUdIK=mo",
        "userName": "Raymond Shrestha"
    },
    {
        "appVersion": null,
        "at": "2023-11-09 09:43:15",
        "content": "so bad",
        "repliedAt": "2023-11-12 18:32:13",
        "replyContent": "We're sorry to hear that you're not satisfied with the app. Your feedback is important to us. If you could share more details about what you didn't like or any specific issues you encountered at popmage.ai@gmail.com, we'd appreciate the opportunity to improve your experience. \ud83d\udee0\ufe0f\ud83c\udf1f",
        "reviewCreatedVersion": null,
        "reviewId": "2cf836cf-0e50-4631-9d28-c8ae06d831f4",
        "score": 1,
        "thumbsUpCount": 0,
        "userImage": "https://play-lh.googleusercontent.com/a-/ALV-UjWi-kmq5bxkWXx2JLfosbdasviQ9fK72G1mGcium-gbBQ",
        "userName": "Julia Morad"
    },
    {
        "appVersion": "3.903",
        "at": "2023-11-09 02:45:45",
        "content": "Amazing! It doesn't have ads and is very accurate. Love it!",
        "repliedAt": "2023-11-12 18:31:25",
        "replyContent": "Thank you so much for your wonderful feedback! We're thrilled that you're enjoying the ad-free experience and accuracy of Popmage. Your enjoyment and satisfaction are our top priorities. Keep creating and sharing your masterpieces with us! \ud83c\udf1f\ud83c\udfa8",
        "reviewCreatedVersion": "3.903",
        "reviewId": "ad4eee79-0fb2-490b-8f17-e18c156b4b19",
        "score": 5,
        "thumbsUpCount": 0,
        "userImage": "https://play-lh.googleusercontent.com/a/ACg8ocLaZLjfggZKu8iCb-DlfiovZqJGqFLj6EJ95Oco9u6K=mo",
        "userName": "Juanita Jansen"
    },
    {
        "appVersion": null,
        "at": "2023-11-08 06:37:36",
        "content": "Good",
        "repliedAt": "2023-11-12 18:30:43",
        "replyContent": "Thank you for your feedback! If there\u2019s anything specific you enjoy or would like to see improved, please let us know. Happy creating with Popmage! \ud83c\udfa8\u2728",
        "reviewCreatedVersion": null,
        "reviewId": "3dd8e774-52ff-497b-a725-b0683584cf7e",
        "score": 5,
        "thumbsUpCount": 0,
        "userImage": "https://play-lh.googleusercontent.com/a-/ALV-UjWG3xXchs_3f1j8cdDN68IBsmwQ89Q5FHvbdM7WnR3DUA",
        "userName": "MD saifur Rahman"
    },
    {
        "appVersion": "3.903",
        "at": "2023-11-04 11:31:08",
        "content": "Very good app",
        "repliedAt": "2023-11-05 20:45:02",
        "replyContent": "Thank you for your positive feedback! We're thrilled to hear you're enjoying the app. Stay tuned for more updates and features to enhance your experience even further. Happy creating! \ud83c\udfa8\u2728",
        "reviewCreatedVersion": "3.903",
        "reviewId": "e8a5b13a-f53a-4c2a-bc36-c279d74eb465",
        "score": 5,
        "thumbsUpCount": 0,
        "userImage": "https://play-lh.googleusercontent.com/a-/ALV-UjUElh6JkpJMvqhVDOhAo0iDChYglRCuB3c6fCOmRA1ycqg",
        "userName": "Subhash Godkiya"
    },
    {
        "appVersion": "3.903",
        "at": "2023-11-03 08:46:09",
        "content": "Very bad app",
        "repliedAt": "2023-11-05 20:43:11",
        "replyContent": "We're sorry to hear that you had a bad experience. We're committed to improving and would love to hear more about the issues you faced. Please feel free to contact us at popmage.ai@gmail.com with any feedback or concerns.",
        "reviewCreatedVersion": "3.903",
        "reviewId": "8bae4717-4e70-4ec0-8907-ac8131d737bf",
        "score": 1,
        "thumbsUpCount": 0,
        "userImage": "https://play-lh.googleusercontent.com/a-/ALV-UjXUdYeocz5MxX-VZJBkPWxc0xlxDylCXgjipgYISDWKL8E",
        "userName": "Bijayeta Biswas"
    },
    {
        "appVersion": null,
        "at": "2023-11-02 09:22:52",
        "content": "Duhhhh! This app was flawwlesss when I opened it but ............... I love this app now \ud83e\udd70\ud83e\udd70\ud83e\udd70\ud83e\udd70\ud83e\udd70\ud83e\udd70",
        "repliedAt": "2023-11-05 20:42:47",
        "replyContent": "Yay, we're thrilled to hear that! Your initial experience may not have been perfect, but we're so happy you love Popmage now. Enjoy creating amazing art! \ud83c\udf1f\ud83e\udd70",
        "reviewCreatedVersion": null,
        "reviewId": "c7706ed3-10d5-4f17-a464-862648c9a99d",
        "score": 3,
        "thumbsUpCount": 0,
        "userImage": "https://play-lh.googleusercontent.com/a/ACg8ocJS9-Kb_lWA7vHdh_SPgvBbVOkMDUgnNvdchqo1dMO1=mo",
        "userName": "Saona Risad"
    },
    {
        "appVersion": "3.903",
        "at": "2023-10-31 04:31:38",
        "content": "It is good than other AI apps. But sometimes it is not giving me the character I wanted...",
        "repliedAt": null,
        "replyContent": null,
        "reviewCreatedVersion": "3.903",
        "reviewId": "9f73c0f1-4e50-426c-bbb2-d602b5e1b318",
        "score": 4,
        "thumbsUpCount": 0,
        "userImage": "https://play-lh.googleusercontent.com/a-/ALV-UjV_ZCdpysVCfZe17CQzYTp40_8-znuSpOg67eLlRQZ8P0U",
        "userName": "Reign Angelu Robles"
    },
    {
        "appVersion": null,
        "at": "2023-10-30 08:43:26",
        "content": "This is very wondurfull app. Thank you for this company ilove this appp thaks a lot",
        "repliedAt": "2023-10-31 01:48:05",
        "replyContent": "We're overjoyed to hear your positive feedback! Thank you for your kind words and support. We'll continue to bring you the best experience. \ud83d\udc99\ud83c\udf1f",
        "reviewCreatedVersion": null,
        "reviewId": "74e555bd-43ea-469b-b143-7b53bffd8465",
        "score": 5,
        "thumbsUpCount": 0,
        "userImage": "https://play-lh.googleusercontent.com/a-/ALV-UjVdN86O333elL2g4qXEZ6824eB1a6aDatZ4Cf5Y-ddB23Y",
        "userName": "BADHU Yt"
    },
    {
        "appVersion": "3.903",
        "at": "2023-10-28 11:58:48",
        "content": "I tried to turn my skitch into anime art, i watched the ad and waited it until its done but nothing happened. the picture still as it is! It didn't work.",
        "repliedAt": "2023-10-29 20:50:31",
        "replyContent": "We apologize for the inconvenience you faced. There are occasional spikes in traffic which might have caused this. We're actively working on enhancing our server capabilities and speeding up the generation process to ensure a smooth experience. Thank you for your understanding and patience.",
        "reviewCreatedVersion": "3.903",
        "reviewId": "b2206a3b-8dba-47fa-9628-39bb6f6f3a32",
        "score": 1,
        "thumbsUpCount": 0,
        "userImage": "https://play-lh.googleusercontent.com/a-/ALV-UjXR6vxL7rKf1Q1Ty_4o2mlV-oxVXC4Wf5L61_3l3iKIWDs",
        "userName": "crazy tomatoes"
    },
    {
        "appVersion": "3.903",
        "at": "2023-10-27 09:40:34",
        "content": "Ahh a very cool concept. I love it! But the problem is , when you open up the app, the first thing that you are greeted with an add. Now I am not saying adds are bad. The are completely fine. But I think the add should be delayed. Because for the add it sometimes struggles to open. Yeah and a few optimizetion will make it better. Overall it's a good app. \u2764\ufe0f",
        "repliedAt": "2023-10-29 20:46:17",
        "replyContent": "Thank you for your thoughtful feedback and the love! \ud83d\udc96 We understand the initial ad might be a bit disruptive. We'll consider delaying it for a smoother user experience. Your suggestions help us improve, and we truly appreciate it!",
        "reviewCreatedVersion": "3.903",
        "reviewId": "a6a75632-ed0a-45ff-aacd-aad0ead9e962",
        "score": 4,
        "thumbsUpCount": 7,
        "userImage": "https://play-lh.googleusercontent.com/a-/ALV-UjVLr5uSPIVCNJp_Mtkxg8Ho-br5G9FVYaotFyRGLyTQ3BY",
        "userName": "prokash sarkar"
    },
    {
        "appVersion": null,
        "at": "2023-10-26 05:39:22",
        "content": "\u062c\u064a\u062f \u0631\u063a\u0645 \u0623\u0646 \u0644\u0627 \u064a\u0641\u0639\u0644 \u0645\u062b\u0644 \u0645\u0627 \u0627\u0637\u0644\u0628 \u0645\u0646\u0647 \u0644\u0643\u0646\u0647 \u0628\u0634\u0643\u0644 \u0639\u0627\u0645 \u062c\u064a\u062f \u0648 \u0627\u0633\u062a\u062e\u062f\u0627\u0645\u0647 \u0633\u0647\u0644 \u0648 \u064a\u062d\u062a\u0648\u064a \u0639\u0644\u0649 \u0627\u0644\u0639\u062f\u064a\u062f \u0645\u0646 \u0623\u0633\u0627\u0644\u064a\u0628 \u0627\u0644\u0631\u0633\u0645 \ud83d\udc96\u2b50",
        "repliedAt": "2023-10-29 20:45:30",
        "replyContent": "Thank you for your feedback! We're always striving to improve and make the experience better for you. Your insights help us grow. Thanks for your support and the lovely stars! \ud83d\udc96\u2728",
        "reviewCreatedVersion": null,
        "reviewId": "b481ac9a-f8dd-4f7a-b2bd-b66d5130300c",
        "score": 5,
        "thumbsUpCount": 0,
        "userImage": "https://play-lh.googleusercontent.com/a-/ALV-UjXphonDlfP_r6OH3atODqRM6tOKq1yVD-8tmIICqQnok8Y",
        "userName": "Hikari \u2022"
    },
    {
        "appVersion": "3.903",
        "at": "2023-10-26 05:35:25",
        "content": "I downloaded it and opened thn it says loading ad but it never loads. It stuck there and doesn't start the app :(",
        "repliedAt": "2023-10-29 20:45:03",
        "replyContent": "We're sorry to hear you're facing this issue. Please check your internet connection first. If it persists, try clearing your cache or restarting your device. If all else fails, consider reinstalling the app. We apologize for the inconvenience and appreciate your understanding.",
        "reviewCreatedVersion": "3.903",
        "reviewId": "452749ef-91f7-4017-82b4-07e6d5a3817e",
        "score": 1,
        "thumbsUpCount": 1,
        "userImage": "https://play-lh.googleusercontent.com/a/ACg8ocLQidluqNuHEt8mh1rv14OWuN8r1VQhrNVeq940WEVy=mo",
        "userName": "Rin Tamash\u012b"
    },
    {
        "appVersion": "3.803",
        "at": "2023-10-09 02:40:09",
        "content": "Awesome app!! I love it, but please add a way to add negative prompts, since it's very hard to generate male characters. Other then that, well done! 5 stars!!^^",
        "repliedAt": "2023-10-14 17:21:20",
        "replyContent": "Thrilled to hear you're loving Popmage! \ud83c\udf1f Exciting news: negative prompts are now available in the latest update, v3.9! This should make generating male characters and other specific creations much smoother. Update now and continue creating amazing artworks! \ud83c\udfa8\u2728",
        "reviewCreatedVersion": "3.803",
        "reviewId": "f5363b9f-42cf-4272-aff2-fadb9ede3a74",
        "score": 5,
        "thumbsUpCount": 0,
        "userImage": "https://play-lh.googleusercontent.com/a-/ALV-UjWd6fB-G6vjsP9AHY1OPf61mkepsiQNIOVNxHSSZ1jPvsw",
        "userName": "Carole & Tuesday"
    },
    {
        "appVersion": "3.803",
        "at": "2023-09-29 12:29:19",
        "content": "I had a payment issue and they were very swift and responsive in solving the issue! An honest company. That said, the image generation is pretty good with some different styles and themes to choose from. I really like how they structure their paid plans, having a one time payment for one month, three months, or one year. Most others do a renewing subscription for an obscene amount of money, but Popmage's prices are more fair. I highly recommend their app as even their free option has decent use.",
        "repliedAt": "2023-09-29 00:49:17",
        "replyContent": "We're really sorry for the hassle. We've processed a refund for the faulty purchase. For any further assistance or inquiries, feel free to reach us at popmage.ai@gmail.com. We appreciate your understanding and are here to help!",
        "reviewCreatedVersion": "3.803",
        "reviewId": "9d2e016f-e39f-4482-811b-94515ad8afe7",
        "score": 5,
        "thumbsUpCount": 8,
        "userImage": "https://play-lh.googleusercontent.com/a-/ALV-UjWDjXOVoITB5glVboKR6TKL6uUFfG9LcTqUsMTO_5_6cwI",
        "userName": "Kyle"
    },
    {
        "appVersion": "3.7",
        "at": "2023-09-22 01:45:32",
        "content": "I can't even get in the app cause it has me stuck on an Ad Loading screen :/",
        "repliedAt": "2023-09-22 01:53:33",
        "replyContent": "We sincerely apologize for the inconvenience. Please ensure a stable internet connection. Try clearing your cache and restarting your device or reinstalling the app. If the issue persists, don't hesitate to contact us at popmage.ai@gmail.com for further assistance. Thank you for understanding.",
        "reviewCreatedVersion": "3.7",
        "reviewId": "e6254d2b-7526-4fa8-b8a4-be58610cad9c",
        "score": 1,
        "thumbsUpCount": 1,
        "userImage": "https://play-lh.googleusercontent.com/a-/ALV-UjUoKMb4ALJM4K2AWdqa7tYDyIpJMx9RMvjvL0lXlHaClbhV",
        "userName": "ImPrettySureImHuman (DJKatt)"
    },
    {
        "appVersion": "3.7",
        "at": "2023-09-20 13:35:37",
        "content": "\ud83d\ude01\ud83d\ude01\ud83d\ude01\ud83d\ude01\ud83d\ude0a\ud83d\ude0a",
        "repliedAt": null,
        "replyContent": null,
        "reviewCreatedVersion": "3.7",
        "reviewId": "d2d73f2e-4069-4a1c-9b05-936b48aedb11",
        "score": 5,
        "thumbsUpCount": 0,
        "userImage": "https://play-lh.googleusercontent.com/a/ACg8ocL3IKVc2iUG9DNVI91W3A8NgQwaI-_bCFIHyrNw6v_8=mo",
        "userName": "Ezra Iskandar Azmy"
    },
    {
        "appVersion": "3.600",
        "at": "2023-09-12 19:49:01",
        "content": "Its so good",
        "repliedAt": "2023-09-14 00:02:48",
        "replyContent": "Thank you for your positive feedback! We're thrilled you're enjoying the app. Keep creating and sharing your experiences with us. \ud83c\udf1f",
        "reviewCreatedVersion": "3.600",
        "reviewId": "d6a693d5-8ed8-4e9d-9a93-bda270d71ad0",
        "score": 5,
        "thumbsUpCount": 0,
        "userImage": "https://play-lh.googleusercontent.com/a/ACg8ocJO9KNE9ZT0j5HC5wKUM22wPxV5e12VeBelf3IjnC_8=mo",
        "userName": "ANAISNIN DELGADO"
    },
    {
        "appVersion": "3.600",
        "at": "2023-09-09 20:42:33",
        "content": "So far the best AI generator app I use",
        "repliedAt": "2023-09-10 14:31:29",
        "replyContent": "Thank you so much! We're thrilled to hear that you're enjoying Popmage. Your support motivates us to keep enhancing the app. If you have any suggestions or features you'd love to see, please let us know. Happy creating!",
        "reviewCreatedVersion": "3.600",
        "reviewId": "f50091ba-412a-4854-bf50-65aa71e1c4e6",
        "score": 5,
        "thumbsUpCount": 0,
        "userImage": "https://play-lh.googleusercontent.com/a-/ALV-UjUAQm6VuFR6klXpp8EYU_GCC6qgg47rxyHbbt6jnyMKcw8",
        "userName": "Azeem Ikhram"
    },
    {
        "appVersion": "3.600",
        "at": "2023-09-09 07:54:26",
        "content": "Still lower standard for ai art.",
        "repliedAt": "2023-09-09 14:36:29",
        "replyContent": "Thank you for the feedback. We continually strive to improve Popmage's AI art capabilities. Please let us know if there are specific features or styles you'd like to see. Your input helps shape our development.",
        "reviewCreatedVersion": "3.600",
        "reviewId": "a66e3b7a-41dd-4f32-988a-247f39e0345e",
        "score": 4,
        "thumbsUpCount": 0,
        "userImage": "https://play-lh.googleusercontent.com/a-/ALV-UjXdSS0qy8fusZTwI_J5HbzYsZAz_oGiVMnT-g_J5YohWm8",
        "userName": "husain mohd"
    },
    {
        "appVersion": null,
        "at": "2023-08-11 10:40:38",
        "content": "I have tried the first versions, kinda hard to use & get good results, but ys totally worth it. Now the newest versions are getting bad like most of the apps \ud83d\udc80 - ill edit this review later if anything got changed in the app. Edit: Ok very nice now we don't have the keep it original button, every single charter will be a girl now, there's a bug where i can watch 15 ad at once & keep enjoying lmao",
        "repliedAt": "2023-08-11 14:31:27",
        "replyContent": "Thank you for your feedback. We're sorry for the inconvenience. We're addressing the \"keep it original\" button and ad bug. Our aim is to continuously enhance Popmage with user input. Please stay with us as we make improvements, and thank you for your patience.",
        "reviewCreatedVersion": null,
        "reviewId": "33533991-1615-4859-a342-46b3cdc738aa",
        "score": 2,
        "thumbsUpCount": 0,
        "userImage": "https://play-lh.googleusercontent.com/a-/ALV-UjWWGK5C8AbnP9FhIuE08dDTP0yyAQKdD2J8ggp0PRyrRA",
        "userName": "Avee visualizer"
    },
    {
        "appVersion": "3.44",
        "at": "2023-08-08 05:11:39",
        "content": "It's a really good app and I like using it, but I wish you guys could add the download images in the Gallery as well so I can download it into my phone whenever I want, that's why I give you three stars. Edit: honestly, the previous, previous update would've give the 4 star because there's more free photos for references and I don't really do in-app purchase. But now it's back to three because the latest update just makes things even more complicating.",
        "repliedAt": "2023-07-26 17:23:00",
        "replyContent": "We're really sorry to hear about the issues you're experiencing. We are in the process of adding a 'save' feature in our next update, which should help prevent any lost progress. We hope this update will enhance your experience and earn us that 5-star review. Thank you for your patience and support!",
        "reviewCreatedVersion": "3.44",
        "reviewId": "aa5064d1-5d1c-4498-af36-94597da610fc",
        "score": 3,
        "thumbsUpCount": 1,
        "userImage": "https://play-lh.googleusercontent.com/a-/ALV-UjVxtuw8Ac8Y7IAdEz1OyM6sOTCr2bz9wZiUU1ZxpRZ-iQ",
        "userName": "ShadowCat 16"
    },
    {
        "appVersion": "3.44",
        "at": "2023-08-05 12:25:09",
        "content": "Hello, why am I paying twice for 30 days? Can I get a refund, I only meant to pay once. Thanks, I'll give you 5 star once this problem is settled.",
        "repliedAt": "2023-08-05 13:43:15",
        "replyContent": "Hello, we sincerely apologize for the inconvenience caused. We've processed your refund and resolved the issue. Thank you for your patience and understanding. If you encounter any other problems or have any questions, please don't hesitate to contact us. We appreciate your support! \ud83c\udfa8",
        "reviewCreatedVersion": "3.44",
        "reviewId": "70a91645-7ad5-41ab-af48-59941aadbbdb",
        "score": 1,
        "thumbsUpCount": 0,
        "userImage": "https://play-lh.googleusercontent.com/a/ACg8ocIffvBkjdbbKkV4Mbr-PRwULGdRP_Av1ZKwA0XJ1mdkaQ=mo",
        "userName": "Xander"
    },
    {
        "appVersion": "3.44",
        "at": "2023-08-02 10:07:10",
        "content": "Very great app, the generator has more than one style to draw... But the problem is the styles are less than i thought, i hope this app ( when it get famous) to not become like face play and make every thing with pass upgrade, what is free let it free as it. There is another point in this app make it good and bad at the same time, that if you used it too mach it will tell you back after an hour, this is good to let you save time to do other things but bad because it doesnt offer you freedom",
        "repliedAt": "2023-08-02 11:55:58",
        "replyContent": "Thank you for your feedback! We value your insights on style variety and time restrictions. Rest assured, we're working on improving these areas to enhance your experience without compromising the app's accessibility. Your input is vital to our growth!",
        "reviewCreatedVersion": "3.44",
        "reviewId": "a732b9da-84cd-4e3f-b540-63861e39c2d7",
        "score": 4,
        "thumbsUpCount": 7,
        "userImage": "https://play-lh.googleusercontent.com/a/ACg8ocKr07TGDmamZ807nGaZP0kpiFNbEcfbAzrFAVCkqIYi=mo",
        "userName": "Nikat0 Negat0"
    },
    {
        "appVersion": "3.44",
        "at": "2023-08-02 03:26:53",
        "content": "Was waiting for it to render the sketch but it already took 15 min. and was still in the loading phase. Not even sure if it actually works. Please proceed to other apps, stop wasting your time on this.",
        "repliedAt": "2023-08-02 11:57:20",
        "replyContent": "I'm really sorry to hear about your experience with the loading time. It's not typical, and we're working on optimizations. Please give us another chance in the next update or reach out to our support team for assistance. Thank you for your patience!",
        "reviewCreatedVersion": "3.44",
        "reviewId": "f12c1a75-9017-4a5f-a430-7634e7dda9b2",
        "score": 1,
        "thumbsUpCount": 0,
        "userImage": "https://play-lh.googleusercontent.com/a-/ALV-UjVgumg66PFtwT6d-SRYpx9wGVxb_mLECU30QR4mEC_C5k0",
        "userName": "Ryan Penaflorida"
    },
    {
        "appVersion": null,
        "at": "2023-07-29 19:05:31",
        "content": "It's too not good",
        "repliedAt": "2023-08-02 11:57:54",
        "replyContent": "I apologize for the inconvenience you've faced. We value your feedback and are actively working to enhance our rendering speed. Please stay tuned for updates, and we hope you'll give us another try soon! Thank you for your interest in Popmage.",
        "reviewCreatedVersion": null,
        "reviewId": "e6b0da17-8cfe-488b-a31a-b8aa65ceb885",
        "score": 1,
        "thumbsUpCount": 0,
        "userImage": "https://play-lh.googleusercontent.com/a-/ALV-UjWmniXaLB2l90xTtX1gauAhwEqsgHlg0gIvfxkqWuXJo6I",
        "userName": "\u0645\u06e3\u06d7\u06c1\u063a\u06e3\u06d7\u06c1\u0631\u0648\u06e3\u0631"
    },
    {
        "appVersion": "3.34",
        "at": "2023-07-23 10:52:13",
        "content": "Woah, it works just like in the ad! 5 star for meeting my expectations\ud83d\ude0e",
        "repliedAt": "2023-07-23 11:51:04",
        "replyContent": "Thank you so much for your feedback! We're thrilled to know that Popmage met your expectations. Keep creating and enjoy exploring your creativity with us. \ud83d\ude0e",
        "reviewCreatedVersion": "3.34",
        "reviewId": "ece1621e-47b5-4c60-8ae5-c1cf0502a4cd",
        "score": 5,
        "thumbsUpCount": 1,
        "userImage": "https://play-lh.googleusercontent.com/a-/ALV-UjWiXR3u2-3gJtrKMbdLi2xyIi6Hu-3WXs8Pv0McPqsKPkE",
        "userName": "DD4sh"
    }
]