[
    {
        "appVersion": "1",
        "at": "2023-04-18 09:40:21",
        "content": "Woah nice app I don't know why you want to become an ace without this helpful app",
        "repliedAt": "2023-04-19 08:16:57",
        "replyContent": "Thanks for the positive review. We really appreciate your feedback and strive to continually improve the user experience of our app. :)",
        "reviewCreatedVersion": "1",
        "reviewId": "2fa1a81b-88d4-4bac-a4d5-945baddd4664",
        "score": 5,
        "thumbsUpCount": 0,
        "userImage": "https://play-lh.googleusercontent.com/a-/ALV-UjXOGqltE4rssorHSZ8heLF8RY7t7ylCZBOkeltqVNToSYo",
        "userName": "Xinshing Bi\u00f8ng"
    }
]