[
    {
        "appVersion": null,
        "at": "2023-06-22 19:44:15",
        "content": "Ready for doesn't work, I don't play games! But I bought this device to connect to other devices and I will never buy Motorola or a flagship phone again! I'll be buying a cheap phone from the dollar store! Google owns the Motorola apps & your comp. Allowed it! Oh BTW this is 2023& you want me to use a cable too connect? Heck no!",
        "repliedAt": null,
        "replyContent": null,
        "reviewCreatedVersion": null,
        "reviewId": "80b7ea61-4525-490b-8359-1fd9ace66c45",
        "score": 1,
        "thumbsUpCount": 0,
        "userImage": "https://play-lh.googleusercontent.com/a/ACg8ocI7GxogIfVFSzbhhRYuZjQ595lkvRAXx_IuQK4lD4pIaw=mo",
        "userName": "deb patterson"
    },
    {
        "appVersion": "31.00.0.26.0",
        "at": "2022-08-11 16:13:59",
        "content": "Awesome \ud83d\udc4d everything is fine",
        "repliedAt": null,
        "replyContent": null,
        "reviewCreatedVersion": "31.00.0.26.0",
        "reviewId": "696ec727-fb48-4b45-8251-018fe2196656",
        "score": 5,
        "thumbsUpCount": 0,
        "userImage": "https://play-lh.googleusercontent.com/a-/ALV-UjVsOm74P1nBoRtD4MmapMt2ZOCb8DlKanzeU2RQlzCLLd3C",
        "userName": "Umaer Khaan"
    }
]