[
    {
        "appVersion": "1.03.0005881",
        "at": "2023-10-23 06:17:41",
        "content": "website data only. no real location data",
        "repliedAt": null,
        "replyContent": null,
        "reviewCreatedVersion": "1.03.0005881",
        "reviewId": "86445ee4-8a51-4f3b-bc13-006f02ed70fa",
        "score": 1,
        "thumbsUpCount": 0,
        "userImage": "https://play-lh.googleusercontent.com/a/ACg8ocJCPpisZoYXwqdUESG4g9UnZ3duGmeSHVmmKgGRj_ll=mo",
        "userName": "Bhumika Dave"
    },
    {
        "appVersion": "1.03.0005881",
        "at": "2023-03-27 01:11:17",
        "content": "Well...you got the sunrise & set accurate but my humidity is not 96F\u00b0 & outdoor temp was only a couple degrees off but the feels like temp is also off. I'm deleting & continue my search for a reliable app.",
        "repliedAt": null,
        "replyContent": null,
        "reviewCreatedVersion": "1.03.0005881",
        "reviewId": "d49a0e73-6170-4e04-af95-2cd8a56ea21c",
        "score": 2,
        "thumbsUpCount": 0,
        "userImage": "https://play-lh.googleusercontent.com/a-/ALV-UjVhkHPuwRq24-cqqm_Z_1y_WllPqn6BXexDsjOwKYbpBxsQ",
        "userName": "pocahontas Reff"
    },
    {
        "appVersion": "1.03.0005881",
        "at": "2023-01-19 11:56:43",
        "content": "Does not measure anything. Asks for location and gives you the weather parameters in your are acorrding to location. Does not measure humidity in a room",
        "repliedAt": null,
        "replyContent": null,
        "reviewCreatedVersion": "1.03.0005881",
        "reviewId": "8d97d980-2902-4f6d-b6b5-f42d67c471df",
        "score": 1,
        "thumbsUpCount": 0,
        "userImage": "https://play-lh.googleusercontent.com/a/ACg8ocKoETM01hjBe7pRxrr0ogv0FcArgdDSAygP9QbHBdqN=mo",
        "userName": "Lucian Ghet"
    },
    {
        "appVersion": "1.03.0005881",
        "at": "2023-01-14 19:14:13",
        "content": "This does what I want it to do and does exactly what it says it will. Thanks",
        "repliedAt": null,
        "replyContent": null,
        "reviewCreatedVersion": "1.03.0005881",
        "reviewId": "5a4148e1-6c89-40ed-b059-94fe4c2ed1ba",
        "score": 4,
        "thumbsUpCount": 0,
        "userImage": "https://play-lh.googleusercontent.com/a/ACg8ocIgJDdEwqKAs0-yJpJLlGUR5iO3jGK160Pzau_CDMPs=mo",
        "userName": "Ray Vigna"
    },
    {
        "appVersion": "1.03.0005881",
        "at": "2023-01-01 07:16:08",
        "content": "Very Good information",
        "repliedAt": null,
        "replyContent": null,
        "reviewCreatedVersion": "1.03.0005881",
        "reviewId": "f3459bcf-2db9-4e0b-a093-11643391b8aa",
        "score": 5,
        "thumbsUpCount": 0,
        "userImage": "https://play-lh.googleusercontent.com/a/ACg8ocJoRHmOL5gL1N9acboXLBrAkODPTL-J0CtzpZQVxV3xUA=mo",
        "userName": "Iman Wangkay"
    },
    {
        "appVersion": "1.03.0005881",
        "at": "2022-10-25 11:08:50",
        "content": "Doesn't give the humidity near where I'm located!",
        "repliedAt": null,
        "replyContent": null,
        "reviewCreatedVersion": "1.03.0005881",
        "reviewId": "11ce5e32-673b-4634-97a6-85ce59b631a8",
        "score": 3,
        "thumbsUpCount": 0,
        "userImage": "https://play-lh.googleusercontent.com/a-/ALV-UjXRr_BzOR80gDGwn61JGotgnT3yo_CmkWPzPeIWmSvtres",
        "userName": "Vicky Hensley"
    },
    {
        "appVersion": "1.03.0005881",
        "at": "2022-10-25 05:39:26",
        "content": "Fantastic",
        "repliedAt": null,
        "replyContent": null,
        "reviewCreatedVersion": "1.03.0005881",
        "reviewId": "07f52067-f710-48eb-9eb4-1e28e486c4d0",
        "score": 4,
        "thumbsUpCount": 0,
        "userImage": "https://play-lh.googleusercontent.com/a/ACg8ocJrnTzCP-X45QkwEMMc4G23vEs2oVyifWBe5EXMns0B=mo",
        "userName": "Anas Husainy Yusuf"
    },
    {
        "appVersion": "1.03.0005881",
        "at": "2022-08-09 09:49:33",
        "content": "To many ad is annoying",
        "repliedAt": null,
        "replyContent": null,
        "reviewCreatedVersion": "1.03.0005881",
        "reviewId": "f7754a30-7c98-400e-aa25-7e631b36b9f1",
        "score": 2,
        "thumbsUpCount": 0,
        "userImage": "https://play-lh.googleusercontent.com/a-/ALV-UjVfHo04qZpX5N5D6NjkdQ3wdr1_LWVmwWOo--toZ5kt10g",
        "userName": "Wallace Pioneer"
    },
    {
        "appVersion": "1.03.0005881",
        "at": "2022-06-27 00:23:13",
        "content": "Good",
        "repliedAt": null,
        "replyContent": null,
        "reviewCreatedVersion": "1.03.0005881",
        "reviewId": "e0d31650-efe4-461d-a242-5ad75f51f78d",
        "score": 5,
        "thumbsUpCount": 0,
        "userImage": "https://play-lh.googleusercontent.com/a/ACg8ocL_OHqVIQqg7UsuX4TOEKhJ9AiJ2VYt4mPsYI48kLaU=mo",
        "userName": "Michael Tambala"
    },
    {
        "appVersion": "1.03.0005881",
        "at": "2022-06-09 22:19:12",
        "content": "Just chek first,then i will mark ok or not!!",
        "repliedAt": null,
        "replyContent": null,
        "reviewCreatedVersion": "1.03.0005881",
        "reviewId": "2d229b28-d17b-4cda-9baf-8756218bc08e",
        "score": 2,
        "thumbsUpCount": 0,
        "userImage": "https://play-lh.googleusercontent.com/a-/ALV-UjWhVPxMbfM-TkkZqnJZiifjvGrpNZJgguz6qh6j7hZew8B4",
        "userName": "Muhammad Zarif Dar Dar"
    },
    {
        "appVersion": "1.03.0005881",
        "at": "2022-05-18 23:32:53",
        "content": "Full of ads",
        "repliedAt": null,
        "replyContent": null,
        "reviewCreatedVersion": "1.03.0005881",
        "reviewId": "24d523bd-3a83-4e84-98a0-75b5fd5c965a",
        "score": 1,
        "thumbsUpCount": 0,
        "userImage": "https://play-lh.googleusercontent.com/a-/ALV-UjU1GSI8YFb2rlYO3QEv5fsxZbPqGFt0DJEW97xWbeOUmmg",
        "userName": "Yaqoob Khan"
    },
    {
        "appVersion": "1.03.0005881",
        "at": "2022-05-10 14:41:07",
        "content": "Worst app",
        "repliedAt": null,
        "replyContent": null,
        "reviewCreatedVersion": "1.03.0005881",
        "reviewId": "3733aeba-f0e7-4b3c-a596-0edd3c93a53b",
        "score": 1,
        "thumbsUpCount": 0,
        "userImage": "https://play-lh.googleusercontent.com/a-/ALV-UjXBh0dOitlO346k7XeqFn8t8TxgQQt2u8ZFPIclWvXGng",
        "userName": "Sadia Gul"
    },
    {
        "appVersion": "1.03.0005881",
        "at": "2022-05-02 23:00:10",
        "content": "Ads intrusive",
        "repliedAt": null,
        "replyContent": null,
        "reviewCreatedVersion": "1.03.0005881",
        "reviewId": "6ec8f077-efba-4cf4-a181-e25871ee6aa5",
        "score": 3,
        "thumbsUpCount": 0,
        "userImage": "https://play-lh.googleusercontent.com/a-/ALV-UjXdUO66kfdj8Lo5H4o6s8Xrmc-Yty6lQMtckoT-EKgqFvw",
        "userName": "Tarun M"
    },
    {
        "appVersion": null,
        "at": "2022-03-14 05:57:56",
        "content": "NOT REAL it says its raining- its not lmao",
        "repliedAt": null,
        "replyContent": null,
        "reviewCreatedVersion": null,
        "reviewId": "ef81d323-c655-4a1f-a67e-79bda8ca9512",
        "score": 1,
        "thumbsUpCount": 0,
        "userImage": "https://play-lh.googleusercontent.com/a-/ALV-UjUF96029p0WYZQ7kjuap3wvcANUeLOMWX9bGwhih5D6L8w",
        "userName": "Apple Pie"
    },
    {
        "appVersion": "1.03.0005881",
        "at": "2022-03-04 02:57:34",
        "content": "Good",
        "repliedAt": null,
        "replyContent": null,
        "reviewCreatedVersion": "1.03.0005881",
        "reviewId": "43b68fcc-3112-4e8d-a311-03d482b65bc0",
        "score": 5,
        "thumbsUpCount": 0,
        "userImage": "https://play-lh.googleusercontent.com/a-/ALV-UjW6cMlks_WZW0pKYv1QmFFgHjZGimwMNW5cXpFQzdHN",
        "userName": "Multi Purpose"
    },
    {
        "appVersion": "1.03.0005881",
        "at": "2022-02-14 03:47:30",
        "content": "Too many adds",
        "repliedAt": null,
        "replyContent": null,
        "reviewCreatedVersion": "1.03.0005881",
        "reviewId": "781edacf-7134-40c7-9016-728db8b8f567",
        "score": 3,
        "thumbsUpCount": 0,
        "userImage": "https://play-lh.googleusercontent.com/a/ACg8ocKsSuqzJbbXHwvjCSeA9hLqo9MiwYyK-J9SUzE6VM4=mo",
        "userName": "Wayne Thomas"
    },
    {
        "appVersion": "1.03.0005881",
        "at": "2022-01-30 03:28:22",
        "content": "Good app",
        "repliedAt": null,
        "replyContent": null,
        "reviewCreatedVersion": "1.03.0005881",
        "reviewId": "18d3c5b7-e347-4019-bff9-46d608117e3b",
        "score": 5,
        "thumbsUpCount": 0,
        "userImage": "https://play-lh.googleusercontent.com/a/ACg8ocIW-g2pltWWXlOiQyhDQC6j6v3-0TWgiJSzTGt4cosY=mo",
        "userName": "kaz riley"
    },
    {
        "appVersion": "1.03.0005881",
        "at": "2022-01-22 02:24:30",
        "content": "Nice app",
        "repliedAt": null,
        "replyContent": null,
        "reviewCreatedVersion": "1.03.0005881",
        "reviewId": "70cd44d1-687a-42c6-b74c-99f691e2f719",
        "score": 4,
        "thumbsUpCount": 0,
        "userImage": "https://play-lh.googleusercontent.com/a-/ALV-UjXPhtnKzFSNcSNct48_FlNIKw5he5rXTG5EVcU6XNDnqOMP",
        "userName": "Neil Lapuz"
    },
    {
        "appVersion": "1.03.0005881",
        "at": "2022-01-17 11:13:41",
        "content": "Very accurate and precise",
        "repliedAt": null,
        "replyContent": null,
        "reviewCreatedVersion": "1.03.0005881",
        "reviewId": "d3368722-3347-49c7-9d47-ceca0b682565",
        "score": 5,
        "thumbsUpCount": 0,
        "userImage": "https://play-lh.googleusercontent.com/a-/ALV-UjXRcYxu3IdRxNbYX3H-EeJ0LxB-Az5yrqRicI5vnypDgw",
        "userName": "Alex Beck"
    },
    {
        "appVersion": "1.03.0005881",
        "at": "2022-01-05 19:27:31",
        "content": "not working..waste of time",
        "repliedAt": null,
        "replyContent": null,
        "reviewCreatedVersion": "1.03.0005881",
        "reviewId": "319db4ac-aafb-4ff6-ac47-fb606641a974",
        "score": 1,
        "thumbsUpCount": 0,
        "userImage": "https://play-lh.googleusercontent.com/a/ACg8ocKDluWH23VwGWRq-xO0-dH3K68Y1_FCT5gIh377rfNL=mo",
        "userName": "Jayeshkumar Patel"
    },
    {
        "appVersion": null,
        "at": "2021-12-29 21:42:53",
        "content": "location base, even if my phone has the sensor",
        "repliedAt": null,
        "replyContent": null,
        "reviewCreatedVersion": null,
        "reviewId": "c2917348-76f6-465e-9711-e239451dfd01",
        "score": 1,
        "thumbsUpCount": 0,
        "userImage": "https://play-lh.googleusercontent.com/a/ACg8ocJHu5yqRT_UvQtrq2sH6_oTCZpgqxn9EWidutA2I4IM=mo",
        "userName": "Tudorache Cristi"
    },
    {
        "appVersion": "1.03.0005881",
        "at": "2021-12-25 09:07:44",
        "content": "V Good",
        "repliedAt": null,
        "replyContent": null,
        "reviewCreatedVersion": "1.03.0005881",
        "reviewId": "3f1d25db-1059-4e8f-902d-70d94d79bde8",
        "score": 3,
        "thumbsUpCount": 0,
        "userImage": "https://play-lh.googleusercontent.com/a/ACg8ocITDUvvef-jSRkdoKYP6dJQ9YQ-hFPYAuWUaRsiQy_t=mo",
        "userName": "Mohammad Alsrari"
    },
    {
        "appVersion": "1.03.0005881",
        "at": "2021-12-11 11:24:10",
        "content": "Exellent",
        "repliedAt": null,
        "replyContent": null,
        "reviewCreatedVersion": "1.03.0005881",
        "reviewId": "40709290-95e6-49e6-884b-9fb8c126915b",
        "score": 5,
        "thumbsUpCount": 0,
        "userImage": "https://play-lh.googleusercontent.com/a-/ALV-UjWRFCWBlYRCro3mJE-Pymtd3XkQGgYjW42ocpHGwWpwAvQ",
        "userName": "David hartwig"
    },
    {
        "appVersion": "1.03.0005881",
        "at": "2021-12-02 07:15:20",
        "content": "I just dont think it is accurate. It says it is raining where I am but its not. Also I don't think the humidity level is correct either.",
        "repliedAt": null,
        "replyContent": null,
        "reviewCreatedVersion": "1.03.0005881",
        "reviewId": "33ff8dbc-22cc-46f6-9c9f-f76fff3703ca",
        "score": 2,
        "thumbsUpCount": 0,
        "userImage": "https://play-lh.googleusercontent.com/a/ACg8ocL2X92C4P4g6UT5_tc_9eyUVeMLpJrxcxJqTqgP9KDG=mo",
        "userName": "Lynne Livingstone"
    },
    {
        "appVersion": null,
        "at": "2021-11-30 11:57:17",
        "content": "\ud835\udc6f\ud835\udc7c\ud835\udc74\ud835\udc70\ud835\udc6b\ud835\udc70\ud835\udc7b\ud835\udc80 \ud835\udc6a\ud835\udc6f\ud835\udc6c\ud835\udc6a\ud835\udc72\ud835\udc6c\ud835\udc79 \ud835\udc68\ud835\udc77\ud835\udc77\ud835\udc73\ud835\udc70\ud835\udc6a\ud835\udc68\ud835\udc7b\ud835\udc70\ud835\udc76\ud835\udc75 \ud835\udc70\ud835\udc7a \ud835\udc7c\ud835\udc75\ud835\udc70\ud835\udc78\ud835\udc7c\ud835\udc6c \ud835\udc68\ud835\udc75\ud835\udc6b \ud835\udc6f\ud835\udc70\ud835\udc6e\ud835\udc6f\ud835\udc73\ud835\udc80 \ud835\udc79\ud835\udc6c\ud835\udc6a\ud835\udc76\ud835\udc74\ud835\udc74\ud835\udc6c\ud835\udc75\ud835\udc6b\ud835\udc6c\ud835\udc6b \ud835\udc68\ud835\udc77\ud835\udc77\ud835\udc73\ud835\udc7c\ud835\udc6a\ud835\udc68\ud835\udc7b\ud835\udc70\ud835\udc76\ud835\udc75 \ud835\udc6d\ud835\udc76\ud835\udc79 \ud835\udc7c\ud835\udc7a\ud835\udc6c.",
        "repliedAt": null,
        "replyContent": null,
        "reviewCreatedVersion": null,
        "reviewId": "16f35d2a-0d30-4b0b-bd2e-c828bba5acbc",
        "score": 5,
        "thumbsUpCount": 1,
        "userImage": "https://play-lh.googleusercontent.com/a-/ALV-UjVRQxphPJ6B5_xbRXFthoWxieqFxxm72k9weFnm4XkO5w",
        "userName": "BAJI RANI PML"
    },
    {
        "appVersion": null,
        "at": "2021-11-30 08:28:55",
        "content": "Humidity checker meter app is really increduable it have amazing features .",
        "repliedAt": null,
        "replyContent": null,
        "reviewCreatedVersion": null,
        "reviewId": "7f20db18-c3b1-428e-a218-92d181ab3aab",
        "score": 5,
        "thumbsUpCount": 0,
        "userImage": "https://play-lh.googleusercontent.com/a/ACg8ocJXBLUXgqvj_I8aeT9V9v2Aei0ehFaQm-lJu4Zgx1r-=mo",
        "userName": "Iron man"
    },
    {
        "appVersion": null,
        "at": "2021-11-29 04:19:15",
        "content": "Humidity checker app is amazing app for checking correctly temperature like a real thermometer.",
        "repliedAt": null,
        "replyContent": null,
        "reviewCreatedVersion": null,
        "reviewId": "867a4c70-eb8f-4b3d-ad8b-6f5da5e260f5",
        "score": 5,
        "thumbsUpCount": 0,
        "userImage": "https://play-lh.googleusercontent.com/a/ACg8ocI1zIetzVdHEmKVKnMFQPxHhNxMjjQkTT3rjuCljptC=mo",
        "userName": "Car lover"
    },
    {
        "appVersion": null,
        "at": "2021-11-28 23:58:47",
        "content": "Humidity checker is the most important to room temperature check. I have recommended the best application.",
        "repliedAt": null,
        "replyContent": null,
        "reviewCreatedVersion": null,
        "reviewId": "77fc7c21-68ae-487c-a370-cde12588e22c",
        "score": 5,
        "thumbsUpCount": 3,
        "userImage": "https://play-lh.googleusercontent.com/a/ACg8ocIh04_FTqpYHCDY6Z6zvzekB7uM2mr6NwHf2dgEurYw=mo",
        "userName": "Roze Roze"
    },
    {
        "appVersion": null,
        "at": "2021-11-28 08:57:36",
        "content": "Humidity checker its amazing and so much wondering \ud83d\udcaf",
        "repliedAt": null,
        "replyContent": null,
        "reviewCreatedVersion": null,
        "reviewId": "d5dc6ace-465b-4178-be57-e495ba97e4f2",
        "score": 5,
        "thumbsUpCount": 1,
        "userImage": "https://play-lh.googleusercontent.com/a/ACg8ocIpjniZRwoavyP_QEhMv_nj_gM1NuV2WSGY-9h2GlrP=mo",
        "userName": "Alisa Aa"
    },
    {
        "appVersion": "1.03.0005881",
        "at": "2021-11-28 04:40:15",
        "content": "Doesn't do as advertised; swamped with fake reviews.",
        "repliedAt": null,
        "replyContent": null,
        "reviewCreatedVersion": "1.03.0005881",
        "reviewId": "f1f01a45-4f2d-4010-9545-105ec71ff2ac",
        "score": 1,
        "thumbsUpCount": 0,
        "userImage": "https://play-lh.googleusercontent.com/a-/ALV-UjWDtmlrBidK71A1kC0bS_YXwE8NqZWg-DqPn2WigfRoj2E",
        "userName": "Matthijs de Jong"
    },
    {
        "appVersion": null,
        "at": "2021-11-28 02:42:31",
        "content": "Humidity Checker Application is remarkable, glorious and performing very nice on play store.",
        "repliedAt": null,
        "replyContent": null,
        "reviewCreatedVersion": null,
        "reviewId": "08b8573a-c29b-4a36-b80d-c6ae27677ea0",
        "score": 5,
        "thumbsUpCount": 0,
        "userImage": "https://play-lh.googleusercontent.com/a/ACg8ocKfIRtYCHGxdMSan2EveUDMGo3EijMsigZ7aK7895ho=mo",
        "userName": "JUNE CHADWICK"
    },
    {
        "appVersion": null,
        "at": "2021-11-27 09:51:51",
        "content": "One of the really classy and best humidity checker app for weather checking ... simply great and wow",
        "repliedAt": null,
        "replyContent": null,
        "reviewCreatedVersion": null,
        "reviewId": "b0b89c2b-61f3-4b1b-8673-2e358bfb496f",
        "score": 5,
        "thumbsUpCount": 1,
        "userImage": "https://play-lh.googleusercontent.com/a-/ALV-UjXHe8XCc8J60QY0xlMIAiJGEjfRRl--YHnpTWuJsu6H8A",
        "userName": "Pareeshay Princess"
    },
    {
        "appVersion": null,
        "at": "2021-11-27 09:32:09",
        "content": "Humidity checker app give minute by minute forecasts.",
        "repliedAt": null,
        "replyContent": null,
        "reviewCreatedVersion": null,
        "reviewId": "0e895054-616f-40f4-921d-2ee439e97cc7",
        "score": 5,
        "thumbsUpCount": 0,
        "userImage": "https://play-lh.googleusercontent.com/a/ACg8ocJ3cEgleHUXHfK1gF0uEwyMH80uHu00F2yhH3ABFAk1=mo",
        "userName": "Muneeb Saab"
    },
    {
        "appVersion": null,
        "at": "2021-11-27 09:06:18",
        "content": "Humidity checker is best application for checking humidity in environment with a very easy use. Thank to developer",
        "repliedAt": null,
        "replyContent": null,
        "reviewCreatedVersion": null,
        "reviewId": "29b01761-bc84-40eb-9342-721af35228e4",
        "score": 5,
        "thumbsUpCount": 0,
        "userImage": "https://play-lh.googleusercontent.com/a/ACg8ocLRaKNZYiTvBNqTELddzr3LKDJ4oXV0tP5pR4LeMN3D=mo",
        "userName": "Rusma Khan"
    },
    {
        "appVersion": null,
        "at": "2021-11-27 04:38:34",
        "content": "Humidity meter Hygrometer is very usefull app for me. It keep informed me about the weather situation and i am used this app everyday\ud83d\udd25",
        "repliedAt": null,
        "replyContent": null,
        "reviewCreatedVersion": null,
        "reviewId": "2b2bce0a-5046-47b3-b90c-69cc9ed9f776",
        "score": 5,
        "thumbsUpCount": 0,
        "userImage": "https://play-lh.googleusercontent.com/a/ACg8ocKgwVK4uoI3B1i0JfzEltOGh5qErY9m2-PhP8A1MaiM=mo",
        "userName": "Basit Chaudary"
    },
    {
        "appVersion": null,
        "at": "2021-11-27 01:46:23",
        "content": "It is superb and most sensible app for using I used it on daily because it has no fault.",
        "repliedAt": null,
        "replyContent": null,
        "reviewCreatedVersion": null,
        "reviewId": "397a4398-91ff-464a-952d-7dac830df218",
        "score": 5,
        "thumbsUpCount": 0,
        "userImage": "https://play-lh.googleusercontent.com/a/ACg8ocIbFI4y2AhuK1pN7l3MJ_wbAmqspuDqAhNgJWg3Rz9F=mo",
        "userName": "Ishan Ahmed"
    },
    {
        "appVersion": null,
        "at": "2021-11-26 11:45:29",
        "content": "Good app",
        "repliedAt": null,
        "replyContent": null,
        "reviewCreatedVersion": null,
        "reviewId": "4bee6163-a39e-41ec-9c85-7dc8812165a1",
        "score": 5,
        "thumbsUpCount": 0,
        "userImage": "https://play-lh.googleusercontent.com/a/ACg8ocLSJh0VvipCR7wFiaSfHzCq3aifkXtzIQ5v1xS1AkcP=mo",
        "userName": "Manjii 828 ZF"
    },
    {
        "appVersion": null,
        "at": "2021-11-26 10:31:42",
        "content": "Humidity Checker is a very nice app i recommend that you install it and get benefits i like it",
        "repliedAt": null,
        "replyContent": null,
        "reviewCreatedVersion": null,
        "reviewId": "41c7850c-3258-4623-892e-d74af6d51146",
        "score": 5,
        "thumbsUpCount": 1,
        "userImage": "https://play-lh.googleusercontent.com/a/ACg8ocJcW6hIPJxWUeRPWbfhpa6g4epZalxux0BnAZaKhC1i=mo",
        "userName": "Shazaib malik"
    },
    {
        "appVersion": null,
        "at": "2021-11-26 05:02:00",
        "content": "This app is time saver app because we easily use and check temperature.",
        "repliedAt": null,
        "replyContent": null,
        "reviewCreatedVersion": null,
        "reviewId": "60749955-925d-45b0-87cc-1b8e4f06e291",
        "score": 5,
        "thumbsUpCount": 0,
        "userImage": "https://play-lh.googleusercontent.com/a/ACg8ocKFpEeZ9iQi01iBpr67fP6EEpp5q1DuWrPtAsLmTqy4=mo",
        "userName": "Captain America"
    },
    {
        "appVersion": null,
        "at": "2021-11-25 04:35:27",
        "content": "Humidity Checker on this a easy a all the good way was a nice the excellent the use the all the future on the Application",
        "repliedAt": null,
        "replyContent": null,
        "reviewCreatedVersion": null,
        "reviewId": "fa18e176-a4bd-40be-92ea-1ffc45130c64",
        "score": 5,
        "thumbsUpCount": 1,
        "userImage": "https://play-lh.googleusercontent.com/a/ACg8ocJBE9Px4QwQZKm51ALb8mxMsRtTzBHq50Mdabvf01AK=mo",
        "userName": "Alex Carey A57A"
    },
    {
        "appVersion": null,
        "at": "2021-11-25 02:11:22",
        "content": "Nice and superb features application for humidity checking.it is amazing.",
        "repliedAt": null,
        "replyContent": null,
        "reviewCreatedVersion": null,
        "reviewId": "7915a776-53a5-4158-9e90-e971992f4d11",
        "score": 5,
        "thumbsUpCount": 0,
        "userImage": "https://play-lh.googleusercontent.com/a/ACg8ocLApeRtgE3R1jlKMjATHjXshsL5nw3aK7DwokX5DWe2=mo",
        "userName": "Ahmed Mehmood"
    },
    {
        "appVersion": null,
        "at": "2021-11-25 00:31:15",
        "content": "Humidity checker app is amazing app is weather checking with really good.",
        "repliedAt": null,
        "replyContent": null,
        "reviewCreatedVersion": null,
        "reviewId": "05d9d8c6-2a1e-43c5-97fa-c171ebe3b37a",
        "score": 5,
        "thumbsUpCount": 0,
        "userImage": "https://play-lh.googleusercontent.com/a/ACg8ocIWcJMFryJH1OB_QmIzfJi0HUer86_q4a3bbusnfIYM=mo",
        "userName": "Hunzala ali"
    },
    {
        "appVersion": null,
        "at": "2021-11-24 23:40:39",
        "content": "Humidity Checker Application is remarkable, brilliant and best recommended modern days applications on play store.",
        "repliedAt": null,
        "replyContent": null,
        "reviewCreatedVersion": null,
        "reviewId": "e9db55b2-0df0-4f4e-a183-a2413f6a742c",
        "score": 5,
        "thumbsUpCount": 2,
        "userImage": "https://play-lh.googleusercontent.com/a/ACg8ocLopTN7kNuuF_JbUt2ihF7bSgaI4MRFHt7GXizoPAfV=mo",
        "userName": "DIYA BHARTI KBK"
    },
    {
        "appVersion": null,
        "at": "2021-11-24 20:50:46",
        "content": "Not working just ads ugh",
        "repliedAt": null,
        "replyContent": null,
        "reviewCreatedVersion": null,
        "reviewId": "15e9db7c-1dfa-430f-a322-d6f8601071f1",
        "score": 1,
        "thumbsUpCount": 0,
        "userImage": "https://play-lh.googleusercontent.com/a-/ALV-UjUuPGIISBN1GA_4l-TBFqD1GigLfUpSqqeN5LOwAedKDQ",
        "userName": "teslawon"
    },
    {
        "appVersion": null,
        "at": "2021-11-24 02:22:54",
        "content": "It is brilliant and wonderful application and humidity accurate checking.\ud83d\ude0a\ud83d\ude0c",
        "repliedAt": null,
        "replyContent": null,
        "reviewCreatedVersion": null,
        "reviewId": "7a99e902-f4a7-4cb1-a38b-f6e42d359910",
        "score": 5,
        "thumbsUpCount": 0,
        "userImage": "https://play-lh.googleusercontent.com/a/ACg8ocI5fNqBFHQu1OV1wAFZX-YeL2yBo1vxgMd36hZ5u5S_=mo",
        "userName": "Bhoomi"
    },
    {
        "appVersion": null,
        "at": "2021-11-23 14:20:54",
        "content": "I like this application very much @",
        "repliedAt": null,
        "replyContent": null,
        "reviewCreatedVersion": null,
        "reviewId": "752e2aa1-c065-4ec6-876d-d2b31b42a6fb",
        "score": 5,
        "thumbsUpCount": 0,
        "userImage": "https://play-lh.googleusercontent.com/a/ACg8ocKP_e5kB6lCS9_KWqhcfNqWNIVfeiYeuFM8tMflRtFi=mo",
        "userName": "jazi shahzaib"
    },
    {
        "appVersion": null,
        "at": "2021-11-23 09:47:06",
        "content": "Humidity checker is best app @",
        "repliedAt": null,
        "replyContent": null,
        "reviewCreatedVersion": null,
        "reviewId": "ea7cdd4b-7676-419b-bb66-c888c7256473",
        "score": 5,
        "thumbsUpCount": 0,
        "userImage": "https://play-lh.googleusercontent.com/a-/ALV-UjUPXuYJ8KgAkhvR337JCsRGWKvIWWQ4oDLj21SdxrWrYw",
        "userName": "Akram Ali MW"
    },
    {
        "appVersion": null,
        "at": "2021-11-23 06:19:26",
        "content": "Amazing app@",
        "repliedAt": null,
        "replyContent": null,
        "reviewCreatedVersion": null,
        "reviewId": "71285e5c-bc0f-42da-b440-3dcc0ea4c002",
        "score": 5,
        "thumbsUpCount": 0,
        "userImage": "https://play-lh.googleusercontent.com/a/ACg8ocJn1fufF-XdF9_p2QLdUhYFAt__V4ecwrV1178smIrc=mo",
        "userName": "Coca Kola"
    },
    {
        "appVersion": "1.03.0005881",
        "at": "2021-11-23 03:14:26",
        "content": "Hygrometer app is humidity meter that measures atmospheric humidity.@",
        "repliedAt": null,
        "replyContent": null,
        "reviewCreatedVersion": "1.03.0005881",
        "reviewId": "ba364202-d402-49f8-b937-5f92fe86ae11",
        "score": 5,
        "thumbsUpCount": 0,
        "userImage": "https://play-lh.googleusercontent.com/a-/ALV-UjUDKIolbu_xvUY8djT2ygAp7MuNqIXF9ueJsg7JSEuuhw",
        "userName": "Kirana Mm4"
    },
    {
        "appVersion": "1.03.0005881",
        "at": "2021-11-22 23:57:33",
        "content": "Humidity Checker - Humidity meter a well a amazing the nice the good use the amazing the application \ud83d\udd25",
        "repliedAt": null,
        "replyContent": null,
        "reviewCreatedVersion": "1.03.0005881",
        "reviewId": "b9d328aa-3bb2-485e-924b-9a2f306d8c27",
        "score": 5,
        "thumbsUpCount": 2,
        "userImage": "https://play-lh.googleusercontent.com/a/ACg8ocINz3zd9Y1DWy_Uw0uSq1CyqmPBAn7kz8IVehywlTua=mo",
        "userName": "Taazim Singa TS"
    },
    {
        "appVersion": "1.03.0005881",
        "at": "2021-11-22 21:57:19",
        "content": "Fkn Horrible , doesn't work either",
        "repliedAt": null,
        "replyContent": null,
        "reviewCreatedVersion": "1.03.0005881",
        "reviewId": "f6178bb3-5483-499b-8cac-d37e3b9128dd",
        "score": 1,
        "thumbsUpCount": 0,
        "userImage": "https://play-lh.googleusercontent.com/a/ACg8ocKYdK0aCOQGZWQbdP8c9w10S8LhUHGqnVwQayMVV0v-=mo",
        "userName": "Double Shot"
    },
    {
        "appVersion": null,
        "at": "2021-11-22 06:10:29",
        "content": "Humidity and temperature check is so commendable application",
        "repliedAt": null,
        "replyContent": null,
        "reviewCreatedVersion": null,
        "reviewId": "6bd039cf-c86d-4f07-a74e-6765fd4f6a2f",
        "score": 5,
        "thumbsUpCount": 0,
        "userImage": "https://play-lh.googleusercontent.com/a/ACg8ocJwvHpzpElsl5eGeC3vwggYUi5WExOSs_yAFsJ9IXNi=mo",
        "userName": "Malik's Award"
    },
    {
        "appVersion": null,
        "at": "2021-11-22 05:53:58",
        "content": "Humidity checker - humudity measure hygrometer is one of the best app i ever used...... Very easily find out the humidity of environment. Very nice experience with this app",
        "repliedAt": null,
        "replyContent": null,
        "reviewCreatedVersion": null,
        "reviewId": "a69b218d-e27a-4d57-8941-4cbce9fc666e",
        "score": 5,
        "thumbsUpCount": 1,
        "userImage": "https://play-lh.googleusercontent.com/a/ACg8ocKFHm_1okHCFFXMunH07UnfQkFezP84A_2UqJIXxhTZ=mo",
        "userName": "Fariya Ali"
    },
    {
        "appVersion": null,
        "at": "2021-11-22 05:10:25",
        "content": "Humidity checker humidity meter app is amazing for regular checking of humidity. Having excellent features.",
        "repliedAt": null,
        "replyContent": null,
        "reviewCreatedVersion": null,
        "reviewId": "e70978ae-4285-451c-b795-dff592a0f744",
        "score": 5,
        "thumbsUpCount": 7,
        "userImage": "https://play-lh.googleusercontent.com/a/ACg8ocIMTpRfJzrB9_BLw0TdCvWUUY46PBe4tHiaBLiMuQr2=mo",
        "userName": "Muhammad Umer MU7"
    },
    {
        "appVersion": null,
        "at": "2021-11-21 14:46:48",
        "content": "Humidity checker very useful application wow very super and beautiful application.giving five stars ratings .I really like it@",
        "repliedAt": null,
        "replyContent": null,
        "reviewCreatedVersion": null,
        "reviewId": "91ca15aa-11db-4e2e-aff0-17ab61aeac37",
        "score": 5,
        "thumbsUpCount": 0,
        "userImage": "https://play-lh.googleusercontent.com/a/ACg8ocIf1EBuvR1ZL-P3lkLPrRjvd-0GP2ugDjx6RVQ9Z3iQ=mo",
        "userName": "ali hasan"
    },
    {
        "appVersion": null,
        "at": "2021-11-21 13:10:44",
        "content": "Humidity checker is very nice application and i enjoy it",
        "repliedAt": null,
        "replyContent": null,
        "reviewCreatedVersion": null,
        "reviewId": "56e8704b-e045-4c58-8056-a7a0ff10bc1e",
        "score": 5,
        "thumbsUpCount": 0,
        "userImage": "https://play-lh.googleusercontent.com/a/ACg8ocL6ggV3_wZWIjhC5xi6rQx41TJwNa7OH2emw7lDdu3Z=mo",
        "userName": "neil reed"
    },
    {
        "appVersion": null,
        "at": "2021-11-21 12:22:04",
        "content": "Best and nice application for humidity checking \u263a\ufe0f\ud83d\ude42",
        "repliedAt": null,
        "replyContent": null,
        "reviewCreatedVersion": null,
        "reviewId": "a1885ca9-5e85-467e-8490-b77bd5c3229f",
        "score": 5,
        "thumbsUpCount": 0,
        "userImage": "https://play-lh.googleusercontent.com/a/ACg8ocJ6ztlB6Oed6f1xMDX7Y0x4dF6-d7H6fPqLFtxBIMJ4=mo",
        "userName": "Transcribe punjaabi"
    },
    {
        "appVersion": null,
        "at": "2021-11-21 12:01:46",
        "content": "Humidity checker is a wonderful app shows the best and accurate weather forecast works perfectly and very easy to use.",
        "repliedAt": null,
        "replyContent": null,
        "reviewCreatedVersion": null,
        "reviewId": "6f11a69c-a8b3-4b24-960f-63b1778e64ac",
        "score": 5,
        "thumbsUpCount": 3,
        "userImage": "https://play-lh.googleusercontent.com/a/ACg8ocJcWO433xf9X9KUifIMqGhmk93IaQy43i4EIBjKrZFh=mo",
        "userName": "Raja Husnain"
    },
    {
        "appVersion": null,
        "at": "2021-11-21 07:21:36",
        "content": "This app is amzing i love this apl features.\ud83d\udd25",
        "repliedAt": null,
        "replyContent": null,
        "reviewCreatedVersion": null,
        "reviewId": "8ec4982d-fbab-4fea-84a9-39945c714067",
        "score": 5,
        "thumbsUpCount": 0,
        "userImage": "https://play-lh.googleusercontent.com/a/ACg8ocJHXoT2yIECO1wCz6FU6bpgYPji8gc0jTM2PkULVRbn=mo",
        "userName": "Zain Ali"
    },
    {
        "appVersion": null,
        "at": "2021-11-20 09:31:48",
        "content": "Humidity checker this is one of the best amazing app it is wonderful working and most interesting app\ud83d\udca5",
        "repliedAt": null,
        "replyContent": null,
        "reviewCreatedVersion": null,
        "reviewId": "15942a8c-8567-48ea-bc26-ef96f3b67553",
        "score": 5,
        "thumbsUpCount": 0,
        "userImage": "https://play-lh.googleusercontent.com/a/ACg8ocIeevyqlEFugXvD-mIm5SMGoxd0D98dcR2aPfNue0mg=mo",
        "userName": "Huriii Bano czn"
    },
    {
        "appVersion": null,
        "at": "2021-11-20 07:36:51",
        "content": "Humidity checker humidity meter hygrometer iss very useful application I used it daily \ud83d\udd25",
        "repliedAt": null,
        "replyContent": null,
        "reviewCreatedVersion": null,
        "reviewId": "0c21ccb2-63af-4919-94b3-0c276d0e807c",
        "score": 5,
        "thumbsUpCount": 2,
        "userImage": "https://play-lh.googleusercontent.com/a-/ALV-UjV9TKMVUIyWPbTPa3cPZUmqntEA9Ta06r_vbejieMvqKA",
        "userName": "M DOLL HASHMI DOLL HASHMI"
    },
    {
        "appVersion": null,
        "at": "2021-11-19 07:26:56",
        "content": "Humidity checker is awesome and fast working app for using it is easy to use and still free available at play store.",
        "repliedAt": null,
        "replyContent": null,
        "reviewCreatedVersion": null,
        "reviewId": "0ab12297-0682-44ad-bda4-207323a8f822",
        "score": 5,
        "thumbsUpCount": 0,
        "userImage": "https://play-lh.googleusercontent.com/a/ACg8ocJ2tKPdHDaJ9oNGpO4fldYIAlQFeJ9CLkBvb0n0wUpZ=mo",
        "userName": "Hmza Ali"
    },
    {
        "appVersion": "1.03.0005881",
        "at": "2021-11-18 15:07:59",
        "content": "Humidity checker is such a wonderful application in the play store. I love this app ever. Highly recommended it. Amazing work and great experience.",
        "repliedAt": null,
        "replyContent": null,
        "reviewCreatedVersion": "1.03.0005881",
        "reviewId": "8e87c474-c1e1-4e25-9f5a-955563de9ada",
        "score": 5,
        "thumbsUpCount": 1,
        "userImage": "https://play-lh.googleusercontent.com/a/ACg8ocItbSvFPzUUUswnypVQvLahEekPQa0uhb3P2udKU3Xw=mo",
        "userName": "Anaya Anaya"
    },
    {
        "appVersion": null,
        "at": "2021-11-18 12:34:13",
        "content": "Humidity Checker is a fantastic app. U can easily check humidity of ur home through this app. $",
        "repliedAt": null,
        "replyContent": null,
        "reviewCreatedVersion": null,
        "reviewId": "9c05e278-7b09-41b7-995a-58660d7f951e",
        "score": 5,
        "thumbsUpCount": 1,
        "userImage": "https://play-lh.googleusercontent.com/a-/ALV-UjXou8NVq1aHo0o4NBWX5M4UV0n3-ECELHANnUyUvoaRJQ",
        "userName": "Princess Belly"
    },
    {
        "appVersion": "1.03.0005881",
        "at": "2021-11-17 03:57:14",
        "content": "Humidity checker humidity meter app is amazing for winter season, very helpful and easy to use.",
        "repliedAt": null,
        "replyContent": null,
        "reviewCreatedVersion": "1.03.0005881",
        "reviewId": "af371646-15db-4771-a377-19ca9ecc2497",
        "score": 5,
        "thumbsUpCount": 11,
        "userImage": "https://play-lh.googleusercontent.com/a/ACg8ocLiMpIEbqOqt9RcT6jrUNGzFYrjpOPmeBBHGu2lvuHM=mo",
        "userName": "Muhammad Umer MU3"
    },
    {
        "appVersion": "1.03.0005881",
        "at": "2021-11-17 02:33:02",
        "content": "Humidity checker app is very nice and beautiful app its work 100% and its work so fast. $",
        "repliedAt": null,
        "replyContent": null,
        "reviewCreatedVersion": "1.03.0005881",
        "reviewId": "edd9187e-1b08-4f37-9a99-62fe2d471cd1",
        "score": 5,
        "thumbsUpCount": 6,
        "userImage": "https://play-lh.googleusercontent.com/a/ACg8ocI65LLWH3X7FnKiLep-i4SVd2HydfTSTs1jy-Q8J1k=mo",
        "userName": "Zain Rashid"
    },
    {
        "appVersion": null,
        "at": "2021-11-17 00:33:31",
        "content": "Humidity checker Humidity meter is a amazing application.. Very outstanding and useful app.. Inised it daily..\ud83d\ude0a\ud83d\udc35",
        "repliedAt": null,
        "replyContent": null,
        "reviewCreatedVersion": null,
        "reviewId": "db2d1e53-91c3-4628-ba36-9bddfd05f51b",
        "score": 5,
        "thumbsUpCount": 2,
        "userImage": "https://play-lh.googleusercontent.com/a/ACg8ocKuFEre77QZljfcexNJxiB6FVM7kppkHjgJonkPlVT7=mo",
        "userName": "Zeeshan Dogar"
    },
    {
        "appVersion": null,
        "at": "2021-11-16 12:10:38",
        "content": "Best app to check humidity in the air. Best app to check your outside atmostphere and many more. $ Promote this app as it is new.",
        "repliedAt": null,
        "replyContent": null,
        "reviewCreatedVersion": null,
        "reviewId": "1f4d550b-3f20-42ea-9e79-99413b6f6f2c",
        "score": 5,
        "thumbsUpCount": 0,
        "userImage": "https://play-lh.googleusercontent.com/a/ACg8ocJ_qVFxHUVy8x0Ko8uOvKGswhgAYd1DMgxQbUoD-pcD=mo",
        "userName": "Thc Gtuh"
    },
    {
        "appVersion": null,
        "at": "2021-11-16 10:22:13",
        "content": "Great app measure temperature at any where.$",
        "repliedAt": null,
        "replyContent": null,
        "reviewCreatedVersion": null,
        "reviewId": "841a1bdf-aa03-4311-9318-6182fab7cc69",
        "score": 5,
        "thumbsUpCount": 0,
        "userImage": "https://play-lh.googleusercontent.com/a/ACg8ocLc-zVfU2qXZ5PmULJ3lRFbaZ_oiqkw3uRYpZcB47VB=mo",
        "userName": "Ms Faizan"
    },
    {
        "appVersion": null,
        "at": "2021-11-16 02:23:02",
        "content": "Humidity meter checker app is usefull for checking temprature.\ud83d\udd25",
        "repliedAt": null,
        "replyContent": null,
        "reviewCreatedVersion": null,
        "reviewId": "047f8de6-d5fa-4bf3-89bf-b8ba4408098e",
        "score": 5,
        "thumbsUpCount": 0,
        "userImage": "https://play-lh.googleusercontent.com/a-/ALV-UjW3D9JWP1CLXaqpxj1FjAsb0nCd-1A7ZgXlJ8Z9a5EtGQ",
        "userName": "fun trick tips&movies show"
    },
    {
        "appVersion": null,
        "at": "2021-11-16 00:31:01",
        "content": "Humidity Checker in the all working on the humidity Checker use the good application \ud83d\udd25",
        "repliedAt": null,
        "replyContent": null,
        "reviewCreatedVersion": null,
        "reviewId": "b372e212-7ab9-4657-8b73-9d28bbd3e9f4",
        "score": 5,
        "thumbsUpCount": 1,
        "userImage": "https://play-lh.googleusercontent.com/a/ACg8ocK2xxuI0H4p6AiWx0DcuWZMQEgRWRETd1_gtlQSlrLi=mo",
        "userName": "Bariq Usman"
    },
    {
        "appVersion": null,
        "at": "2021-11-15 09:11:31",
        "content": "Humidty checker app os amazing for making call and network.\ud83d\udd25",
        "repliedAt": null,
        "replyContent": null,
        "reviewCreatedVersion": null,
        "reviewId": "0a002135-f8f6-4306-b0a8-4025c01e86f0",
        "score": 5,
        "thumbsUpCount": 0,
        "userImage": "https://play-lh.googleusercontent.com/a/ACg8ocJm8-iueE-m8NIK8qiHysBCcUOs6Yhc50yBZD3QN1-I=mo",
        "userName": "Pubg fan"
    },
    {
        "appVersion": null,
        "at": "2021-11-14 12:18:46",
        "content": "Humidity checker is an amazing and intresting application. I like this application and i will share this app with friends thanks for apload this application $",
        "repliedAt": null,
        "replyContent": null,
        "reviewCreatedVersion": null,
        "reviewId": "9227a100-dac9-4ab4-b2a1-dc4967751b51",
        "score": 5,
        "thumbsUpCount": 0,
        "userImage": "https://play-lh.googleusercontent.com/a-/ALV-UjUGTUc15pDKBaxTnfGdU5sJt7D6oEwsUCKJuVdfJWfAbA",
        "userName": "Hammad Raza"
    },
    {
        "appVersion": null,
        "at": "2021-11-14 07:45:50",
        "content": "Humidity checker app directly from a weather service. \ud83d\ude33\ud83d\ude05",
        "repliedAt": null,
        "replyContent": null,
        "reviewCreatedVersion": null,
        "reviewId": "1a903ea5-056f-4bc6-aecc-fdc88fc57019",
        "score": 5,
        "thumbsUpCount": 0,
        "userImage": "https://play-lh.googleusercontent.com/a/ACg8ocKXGoGHAQ4vTSvM9Bg7nQ1BDwrbwm6R6ju4ybhf5sJ6=mo",
        "userName": "Rahid Latif RL"
    },
    {
        "appVersion": null,
        "at": "2021-11-13 05:39:06",
        "content": "Wonderfull app i like it...",
        "repliedAt": null,
        "replyContent": null,
        "reviewCreatedVersion": null,
        "reviewId": "cdce5555-1967-4fc9-99d0-ca787d6e39c0",
        "score": 5,
        "thumbsUpCount": 1,
        "userImage": "https://play-lh.googleusercontent.com/a/ACg8ocJF9fUbtxYsL7U_DOjRoBEeaNxczP_QZll4v713CnJR=mo",
        "userName": "hamid foundation channel"
    },
    {
        "appVersion": null,
        "at": "2021-11-12 15:59:57",
        "content": "Humidity checker it is.amazing.",
        "repliedAt": null,
        "replyContent": null,
        "reviewCreatedVersion": null,
        "reviewId": "6ac8cac6-8ca4-4fb9-886f-664fb14a4cdf",
        "score": 5,
        "thumbsUpCount": 0,
        "userImage": "https://play-lh.googleusercontent.com/a-/ALV-UjXH3j13yQtywUGvmWf5ZkCL8TP01YkjQam_-LgIja9dxQ",
        "userName": "Asma Amad"
    },
    {
        "appVersion": "1.03.0005881",
        "at": "2021-11-12 09:39:22",
        "content": "Humidity Checker is a nice application. I used it daily.\ud83d\udd25\ud83d\udd25",
        "repliedAt": null,
        "replyContent": null,
        "reviewCreatedVersion": "1.03.0005881",
        "reviewId": "66ba63c3-024a-464c-8eb7-87ddd24dacc5",
        "score": 5,
        "thumbsUpCount": 9,
        "userImage": "https://play-lh.googleusercontent.com/a/ACg8ocJ65amJ-HdJQ-JZg5PnPnlbSgD9iHMUxOeCkeX9KBoI=mo",
        "userName": "muhammad riaz"
    },
    {
        "appVersion": "1.03.0005881",
        "at": "2021-11-03 04:15:12",
        "content": "This app does not measure room temperature or humidity. It acquires readinga off GPS data.",
        "repliedAt": null,
        "replyContent": null,
        "reviewCreatedVersion": "1.03.0005881",
        "reviewId": "0b29f2ea-462d-4b7b-917e-f31fd9d5dde0",
        "score": 1,
        "thumbsUpCount": 3,
        "userImage": "https://play-lh.googleusercontent.com/a/ACg8ocLBbk5o0ovpRsmD1LSO3VWC-RJWubgMGemK2veYNaJ7=mo",
        "userName": "KE N"
    },
    {
        "appVersion": "1.03.0005881",
        "at": "2021-10-09 18:23:11",
        "content": "This app is like unused brain",
        "repliedAt": null,
        "replyContent": null,
        "reviewCreatedVersion": "1.03.0005881",
        "reviewId": "6ee42c6b-17e9-4143-92b2-9509225a535c",
        "score": 1,
        "thumbsUpCount": 0,
        "userImage": "https://play-lh.googleusercontent.com/a-/ALV-UjUeac83Xa5BbYn4BSbO3v6i5XBqlVGj_qkcU97cvJVEVA",
        "userName": "sameer shaikh"
    },
    {
        "appVersion": "1.03.0005881",
        "at": "2021-10-05 18:15:59",
        "content": "So far no problem",
        "repliedAt": null,
        "replyContent": null,
        "reviewCreatedVersion": "1.03.0005881",
        "reviewId": "ea06ebc8-52f9-4df2-b5e5-fc9df3111181",
        "score": 3,
        "thumbsUpCount": 0,
        "userImage": "https://play-lh.googleusercontent.com/a-/ALV-UjV92Gjw8nELrcdfvoKmnkelDKplx2qetYZFEPi32aOeRnk",
        "userName": "Darin Bland"
    },
    {
        "appVersion": null,
        "at": "2021-09-30 04:58:23",
        "content": "Humidity checker one of the best application",
        "repliedAt": null,
        "replyContent": null,
        "reviewCreatedVersion": null,
        "reviewId": "122ea76c-2d39-4533-a998-7450488f7110",
        "score": 5,
        "thumbsUpCount": 0,
        "userImage": "https://play-lh.googleusercontent.com/a/ACg8ocJ-P_m2VgTe-5ns1JBSHo-9CNDy6WYqW3rh4b89ig_s=mo",
        "userName": "Terry"
    },
    {
        "appVersion": "1.03.0005881",
        "at": "2021-09-29 09:55:49",
        "content": "Didn't do what I wanted, give an indication of humidity inside the house",
        "repliedAt": null,
        "replyContent": null,
        "reviewCreatedVersion": "1.03.0005881",
        "reviewId": "0f14df53-58d0-49b1-9556-f96d40acb07c",
        "score": 3,
        "thumbsUpCount": 5,
        "userImage": "https://play-lh.googleusercontent.com/a/ACg8ocJC4wzH-CT18phZAk-Qt4WEtx3gq9aqEXos8uHD4Ngv=mo",
        "userName": "Marshall Mcmurran"
    },
    {
        "appVersion": null,
        "at": "2021-09-25 06:07:00",
        "content": "Humidity checker app new and best version of this app",
        "repliedAt": null,
        "replyContent": null,
        "reviewCreatedVersion": null,
        "reviewId": "d1bc722b-0fb1-470a-b9a7-f2220932d62c",
        "score": 5,
        "thumbsUpCount": 0,
        "userImage": "https://play-lh.googleusercontent.com/a/ACg8ocKKKdSX9pM1m_zm9EIkxHlZSfKBniW_zl1J1XSbf9VI=mo",
        "userName": "Shokat Kamir"
    },
    {
        "appVersion": null,
        "at": "2021-09-24 07:27:08",
        "content": "Awesome app and humidity app",
        "repliedAt": null,
        "replyContent": null,
        "reviewCreatedVersion": null,
        "reviewId": "a7b5d3a1-ef87-4f09-8c18-4501791322a6",
        "score": 5,
        "thumbsUpCount": 0,
        "userImage": "https://play-lh.googleusercontent.com/a/ACg8ocLeRkmvE-HoP5hwEiUsKysOh_l8qKO8McwLoN9p6RRQ=mo",
        "userName": "Fred Fred"
    },
    {
        "appVersion": null,
        "at": "2021-09-23 06:54:46",
        "content": "Humidity checker app",
        "repliedAt": null,
        "replyContent": null,
        "reviewCreatedVersion": null,
        "reviewId": "c4fd4ab0-aaa4-4038-b432-56737d1c929e",
        "score": 5,
        "thumbsUpCount": 0,
        "userImage": "https://play-lh.googleusercontent.com/a-/ALV-UjVp8YqY9P-YJwEQK73BD2SYtKBenfir9MLLipjFzqqGVA",
        "userName": "Yasmin"
    },
    {
        "appVersion": null,
        "at": "2021-09-22 05:00:33",
        "content": "Humidity checker best Application",
        "repliedAt": null,
        "replyContent": null,
        "reviewCreatedVersion": null,
        "reviewId": "5d37eda8-872e-4908-bda9-a1d3e3747c64",
        "score": 5,
        "thumbsUpCount": 0,
        "userImage": "https://play-lh.googleusercontent.com/a/ACg8ocKk8NlXltFMJzcfiBvyji65GtxlLgKuWEU7kSTt2HjX=mo",
        "userName": "Jeremy D. Decker 847"
    },
    {
        "appVersion": "1.02.0005881",
        "at": "2021-09-14 12:51:49",
        "content": "high technology",
        "repliedAt": null,
        "replyContent": null,
        "reviewCreatedVersion": "1.02.0005881",
        "reviewId": "b490dd06-9373-4d85-a5b2-fa48251eeff3",
        "score": 5,
        "thumbsUpCount": 0,
        "userImage": "https://play-lh.googleusercontent.com/a/ACg8ocKXnIIyXvyK9C577snctqE04MOH6Y5OEjWrs9DrTJfs=mo",
        "userName": "Shwe Htar"
    },
    {
        "appVersion": null,
        "at": "2021-09-05 23:41:02",
        "content": "Does not use a humidity sensor on the phone.",
        "repliedAt": null,
        "replyContent": null,
        "reviewCreatedVersion": null,
        "reviewId": "64da1525-de94-487d-82fd-478e58abeded",
        "score": 1,
        "thumbsUpCount": 0,
        "userImage": "https://play-lh.googleusercontent.com/a/ACg8ocKpi-J4-_gL2Ym7x2rCL3e2MtCmwWlNQgwjesgvz4Tr=mo",
        "userName": "Ben North"
    },
    {
        "appVersion": null,
        "at": "2021-09-04 06:46:24",
        "content": "Humidity checker app is awesome. Best features are brilliant. Give 5 star.",
        "repliedAt": null,
        "replyContent": null,
        "reviewCreatedVersion": null,
        "reviewId": "12a94431-e93c-4208-8186-55b984cd8305",
        "score": 5,
        "thumbsUpCount": 1,
        "userImage": "https://play-lh.googleusercontent.com/a/ACg8ocJpLaJ619KrEoCfMOtLhlhJQ8tNKEB0p3R3CeREwMRI=mo",
        "userName": "Ahmad Afzal"
    },
    {
        "appVersion": null,
        "at": "2021-09-03 07:21:13",
        "content": "Humidity checker is one of the best app. It's features are brilliant. I just loved it. Highly recommend to all.",
        "repliedAt": null,
        "replyContent": null,
        "reviewCreatedVersion": null,
        "reviewId": "28c5fbff-4d64-4fa6-b40e-b86bfcf4135c",
        "score": 5,
        "thumbsUpCount": 3,
        "userImage": "https://play-lh.googleusercontent.com/a/ACg8ocLXNHeMGEZrc14Sb2EGNi8vDxXM2-NB3nI4_JOySio9=mo",
        "userName": "Maham Ch"
    },
    {
        "appVersion": null,
        "at": "2021-09-02 10:36:22",
        "content": "Humidity checker app is amazing in its work. It records humidity of air perfectly. I have tested this app so many time but this always proved that I'm perfect in my work. Appreciating the hard work of developers by giving five stars to this app.",
        "repliedAt": null,
        "replyContent": null,
        "reviewCreatedVersion": null,
        "reviewId": "4a44aa7e-4fc8-468e-a091-e6fba8e5fb40",
        "score": 5,
        "thumbsUpCount": 13,
        "userImage": "https://play-lh.googleusercontent.com/a/ACg8ocKMTN6d1esUDIOSiHhWrKYKcq3hZ6bOV1UaG4pDY-wn=mo",
        "userName": "Sharlet Richard"
    },
    {
        "appVersion": null,
        "at": "2021-09-02 08:42:09",
        "content": "Humidity checker is superb app to measure moisture level accurately. Easily understand. Features are advanced. Highly recommend it.",
        "repliedAt": null,
        "replyContent": null,
        "reviewCreatedVersion": null,
        "reviewId": "d4b1555e-7650-4b76-820c-c62b73e7a553",
        "score": 5,
        "thumbsUpCount": 5,
        "userImage": "https://play-lh.googleusercontent.com/a/ACg8ocJslz12q6CG4tiy1H2Sjj9Yd6Qlg-rwEgymOl3FEU6u=mo",
        "userName": "Arslan Arslan"
    },
    {
        "appVersion": null,
        "at": "2021-08-30 17:48:25",
        "content": "I think if you get rid of the adds that pops with every touch it will be a good app. It is OK to have an add when launching the app and ending but not every 3 seconds. C U Later I am unstaling the app.",
        "repliedAt": null,
        "replyContent": null,
        "reviewCreatedVersion": null,
        "reviewId": "2d70cb76-d5df-4951-9223-e7934e6dfe5e",
        "score": 1,
        "thumbsUpCount": 9,
        "userImage": "https://play-lh.googleusercontent.com/a/ACg8ocLebfdx_bQaOtmGSEgj2JMw5qfPYNeOruImEwarxJkE=mo",
        "userName": "Ali"
    },
    {
        "appVersion": null,
        "at": "2021-08-29 12:40:35",
        "content": "Humidity checker is a super app. Smoth working app. Love to use this app.best app .recommended to all",
        "repliedAt": null,
        "replyContent": null,
        "reviewCreatedVersion": null,
        "reviewId": "a7b3db0d-4101-4b00-aab3-7fc9dddb13ad",
        "score": 5,
        "thumbsUpCount": 0,
        "userImage": "https://play-lh.googleusercontent.com/a-/ALV-UjW9KISY0niiqAxtyHWegzNAAabjeC4Sb-u4v36Q0AhJjg",
        "userName": "Abby Halena"
    },
    {
        "appVersion": null,
        "at": "2021-08-28 05:58:37",
        "content": "Humidity checker app is best app. Best app ever. I just loved it. Highly recommend to all",
        "repliedAt": null,
        "replyContent": null,
        "reviewCreatedVersion": null,
        "reviewId": "6d17971e-09b4-4344-a0b2-3c227a2d8680",
        "score": 5,
        "thumbsUpCount": 0,
        "userImage": "https://play-lh.googleusercontent.com/a/ACg8ocIILwG91IlXgxcja9_CejQA3dKvRmdOlOCrUf6REVad=mo",
        "userName": "Amna Shabbir"
    },
    {
        "appVersion": "1.0.0005881",
        "at": "2021-08-22 21:31:09",
        "content": "Humidity is always at 69% and the time for sunset is set on military time with no option to change anything. Absolutely nothing in settings that even resembles any settings.",
        "repliedAt": null,
        "replyContent": null,
        "reviewCreatedVersion": "1.0.0005881",
        "reviewId": "a4bbb172-6b6f-4d4e-933a-26a86f77480e",
        "score": 1,
        "thumbsUpCount": 20,
        "userImage": "https://play-lh.googleusercontent.com/a-/ALV-UjWlWQWG27x5iAt8KEpepC7ueiLA0LkWzdovfYjT2wJg_8M",
        "userName": "Paul Monroe"
    },
    {
        "appVersion": "1.0.0005881",
        "at": "2021-08-22 00:08:04",
        "content": "Very good",
        "repliedAt": null,
        "replyContent": null,
        "reviewCreatedVersion": "1.0.0005881",
        "reviewId": "9b3770cc-4061-4950-88c6-072dea8b1154",
        "score": 5,
        "thumbsUpCount": 0,
        "userImage": "https://play-lh.googleusercontent.com/a-/ALV-UjWCqhbHEqitPUoNTUzWoRzwTAmak7Oysg-Hv2XIYTbTli_R",
        "userName": "CHESS"
    },
    {
        "appVersion": "1.02.0005881",
        "at": "2021-08-20 08:55:02",
        "content": "The ads suck",
        "repliedAt": null,
        "replyContent": null,
        "reviewCreatedVersion": "1.02.0005881",
        "reviewId": "acb8a79f-4274-4646-81c3-b00500afffbd",
        "score": 1,
        "thumbsUpCount": 0,
        "userImage": "https://play-lh.googleusercontent.com/a/ACg8ocKE3bGjWuZ2nROcQSxBk_S9ye2eWK1R4dg3lk7zkUvw=mo",
        "userName": "dale theel"
    },
    {
        "appVersion": null,
        "at": "2021-08-20 08:07:11",
        "content": "This app is really amazing. Very useful app. You can check your atmosphric temperature through this app.",
        "repliedAt": null,
        "replyContent": null,
        "reviewCreatedVersion": null,
        "reviewId": "028f1654-e1ee-487b-844f-52cbb5c6c635",
        "score": 5,
        "thumbsUpCount": 1,
        "userImage": "https://play-lh.googleusercontent.com/a/ACg8ocKdomAyGaPmD1abmNnvISbpj158quDf2-zlNGAgpGQ=mo",
        "userName": "Amna Shabbir"
    },
    {
        "appVersion": null,
        "at": "2021-08-16 12:43:08",
        "content": "Accurate humidity checker. Very easy to use. And very nice app.",
        "repliedAt": null,
        "replyContent": null,
        "reviewCreatedVersion": null,
        "reviewId": "f65d856d-4697-4e3c-90ed-a160527be7a4",
        "score": 5,
        "thumbsUpCount": 0,
        "userImage": "https://play-lh.googleusercontent.com/a/ACg8ocK6rlR8yK7sYC2go_QlQYSG4yGtWaEmjAmmDeptAVLa=mo",
        "userName": "Abdul Latif"
    },
    {
        "appVersion": null,
        "at": "2021-08-14 13:45:47",
        "content": "Not accuruate",
        "repliedAt": null,
        "replyContent": null,
        "reviewCreatedVersion": null,
        "reviewId": "0d60d70c-7676-497e-84db-ede48ad5d7db",
        "score": 1,
        "thumbsUpCount": 0,
        "userImage": "https://play-lh.googleusercontent.com/a/ACg8ocLqxPcM82TUYMGF0BuyBUxI78eqZygtyS7bjjI6Itp7=mo",
        "userName": "Glenda Neal"
    },
    {
        "appVersion": "1.0.0005881",
        "at": "2021-08-12 12:11:46",
        "content": "Humidity checker - humidity meter hygrometer Check the app on the next lever with the help of the Mobil app it is awesome",
        "repliedAt": null,
        "replyContent": null,
        "reviewCreatedVersion": "1.0.0005881",
        "reviewId": "f82e38ef-c6bb-4684-bd22-8fb41d506946",
        "score": 5,
        "thumbsUpCount": 8,
        "userImage": "https://play-lh.googleusercontent.com/a/ACg8ocIODMTJiTHjcuKQislLNL3PKdnJYbb9x3yjIY8Aro6E=mo",
        "userName": "Noah G"
    },
    {
        "appVersion": null,
        "at": "2021-08-12 09:39:01",
        "content": "Humidity checker is surprisingly working app. I use this app to measure humidity in air. Whenever i used this app it tells accurate reading. Best app on play store for humidity checking.",
        "repliedAt": null,
        "replyContent": null,
        "reviewCreatedVersion": null,
        "reviewId": "94cc1881-e7fa-4bec-bd14-d0aaff6fe2e0",
        "score": 5,
        "thumbsUpCount": 3,
        "userImage": "https://play-lh.googleusercontent.com/a/ACg8ocLZJd3L6RyWvdP1UQjtlfMzPj6PSH5UN5efz2WFpmmZ=mo",
        "userName": "Alex Chirs"
    },
    {
        "appVersion": "1.0.0005881",
        "at": "2021-08-05 18:10:13",
        "content": "Not working",
        "repliedAt": null,
        "replyContent": null,
        "reviewCreatedVersion": "1.0.0005881",
        "reviewId": "5c2d3d0a-e460-436f-bdde-e8ea7ae48c9e",
        "score": 1,
        "thumbsUpCount": 0,
        "userImage": "https://play-lh.googleusercontent.com/a-/ALV-UjVr-XFkgBBpBMnkPzx_vJyHyDwCdo_bHNmGPdivZ7nkzSM",
        "userName": "Emad Kawekji"
    },
    {
        "appVersion": null,
        "at": "2021-08-03 15:23:50",
        "content": "Only adds on this app bad very bad",
        "repliedAt": null,
        "replyContent": null,
        "reviewCreatedVersion": null,
        "reviewId": "4c80a15f-2725-4573-8dec-5fb35eae6848",
        "score": 1,
        "thumbsUpCount": 0,
        "userImage": "https://play-lh.googleusercontent.com/a-/ALV-UjU4MydYWwPAcvSMafMMbg62DE74YCocwWKEy8XmAjlZA7c",
        "userName": "Mr Ahmed"
    },
    {
        "appVersion": "1.0.0005881",
        "at": "2021-08-02 09:26:37",
        "content": "Totally wrong, does not measure inside and I got sensors on my phone...",
        "repliedAt": null,
        "replyContent": null,
        "reviewCreatedVersion": "1.0.0005881",
        "reviewId": "a800b119-54ca-47aa-aadc-2135658a513f",
        "score": 1,
        "thumbsUpCount": 11,
        "userImage": "https://play-lh.googleusercontent.com/a/ACg8ocJ-Lln_fxALBgmdepxYq0_JGGtCVhm0O7AU8Q_dM2Iq=mo",
        "userName": "John Olshena"
    },
    {
        "appVersion": null,
        "at": "2021-07-21 06:35:06",
        "content": "humidity cheaker is an excellent and helpful app in play store quality of this app is better than other apps I like to use",
        "repliedAt": null,
        "replyContent": null,
        "reviewCreatedVersion": null,
        "reviewId": "1ef1e268-1606-4abe-b41c-29df988cfa52",
        "score": 5,
        "thumbsUpCount": 2,
        "userImage": "https://play-lh.googleusercontent.com/a/ACg8ocK9V7STVB3e-uTxDm79rfQBoXbyV_Uaz2djqPUCt3jw=mo",
        "userName": "monro94 monro94"
    },
    {
        "appVersion": null,
        "at": "2021-07-20 06:21:58",
        "content": "Perfect reading from this humidity checker",
        "repliedAt": null,
        "replyContent": null,
        "reviewCreatedVersion": null,
        "reviewId": "649acdde-d631-42dc-a9f5-78daf3ac7d30",
        "score": 5,
        "thumbsUpCount": 2,
        "userImage": "https://play-lh.googleusercontent.com/a/ACg8ocIuAG3-EdAPAWYtC2CD9MZQZoxXHyV5djiWu0VkcqYx=mo",
        "userName": "Choudhary Abubakarsaddique"
    },
    {
        "appVersion": "1.0.0005881",
        "at": "2021-07-20 00:07:35",
        "content": "Accurate humidity checker",
        "repliedAt": null,
        "replyContent": null,
        "reviewCreatedVersion": "1.0.0005881",
        "reviewId": "8d05318f-85bf-4598-b024-1d003107cc97",
        "score": 5,
        "thumbsUpCount": 9,
        "userImage": "https://play-lh.googleusercontent.com/a-/ALV-UjXGuP1WJN4MPadka1kXG5ktRnICKu2WkkVVzY-klD5Hgg",
        "userName": "Asgher Ali"
    }
]