[
    {
        "appVersion": "1.2",
        "at": "2023-11-01 01:34:15",
        "content": "Not useful at all it's just a wastage of time",
        "repliedAt": null,
        "replyContent": null,
        "reviewCreatedVersion": "1.2",
        "reviewId": "d7d551c7-1a63-4e15-96d2-5903f18b7fd9",
        "score": 1,
        "thumbsUpCount": 0,
        "userImage": "https://play-lh.googleusercontent.com/a/ACg8ocJnHMkkyPr4jySaE5Y0ehauGSEa7sTLkSZSHo79A5ka=mo",
        "userName": "Sonika Chohan"
    },
    {
        "appVersion": "1.2",
        "at": "2023-10-31 19:46:44",
        "content": "Maybe make an app that functions before you launch it",
        "repliedAt": null,
        "replyContent": null,
        "reviewCreatedVersion": "1.2",
        "reviewId": "effeef3e-40fa-4461-8f4d-c771a48755c0",
        "score": 1,
        "thumbsUpCount": 0,
        "userImage": "https://play-lh.googleusercontent.com/a-/ALV-UjUFPLAkmuZmSMrsMk9paRhlR4EQ8FTrgvMHpysyWneDrA",
        "userName": "Adam Smith"
    },
    {
        "appVersion": "1.2",
        "at": "2023-07-16 02:25:24",
        "content": "Some problem",
        "repliedAt": null,
        "replyContent": null,
        "reviewCreatedVersion": "1.2",
        "reviewId": "c022f401-7ddc-4acf-acc4-bf8022cd871e",
        "score": 3,
        "thumbsUpCount": 0,
        "userImage": "https://play-lh.googleusercontent.com/a-/ALV-UjV81r-kNsWcCqHEZhXks952n2EJez9Z9p4j3ZTOfqPTSks",
        "userName": "Nathan Mingle"
    },
    {
        "appVersion": null,
        "at": "2023-06-14 21:47:41",
        "content": "DOES NOT WORK",
        "repliedAt": null,
        "replyContent": null,
        "reviewCreatedVersion": null,
        "reviewId": "d26bf7eb-869e-4957-9554-314f90680768",
        "score": 1,
        "thumbsUpCount": 0,
        "userImage": "https://play-lh.googleusercontent.com/a-/ALV-UjUyCwRG_IRbCC7x7cV4F5V4AzhkakyUV7CsJKHEKyFDKvg",
        "userName": "Abhigna Desai"
    },
    {
        "appVersion": null,
        "at": "2023-04-23 00:19:13",
        "content": "Didn't work this app \ud83e\udd7a",
        "repliedAt": null,
        "replyContent": null,
        "reviewCreatedVersion": null,
        "reviewId": "01c77d8e-a0c1-42fe-a79f-3e5f1dd9d7c6",
        "score": 1,
        "thumbsUpCount": 0,
        "userImage": "https://play-lh.googleusercontent.com/a/ACg8ocLOYXgoUPn1YlVZDelA97zUEV8Ajt92yUrk_NtWo7Re=mo",
        "userName": "Kalash Swarnkar"
    },
    {
        "appVersion": null,
        "at": "2023-03-07 02:34:37",
        "content": "Bs app",
        "repliedAt": null,
        "replyContent": null,
        "reviewCreatedVersion": null,
        "reviewId": "d6816dd4-11a9-4911-90f7-359c169fa4ee",
        "score": 1,
        "thumbsUpCount": 0,
        "userImage": "https://play-lh.googleusercontent.com/a/ACg8ocIpVsNpMSQLwaVEfdxxou7nTbcexZ_iXVr5qTb4q8k4=mo",
        "userName": "haseeb naveed"
    }
]