[
    {
        "appVersion": "1.5",
        "at": "2023-07-29 21:39:32",
        "content": "A lot different to what the ad for it is and what the desc is Don't rly like it tbh Also too many ads sry bug not good",
        "repliedAt": null,
        "replyContent": null,
        "reviewCreatedVersion": "1.5",
        "reviewId": "5750baef-e9b3-48e9-b89e-9ac06c77ccda",
        "score": 1,
        "thumbsUpCount": 0,
        "userImage": "https://play-lh.googleusercontent.com/a/ACg8ocIQgjjQvgX5bpT3mZQAjvP6-PDeZULUGhURymXL6zVh=mo",
        "userName": "Alex Morgan"
    },
    {
        "appVersion": null,
        "at": "2023-02-28 06:07:38",
        "content": "Very nice",
        "repliedAt": null,
        "replyContent": null,
        "reviewCreatedVersion": null,
        "reviewId": "6826789c-225a-47d0-96a2-8c8340bd5c3c",
        "score": 5,
        "thumbsUpCount": 0,
        "userImage": "https://play-lh.googleusercontent.com/a/ACg8ocJ_i0nWC-XzQhPH9ot8tyhvlyZhFa3pX93ENI10WNuc=mo",
        "userName": "Bhim Thami"
    },
    {
        "appVersion": null,
        "at": "2023-01-29 06:08:21",
        "content": "The best game in the Play market",
        "repliedAt": null,
        "replyContent": null,
        "reviewCreatedVersion": null,
        "reviewId": "478b1a2f-44b3-4b70-949e-395b2cd38e86",
        "score": 5,
        "thumbsUpCount": 1,
        "userImage": "https://play-lh.googleusercontent.com/a/ACg8ocI6yOsm1RCnAoN8LbUMQdfucVLAOk8uZ4x2Yd9BMY7v=mo",
        "userName": "BECKO"
    },
    {
        "appVersion": "1.3",
        "at": "2023-01-02 16:54:08",
        "content": "Nah",
        "repliedAt": null,
        "replyContent": null,
        "reviewCreatedVersion": "1.3",
        "reviewId": "884b0d55-f8c8-4e2e-9dec-3bc6499eb540",
        "score": 1,
        "thumbsUpCount": 2,
        "userImage": "https://play-lh.googleusercontent.com/a/ACg8ocLus7Osftm17yfR3u0PE4A0KqKxJPRNuO3aIbXCErQr=mo",
        "userName": "Oby Dutch"
    },
    {
        "appVersion": "1.1",
        "at": "2022-10-07 10:16:01",
        "content": "This game is fun I love everything about it.. I just hope there's a split screen mode on this game so I can play and watch on the phone at the same time",
        "repliedAt": null,
        "replyContent": null,
        "reviewCreatedVersion": "1.1",
        "reviewId": "0dbbb7d5-736b-499b-ab1a-80646c1a6df8",
        "score": 5,
        "thumbsUpCount": 2,
        "userImage": "https://play-lh.googleusercontent.com/a-/ALV-UjUZZ_mJUY-wxetkYcP9_K_yiIIHRJn3CXGYN4fzu3iL-TI",
        "userName": "BoXOnE GAMING"
    }
]