[
    {
        "appVersion": "9.0",
        "at": "2023-11-15 19:08:57",
        "content": "Scam!!!!!! Made two withdrawals. Money disappeared like this owners website",
        "repliedAt": null,
        "replyContent": null,
        "reviewCreatedVersion": "9.0",
        "reviewId": "a227f81f-6fea-416a-9bc6-5de704834e0e",
        "score": 1,
        "thumbsUpCount": 0,
        "userImage": "https://play-lh.googleusercontent.com/a/ACg8ocJvk_ecMrb56VOa8RK5P5m0qqIjAhmTmTapttP5e5xO=mo",
        "userName": "D Vespe"
    },
    {
        "appVersion": "9.0",
        "at": "2023-11-10 20:13:23",
        "content": "Will not accept Canadian postal code. No customer support in app. Perfect scam for identity theft.",
        "repliedAt": null,
        "replyContent": null,
        "reviewCreatedVersion": "9.0",
        "reviewId": "ba256782-b919-4081-b728-a06cf119f0c2",
        "score": 1,
        "thumbsUpCount": 0,
        "userImage": "https://play-lh.googleusercontent.com/a-/ALV-UjUHd2PWFaW1FzQi9lESNaZUQxI8T8oVexUKfNalm8rmUA",
        "userName": "Ammon Thibeau"
    },
    {
        "appVersion": "9.0",
        "at": "2023-11-08 11:55:56",
        "content": "The app is just a waste of time",
        "repliedAt": null,
        "replyContent": null,
        "reviewCreatedVersion": "9.0",
        "reviewId": "ee6ff726-fc71-479e-8bbf-fb862c136df1",
        "score": 1,
        "thumbsUpCount": 0,
        "userImage": "https://play-lh.googleusercontent.com/a/ACg8ocJPj1_n4kp3gtyvaJx4KqPJbG28xLwz9hF6_8w36bBz=mo",
        "userName": "Sam maina"
    },
    {
        "appVersion": "9.0",
        "at": "2023-10-30 14:06:17",
        "content": "Oszustwo nic wiecej nie polecam !!!!!!!!",
        "repliedAt": null,
        "replyContent": null,
        "reviewCreatedVersion": "9.0",
        "reviewId": "63b5a000-173e-474b-b504-c73649a6568a",
        "score": 1,
        "thumbsUpCount": 0,
        "userImage": "https://play-lh.googleusercontent.com/a-/ALV-UjXjFoBiLJQPxr4LuYffvujMOTRhM2W4gcUxCBfkQcIsDw0",
        "userName": "Arkadiusz Gawli\u0144ski"
    },
    {
        "appVersion": "9.0",
        "at": "2023-10-19 00:27:10",
        "content": "Nuw",
        "repliedAt": null,
        "replyContent": null,
        "reviewCreatedVersion": "9.0",
        "reviewId": "fbf3216b-1f05-48f7-a30f-0f6fff5c6d4d",
        "score": 5,
        "thumbsUpCount": 0,
        "userImage": "https://play-lh.googleusercontent.com/a-/ALV-UjU0LiTmPZL4Ooippd68sOiJiW2rUQQfEocSzHct9lyn1DA",
        "userName": "Chuy Gaytan"
    },
    {
        "appVersion": "9.0",
        "at": "2023-10-18 05:52:32",
        "content": "Hello. No payment. There is no way to contact. This is fake.",
        "repliedAt": null,
        "replyContent": null,
        "reviewCreatedVersion": "9.0",
        "reviewId": "68cc057e-b32f-40f8-a536-646848fc228a",
        "score": 1,
        "thumbsUpCount": 0,
        "userImage": "https://play-lh.googleusercontent.com/a/ACg8ocIuu495xtTOSPzc2hrsHLD23q3rsiuAADsid4xjJScD=mo",
        "userName": "meysam m.j"
    },
    {
        "appVersion": null,
        "at": "2023-10-17 05:34:17",
        "content": "Who launched this app.? Fake app everywhere. This total fake. And very poor",
        "repliedAt": null,
        "replyContent": null,
        "reviewCreatedVersion": null,
        "reviewId": "d5d5bd0a-edf9-4d53-992a-7fdc19984896",
        "score": 1,
        "thumbsUpCount": 0,
        "userImage": "https://play-lh.googleusercontent.com/a-/ALV-UjX0MNVQpQF7TLu3UEYH-ruHwTQhZo2FcHwJd2uP5aAWug",
        "userName": "Effizzy Fricky"
    },
    {
        "appVersion": "9.0",
        "at": "2023-10-16 23:44:35",
        "content": "This app I reached Withdraw to my Trust wallet I don't know point after 24hrs to Credit me, to my wallet address Wast of mine, 4000 Wast of withdrawal not good after 24hrs I wait for me minimum, app not pay me after I get a minimum 4,000 please my money if you pay me, I changed the 1 Star*5 and this everything good. Please and please pay after 24hrs",
        "repliedAt": null,
        "replyContent": null,
        "reviewCreatedVersion": "9.0",
        "reviewId": "6fd756dc-9806-4205-b01f-d2354494e056",
        "score": 1,
        "thumbsUpCount": 0,
        "userImage": "https://play-lh.googleusercontent.com/a-/ALV-UjWq0yYdBMDe7lGRfGC3llPzXWQpThT6ix-WwQHnYIrJDmk",
        "userName": "OLA Tunji"
    },
    {
        "appVersion": "9.0",
        "at": "2023-10-14 08:26:25",
        "content": "Scam, Lies, BS & more Lies",
        "repliedAt": null,
        "replyContent": null,
        "reviewCreatedVersion": "9.0",
        "reviewId": "d6bb1c36-3da8-479a-99f3-68507df0deca",
        "score": 1,
        "thumbsUpCount": 0,
        "userImage": "https://play-lh.googleusercontent.com/a/ACg8ocJQra6mVWlQTRyWvjZq6z7iNEHRrq54PDgWkQmuVpG7aZY=mo",
        "userName": "Jennifer \u201cRed\u201d Fernandez"
    },
    {
        "appVersion": "9.0",
        "at": "2023-09-25 22:44:39",
        "content": "Mined and can't upload photo to verify account so u won't get paid. No way to contact anyone waste of time. Ugh",
        "repliedAt": null,
        "replyContent": null,
        "reviewCreatedVersion": "9.0",
        "reviewId": "fde7a467-abcc-4119-9060-2b2ea1e529ed",
        "score": 1,
        "thumbsUpCount": 0,
        "userImage": "https://play-lh.googleusercontent.com/a-/ALV-UjWUT-sRL1erM7tymyHUlZqXlgL2eVjapafhT7aWk-sSEW_3",
        "userName": "NAE \u201cNae Nae\u201d NAE"
    },
    {
        "appVersion": "9.0",
        "at": "2023-09-14 15:21:09",
        "content": "Cool",
        "repliedAt": null,
        "replyContent": null,
        "reviewCreatedVersion": "9.0",
        "reviewId": "fc5bacfb-c645-4f17-aeeb-eff968d088a2",
        "score": 5,
        "thumbsUpCount": 0,
        "userImage": "https://play-lh.googleusercontent.com/a-/ALV-UjUL7_CSUcFj9sGx0ldA1xG_cChhei8CAw_rewBp1Y81sQ",
        "userName": "Lawrence Udonsek"
    },
    {
        "appVersion": "9.0",
        "at": "2023-09-12 13:09:25",
        "content": "Everything seemed good at first I even went over the 4000 Mark and went all the way to over 6000 and was supposed to receive $1550 within 24hrs and still have not received anything so not even leaving a star until even a email gets replied back 2",
        "repliedAt": null,
        "replyContent": null,
        "reviewCreatedVersion": "9.0",
        "reviewId": "8998a74a-e552-4803-806c-e62f38356fa6",
        "score": 1,
        "thumbsUpCount": 0,
        "userImage": "https://play-lh.googleusercontent.com/a/ACg8ocKxaG8heuE6olSPZeyNGmb97DFcxzQAfc4yY5UjzFZB3w=mo",
        "userName": "Joshua West"
    },
    {
        "appVersion": "9.0",
        "at": "2023-09-11 17:53:00",
        "content": "There's no dought that the owner of this app kicked the bucket.when u contact him by email your eyes will remain in the sky as the withdraw of this wasting time app.",
        "repliedAt": null,
        "replyContent": null,
        "reviewCreatedVersion": "9.0",
        "reviewId": "d70104f7-605f-4f19-85f1-408397676f9b",
        "score": 1,
        "thumbsUpCount": 0,
        "userImage": "https://play-lh.googleusercontent.com/a/ACg8ocJgUzv_bvB0UqTBVS1Q3luSVmgo4uOo1MxMW7Go29XB=mo",
        "userName": "RUTIYOMBA Honore Gentil Bc"
    },
    {
        "appVersion": "9.0",
        "at": "2023-09-09 10:12:36",
        "content": "Mine ETH is a nice mining device and very simple to operate without stress with ur phone any type of Android I had done for 4-5 times now though I started with Naira account but I was advice to use Dollar account with Swift code which I did it so am still waiting to be received funds at Lagos axis Nigeria Akowonjo branch joke apart is straight forward if that one to talk abt.",
        "repliedAt": null,
        "replyContent": null,
        "reviewCreatedVersion": "9.0",
        "reviewId": "94a7c8ee-7836-423b-9a8c-13a8617eeb39",
        "score": 5,
        "thumbsUpCount": 0,
        "userImage": "https://play-lh.googleusercontent.com/a-/ALV-UjWrm0_rDUsE_k97KPvAHPXbbnZB_7-HTUrimHDP4on9-bk",
        "userName": "Kudomo Williams"
    },
    {
        "appVersion": null,
        "at": "2023-09-05 07:10:38",
        "content": "I would make it 5 stars if you could now pay my ETH Withdrawals in Binance Exchange. Last time withdrawal was thru Coins.ph but not paid where I used ERC2O as my Network. Next time it would TRC20 which has lesser Transaction Fees. Please comment what network to use.",
        "repliedAt": null,
        "replyContent": null,
        "reviewCreatedVersion": null,
        "reviewId": "9a0fcd4b-c4e1-4873-9c28-e1b6fb2d0670",
        "score": 4,
        "thumbsUpCount": 0,
        "userImage": "https://play-lh.googleusercontent.com/a-/ALV-UjWfYbj4nkyI_CNXmWyiebRv-PjD4ZY8JrwErIZLiWwuag",
        "userName": "Bondjing Javier"
    },
    {
        "appVersion": null,
        "at": "2023-09-01 14:46:04",
        "content": "Scam",
        "repliedAt": null,
        "replyContent": null,
        "reviewCreatedVersion": null,
        "reviewId": "d15980e2-f055-4d9a-8821-0e4aefb9eca8",
        "score": 1,
        "thumbsUpCount": 0,
        "userImage": "https://play-lh.googleusercontent.com/a-/ALV-UjX61hi8l4ZrFnu3VFqfIy_D82fxjN1ycOdxI68EvwQn-Co",
        "userName": "ahmad smady"
    },
    {
        "appVersion": "9.0",
        "at": "2023-08-31 19:55:33",
        "content": "The ads is a killer rubbish",
        "repliedAt": null,
        "replyContent": null,
        "reviewCreatedVersion": "9.0",
        "reviewId": "f69573d3-c62e-467f-84da-ef29fa09b412",
        "score": 1,
        "thumbsUpCount": 0,
        "userImage": "https://play-lh.googleusercontent.com/a/ACg8ocIBP3gyn9HrZd8Z5bCO2FDiNvtFgFVjBxqw-pmXXZ16=mo",
        "userName": "Funsho Olabode"
    },
    {
        "appVersion": "9.0",
        "at": "2023-08-28 09:37:41",
        "content": "I want to make wildraw am in I can not my I have reached were they ask to upload pictures the we be telling me upload pictures more then a week nw want we I do please some one should help thank you",
        "repliedAt": null,
        "replyContent": null,
        "reviewCreatedVersion": "9.0",
        "reviewId": "3e6c21a5-dd2d-43fa-a98e-88a0b92b37df",
        "score": 5,
        "thumbsUpCount": 0,
        "userImage": "https://play-lh.googleusercontent.com/a/ACg8ocIusp83FEp1wBgCOyegBOb79f-HAdozM-7yD0vtfp8-=mo",
        "userName": "Afoye Anthony"
    },
    {
        "appVersion": "9.0",
        "at": "2023-08-27 04:35:31",
        "content": "fake fake fake fake App",
        "repliedAt": null,
        "replyContent": null,
        "reviewCreatedVersion": "9.0",
        "reviewId": "65e513ba-538f-41cb-b858-13d887b0b288",
        "score": 1,
        "thumbsUpCount": 0,
        "userImage": "https://play-lh.googleusercontent.com/a/ACg8ocI0Q-EIR9da87v82fq6Jfx3swgMCJ2vZGjGgEt41-Nl=mo",
        "userName": "Babak Shahbaz"
    },
    {
        "appVersion": "9.0",
        "at": "2023-08-25 10:51:54",
        "content": "It's a FAKE App. Very poor because you will only succeed in wasting your Time and Data by mining FAKE 4000 points that you can't withdraw. Better to imagine than experience.",
        "repliedAt": null,
        "replyContent": null,
        "reviewCreatedVersion": "9.0",
        "reviewId": "68aae8bd-5862-4ad0-a1f0-5cccee1cb2e5",
        "score": 1,
        "thumbsUpCount": 0,
        "userImage": "https://play-lh.googleusercontent.com/a-/ALV-UjUd0eJcKGgN22Z9Qtbr-alqtk5dFnUT5X5lGSd0gAixcdE",
        "userName": "Md Ladan"
    },
    {
        "appVersion": "9.0",
        "at": "2023-08-18 13:25:27",
        "content": "What is wrong with this app actually I have good experience when it comes to mining but when it comes to withdraw it very bad \ud83d\udc4e I put all my details that they asked just to withdraw and I dropped it all if I tell you that till now I don't see anything in my account! My 40000 ponit disappeared why is it like that? Please I want to know.",
        "repliedAt": null,
        "replyContent": null,
        "reviewCreatedVersion": "9.0",
        "reviewId": "b6e76fdb-4288-4a95-9a51-3d1ceae1213a",
        "score": 3,
        "thumbsUpCount": 3,
        "userImage": "https://play-lh.googleusercontent.com/a-/ALV-UjUonE5t8YM4Ji_eSAnuIjAMcdUrzlVJKNOyGC_Q9uGtUuo",
        "userName": "Jolomi Jotos"
    },
    {
        "appVersion": "9.0",
        "at": "2023-08-18 12:50:17",
        "content": "Please my money withdrawal complet point 4000 help money",
        "repliedAt": null,
        "replyContent": null,
        "reviewCreatedVersion": "9.0",
        "reviewId": "c0229321-70a2-42ea-adcb-65afd2687b3a",
        "score": 3,
        "thumbsUpCount": 0,
        "userImage": "https://play-lh.googleusercontent.com/a-/ALV-UjWPlRVX9OC-osj-8Mxqp1Rya70_vnXvn6nZeyWJbQb7Hg",
        "userName": "kithsiri chandimal"
    },
    {
        "appVersion": "9.0",
        "at": "2023-08-15 09:05:33",
        "content": "Scammmm run because they will not credit u. Very easy to use but is fake so run",
        "repliedAt": null,
        "replyContent": null,
        "reviewCreatedVersion": "9.0",
        "reviewId": "60710d49-134f-4985-957b-dd0cf596edde",
        "score": 1,
        "thumbsUpCount": 0,
        "userImage": "https://play-lh.googleusercontent.com/a-/ALV-UjXVr-qIoxdtQHzSIweXOYl76foc05Do25HlKJm1vrIQHWw",
        "userName": "Boy Jay"
    },
    {
        "appVersion": null,
        "at": "2023-08-14 08:54:39",
        "content": "I don't think anyone should install this app, it's 100% a scam and i strongly believe the intentions of this application are actually selfish and whoever tries it must be very careful, the best advise is for you to stay away completely. I suggest that this particular application be banned from play store with immediate effect.",
        "repliedAt": null,
        "replyContent": null,
        "reviewCreatedVersion": null,
        "reviewId": "da751933-0308-4d8a-8400-ae7ca34bb000",
        "score": 1,
        "thumbsUpCount": 0,
        "userImage": "https://play-lh.googleusercontent.com/a-/ALV-UjVBgWX8tO5LQffFBJ36AgqmwhCfIw_6BC3aa_nhrkrHy2k",
        "userName": "Frank Mwandha Basalirwa"
    },
    {
        "appVersion": "9.0",
        "at": "2023-08-12 18:45:15",
        "content": "I just can't belive the google play is jerking us we in this appi got 4000 points that is the same as 1000$ i just sent a withdral to my direct bank account i verified my acc in the app still no cash this is a fake game why is no one responsible hear for those kind of fake apps why ?",
        "repliedAt": null,
        "replyContent": null,
        "reviewCreatedVersion": "9.0",
        "reviewId": "c7757f68-bb97-44e8-8b8a-ae635b26c631",
        "score": 1,
        "thumbsUpCount": 2,
        "userImage": "https://play-lh.googleusercontent.com/a/ACg8ocLwGyzTnWpT-u0PhBz42T39GqBSd0G60IPLJ4LngZDy=mo",
        "userName": "Global Yatana"
    },
    {
        "appVersion": "9.0",
        "at": "2023-08-12 14:15:10",
        "content": "Fake application Doesn't give anything just waste of time.",
        "repliedAt": null,
        "replyContent": null,
        "reviewCreatedVersion": "9.0",
        "reviewId": "68642e7f-8689-484d-ad00-78eed301d413",
        "score": 1,
        "thumbsUpCount": 0,
        "userImage": "https://play-lh.googleusercontent.com/a-/ALV-UjXpCim_e_1_SuLo4x71lz7ebD17KNE5pF56M71GAj_u4sI",
        "userName": "Narcos _ss"
    },
    {
        "appVersion": null,
        "at": "2023-08-10 13:34:46",
        "content": "Strong",
        "repliedAt": null,
        "replyContent": null,
        "reviewCreatedVersion": null,
        "reviewId": "df1f6b7f-e899-4edc-8f7c-78199d48f27b",
        "score": 5,
        "thumbsUpCount": 0,
        "userImage": "https://play-lh.googleusercontent.com/a-/ALV-UjVhLTNxC8t0EAOueJaV8qFAj-J98UbYe_kuNIqFoU3Eig",
        "userName": "What Times"
    },
    {
        "appVersion": "9.0",
        "at": "2023-08-09 20:54:32",
        "content": "At first so confusing but needs to understand everything written therein.Just memorized the flow how to mining then do your kyc also after you registered.",
        "repliedAt": null,
        "replyContent": null,
        "reviewCreatedVersion": "9.0",
        "reviewId": "43856a36-b161-4e8c-afd9-1ac0997dc8a5",
        "score": 5,
        "thumbsUpCount": 0,
        "userImage": "https://play-lh.googleusercontent.com/a-/ALV-UjWkYH_fpWERXQpuP4F9A9ysf_W4CamCKBn_5hnsYwLeag",
        "userName": "Rebecca Sulit"
    },
    {
        "appVersion": null,
        "at": "2023-08-08 16:18:44",
        "content": "2 times fake withdrawal Its fake don,t wast your time",
        "repliedAt": null,
        "replyContent": null,
        "reviewCreatedVersion": null,
        "reviewId": "be7467e6-f203-4c02-91ef-66fbfb8d4bb9",
        "score": 1,
        "thumbsUpCount": 0,
        "userImage": "https://play-lh.googleusercontent.com/a-/ALV-UjUvK9ykVZLIECQ59h6nY34QXK-J3Fv0zAqXFBaoCGQrpg",
        "userName": "Mohamed Abdullaahi"
    },
    {
        "appVersion": "9.0",
        "at": "2023-08-08 13:58:33",
        "content": "Scam",
        "repliedAt": null,
        "replyContent": null,
        "reviewCreatedVersion": "9.0",
        "reviewId": "893a3cb9-7b12-4e1f-a298-7400a6119c95",
        "score": 1,
        "thumbsUpCount": 0,
        "userImage": "https://play-lh.googleusercontent.com/a/ACg8ocJUa_4Mp1STRbgEjN3gHIaMPreLF7VQ0KZ3RvfHHijd=mo",
        "userName": "King AD"
    },
    {
        "appVersion": "9.0",
        "at": "2023-08-08 12:12:31",
        "content": "App is fake it don't pay and the website thy say u can contact them is a blank",
        "repliedAt": null,
        "replyContent": null,
        "reviewCreatedVersion": "9.0",
        "reviewId": "3aef3d70-00c0-4800-aefd-f1000432bd96",
        "score": 1,
        "thumbsUpCount": 1,
        "userImage": "https://play-lh.googleusercontent.com/a-/ALV-UjWqRgdQ2ooOa2oKV9QBIRNaujNJNIOHYRG228RTXq50DEAZ",
        "userName": "Moegamat Manshoer"
    },
    {
        "appVersion": null,
        "at": "2023-08-06 11:44:36",
        "content": "Lies bombo app",
        "repliedAt": null,
        "replyContent": null,
        "reviewCreatedVersion": null,
        "reviewId": "69b7ece3-bd5e-4853-8459-b5f8ffe2c2e0",
        "score": 1,
        "thumbsUpCount": 0,
        "userImage": "https://play-lh.googleusercontent.com/a/ACg8ocKJkq1bFMI9f4SUuJKOQPc-MX7hm05PuzQ2Sp15OJg=mo",
        "userName": "Rebaone Williams"
    },
    {
        "appVersion": "9.0",
        "at": "2023-08-05 09:38:25",
        "content": "Very strong project.",
        "repliedAt": null,
        "replyContent": null,
        "reviewCreatedVersion": "9.0",
        "reviewId": "636b8de8-7818-479e-b98e-04a6fd5bbd97",
        "score": 5,
        "thumbsUpCount": 1,
        "userImage": "https://play-lh.googleusercontent.com/a-/ALV-UjXsMTWYJUo7YVuuF4UwAsy4dhq3mXdrlsJ8jefvKaZHfjw",
        "userName": "Ayar ahmed"
    },
    {
        "appVersion": "9.0",
        "at": "2023-08-04 19:28:43",
        "content": "Really really I love this app",
        "repliedAt": null,
        "replyContent": null,
        "reviewCreatedVersion": "9.0",
        "reviewId": "96c06e35-1b75-449a-9fd8-d8449f707c40",
        "score": 5,
        "thumbsUpCount": 1,
        "userImage": "https://play-lh.googleusercontent.com/a-/ALV-UjVEFgkzoG-usMvOHAMS4C2IwRzW9U-IwSc1NwyjqSgEpOQ",
        "userName": "George Nsah"
    },
    {
        "appVersion": "9.0",
        "at": "2023-08-03 18:11:12",
        "content": "Hello everyone, unfortunately, I reached the withdrawal point three times, but there is no payment. Don't waste your time. Google should remove the fraudulent software. Thank you.",
        "repliedAt": null,
        "replyContent": null,
        "reviewCreatedVersion": "9.0",
        "reviewId": "fb1e8b9f-6573-43be-9dfc-13c424b00fca",
        "score": 1,
        "thumbsUpCount": 9,
        "userImage": "https://play-lh.googleusercontent.com/a/ACg8ocIHAp-PVae5AjSyYR_t1vfEjxNG6yWacbnjtDtj69gN=mo",
        "userName": "Hamid Rf"
    },
    {
        "appVersion": "9.0",
        "at": "2023-08-02 16:54:39",
        "content": "Weste of time no payment as it stipulated",
        "repliedAt": null,
        "replyContent": null,
        "reviewCreatedVersion": "9.0",
        "reviewId": "6bb813e9-7d25-4f37-8782-20526119b816",
        "score": 1,
        "thumbsUpCount": 1,
        "userImage": "https://play-lh.googleusercontent.com/a-/ALV-UjWpy50VIko356MPBzZ3FX3H213URBsUh4rwQ_EvENiNf8o",
        "userName": "Abdul Bukar Dikwa"
    },
    {
        "appVersion": "9.0",
        "at": "2023-08-02 04:46:41",
        "content": "I've been dilligently mining for 3 days and havent recoeved my withdrawal. This is a scam app don't use it.",
        "repliedAt": null,
        "replyContent": null,
        "reviewCreatedVersion": "9.0",
        "reviewId": "7273d6b2-68c4-4ee4-add8-1293025e8c7e",
        "score": 1,
        "thumbsUpCount": 2,
        "userImage": "https://play-lh.googleusercontent.com/a/ACg8ocIWIZC5EM1-eeBbq7w6_BJ3OXMv1PaT7yZcNmajz5l3=mo",
        "userName": "Iman Mutoni"
    },
    {
        "appVersion": null,
        "at": "2023-07-31 00:12:54",
        "content": "Thish is fake side don't wast time guys",
        "repliedAt": null,
        "replyContent": null,
        "reviewCreatedVersion": null,
        "reviewId": "3a5c74bf-b988-4c0d-b15c-ca7fcc32dd5e",
        "score": 1,
        "thumbsUpCount": 0,
        "userImage": "https://play-lh.googleusercontent.com/a-/ALV-UjW44CFP6Cd5GpCLybBBDZB6XCz5KiNHNhpMKWAhWWydZEw",
        "userName": "Subash Acharya"
    },
    {
        "appVersion": "9.0",
        "at": "2023-07-30 05:57:14",
        "content": "I withdraw 2 time. But not successful",
        "repliedAt": null,
        "replyContent": null,
        "reviewCreatedVersion": "9.0",
        "reviewId": "bb894dc9-5e6d-40dd-bae2-ecaf7feaec71",
        "score": 1,
        "thumbsUpCount": 1,
        "userImage": "https://play-lh.googleusercontent.com/a/ACg8ocLygFiUJ_9uPZqHMqbiLpYgAj6AYy6banS7_qa9s_AZ=mo",
        "userName": "Prabath Jayasooriya"
    },
    {
        "appVersion": null,
        "at": "2023-07-29 21:05:04",
        "content": "Ive been wasting my time? Smh. I just cqme back to the reviews. Not one good feedback. Now im getting really fed up of these fraudulent apps. Time to report them",
        "repliedAt": null,
        "replyContent": null,
        "reviewCreatedVersion": null,
        "reviewId": "177ca1bf-e8f6-492d-9a84-0bf3b5d18535",
        "score": 1,
        "thumbsUpCount": 1,
        "userImage": "https://play-lh.googleusercontent.com/a-/ALV-UjUUnBZuURPZ9iV7AcDVMy8Jj3E91jlkUoGKuibcP78iniVQ",
        "userName": "Angry Noobs"
    },
    {
        "appVersion": "9.0",
        "at": "2023-07-29 14:00:23",
        "content": "Wastage of your time, it's been 3 weeks after My application being successfull and haven't received any payment!! Why ?Total rubbish",
        "repliedAt": null,
        "replyContent": null,
        "reviewCreatedVersion": "9.0",
        "reviewId": "5213b78b-3f77-4507-aad4-957b525a576b",
        "score": 1,
        "thumbsUpCount": 6,
        "userImage": "https://play-lh.googleusercontent.com/a-/ALV-UjVuVkWhWnRsRGL_plaaQwfdplh2-nQcUkYL-h_WyRCrQw",
        "userName": "Johnson Wambugu"
    },
    {
        "appVersion": "9.0",
        "at": "2023-07-29 13:30:49",
        "content": "This is not only a fake app but criminally minded one. It's a waste of man and material resources.",
        "repliedAt": null,
        "replyContent": null,
        "reviewCreatedVersion": "9.0",
        "reviewId": "b57e4f04-2e38-4d37-b256-23a2122211d2",
        "score": 1,
        "thumbsUpCount": 2,
        "userImage": "https://play-lh.googleusercontent.com/a/ACg8ocJkntVtnPK7n_zTbGfEJCp1vffoss8lkhNpJojJtHsF=mo",
        "userName": "olayinka malomo"
    },
    {
        "appVersion": "9.0",
        "at": "2023-07-29 07:29:49",
        "content": "This app is interesting, lovable, and it gives you hope maybe you can earn some money and it's doesn't have ADS , I really liked it. And this app doesn't have the way you can contact them to help you NO.This app asks you government document when you going to withdraw money after that it gives 24hours to keep you waiting but they don't pay,I have been withdrawing two times but I never received money. Please team management look into that.aOnce you pay me, I will come back to change my statement",
        "repliedAt": null,
        "replyContent": null,
        "reviewCreatedVersion": "9.0",
        "reviewId": "9219ab32-69e1-4f3f-8368-7fab695b3676",
        "score": 1,
        "thumbsUpCount": 18,
        "userImage": "https://play-lh.googleusercontent.com/a-/ALV-UjXD2MPG7iTvgXHzewcLC_QTblW4P91UizGg04CbR5DWYA",
        "userName": "Nanfuka Margret"
    },
    {
        "appVersion": "9.0",
        "at": "2023-07-27 22:51:41",
        "content": "It is a scam. I withdraw nothing.",
        "repliedAt": null,
        "replyContent": null,
        "reviewCreatedVersion": "9.0",
        "reviewId": "ea75da22-a7fe-4e5b-a8ee-bd293c61900a",
        "score": 1,
        "thumbsUpCount": 0,
        "userImage": "https://play-lh.googleusercontent.com/a/ACg8ocJ8MssuGhNDsjsUBeoNCNVSNav-0PeleP33zUUZFeEBzA=mo",
        "userName": "Kirill Usoltsev"
    },
    {
        "appVersion": null,
        "at": "2023-07-27 12:31:50",
        "content": "This app 100% fake",
        "repliedAt": null,
        "replyContent": null,
        "reviewCreatedVersion": null,
        "reviewId": "be958667-e4f3-497f-a054-0400965498de",
        "score": 1,
        "thumbsUpCount": 0,
        "userImage": "https://play-lh.googleusercontent.com/a-/ALV-UjU_RsBfHOvJv22fZK1wFVRhje7pSZv-j874w_dHgKGJq_M",
        "userName": "kashif Ramzan bhatti"
    },
    {
        "appVersion": null,
        "at": "2023-07-26 10:40:30",
        "content": "This is a fraudulent app who never gives you any coin u mine, they would deceive you into buying a product that can help u mine at the end u can't withdraw. I wonder how they were able to find their way into playstore in the first place.",
        "repliedAt": null,
        "replyContent": null,
        "reviewCreatedVersion": null,
        "reviewId": "f9139431-7d57-4218-a383-4b419990b368",
        "score": 1,
        "thumbsUpCount": 0,
        "userImage": "https://play-lh.googleusercontent.com/a/ACg8ocJdgG9ErxYnMBfG2OKPO_AGq0CZeELSYfBaL5XzCoHPHA=mo",
        "userName": "suzan egbenoma"
    },
    {
        "appVersion": "9.0",
        "at": "2023-07-25 15:49:07",
        "content": "Let me have your email address I have a problem with your app",
        "repliedAt": null,
        "replyContent": null,
        "reviewCreatedVersion": "9.0",
        "reviewId": "be47b7e0-a22b-4d64-9690-de7231fda4b2",
        "score": 1,
        "thumbsUpCount": 1,
        "userImage": "https://play-lh.googleusercontent.com/a/ACg8ocIwAQNc4sY727GnRbVnc_12zjyjaUlexMNbyfXRk1zV=mo",
        "userName": "Francisca Mbogo"
    },
    {
        "appVersion": "9.0",
        "at": "2023-07-25 14:10:40",
        "content": "Fake app, Forex Broker ad",
        "repliedAt": null,
        "replyContent": null,
        "reviewCreatedVersion": "9.0",
        "reviewId": "cd21278b-4e2f-45cc-847e-ed7dc8fbc75b",
        "score": 1,
        "thumbsUpCount": 0,
        "userImage": "https://play-lh.googleusercontent.com/a/ACg8ocKqeaxUeeXBDFujNo3rKjw1f59VpEUiKOqs3e3KjqSP6A=mo",
        "userName": "Prasoetchai Daengkaew"
    },
    {
        "appVersion": "9.0",
        "at": "2023-07-25 02:50:56",
        "content": "This app is scam . When it comes to withdrawing money, it asks me to take a selfie and upload it. But the upload is not working. It doesn't work on purpose so we can't go to the next step. The producers of this app are not really human. Playstore should throw these fraudsters out of here. It has become a house thief and a house zombie. Stay away from this garbage.",
        "repliedAt": null,
        "replyContent": null,
        "reviewCreatedVersion": "9.0",
        "reviewId": "bac6c438-65a3-48c2-b684-9045fe4ccf1b",
        "score": 1,
        "thumbsUpCount": 1,
        "userImage": "https://play-lh.googleusercontent.com/a-/ALV-UjVknK_Vvutgs9WXOiOQigS08grE1EyMlqmjhWf89uT_wQ",
        "userName": "Kaveh Mahvar"
    },
    {
        "appVersion": null,
        "at": "2023-07-24 02:21:14",
        "content": "This is fake waste your are time Plz uninstall the app & Give 1 star rating Ok Plz",
        "repliedAt": null,
        "replyContent": null,
        "reviewCreatedVersion": null,
        "reviewId": "1631f4e8-1754-48b2-bdd7-2c65defff9ff",
        "score": 1,
        "thumbsUpCount": 0,
        "userImage": "https://play-lh.googleusercontent.com/a/ACg8ocI9nLpOgNLX7RF8JqvMQ3vfU3u50QUF5xaviT8B_G9B=mo",
        "userName": "Talha Khan"
    },
    {
        "appVersion": null,
        "at": "2023-07-23 10:18:22",
        "content": "Faick",
        "repliedAt": null,
        "replyContent": null,
        "reviewCreatedVersion": null,
        "reviewId": "edcfd97f-c3db-444f-8b45-c88d7016ec5f",
        "score": 1,
        "thumbsUpCount": 0,
        "userImage": "https://play-lh.googleusercontent.com/a-/ALV-UjWVJtzYPWvk0LM8-TW-OQTT-WhGKR6foh1mVLIz8WSWjg",
        "userName": "mohammad\u017a bondokji"
    },
    {
        "appVersion": "9.0",
        "at": "2023-07-22 13:06:22",
        "content": "is a good app but the kyc of this app is not do well at all.",
        "repliedAt": null,
        "replyContent": null,
        "reviewCreatedVersion": "9.0",
        "reviewId": "2b864ddc-d547-4f1c-86f7-72046a94356d",
        "score": 5,
        "thumbsUpCount": 1,
        "userImage": "https://play-lh.googleusercontent.com/a/ACg8ocKFEfRvVwipP1xtsTNewOcfu9IIJfxqzMJyB3wlYqfH=mo",
        "userName": "Iyanu tomiwa"
    },
    {
        "appVersion": "9.0",
        "at": "2023-07-22 08:31:19",
        "content": "I think its scam.becuase I mined and when I wanted withdraw ask me complete my information,but I can upload my photo,so I cant withdraw any thing....",
        "repliedAt": null,
        "replyContent": null,
        "reviewCreatedVersion": "9.0",
        "reviewId": "6d43ffad-ceff-4a5d-84ff-af76ad273b08",
        "score": 1,
        "thumbsUpCount": 1,
        "userImage": "https://play-lh.googleusercontent.com/a-/ALV-UjXDcczh0JBp_ElQrKcrzO1D44I4l1PocXWCWg4smyUid5Q",
        "userName": "zahra alibabaei"
    },
    {
        "appVersion": "9.0",
        "at": "2023-07-21 06:23:59",
        "content": "Good",
        "repliedAt": null,
        "replyContent": null,
        "reviewCreatedVersion": "9.0",
        "reviewId": "dee46914-ad2f-46ed-84db-4393cde55ac8",
        "score": 5,
        "thumbsUpCount": 0,
        "userImage": "https://play-lh.googleusercontent.com/a-/ALV-UjUNEt7fLBfGtI8hN9k_HYriAZA0eeWrJcfZwTtSzhR9ZQBR",
        "userName": "Mohsen Timory"
    },
    {
        "appVersion": "9.0",
        "at": "2023-07-20 22:39:02",
        "content": "Exciting mining app. Done with the task eaiting for the process of my withdrawal yesterday.",
        "repliedAt": null,
        "replyContent": null,
        "reviewCreatedVersion": "9.0",
        "reviewId": "e974a099-c9f1-4636-ab58-3e43dce707e6",
        "score": 5,
        "thumbsUpCount": 0,
        "userImage": "https://play-lh.googleusercontent.com/a/ACg8ocJ-oOScAUVvYGD9BwCZPGP-024k0iurYULfGBjndqBm=mo",
        "userName": "Jennifer Cruz"
    },
    {
        "appVersion": "9.0",
        "at": "2023-07-20 13:10:22",
        "content": "Nice $1000 please \ud83e\udd7a",
        "repliedAt": null,
        "replyContent": null,
        "reviewCreatedVersion": "9.0",
        "reviewId": "bb6eaac1-40ef-48d6-b9ea-50d361d88ced",
        "score": 5,
        "thumbsUpCount": 0,
        "userImage": "https://play-lh.googleusercontent.com/a/ACg8ocLIV-wb2hURXs8iw4eBIIU_vUNSwyly5I6Iz9-j1KLV=mo",
        "userName": "movie hd"
    },
    {
        "appVersion": "9.0",
        "at": "2023-07-20 12:01:58",
        "content": "Why is the owner of this app prompting for patronage when they woefully failed to send withdrawn payment to users wallet and bank account as promised.",
        "repliedAt": null,
        "replyContent": null,
        "reviewCreatedVersion": "9.0",
        "reviewId": "ecc423a6-e5ea-451e-8a8f-a48d27031cfa",
        "score": 1,
        "thumbsUpCount": 1,
        "userImage": "https://play-lh.googleusercontent.com/a/ACg8ocLByKhUfj22UTnImVKY_WF8hUZlOuSYrWmJHW4W1YuS=mo",
        "userName": "Eld. Ify Lawal"
    },
    {
        "appVersion": null,
        "at": "2023-07-20 11:17:04",
        "content": "This app is useless",
        "repliedAt": null,
        "replyContent": null,
        "reviewCreatedVersion": null,
        "reviewId": "5db9fc84-1a68-4e53-b008-f05de86bbc25",
        "score": 1,
        "thumbsUpCount": 0,
        "userImage": "https://play-lh.googleusercontent.com/a/ACg8ocK3oA75LqNXEqtdHdo15iaZnIixdQKJb_wB8TlTlbtu=mo",
        "userName": "Agadaumor Emmanuel"
    },
    {
        "appVersion": "9.0",
        "at": "2023-07-20 05:33:33",
        "content": "Has anyone downloaded this app and got a refund",
        "repliedAt": null,
        "replyContent": null,
        "reviewCreatedVersion": "9.0",
        "reviewId": "6c6c980e-85b9-44e9-977e-68c06618a5ca",
        "score": 1,
        "thumbsUpCount": 1,
        "userImage": "https://play-lh.googleusercontent.com/a-/ALV-UjXTdVoxG0QwM8vtsAD3ZqOrcnbmzodfUqOo_zRaBoDFgt0",
        "userName": "Chamara Susantha"
    },
    {
        "appVersion": "9.0",
        "at": "2023-07-20 00:42:01",
        "content": "Mining looks too easy.Minning for 4000coins and get 1000 $,meaning 0,5eth?in few days? I have serious doubts!!! But I will go for it and revert.Scam?Or for real?",
        "repliedAt": null,
        "replyContent": null,
        "reviewCreatedVersion": "9.0",
        "reviewId": "a9a01227-895c-4ee2-95ee-88b72028f3e7",
        "score": 2,
        "thumbsUpCount": 0,
        "userImage": "https://play-lh.googleusercontent.com/a/ACg8ocJI4HS-40g1fdSso_62e4GofPneLYrSu-bx3u8aBkZn=mo",
        "userName": "EPURE NICUSOR"
    },
    {
        "appVersion": "9.0",
        "at": "2023-07-17 07:51:15",
        "content": "don't receive my eth coin alrdy 24hrs. This fake and scammer, pls clear your data in Google.",
        "repliedAt": null,
        "replyContent": null,
        "reviewCreatedVersion": "9.0",
        "reviewId": "a711a7b6-bd69-4a7b-817e-1ac3d81812c6",
        "score": 1,
        "thumbsUpCount": 1,
        "userImage": "https://play-lh.googleusercontent.com/a-/ALV-UjXWC7HxJ5l66iEIwHuFx34p5akvPckzMxpGG0ZLk8Sz5Q",
        "userName": "Razak Noorman"
    },
    {
        "appVersion": "9.0",
        "at": "2023-07-15 07:57:16",
        "content": "Guys and earn as i have . Quite easy to use",
        "repliedAt": null,
        "replyContent": null,
        "reviewCreatedVersion": "9.0",
        "reviewId": "ae0ec960-3f97-407e-8360-aab140020c86",
        "score": 5,
        "thumbsUpCount": 0,
        "userImage": "https://play-lh.googleusercontent.com/a/ACg8ocKkZAKGwGLOc75Kz0YjyaxfL8PjoX5aPymkLSw17vr7=mo",
        "userName": "Moses Awini"
    },
    {
        "appVersion": "9.0",
        "at": "2023-07-14 23:17:59",
        "content": "Really good app otp",
        "repliedAt": null,
        "replyContent": null,
        "reviewCreatedVersion": "9.0",
        "reviewId": "9b4df3e0-a28f-4f7f-b7ba-bba820bcddc5",
        "score": 5,
        "thumbsUpCount": 0,
        "userImage": "https://play-lh.googleusercontent.com/a-/ALV-UjUUEMz7pCS1z4Kpb5vgIgAbEJhof1n6u9R7A8PDpXHYhw",
        "userName": "Dhorzo Roy"
    },
    {
        "appVersion": "9.0",
        "at": "2023-07-14 12:39:31",
        "content": "Will the deposit take longer than 24hrs? I was very excited but I haven't received the deposit yet.",
        "repliedAt": null,
        "replyContent": null,
        "reviewCreatedVersion": "9.0",
        "reviewId": "fe3cda23-0c4f-40da-bafa-546ec1fc0c1f",
        "score": 5,
        "thumbsUpCount": 0,
        "userImage": "https://play-lh.googleusercontent.com/a/ACg8ocLN9Fs9jVHzRN1oRCf87WBrqmXn2dwkeRsYZbSM4sKd=mo",
        "userName": "Young Shadow"
    },
    {
        "appVersion": "9.0",
        "at": "2023-07-14 07:51:41",
        "content": "You are the beste",
        "repliedAt": null,
        "replyContent": null,
        "reviewCreatedVersion": "9.0",
        "reviewId": "f5198130-0efa-48d6-aa93-0c87345239b9",
        "score": 5,
        "thumbsUpCount": 0,
        "userImage": "https://play-lh.googleusercontent.com/a/ACg8ocIKMjL7SxlpIULN1vmdz6Yjyv-Kqp1U1PWhV9DGzJEr=mo",
        "userName": "Myrvete Nila"
    },
    {
        "appVersion": "9.0",
        "at": "2023-07-12 09:31:35",
        "content": "I don't understand this app simply because is just mining if you're on the app if you back to home page it will stop and also I wanted to do my kyc but this picture is not upload",
        "repliedAt": null,
        "replyContent": null,
        "reviewCreatedVersion": "9.0",
        "reviewId": "a118a518-6f2e-4379-a3cf-298ffed94ea7",
        "score": 1,
        "thumbsUpCount": 2,
        "userImage": "https://play-lh.googleusercontent.com/a/ACg8ocJKAQSL5-cSqyI3BH9KPWoD9g4VU6rg6P7Nw2nRkJ1d=mo",
        "userName": "WASIU OLANITE"
    },
    {
        "appVersion": null,
        "at": "2023-07-11 00:15:24",
        "content": "I will give 2 star ratings now because I reached the 4000 level and placed withdrawals to my coinbase wallet on Friday 8th July 2023. It is about 72hrs since the payment that is expected to reflect in 24hrs is yet to be seen. Negative comments made by majority is a red signal for the advantage of the administrators of the App. Anyway it's hopeful something is soon done to correct the image this issue may have damaged.",
        "repliedAt": null,
        "replyContent": null,
        "reviewCreatedVersion": null,
        "reviewId": "7f4ad9e4-38aa-496e-a994-71515cc9c419",
        "score": 2,
        "thumbsUpCount": 2,
        "userImage": "https://play-lh.googleusercontent.com/a-/ALV-UjXNOW9X9x6twrvn8jUQ2v48PvioCZPoFN9Yzq96CGXUZQ",
        "userName": "Pan Bitcoin"
    },
    {
        "appVersion": "9.0",
        "at": "2023-07-10 09:35:34",
        "content": "Fake. I haven't received the funds after reaching 4000 points into my binance wallet meanwhile KYC verification is complete\ud83e\udd14\ud83d\ude12",
        "repliedAt": null,
        "replyContent": null,
        "reviewCreatedVersion": "9.0",
        "reviewId": "e3a1d1d9-035b-42fb-a2b2-ac12e9cf026e",
        "score": 1,
        "thumbsUpCount": 2,
        "userImage": "https://play-lh.googleusercontent.com/a-/ALV-UjV2kuK9Xy2qWLgGf7ADDAMoWIOq_UFnGY0m2rrXP2b-sQ",
        "userName": "Kenneth Egyir Andoh"
    },
    {
        "appVersion": "9.0",
        "at": "2023-07-09 12:46:27",
        "content": "I download like any one and finish 4000points but not give me 1000$",
        "repliedAt": null,
        "replyContent": null,
        "reviewCreatedVersion": "9.0",
        "reviewId": "754b0fc3-8dcb-43a2-9295-9045237ebb4c",
        "score": 1,
        "thumbsUpCount": 2,
        "userImage": "https://play-lh.googleusercontent.com/a-/ALV-UjXvjbsUiHv7wXwECQ_v5WTgJsydq8wsS9Yi33FPKnNkKsM",
        "userName": "Wesam Atef"
    },
    {
        "appVersion": "9.0",
        "at": "2023-07-08 12:29:17",
        "content": "Pi social Media platform Star",
        "repliedAt": null,
        "replyContent": null,
        "reviewCreatedVersion": "9.0",
        "reviewId": "38046a4f-3304-4fe1-a4d2-06ca46dad857",
        "score": 5,
        "thumbsUpCount": 0,
        "userImage": "https://play-lh.googleusercontent.com/a/ACg8ocIMVwmQjoYn6iT1lSVvg_VY2SwKa8772JOIozAJNfq6=mo",
        "userName": "Appolinaire Ntiganzwa"
    },
    {
        "appVersion": null,
        "at": "2023-07-07 15:40:26",
        "content": "This app is fake it is a weast of time please don't fall victim.",
        "repliedAt": null,
        "replyContent": null,
        "reviewCreatedVersion": null,
        "reviewId": "b656e34f-68c8-43d3-a92c-06be18c090ba",
        "score": 1,
        "thumbsUpCount": 0,
        "userImage": "https://play-lh.googleusercontent.com/a-/ALV-UjVx7aePbFeKCRfRBMI6b3jtBd1FK8GfuCXz9-tnFTfymg",
        "userName": "Afolayan Samuel"
    },
    {
        "appVersion": "9.0",
        "at": "2023-07-07 10:57:32",
        "content": "While I read your privacy policy carefully, I really appreciate your app",
        "repliedAt": null,
        "replyContent": null,
        "reviewCreatedVersion": "9.0",
        "reviewId": "9c480bb1-0b5e-40db-ba5a-0c49c6d611f6",
        "score": 5,
        "thumbsUpCount": 1,
        "userImage": "https://play-lh.googleusercontent.com/a-/ALV-UjUkZs1taRAVD0uhIVC8EguJ_-fb5VYJDNhl_PxRxsPnhW3H",
        "userName": "LWIN KO KO OO (johnny freelancer)"
    },
    {
        "appVersion": "3.0",
        "at": "2023-07-05 19:43:50",
        "content": "Why can't I receive the money that has been debited from my account, if you are true kindly reply and let me continue",
        "repliedAt": null,
        "replyContent": null,
        "reviewCreatedVersion": "3.0",
        "reviewId": "ec8fbe62-a452-489c-a3cd-41b0a5366ec4",
        "score": 1,
        "thumbsUpCount": 1,
        "userImage": "https://play-lh.googleusercontent.com/a/ACg8ocIJkGisFijOJnrGurzYo71MvUCZZARTowCqca6hnkI5=mo",
        "userName": "Bright Marvelous"
    },
    {
        "appVersion": "9.0",
        "at": "2023-07-05 13:40:31",
        "content": "I wouldn't trust this app. It wont allow you to mine without giving permission to access private files such as photos",
        "repliedAt": null,
        "replyContent": null,
        "reviewCreatedVersion": "9.0",
        "reviewId": "1a33dae2-0561-49ae-9dd3-85d491f8bc38",
        "score": 1,
        "thumbsUpCount": 9,
        "userImage": "https://play-lh.googleusercontent.com/a/ACg8ocIjOCu4Kgxpm2J4nnX7L0nX8uvuJAL7gXhRBd5WuITk=mo",
        "userName": "Lucille bothma"
    },
    {
        "appVersion": null,
        "at": "2023-07-05 05:46:56",
        "content": "Fake App Don\u2019t Play Anyone\ud83d\ude4f",
        "repliedAt": null,
        "replyContent": null,
        "reviewCreatedVersion": null,
        "reviewId": "88429019-d094-4d21-9fa7-0e997babe9d4",
        "score": 1,
        "thumbsUpCount": 0,
        "userImage": "https://play-lh.googleusercontent.com/a-/ALV-UjWkwPMSKZwemj4s1WqZBFuqTekfFALM6AgNOLol1b_79i0",
        "userName": "Abrar Talukder"
    },
    {
        "appVersion": "9.0",
        "at": "2023-07-04 23:54:21",
        "content": "This app doesn't pay Ethereum, it seems to be a complete waste of time. I've contacted the developer, after 2 payouts I received nothing from the app or the developer. DO NOT WASTE YOUR TIME ON THIS APP!!",
        "repliedAt": null,
        "replyContent": null,
        "reviewCreatedVersion": "9.0",
        "reviewId": "2b45d98a-5cda-4708-9f1c-a086e9f144e5",
        "score": 1,
        "thumbsUpCount": 36,
        "userImage": "https://play-lh.googleusercontent.com/a-/ALV-UjXrJul1X8j0cSZpUfR1SqpbsJ_X3qES6m42rvqng9BEAMU",
        "userName": "Nicholas Foley"
    },
    {
        "appVersion": "7.0",
        "at": "2023-06-25 13:32:22",
        "content": "5 star",
        "repliedAt": null,
        "replyContent": null,
        "reviewCreatedVersion": "7.0",
        "reviewId": "ef58a893-dc38-43f9-ba36-07b209bd74c1",
        "score": 5,
        "thumbsUpCount": 0,
        "userImage": "https://play-lh.googleusercontent.com/a-/ALV-UjXIHZmwga7GOlgCWO4PK8zzfP1awuaReyh5nZX6BkgBZRE",
        "userName": "Igballe Binaku"
    },
    {
        "appVersion": "7.0",
        "at": "2023-06-24 10:55:58",
        "content": "I blame play store for allowing all this nonsense app on its store Play store administration shouldn't allow fake and illegit app to be stored we are in the 21st century such scamming app shouldn't exist",
        "repliedAt": null,
        "replyContent": null,
        "reviewCreatedVersion": "7.0",
        "reviewId": "faeee524-5d8e-4ba4-8d40-60d7bfd0e127",
        "score": 1,
        "thumbsUpCount": 3,
        "userImage": "https://play-lh.googleusercontent.com/a-/ALV-UjV846r20eFcNmKUxYMLVPcxOpsu5_80a3mBaeM5_IWGMXk",
        "userName": "Anya Nzube"
    },
    {
        "appVersion": "6.0",
        "at": "2023-06-22 17:19:49",
        "content": "It is SCAM.",
        "repliedAt": null,
        "replyContent": null,
        "reviewCreatedVersion": "6.0",
        "reviewId": "51996c87-5f17-41a3-b88e-74f575442d89",
        "score": 1,
        "thumbsUpCount": 0,
        "userImage": "https://play-lh.googleusercontent.com/a/ACg8ocLVHf3utlmhb_CEVuXYR2siMz9bhGK-aRoKOMX-hDSQ=mo",
        "userName": "shahram bozorgi"
    },
    {
        "appVersion": "6.0",
        "at": "2023-06-21 03:39:50",
        "content": "Scammers",
        "repliedAt": null,
        "replyContent": null,
        "reviewCreatedVersion": "6.0",
        "reviewId": "c3426dfe-98ed-4e66-ba94-9d8c3bcdec81",
        "score": 1,
        "thumbsUpCount": 0,
        "userImage": "https://play-lh.googleusercontent.com/a/ACg8ocKaTO6xpySk6Ok_b_Xg0AGNZqzeajQj9d8T63oTEE09=mo",
        "userName": "Nickkey Nick"
    },
    {
        "appVersion": "7.0",
        "at": "2023-06-20 14:21:32",
        "content": "I had 2000 points mined. The app updated and wiped me clean.. Plus get this! The official website is a blank and nothing there .There is no way to contact support. If there is any such thing that's is .. I 3mailed the developers and nothing like you get from this app ..I was bragging on this app to.. Goes to show what you get for sharing huh?",
        "repliedAt": null,
        "replyContent": null,
        "reviewCreatedVersion": "7.0",
        "reviewId": "350cbfc1-8005-41d5-bea7-b3805ca95f78",
        "score": 1,
        "thumbsUpCount": 21,
        "userImage": "https://play-lh.googleusercontent.com/a-/ALV-UjVxmrxT9SC_HzRJ1yj2Kky1BkUqKmQvoO3c2InyIWVdYf6u",
        "userName": "Lennit Melton"
    },
    {
        "appVersion": "3.0",
        "at": "2023-06-20 11:45:52",
        "content": "Nice app and helpful information I am now withdraw first withdraw succeeded thanks you I withdrawed but I see succeeded but I have not found it withdraw money 24 hours over now its facke app",
        "repliedAt": null,
        "replyContent": null,
        "reviewCreatedVersion": "3.0",
        "reviewId": "261e5aeb-fd9d-4bf8-92d5-a87631635f9b",
        "score": 5,
        "thumbsUpCount": 3,
        "userImage": "https://play-lh.googleusercontent.com/a/ACg8ocLeJHkzPy7VsNQ5UMj3EgKwU0W8OZJoleisjXzgGmzO=mo",
        "userName": "Jasma Begum"
    },
    {
        "appVersion": null,
        "at": "2023-06-20 02:25:47",
        "content": "Fake",
        "repliedAt": null,
        "replyContent": null,
        "reviewCreatedVersion": null,
        "reviewId": "4dfc6306-7290-4cc0-a061-df515e49d9dd",
        "score": 1,
        "thumbsUpCount": 0,
        "userImage": "https://play-lh.googleusercontent.com/a-/ALV-UjUGyGZT9aXglxXNyLrmyn6q-PG0XmS9kQ6Jrd-hxuuiW0g",
        "userName": "ben henry"
    },
    {
        "appVersion": "3.0",
        "at": "2023-06-19 18:30:21",
        "content": "hi. i just got the minimum point to withdraw and i did to my trust wallet. but after almost 13 hours nothing is in my trust wallet acount?! why???!!",
        "repliedAt": null,
        "replyContent": null,
        "reviewCreatedVersion": "3.0",
        "reviewId": "9e76fc11-24ed-4e37-b612-bd551a5d28e6",
        "score": 1,
        "thumbsUpCount": 2,
        "userImage": "https://play-lh.googleusercontent.com/a-/ALV-UjXFG5Od4P5OkFyP2pzftfEO4nmYAmIhcKX74Bee5qFzkA",
        "userName": "KIAKSAR WIBER (KKBOSS)"
    },
    {
        "appVersion": null,
        "at": "2023-06-16 15:22:50",
        "content": "Poor withdrawal. Very poor everything.",
        "repliedAt": null,
        "replyContent": null,
        "reviewCreatedVersion": null,
        "reviewId": "0c20d4ad-60d3-474f-8360-86981eb87fe6",
        "score": 1,
        "thumbsUpCount": 0,
        "userImage": "https://play-lh.googleusercontent.com/a/ACg8ocI9bPjueQYUvdznmlZQpmKpEr37pXfvRKjVwStMK8X4=mo",
        "userName": "Soala Biambo"
    },
    {
        "appVersion": "6.0",
        "at": "2023-06-16 15:18:16",
        "content": "Nice app",
        "repliedAt": null,
        "replyContent": null,
        "reviewCreatedVersion": "6.0",
        "reviewId": "9cc57e53-81a9-4221-b2b8-27c5653bdd57",
        "score": 5,
        "thumbsUpCount": 0,
        "userImage": "https://play-lh.googleusercontent.com/a-/ALV-UjWAz4sMutzCS0Cc42N6XP6MGEJpSOzJcDfAbcRonSXcqcU",
        "userName": "Rodel Mercurio"
    },
    {
        "appVersion": "5.0",
        "at": "2023-06-16 06:12:44",
        "content": "This app completely fake, i withdraw 4000 point (1050$) but no money send my Account. Don't waste ur time. Thank u from Bangladesh",
        "repliedAt": null,
        "replyContent": null,
        "reviewCreatedVersion": "5.0",
        "reviewId": "df5aa80e-56cc-4517-ae47-2e633eaf718c",
        "score": 1,
        "thumbsUpCount": 4,
        "userImage": "https://play-lh.googleusercontent.com/a-/ALV-UjWWy0aZy7QGABNRBKdXUpCCrCgHjnFx_ya10e1RHQT0i_Ie",
        "userName": "Nayeem Ahmed"
    },
    {
        "appVersion": "3.0",
        "at": "2023-06-14 22:14:27",
        "content": "Good day!!! I'm really saddened about how I Mined enough ETH up to 40000 in point equivalent to $10,000 which I withdrew actually but nothing reflected in my account till date. Please I really want to know, what's the problem? Is it from the App because I know I submitted correct information needed inorder for me to withdraw",
        "repliedAt": null,
        "replyContent": null,
        "reviewCreatedVersion": "3.0",
        "reviewId": "77cd54e3-18de-4274-9a88-8441eadf8acf",
        "score": 1,
        "thumbsUpCount": 3,
        "userImage": "https://play-lh.googleusercontent.com/a-/ALV-UjW11Z07k_JVp8csSGOyN05-JOKyuLXci490pfTEdbYvlyw",
        "userName": "Onyekwere Murphy Onyekachi"
    },
    {
        "appVersion": "5.0",
        "at": "2023-06-14 08:55:04",
        "content": "\u0986\u09ae\u09bf \u0995\u09be\u09b2\u0995\u09c7 \u0989\u0987\u09a5\u09a1\u09cd\u09b0 \u09a6\u09bf\u09af\u09bc\u09c7\u099b\u09bf \u0986\u09ae\u09be\u09b0 \u09aa\u09c7\u09ae\u09c7\u09a8\u09cd\u099f \u098f\u0996\u09a8\u09cb \u09aa\u09be\u0987\u09a8\u09bf \u0986\u09ae\u09be\u09b0 \u09aa\u09c7\u09ae\u09c7\u09a8\u09cd\u099f\u099f\u09bf \u09aa\u09c7\u09a4\u09c7 \u0995\u09a4\u0995\u09cd\u09b7\u09a3 \u09b8\u09ae\u09af\u09bc \u09b2\u09be\u0997\u09a4\u09c7 \u09aa\u09be\u09b0\u09c7 \u09aa\u09be\u09ac \u09a8\u09be\u0995\u09bf \u09aa\u09be\u09ac\u09a8\u09be",
        "repliedAt": null,
        "replyContent": null,
        "reviewCreatedVersion": "5.0",
        "reviewId": "a2dd5b21-a9fd-492e-9023-d40de56510e6",
        "score": 5,
        "thumbsUpCount": 0,
        "userImage": "https://play-lh.googleusercontent.com/a-/ALV-UjWzFqmjWd0d1ARjWSndt6akZq87g53i_gZ1WxObXqBNoQ",
        "userName": "Md DIDAR HOSSEN"
    },
    {
        "appVersion": null,
        "at": "2023-06-14 08:52:42",
        "content": "Scamm",
        "repliedAt": null,
        "replyContent": null,
        "reviewCreatedVersion": null,
        "reviewId": "3cf2f784-55d2-4dd7-b955-5e1ffc733cc7",
        "score": 1,
        "thumbsUpCount": 0,
        "userImage": "https://play-lh.googleusercontent.com/a-/ALV-UjUalA-riVf4IOaoPaDh3eY4ujabEMnH_-huvStprYvaVgk",
        "userName": "Batbayar Battushig"
    },
    {
        "appVersion": null,
        "at": "2023-06-13 03:03:21",
        "content": "You are a fraud company, I was saving every day to reach 3100 points, and the second day I did not find anything from them. Thank you for lying to us.",
        "repliedAt": null,
        "replyContent": null,
        "reviewCreatedVersion": null,
        "reviewId": "f2b88bba-8a47-4504-a0cb-90243c87d1d9",
        "score": 1,
        "thumbsUpCount": 1,
        "userImage": "https://play-lh.googleusercontent.com/a-/ALV-UjVmQ7yMeqGhhJo8FA80vSGAg94w0ZO1VuvTDa19L_uOStBC",
        "userName": "Usf Al Ali"
    },
    {
        "appVersion": "6.0",
        "at": "2023-06-13 02:08:39",
        "content": "Give you 5 when I can back my points",
        "repliedAt": null,
        "replyContent": null,
        "reviewCreatedVersion": "6.0",
        "reviewId": "e1665953-e1fe-4b63-8a15-6a4ca5a276ca",
        "score": 1,
        "thumbsUpCount": 1,
        "userImage": "https://play-lh.googleusercontent.com/a/ACg8ocLU85oxUNM--Ys-XDsmdKcfVE2-vS0iVpzPv0lBgYwH=mo",
        "userName": "Tamim Shaker Chowdhury"
    },
    {
        "appVersion": "5.0",
        "at": "2023-06-12 08:51:12",
        "content": "Great App for mining ETH ,Just problem is with KYC or has Glitch ....",
        "repliedAt": null,
        "replyContent": null,
        "reviewCreatedVersion": "5.0",
        "reviewId": "7d8e8809-774f-4fbc-8764-1d346086fa6e",
        "score": 5,
        "thumbsUpCount": 1,
        "userImage": "https://play-lh.googleusercontent.com/a-/ALV-UjVf8-e5OJCelESFZs3ew0CjeCh9wP2BF278ECjjCL-h2bvF",
        "userName": "Almir Causevic"
    },
    {
        "appVersion": "5.0",
        "at": "2023-06-12 08:22:39",
        "content": "If you see this my comment please don't download this app, a say again please don't download this app, this app was developed by a hire criminal in Pakistan, i monitored them swiftly and what i discovered from them i can't write it here all, the guys are very skilled scammers gurus, please if you are reading this my reviewed don't download this app, i said again please dont download this. I made a withdrawal for 5 times but nothing come to my wallet, the first i used binance second one trustwall",
        "repliedAt": null,
        "replyContent": null,
        "reviewCreatedVersion": "5.0",
        "reviewId": "7c905780-5ebd-4728-baa9-bc3b0002b2f7",
        "score": 1,
        "thumbsUpCount": 2,
        "userImage": "https://play-lh.googleusercontent.com/a-/ALV-UjUxo_chFYTZPzlAQKxUwCXO60nOJPHX0aA0dC1hU4i15FE",
        "userName": "Humba Joshua"
    },
    {
        "appVersion": null,
        "at": "2023-06-10 19:28:10",
        "content": "\ud83d\udd77\ufe0f\ud83d\udcf4",
        "repliedAt": null,
        "replyContent": null,
        "reviewCreatedVersion": null,
        "reviewId": "04d9a0b4-e06f-4f17-b870-91dabe34aeb1",
        "score": 1,
        "thumbsUpCount": 0,
        "userImage": "https://play-lh.googleusercontent.com/a-/ALV-UjVyVVajLW7AEaS-fmuQd8dhR-EhqhHX4iy6rzFde1PB1A",
        "userName": "Hesam Shafiei"
    },
    {
        "appVersion": "3.0",
        "at": "2023-06-10 12:46:45",
        "content": "Fake app, I have reached withdrawal threshold since three days ago, withdrawal was successful but I didn't see anything in my trust wallet. The app is a waste of time and effort. To be sincere, play store should try and verify apps before bringing them to play store. There are many rubbish on play store. Sorry to say.",
        "repliedAt": null,
        "replyContent": null,
        "reviewCreatedVersion": "3.0",
        "reviewId": "3b1e9047-bc62-4985-8f23-a38b7b726d48",
        "score": 1,
        "thumbsUpCount": 31,
        "userImage": "https://play-lh.googleusercontent.com/a/ACg8ocINw_iqGioiXfqHO71OqYYvZbkV5sW6RkLmeWCCzmqV=mo",
        "userName": "oyinleye wisdom"
    },
    {
        "appVersion": "5.0",
        "at": "2023-06-10 10:00:39",
        "content": "User friendly, simply built lite interface makes mining Eth a finger tap. Very few adds and mines 300 points p/h, target 4,000 points to withdraw, approx value $1,000 , around .5 eth today. Took me 13 hrs to obtain req withdraw target, great. Cons are, so far 2nd day still only mining 5min blocks before restart, yes 12 times an hour, tedious at best. Have hit withdraw but id still being verified only 24 hrs since start so remains to be seen how problematic withdraw will be?Or if??Will update",
        "repliedAt": null,
        "replyContent": null,
        "reviewCreatedVersion": "5.0",
        "reviewId": "a7c9b899-57dd-4517-99c0-6c0d825cd4e4",
        "score": 5,
        "thumbsUpCount": 5,
        "userImage": "https://play-lh.googleusercontent.com/a/ACg8ocJVLl66LoNRCkv9GkzRUrpMh7ugq9wAx4C_hQCcBfVkpQ=mo",
        "userName": "Paul MacRae"
    },
    {
        "appVersion": "5.0",
        "at": "2023-06-09 14:39:20",
        "content": "ma soe pr buu",
        "repliedAt": null,
        "replyContent": null,
        "reviewCreatedVersion": "5.0",
        "reviewId": "4990b3b7-2b36-4faf-bdd8-1156acc22f6d",
        "score": 3,
        "thumbsUpCount": 0,
        "userImage": "https://play-lh.googleusercontent.com/a/ACg8ocIZ_nbA7mRGZXo1sNO-NLxm2YoNUks4NlDaUo5ODZX-=mo",
        "userName": "NiCO Bryant"
    },
    {
        "appVersion": "5.0",
        "at": "2023-06-09 12:19:54",
        "content": "Nice and fast",
        "repliedAt": null,
        "replyContent": null,
        "reviewCreatedVersion": "5.0",
        "reviewId": "ba980b65-1c12-42e3-bd37-1d2cd9b2d2a1",
        "score": 4,
        "thumbsUpCount": 1,
        "userImage": "https://play-lh.googleusercontent.com/a-/ALV-UjXMUbEKhStT_1fd0zoE69TqJic-OWfR899VXBWQvEFX-GE",
        "userName": "faylle biviou pamalh"
    },
    {
        "appVersion": "5.0",
        "at": "2023-06-09 12:10:26",
        "content": "Don't use this app. It's fake doesn't give payment",
        "repliedAt": null,
        "replyContent": null,
        "reviewCreatedVersion": "5.0",
        "reviewId": "71ebc4ab-bd23-4f86-b57c-6dc746ddd9cd",
        "score": 3,
        "thumbsUpCount": 2,
        "userImage": "https://play-lh.googleusercontent.com/a-/ALV-UjXWQy6UmHU0XPbfyT2ohhwtUqa5xQ66Te9fv28q3KmEaw",
        "userName": "Mr Mickey"
    },
    {
        "appVersion": "5.0",
        "at": "2023-06-09 05:04:41",
        "content": "Very hard",
        "repliedAt": null,
        "replyContent": null,
        "reviewCreatedVersion": "5.0",
        "reviewId": "9750243b-3435-4e5a-a83b-1f11da8482cf",
        "score": 2,
        "thumbsUpCount": 0,
        "userImage": "https://play-lh.googleusercontent.com/a-/ALV-UjXJwRBF-w2zn0LgTUy_9-bF6SehHGE21L-URNAUqyT5EQ",
        "userName": "arash rostami"
    },
    {
        "appVersion": "3.0",
        "at": "2023-06-08 10:51:39",
        "content": "do not working.i have one withdrew With ETh wallet. But do not move no nady coin my wallet",
        "repliedAt": null,
        "replyContent": null,
        "reviewCreatedVersion": "3.0",
        "reviewId": "27c10659-19c9-4197-9fcd-c2df06846f39",
        "score": 1,
        "thumbsUpCount": 1,
        "userImage": "https://play-lh.googleusercontent.com/a/ACg8ocLR_1hESpI2aiGZVYZ9iJBcmiit2Pq0KnrYG5rfd6Gz=mo",
        "userName": "babk"
    },
    {
        "appVersion": "3.0",
        "at": "2023-06-07 08:28:33",
        "content": "It amazes me how fast this app enables miners make 4k ETH, but withdrawal is the main issue i've got so far with this app. Less than 3days of making 4k on this app was stressful.. it has not reflect on my Binance wallet! Developer please work on it.",
        "repliedAt": null,
        "replyContent": null,
        "reviewCreatedVersion": "3.0",
        "reviewId": "6691c10a-861e-4db1-ab04-2adf74540d17",
        "score": 4,
        "thumbsUpCount": 7,
        "userImage": "https://play-lh.googleusercontent.com/a-/ALV-UjUIzAh5jMFNVdJCCNzY93nIrCrpcSTp2dJ7zeJ7Rzpjb8k",
        "userName": "Hispecs Media"
    },
    {
        "appVersion": null,
        "at": "2023-06-06 23:11:12",
        "content": "Time West app no withdrew",
        "repliedAt": null,
        "replyContent": null,
        "reviewCreatedVersion": null,
        "reviewId": "aa2119bf-3ec5-4673-acac-721914096d42",
        "score": 1,
        "thumbsUpCount": 0,
        "userImage": "https://play-lh.googleusercontent.com/a-/ALV-UjVczr0P2NuvIDqW4BwbdbsrxTESuMqBsPxv-FEt2X64R90",
        "userName": "Azmat Durrani"
    },
    {
        "appVersion": null,
        "at": "2023-06-05 20:03:59",
        "content": "Scam app \ud83d\ude1e",
        "repliedAt": null,
        "replyContent": null,
        "reviewCreatedVersion": null,
        "reviewId": "4fd28036-48d8-491c-bb97-658eb842c5d4",
        "score": 1,
        "thumbsUpCount": 0,
        "userImage": "https://play-lh.googleusercontent.com/a/ACg8ocKX98g_1cz3-zmxis7Vj0Sc3t3l1tmttDtDqBPePWmY=mo",
        "userName": "Karim Bellil"
    },
    {
        "appVersion": "3.0",
        "at": "2023-06-05 03:36:30",
        "content": "I applied for withdrawal to my Binance account but yet to get it, hope this app is not a scam? I don't recommend this app for any reason its a waist of time.",
        "repliedAt": null,
        "replyContent": null,
        "reviewCreatedVersion": "3.0",
        "reviewId": "bf3c1055-526c-49cb-953c-28f20d3ddb99",
        "score": 1,
        "thumbsUpCount": 3,
        "userImage": "https://play-lh.googleusercontent.com/a/ACg8ocJH2-af6i1IJfaPY3wCRTlaK4a8Ffge4hpbA7P77TVd=mo",
        "userName": "Onyeka Elum"
    },
    {
        "appVersion": "3.0",
        "at": "2023-06-04 04:31:47",
        "content": "Don't install this application it'll ask permission for camera,mic,and gallery,files i don't think that need to mine crypto this is dangerous don't install application ,also somany ads",
        "repliedAt": null,
        "replyContent": null,
        "reviewCreatedVersion": "3.0",
        "reviewId": "c63a7dc9-9583-4c17-a30f-21cbaa1ba6bd",
        "score": 1,
        "thumbsUpCount": 2,
        "userImage": "https://play-lh.googleusercontent.com/a-/ALV-UjW8DAJ1LL-mdgKrW-hnG7UFvqRuzW3VTTqqCAF_BFpNlTA",
        "userName": "ASI Bro"
    },
    {
        "appVersion": "3.0",
        "at": "2023-06-03 15:40:36",
        "content": "Nice project",
        "repliedAt": null,
        "replyContent": null,
        "reviewCreatedVersion": "3.0",
        "reviewId": "c5c12a34-e76f-4c4d-8da7-abe9f95447f2",
        "score": 5,
        "thumbsUpCount": 0,
        "userImage": "https://play-lh.googleusercontent.com/a/ACg8ocJgKkRJssDPViJWcTJA0wingNXtLiQMBnN7B4Zp1hSt=mo",
        "userName": "MD.KAWSAR HOSSAIN"
    },
    {
        "appVersion": null,
        "at": "2023-06-02 20:41:06",
        "content": "Nonsense pliz don't waste your data",
        "repliedAt": null,
        "replyContent": null,
        "reviewCreatedVersion": null,
        "reviewId": "1789954b-329e-4b30-a127-2ed7777fbd1d",
        "score": 1,
        "thumbsUpCount": 0,
        "userImage": "https://play-lh.googleusercontent.com/a/ACg8ocLkPnVVzeHbqr_p-uXNe16VxG0hS8lSA4uoM8411LX6=mo",
        "userName": "Hillary Hillary"
    },
    {
        "appVersion": "3.0",
        "at": "2023-06-01 10:46:38",
        "content": "I have met the withdrawal targets on more than two occasions and have placed withdrawals on two occasions, one to my trust wallet address and another to my local bank account yet I have received no deposits of the sums earned. I hope that this is not a SCAM.",
        "repliedAt": null,
        "replyContent": null,
        "reviewCreatedVersion": "3.0",
        "reviewId": "f0151bc3-4a61-461e-a852-0f434650a76e",
        "score": 1,
        "thumbsUpCount": 8,
        "userImage": "https://play-lh.googleusercontent.com/a-/ALV-UjXK3qfQzcZYIHrsnX35Lvle2yXDcqIsCnSEGcEJmb-iv6c",
        "userName": "Eta Olaremu"
    },
    {
        "appVersion": "3.0",
        "at": "2023-05-31 12:45:53",
        "content": "Excellent Application For Global Citizens Uses. Thank",
        "repliedAt": null,
        "replyContent": null,
        "reviewCreatedVersion": "3.0",
        "reviewId": "e6f4ebca-f09e-4d02-8b65-2b8deddffe28",
        "score": 5,
        "thumbsUpCount": 1,
        "userImage": "https://play-lh.googleusercontent.com/a-/ALV-UjVEZgcbts71ZPEEhq4HjHe3RA2OGwBimB42_JxC9jPrF24x",
        "userName": "Motahar Ahmed Khan"
    },
    {
        "appVersion": "3.0",
        "at": "2023-05-30 14:48:32",
        "content": "Super duper app . best app Best profit. app that earn U\ud83e\udd1c\ud83e\udd1b massive ETH within twinkle of an eye. But one thing it is not making the App complete is that; there is no where to see yr withdrawal History whether U guys hv been payed successfully oR NOT. please and please leaders should fix that sooner than later we beg\ud83d\ude4f",
        "repliedAt": null,
        "replyContent": null,
        "reviewCreatedVersion": "3.0",
        "reviewId": "9f8f06c4-b645-4fe6-ad4f-519c9e9b722c",
        "score": 5,
        "thumbsUpCount": 4,
        "userImage": "https://play-lh.googleusercontent.com/a/ACg8ocIc09zGnHqgWuP4l6En7mkQwr_Y8-doph4pQDbeniiy=mo",
        "userName": "Joseph Afrani"
    },
    {
        "appVersion": "3.0",
        "at": "2023-05-30 06:55:16",
        "content": "If you log out, you've lost your previous earnings. Scrapp \ud83e\udd71",
        "repliedAt": null,
        "replyContent": null,
        "reviewCreatedVersion": "3.0",
        "reviewId": "30533f76-b389-41fe-97c0-2fbe16deebee",
        "score": 1,
        "thumbsUpCount": 2,
        "userImage": "https://play-lh.googleusercontent.com/a/ACg8ocLikRHXKsb5Tx1cD69OhwZ1_XRP0BbaUPQGbA48IaZ8=mo",
        "userName": "Alexander Chiadikaobi"
    },
    {
        "appVersion": "3.0",
        "at": "2023-05-29 07:32:48",
        "content": "Please resend for verification mail.",
        "repliedAt": null,
        "replyContent": null,
        "reviewCreatedVersion": "3.0",
        "reviewId": "1e2797ab-5af1-4dfc-9db8-8366fdd3a41f",
        "score": 2,
        "thumbsUpCount": 0,
        "userImage": "https://play-lh.googleusercontent.com/a-/ALV-UjWsCH_4r2Ck1SO9jIYelbgx1z8_hJKTm30FTL8Xqov4bA",
        "userName": "Mr. Kyaw Zin Oo"
    },
    {
        "appVersion": "3.0",
        "at": "2023-05-28 08:32:44",
        "content": "I m complete 4000 1 day ponts no withdraw",
        "repliedAt": null,
        "replyContent": null,
        "reviewCreatedVersion": "3.0",
        "reviewId": "b97736b3-ce7b-4fff-a165-cd4774f6135b",
        "score": 1,
        "thumbsUpCount": 0,
        "userImage": "https://play-lh.googleusercontent.com/a/ACg8ocI3NJRgEJhv5a1zkr5XWlUsISMiBpjppRhS7pd9Wz8n=mo",
        "userName": "Asad Baloch"
    },
    {
        "appVersion": "3.0",
        "at": "2023-05-28 07:52:41",
        "content": "I withdrawal money but not yet arrived. It seems this app is completely fake.",
        "repliedAt": null,
        "replyContent": null,
        "reviewCreatedVersion": "3.0",
        "reviewId": "1e93a0c5-0067-49c0-9a15-980f50eef171",
        "score": 2,
        "thumbsUpCount": 4,
        "userImage": "https://play-lh.googleusercontent.com/a-/ALV-UjU_6NXMMJD4lzeV8tpJ4AWYEMr5xybGcKbTTUR_3lqErA",
        "userName": "Md Mottakin"
    },
    {
        "appVersion": "3.0",
        "at": "2023-05-27 13:30:39",
        "content": "The app is paying instantly very good app",
        "repliedAt": null,
        "replyContent": null,
        "reviewCreatedVersion": "3.0",
        "reviewId": "b62b4baa-5e66-403f-a5e5-b9e5edd0043c",
        "score": 5,
        "thumbsUpCount": 1,
        "userImage": "https://play-lh.googleusercontent.com/a/ACg8ocLKYi3xLCiFmBfByD28DKHhHg8-3rUjlLWni7tq2uEQ3Q=mo",
        "userName": "Emmanuel Ugwu"
    },
    {
        "appVersion": "3.0",
        "at": "2023-05-26 22:38:20",
        "content": "Good app",
        "repliedAt": null,
        "replyContent": null,
        "reviewCreatedVersion": "3.0",
        "reviewId": "aadfc4cd-0b25-4aee-b0df-402c6db4f49c",
        "score": 5,
        "thumbsUpCount": 0,
        "userImage": "https://play-lh.googleusercontent.com/a-/ALV-UjV7nnUGA7jLfLfYbMYT2adFYUqIFj3A7jEIVlGWir4xzDg",
        "userName": "MD Fajal Mia"
    },
    {
        "appVersion": "3.0",
        "at": "2023-05-26 22:38:13",
        "content": "Trying to redraw but........?????",
        "repliedAt": null,
        "replyContent": null,
        "reviewCreatedVersion": "3.0",
        "reviewId": "29b3075e-2c12-4684-b5a7-933ef66f5201",
        "score": 4,
        "thumbsUpCount": 1,
        "userImage": "https://play-lh.googleusercontent.com/a-/ALV-UjXcwwKL9PTzs7GclP7-bfo5HWWvDYfEITYwKvu5avKPLIk",
        "userName": "Jiqqa Oxlade"
    },
    {
        "appVersion": "3.0",
        "at": "2023-05-26 09:02:48",
        "content": "I have reached the amount to claim and I cannot withdraw. Please fix this issue.",
        "repliedAt": null,
        "replyContent": null,
        "reviewCreatedVersion": "3.0",
        "reviewId": "e20bf0c5-a396-4747-98d5-78b95cf5376d",
        "score": 1,
        "thumbsUpCount": 1,
        "userImage": "https://play-lh.googleusercontent.com/a/ACg8ocLNBBkE8DcpyYy0dHdmPok6lbCNYdx-xKVhYfQAGVE=mo",
        "userName": "Mike Vasquez"
    },
    {
        "appVersion": "3.0",
        "at": "2023-05-25 18:57:34",
        "content": "So far so good.",
        "repliedAt": null,
        "replyContent": null,
        "reviewCreatedVersion": "3.0",
        "reviewId": "aa1dcb97-cc23-4e14-9345-ebe5370aee09",
        "score": 5,
        "thumbsUpCount": 0,
        "userImage": "https://play-lh.googleusercontent.com/a-/ALV-UjVyXuRufACDIhrhGYROpPZSK0cuXhQlgyAMcfojyGFQEw8",
        "userName": "dayogreat oyediwura"
    },
    {
        "appVersion": "3.0",
        "at": "2023-05-25 14:28:11",
        "content": "Exemptional\ud83e\udd29",
        "repliedAt": null,
        "replyContent": null,
        "reviewCreatedVersion": "3.0",
        "reviewId": "cae26d13-0ba9-41af-af00-c9afc2daa11a",
        "score": 5,
        "thumbsUpCount": 0,
        "userImage": "https://play-lh.googleusercontent.com/a/ACg8ocKlgE0j6WB3nP08MBAI-2DZz-L6BwBew1ltWN97cdjd=mo",
        "userName": "Reecejames Karanja"
    },
    {
        "appVersion": "3.0",
        "at": "2023-05-25 11:26:07",
        "content": "I hope that i weill withdraw my account",
        "repliedAt": null,
        "replyContent": null,
        "reviewCreatedVersion": "3.0",
        "reviewId": "76897f3a-7268-4b12-b907-e11597bf005b",
        "score": 5,
        "thumbsUpCount": 1,
        "userImage": "https://play-lh.googleusercontent.com/a/ACg8ocJ4VV6GZk0RXuDd3ibjMcgVsXCBfIvXMeEIq33pp4Ff=mo",
        "userName": "Engr Shawon"
    },
    {
        "appVersion": "3.0",
        "at": "2023-05-25 06:25:20",
        "content": "good",
        "repliedAt": null,
        "replyContent": null,
        "reviewCreatedVersion": "3.0",
        "reviewId": "96332d1f-4a28-4ac1-8d5b-4067cc215f3b",
        "score": 5,
        "thumbsUpCount": 0,
        "userImage": "https://play-lh.googleusercontent.com/a-/ALV-UjV3Ff9mTt_kkvLl6Vq9A-wIJeY12dW0UzIIYMKygFo-LQ",
        "userName": "Moe Win Oo"
    },
    {
        "appVersion": "3.0",
        "at": "2023-05-25 06:25:13",
        "content": "One of the greatest mining app's I have ever seen",
        "repliedAt": null,
        "replyContent": null,
        "reviewCreatedVersion": "3.0",
        "reviewId": "ffa6a5dc-d909-4a16-9037-5d2f22bd8b1c",
        "score": 5,
        "thumbsUpCount": 1,
        "userImage": "https://play-lh.googleusercontent.com/a-/ALV-UjV8oYLtHJ4EaqqAW-Q0P3DQ7rSUTUFvKzQ8V3eMRe6P_bE",
        "userName": "Mohamed Abd alrahman"
    },
    {
        "appVersion": "3.0",
        "at": "2023-05-25 03:27:17",
        "content": "Mining crypto is now the best thing I could've eve thought of",
        "repliedAt": null,
        "replyContent": null,
        "reviewCreatedVersion": "3.0",
        "reviewId": "3c908b41-39b5-41b6-8364-ef4c28b1bc87",
        "score": 5,
        "thumbsUpCount": 1,
        "userImage": "https://play-lh.googleusercontent.com/a-/ALV-UjXNPBjDjP-E2L1ArZm6q3JmOApFEAZDZiiQIpaw-rzY9w",
        "userName": "Alonzo Lestage"
    },
    {
        "appVersion": "3.0",
        "at": "2023-05-25 02:17:59",
        "content": "Very nice app",
        "repliedAt": null,
        "replyContent": null,
        "reviewCreatedVersion": "3.0",
        "reviewId": "d56facef-15cd-4247-a9fc-78030cd7ac88",
        "score": 5,
        "thumbsUpCount": 0,
        "userImage": "https://play-lh.googleusercontent.com/a/ACg8ocJ8HHv6pi7kpIBq5jme17AE6WEL3t91Ffn1xKaaSlw-=mo",
        "userName": "Ibrahim Mohammad"
    },
    {
        "appVersion": "3.0",
        "at": "2023-05-25 01:28:47",
        "content": "Best mining App so far after withdrawal i will give more recommendation",
        "repliedAt": null,
        "replyContent": null,
        "reviewCreatedVersion": "3.0",
        "reviewId": "e0467d8b-2a50-4676-a549-8aa7947f58cf",
        "score": 5,
        "thumbsUpCount": 2,
        "userImage": "https://play-lh.googleusercontent.com/a/ACg8ocKo2uSywHs7L80mfphv9Gs_eEcD8w-5t7D9iABGQPr5=mo",
        "userName": "Tripple Traders international"
    },
    {
        "appVersion": "3.0",
        "at": "2023-05-25 00:21:49",
        "content": "Good site and I just withdraw and hoping to receive it in the next 24 hours given. I will congratulate when I receive my mined eth.",
        "repliedAt": null,
        "replyContent": null,
        "reviewCreatedVersion": "3.0",
        "reviewId": "477e59a0-51aa-4daa-9a35-c62447c57080",
        "score": 5,
        "thumbsUpCount": 1,
        "userImage": "https://play-lh.googleusercontent.com/a-/ALV-UjV6GHWWOyXiLRdai-p5eoD9tHrOUC2_aedXArnib2uh6go",
        "userName": "Asap Stoner"
    },
    {
        "appVersion": "3.0",
        "at": "2023-05-24 23:34:18",
        "content": "Best app mining",
        "repliedAt": null,
        "replyContent": null,
        "reviewCreatedVersion": "3.0",
        "reviewId": "96067cca-01bb-4bd8-ab21-774783854892",
        "score": 5,
        "thumbsUpCount": 1,
        "userImage": "https://play-lh.googleusercontent.com/a-/ALV-UjURWyCTuwm7uED7GsIjtHSoORdZQZ3NuhqZcQFb_0HNwGs",
        "userName": "Heabtullah Shah"
    },
    {
        "appVersion": "3.0",
        "at": "2023-05-24 23:33:11",
        "content": "Still haven't gotten my cash out for the past 2weeks now, then I can rate 5star but so far so good all thanks to the developers?",
        "repliedAt": null,
        "replyContent": null,
        "reviewCreatedVersion": "3.0",
        "reviewId": "9a3b4892-4891-4c8c-b9f9-76fad095ae78",
        "score": 3,
        "thumbsUpCount": 3,
        "userImage": "https://play-lh.googleusercontent.com/a/ACg8ocLKpVgWjJW1vWoqrSyIy4IqtRFPoBCZ9mijXRJSwOoF=mo",
        "userName": "Raymond Earl"
    },
    {
        "appVersion": "3.0",
        "at": "2023-05-24 23:28:55",
        "content": "Legit and promising\ud83d\udcaf",
        "repliedAt": null,
        "replyContent": null,
        "reviewCreatedVersion": "3.0",
        "reviewId": "9f638d8b-83c6-4611-bf87-2ea0ecaa3944",
        "score": 5,
        "thumbsUpCount": 0,
        "userImage": "https://play-lh.googleusercontent.com/a-/ALV-UjVlBJN8gaJxpjPiBOQDs_32mQl7OY2mXdIEzzPkEDYs-wo",
        "userName": "Nikki Klein"
    },
    {
        "appVersion": "3.0",
        "at": "2023-05-24 23:24:48",
        "content": "So far the app has been fun. Hoping that I get paid out. Not there yet!",
        "repliedAt": null,
        "replyContent": null,
        "reviewCreatedVersion": "3.0",
        "reviewId": "d6af57f6-7b2a-4e34-9aa7-a46df8c8b95a",
        "score": 5,
        "thumbsUpCount": 2,
        "userImage": "https://play-lh.googleusercontent.com/a/ACg8ocLJN-ffmqBO9T05tl-4RDmeO09NmxPMa51khwbJugrs=mo",
        "userName": "Robert"
    },
    {
        "appVersion": "3.0",
        "at": "2023-05-24 19:47:48",
        "content": "No experience",
        "repliedAt": null,
        "replyContent": null,
        "reviewCreatedVersion": "3.0",
        "reviewId": "ac5d1fa7-8e35-4c75-80e1-76654be7418a",
        "score": 5,
        "thumbsUpCount": 1,
        "userImage": "https://play-lh.googleusercontent.com/a/ACg8ocLH-1Herd7HZtY217ijWlEHakJItHwsY4QzE--iYgZ3=mo",
        "userName": "Qolani Qoli"
    },
    {
        "appVersion": "3.0",
        "at": "2023-05-24 17:01:37",
        "content": "So far so good. Wish it ran for longer on its own",
        "repliedAt": null,
        "replyContent": null,
        "reviewCreatedVersion": "3.0",
        "reviewId": "12b002db-ce62-4aa5-898c-e760682b2b77",
        "score": 5,
        "thumbsUpCount": 1,
        "userImage": "https://play-lh.googleusercontent.com/a/ACg8ocIbXWSzKzw3pxF8EtINRZglz1fZUezHmY2AShBhP8U1=mo",
        "userName": "Michelle Challis"
    },
    {
        "appVersion": "3.0",
        "at": "2023-05-24 15:23:43",
        "content": "I've exprnt on this mining app, yeah!! Get point and reach more then target point. I do withdraw but \"never receive anything at my wallet\". Msge also no reply. Just wasting time and data. I branding this app is \"fake app\". Others don't try or practic.",
        "repliedAt": null,
        "replyContent": null,
        "reviewCreatedVersion": "3.0",
        "reviewId": "3424ae10-3d95-4d11-9931-2f01b526100b",
        "score": 1,
        "thumbsUpCount": 25,
        "userImage": "https://play-lh.googleusercontent.com/a-/ALV-UjXUe5tbc5N9RvThTAFyFA-65mo74dvhlSDTcSsotb7-KKM",
        "userName": "A lif"
    },
    {
        "appVersion": "3.0",
        "at": "2023-05-24 14:51:15",
        "content": "Nice app",
        "repliedAt": null,
        "replyContent": null,
        "reviewCreatedVersion": "3.0",
        "reviewId": "a8e93789-bc3e-47be-8084-db6a8f97a4af",
        "score": 5,
        "thumbsUpCount": 0,
        "userImage": "https://play-lh.googleusercontent.com/a/ACg8ocIzHoRTCvHykysFbz8NNPL2x77zNLAv69Yh7SiJlB97=mo",
        "userName": "Dipal Shrestha"
    },
    {
        "appVersion": null,
        "at": "2023-05-24 12:44:02",
        "content": "This app makes mining easy! I like earning with it!",
        "repliedAt": null,
        "replyContent": null,
        "reviewCreatedVersion": null,
        "reviewId": "e1bba6c3-6ec3-4340-a76d-8ddafd2bcfa8",
        "score": 5,
        "thumbsUpCount": 1,
        "userImage": "https://play-lh.googleusercontent.com/a/ACg8ocKmIvfI9ZBnprNF8RAiXi0hpG0kOfndHKH2HY4lo-nci0U=mo",
        "userName": "Karen Odell"
    },
    {
        "appVersion": "3.0",
        "at": "2023-05-24 11:51:35",
        "content": "I didn't receive my withdrawal in my binance wallet almost three times why is it like that",
        "repliedAt": null,
        "replyContent": null,
        "reviewCreatedVersion": "3.0",
        "reviewId": "7f28ea2a-6693-4f60-8f1f-a71d75b5831c",
        "score": 5,
        "thumbsUpCount": 2,
        "userImage": "https://play-lh.googleusercontent.com/a/ACg8ocKUqh0seJ8q4KggVpMGKlaTeTdRC89ibb0sxj_kIe62=mo",
        "userName": "Ezinwa Philip"
    },
    {
        "appVersion": "3.0",
        "at": "2023-05-24 11:12:46",
        "content": "This mining app look so good , amazing, promising, transparent and easy to mine.",
        "repliedAt": null,
        "replyContent": null,
        "reviewCreatedVersion": "3.0",
        "reviewId": "ce7438b0-711a-4008-8941-865888b02475",
        "score": 5,
        "thumbsUpCount": 1,
        "userImage": "https://play-lh.googleusercontent.com/a/ACg8ocJ1S--ygqMZ0w3n2GrlCBaE2tO2JK9zTA-JpbWlkZu0=mo",
        "userName": "john iganga"
    },
    {
        "appVersion": "3.0",
        "at": "2023-05-24 11:06:39",
        "content": "Best",
        "repliedAt": null,
        "replyContent": null,
        "reviewCreatedVersion": "3.0",
        "reviewId": "ca14c45a-3977-4142-a549-845a83ec873d",
        "score": 5,
        "thumbsUpCount": 0,
        "userImage": "https://play-lh.googleusercontent.com/a-/ALV-UjUhrM2Xwd-bL7lAHwaesqa1RFnjy77J5OByfDleB1lEezP8",
        "userName": "\u0645\u062c\u06cc\u062f \u0627\u06a9\u0628\u0631\u0632\u0627\u062f\u0647"
    },
    {
        "appVersion": "3.0",
        "at": "2023-05-24 10:47:10",
        "content": "It good",
        "repliedAt": null,
        "replyContent": null,
        "reviewCreatedVersion": "3.0",
        "reviewId": "20b54c91-c070-4fed-9080-ea1dfa520e6c",
        "score": 5,
        "thumbsUpCount": 0,
        "userImage": "https://play-lh.googleusercontent.com/a/ACg8ocK26iALrfiE2V0ANHSOcSsXnzRZ_o1wCHIGH7dOOnfC=mo",
        "userName": "King Yaayi"
    },
    {
        "appVersion": "3.0",
        "at": "2023-05-24 10:46:44",
        "content": "Best app. Best platforms",
        "repliedAt": null,
        "replyContent": null,
        "reviewCreatedVersion": "3.0",
        "reviewId": "3563bc61-47a2-4308-9a4d-a281469e0003",
        "score": 5,
        "thumbsUpCount": 1,
        "userImage": "https://play-lh.googleusercontent.com/a/ACg8ocLt9nf5EWoKAiRMqHKfTdpykSL4i0A-m8CndKefUG2z=mo",
        "userName": "shahram yousefi dizajyekan"
    },
    {
        "appVersion": "3.0",
        "at": "2023-05-24 07:09:24",
        "content": "Good app",
        "repliedAt": null,
        "replyContent": null,
        "reviewCreatedVersion": "3.0",
        "reviewId": "1f26f5e7-89c4-430a-a4ab-c543b186fd66",
        "score": 5,
        "thumbsUpCount": 0,
        "userImage": "https://play-lh.googleusercontent.com/a-/ALV-UjXbpd-WjER2FURv7tqEKMQU4cvTVWDGPk80kgAN7gPOdA",
        "userName": "Gadisa Aboma"
    },
    {
        "appVersion": "3.0",
        "at": "2023-05-24 07:07:57",
        "content": "It's cool mining app, but mining procedure is difficult tap and tap every after 4 minutes..",
        "repliedAt": null,
        "replyContent": null,
        "reviewCreatedVersion": "3.0",
        "reviewId": "bdc6994b-6b7f-41b2-87a1-7b8d4381cdcc",
        "score": 5,
        "thumbsUpCount": 3,
        "userImage": "https://play-lh.googleusercontent.com/a-/ALV-UjXpL4t4kSGi5yywkn7WDZSZu0F-sceQ_iqzH1CyKGCYCw",
        "userName": "Owais Tariq"
    },
    {
        "appVersion": "3.0",
        "at": "2023-05-24 05:42:26",
        "content": "It's very good",
        "repliedAt": null,
        "replyContent": null,
        "reviewCreatedVersion": "3.0",
        "reviewId": "d8f45d2f-71a9-42fe-8acf-a181234e08db",
        "score": 5,
        "thumbsUpCount": 1,
        "userImage": "https://play-lh.googleusercontent.com/a/ACg8ocKjazb7ukkp2MqWSxCJWqvEJiCTBtCvQtE2K-0q5pVJ=mo",
        "userName": "Afsaneh"
    },
    {
        "appVersion": "3.0",
        "at": "2023-05-24 05:37:52",
        "content": "app is good, and fast, until withdraw will show us.",
        "repliedAt": null,
        "replyContent": null,
        "reviewCreatedVersion": "3.0",
        "reviewId": "072045bc-afa4-48fb-ab22-19aa94bb24d3",
        "score": 5,
        "thumbsUpCount": 2,
        "userImage": "https://play-lh.googleusercontent.com/a/ACg8ocJj5Da6CzngaGEoGv1dVBMVAJM7fnHfYPJ6DeuyKzis=mo",
        "userName": "Mohammad Afshar"
    },
    {
        "appVersion": "3.0",
        "at": "2023-05-24 03:50:10",
        "content": "Just two stars since there is no customer service support and withdrawals never reach our accounts",
        "repliedAt": null,
        "replyContent": null,
        "reviewCreatedVersion": "3.0",
        "reviewId": "20f733b4-afc5-4c2b-b493-8a6106e07ebc",
        "score": 2,
        "thumbsUpCount": 3,
        "userImage": "https://play-lh.googleusercontent.com/a/ACg8ocKl5_JFJl8B5575GFTJ0VPtlqENPyO4r27-N7SfW3zdYA=mo",
        "userName": "denis charles"
    },
    {
        "appVersion": "3.0",
        "at": "2023-05-24 03:47:24",
        "content": "Goodness",
        "repliedAt": null,
        "replyContent": null,
        "reviewCreatedVersion": "3.0",
        "reviewId": "b73c08a6-7c31-4506-914f-d4428dcd6a69",
        "score": 5,
        "thumbsUpCount": 0,
        "userImage": "https://play-lh.googleusercontent.com/a/ACg8ocIQluXv5AXBZiQzm2FulsZXkkYfrGhSog-oGG3s1Yyl=mo",
        "userName": "Devon Hermans"
    },
    {
        "appVersion": "3.0",
        "at": "2023-05-24 03:33:49",
        "content": "Havent withdrawn yet but so far so good not that many ads to watch.",
        "repliedAt": null,
        "replyContent": null,
        "reviewCreatedVersion": "3.0",
        "reviewId": "c3b4e5a3-df0a-42cf-b6ad-81076b59a52b",
        "score": 5,
        "thumbsUpCount": 2,
        "userImage": "https://play-lh.googleusercontent.com/a-/ALV-UjXA8YhjN7HCWxe_vYINML4XEFMQGZRlH-wBEBi_iINKCw",
        "userName": "Lowie Managing"
    },
    {
        "appVersion": "3.0",
        "at": "2023-05-24 03:19:13",
        "content": "Simple and easy to use, haven't tried to withdraw as yet but will update when time comes",
        "repliedAt": null,
        "replyContent": null,
        "reviewCreatedVersion": "3.0",
        "reviewId": "3ebc8785-b024-4524-ad84-3cc76908b20e",
        "score": 5,
        "thumbsUpCount": 4,
        "userImage": "https://play-lh.googleusercontent.com/a-/ALV-UjXqLE0e7_apL7zWO3DfYryTRU-EHSoY51qLwj42Y-E1KA0",
        "userName": "Milton Purcell"
    },
    {
        "appVersion": "3.0",
        "at": "2023-05-24 03:10:40",
        "content": "Easy mining app",
        "repliedAt": null,
        "replyContent": null,
        "reviewCreatedVersion": "3.0",
        "reviewId": "9090d440-3893-459a-875d-7278b569c501",
        "score": 5,
        "thumbsUpCount": 1,
        "userImage": "https://play-lh.googleusercontent.com/a-/ALV-UjXyOSMo7j_kPc5nUwAD8R_oO-Ni5sEor_Njuhftwb9y9N0",
        "userName": "Westley Fisher"
    },
    {
        "appVersion": "3.0",
        "at": "2023-05-23 22:04:27",
        "content": "Can't upload picture while doing KYC verification",
        "repliedAt": null,
        "replyContent": null,
        "reviewCreatedVersion": "3.0",
        "reviewId": "76a45acd-5da5-46f3-9202-f2df4ece5f76",
        "score": 1,
        "thumbsUpCount": 1,
        "userImage": "https://play-lh.googleusercontent.com/a-/ALV-UjVcXaXliRxL0eawQpUV3AkKNYDNSZGMVb3IXcKk8ZFyfs0",
        "userName": "Ebrima Jatta"
    },
    {
        "appVersion": "3.0",
        "at": "2023-05-22 11:45:05",
        "content": "It is a scam, you can't withdraw your earnings. Don't waste your time downloading it",
        "repliedAt": null,
        "replyContent": null,
        "reviewCreatedVersion": "3.0",
        "reviewId": "6181cd5d-6ffd-4cae-b7ea-d55cb1e22660",
        "score": 1,
        "thumbsUpCount": 4,
        "userImage": "https://play-lh.googleusercontent.com/a-/ALV-UjVOKof_XpPw5HYEP46Hg44rXC2HWdt5L69V-pWymzbW8w",
        "userName": "Abdullah Suleiman"
    },
    {
        "appVersion": "3.0",
        "at": "2023-05-21 05:23:02",
        "content": "I suppose to rate it beyond this but I made a cash out till now I haven't received it..... No support center to contact",
        "repliedAt": null,
        "replyContent": null,
        "reviewCreatedVersion": "3.0",
        "reviewId": "155fbd4c-1d67-4705-9124-bf4c1d026e71",
        "score": 1,
        "thumbsUpCount": 3,
        "userImage": "https://play-lh.googleusercontent.com/a-/ALV-UjVY2ySehBqCNPrPIjq0yRq2dnvasW2p5ooSxoCg1jNRVDA",
        "userName": "Ayilara Tajudeen"
    },
    {
        "appVersion": "3.0",
        "at": "2023-05-20 13:28:53",
        "content": "How long does it take to receive the money?",
        "repliedAt": null,
        "replyContent": null,
        "reviewCreatedVersion": "3.0",
        "reviewId": "d3f07c08-83e4-4815-a652-13c6fad6a8c5",
        "score": 2,
        "thumbsUpCount": 2,
        "userImage": "https://play-lh.googleusercontent.com/a-/ALV-UjVQZ1T46xu-lY-1O26AB8wRwBQad364YtpdLXXhbSNmgLc",
        "userName": "issam bouaziz"
    },
    {
        "appVersion": "3.0",
        "at": "2023-05-20 06:07:36",
        "content": "Waiting for withdrawa since 48 hours. No customer service or response from the company side. I think this is a fake app",
        "repliedAt": null,
        "replyContent": null,
        "reviewCreatedVersion": "3.0",
        "reviewId": "5de6d0bf-b93a-4891-8f75-5b9e268126b1",
        "score": 1,
        "thumbsUpCount": 4,
        "userImage": "https://play-lh.googleusercontent.com/a/ACg8ocLAar3Rv_cPjOsKmdn2Hu0WqbOt-ql5rhKdQYdBeWoR=mo",
        "userName": "Sandeep Suja"
    },
    {
        "appVersion": "3.0",
        "at": "2023-05-19 16:01:18",
        "content": "Very good app",
        "repliedAt": null,
        "replyContent": null,
        "reviewCreatedVersion": "3.0",
        "reviewId": "5e62e823-8cad-40a1-9780-9cf3c9e8bd82",
        "score": 5,
        "thumbsUpCount": 2,
        "userImage": "https://play-lh.googleusercontent.com/a/ACg8ocJ0a8CQUFcwNRIAyPy4S272vRkGCaaciuFPCQCfsnYJ=mo",
        "userName": "Musa Cedric"
    },
    {
        "appVersion": "3.0",
        "at": "2023-05-17 09:30:39",
        "content": "Waiting for withdrawal since 48 hours.....no withdrawal yet, I think its fake app",
        "repliedAt": null,
        "replyContent": null,
        "reviewCreatedVersion": "3.0",
        "reviewId": "cf6cec6b-d430-4f00-8a26-4c63ef6b1dfe",
        "score": 1,
        "thumbsUpCount": 2,
        "userImage": "https://play-lh.googleusercontent.com/a-/ALV-UjW1zAt-VDdLwXKzmBnc51f0iIx7CFtvoYhawMDR9aIUOH0",
        "userName": "Saqib Ali Khan"
    },
    {
        "appVersion": "3.0",
        "at": "2023-05-16 13:49:10",
        "content": "Good app",
        "repliedAt": null,
        "replyContent": null,
        "reviewCreatedVersion": "3.0",
        "reviewId": "cf36e2ef-08b2-498c-96e0-cebe69ec5dc0",
        "score": 5,
        "thumbsUpCount": 2,
        "userImage": "https://play-lh.googleusercontent.com/a/ACg8ocJPu9YLT9aKLlArYMc9iPbAC3tfeN7ApNxN-llBTsWk=mo",
        "userName": "Janitha Abeykoon"
    },
    {
        "appVersion": "3.0",
        "at": "2023-05-16 00:36:45",
        "content": "Very very useless and time wasting",
        "repliedAt": null,
        "replyContent": null,
        "reviewCreatedVersion": "3.0",
        "reviewId": "0be01827-ee80-45dc-8989-1f109c37e95a",
        "score": 1,
        "thumbsUpCount": 2,
        "userImage": "https://play-lh.googleusercontent.com/a/ACg8ocLr-sABx_Iqo3WaG_CZucq-viI76cJxGtDNa-8VRO-J=mo",
        "userName": "Muhammad bilal"
    },
    {
        "appVersion": "3.0",
        "at": "2023-05-13 20:34:03",
        "content": "I try to withdraw with no signs of being cash out . Fake kyc",
        "repliedAt": null,
        "replyContent": null,
        "reviewCreatedVersion": "3.0",
        "reviewId": "c66e78e7-5b78-4a9d-947e-5e67466b576f",
        "score": 1,
        "thumbsUpCount": 0,
        "userImage": "https://play-lh.googleusercontent.com/a/ACg8ocKx4CSxhKqdmxuRywlaLVqCI0EPF9ko07oU4FIh1UYxSA=mo",
        "userName": "Benito Ortiz"
    },
    {
        "appVersion": "3.0",
        "at": "2023-05-12 10:28:42",
        "content": "The app is working fine, the mining is with good value, but I've placed withdrawal for 3 days now, I've not been credited, please I want to know what is going on. I can't waste my data to mine at the end of it, you won't pay me.",
        "repliedAt": null,
        "replyContent": null,
        "reviewCreatedVersion": "3.0",
        "reviewId": "c0191c36-8496-4e73-ac7a-3ac39276956d",
        "score": 1,
        "thumbsUpCount": 6,
        "userImage": "https://play-lh.googleusercontent.com/a-/ALV-UjVQBxFojMxdFOW5dJ4hCGESO2TYGEohD2bpWpPn2vS0zQ",
        "userName": "Prosper Dprosperous"
    },
    {
        "appVersion": null,
        "at": "2023-05-11 09:33:49",
        "content": "I made a withdrawal over 24 hours now, and I have not seen anything yet, please do something about it...",
        "repliedAt": null,
        "replyContent": null,
        "reviewCreatedVersion": null,
        "reviewId": "b2cd371c-9a6e-4b17-b114-d8a87562a62d",
        "score": 1,
        "thumbsUpCount": 0,
        "userImage": "https://play-lh.googleusercontent.com/a-/ALV-UjVPliaXFd10ki6Z6tqL7Tl3HmGdzMhwiVWinAOAXux6vA",
        "userName": "Onu Francis Linus"
    },
    {
        "appVersion": "3.0",
        "at": "2023-05-11 01:43:08",
        "content": "Fake app don't download!!",
        "repliedAt": null,
        "replyContent": null,
        "reviewCreatedVersion": "3.0",
        "reviewId": "6e7aba02-6a6e-4897-b240-f93fa2b5053d",
        "score": 1,
        "thumbsUpCount": 1,
        "userImage": "https://play-lh.googleusercontent.com/a-/ALV-UjUSaeYYt7hANRB4RuqLycyZwnGvKCkMODIL0kqNzY6gOw",
        "userName": "lifeisajourney solo31"
    },
    {
        "appVersion": "3.0",
        "at": "2023-05-09 04:13:21",
        "content": "Very good app I earned 500 Doge",
        "repliedAt": null,
        "replyContent": null,
        "reviewCreatedVersion": "3.0",
        "reviewId": "72de683a-ad2d-4f35-aed3-f0c01aa12b31",
        "score": 5,
        "thumbsUpCount": 3,
        "userImage": "https://play-lh.googleusercontent.com/a/ACg8ocIAOlYKpHYCTG7re4-hyRiZlisFgwZpVuyMmTg-TZTu=mo",
        "userName": "Patel Patel"
    },
    {
        "appVersion": "3.0",
        "at": "2023-05-09 03:35:53",
        "content": "It's a very usefull app for mining",
        "repliedAt": null,
        "replyContent": null,
        "reviewCreatedVersion": "3.0",
        "reviewId": "2821f17a-0ba4-40ab-a6cb-94d8f6a2fcb1",
        "score": 5,
        "thumbsUpCount": 3,
        "userImage": "https://play-lh.googleusercontent.com/a/ACg8ocLrwVMvFSouv8220BhAXQsjkkGa06avSeBwHfLH2zoy=mo",
        "userName": "Johan Smith"
    },
    {
        "appVersion": "3.0",
        "at": "2023-04-28 05:25:13",
        "content": "Fake app KYC does not allow the camera to upload photos Very useless app Stop fooling people,how can you say camera error",
        "repliedAt": null,
        "replyContent": null,
        "reviewCreatedVersion": "3.0",
        "reviewId": "8686e90b-243e-49b5-bfd7-65d5e97382d9",
        "score": 1,
        "thumbsUpCount": 4,
        "userImage": "https://play-lh.googleusercontent.com/a-/ALV-UjXzMNyUWiCUWbbFe4SHDSvaFtl2MqHmEJFUAtqqRwRMEA",
        "userName": "Lubangakene Rogers"
    },
    {
        "appVersion": "3.0",
        "at": "2023-04-27 13:55:16",
        "content": "It's just scam not the real I didn't like it .\ud83d\ude20",
        "repliedAt": null,
        "replyContent": null,
        "reviewCreatedVersion": "3.0",
        "reviewId": "02379591-30a4-4741-a4e4-be6e08d0761b",
        "score": 1,
        "thumbsUpCount": 1,
        "userImage": "https://play-lh.googleusercontent.com/a/ACg8ocK1PZ3KQunTrZa67UE-_LVyx0zF5KHojIWP9lYZZPZ_=mo",
        "userName": "Nirku Rai"
    },
    {
        "appVersion": "3.0",
        "at": "2023-04-27 10:17:31",
        "content": "I have reach the Expected Points for Withdrawal, And the problem now is, Should I input Ethereum Wallet address or Bitcoin wallet address, Developer I need your help.\ud83d\ude42\ud83d\ude4f",
        "repliedAt": null,
        "replyContent": null,
        "reviewCreatedVersion": "3.0",
        "reviewId": "6759cbcf-2756-4862-834c-22bea7a1d2c3",
        "score": 5,
        "thumbsUpCount": 5,
        "userImage": "https://play-lh.googleusercontent.com/a-/ALV-UjXaHnCVGOk067eH1Vc9t_MzfAEhLoW-dCUMFbuOkYyMfA8",
        "userName": "Jeffwiz Ayo"
    }
]