[
    {
        "appVersion": "1.3.3",
        "at": "2023-07-07 10:38:57",
        "content": "Boring",
        "repliedAt": "2023-07-12 18:50:35",
        "replyContent": "Hi, let us know what we can improve to create a better experience for you!",
        "reviewCreatedVersion": "1.3.3",
        "reviewId": "21f743fe-4eb4-45da-a5d9-a0546c5355f1",
        "score": 2,
        "thumbsUpCount": 0,
        "userImage": "https://play-lh.googleusercontent.com/a-/ALV-UjUGgXBqXpEualXLL0e9YlKTvvF4ZgovEdSlyOgxeDJTpI8",
        "userName": "Andrew Edwards"
    },
    {
        "appVersion": "1.3.2",
        "at": "2023-05-14 15:14:26",
        "content": "Cool \ud83d\ude0e article \ud83c\udfad on the border go",
        "repliedAt": "2023-05-15 04:44:08",
        "replyContent": "Thanks for your review! Please recommend our app to your friends, and don\u2019t hesitate to shoot us a note at vorevo.apps@gmail.com if you have any questions.",
        "reviewCreatedVersion": "1.3.2",
        "reviewId": "068fc79e-487d-44f4-8dfc-53a6dd2ce571",
        "score": 5,
        "thumbsUpCount": 0,
        "userImage": "https://play-lh.googleusercontent.com/a-/ALV-UjVE0Y-crTpQDwYC6F1qbqBF1vXuQSap1nUcQdPrv65xIeg",
        "userName": "Precious Ebuka King Savage"
    },
    {
        "appVersion": null,
        "at": "2023-04-24 07:50:40",
        "content": "Bravo",
        "repliedAt": "2023-04-24 18:28:59",
        "replyContent": "Thank you for your review. Enjoy reading & keep supporting us :)\nIf you have any feedback or suggestion, you could write to us at vorevo.apps@gmail.com. We would love to hear from you!",
        "reviewCreatedVersion": null,
        "reviewId": "7aee1f18-8ddb-40e4-b238-6da0c0b4bab7",
        "score": 5,
        "thumbsUpCount": 1,
        "userImage": "https://play-lh.googleusercontent.com/a/ACg8ocKy1uj2wb6H7qPu3m84d0R_5Zpi7-9hfKRWT8t8iSI=mo",
        "userName": "Manchester United"
    },
    {
        "appVersion": "1.3.2",
        "at": "2023-04-03 21:32:49",
        "content": "shabe",
        "repliedAt": "2023-04-04 00:52:46",
        "replyContent": "Thank you very much for the 5-star rating. Keep using our app.",
        "reviewCreatedVersion": "1.3.2",
        "reviewId": "a48a86b5-b88a-44f3-96d5-5b1af0aa84ff",
        "score": 5,
        "thumbsUpCount": 1,
        "userImage": "https://play-lh.googleusercontent.com/a/ACg8ocLcVzPQawslZX7YTFobv7MegdqZHa-z-_dVltvx_rn6=mo",
        "userName": "Shabcaan Aden moh"
    }
]