[
    {
        "appVersion": "1.9",
        "at": "2022-12-17 04:04:46",
        "content": "good",
        "repliedAt": null,
        "replyContent": null,
        "reviewCreatedVersion": "1.9",
        "reviewId": "d2fc9c0a-2725-4e62-aa00-2f58eff78aad",
        "score": 1,
        "thumbsUpCount": 0,
        "userImage": "https://play-lh.googleusercontent.com/a-/ALV-UjWUEntoP1f7szELafHw1w-VPgerf8kQThD7f868kkJk4w",
        "userName": "Deeni Baatein225"
    },
    {
        "appVersion": null,
        "at": "2022-09-23 10:41:25",
        "content": "absolutely love this it is relaxing and satisfying specially when the blocks are collected in one swoop.its great stress reliever whenever you need a break",
        "repliedAt": null,
        "replyContent": null,
        "reviewCreatedVersion": null,
        "reviewId": "f37b5974-8def-4985-a580-af594066e048",
        "score": 5,
        "thumbsUpCount": 0,
        "userImage": "https://play-lh.googleusercontent.com/a-/ALV-UjVDVVHwYDDzN0bLuXkaREA-4YBqDpHwAj8SPhWpt7MS5SY",
        "userName": "Muhammad Umar"
    },
    {
        "appVersion": null,
        "at": "2022-09-13 14:08:46",
        "content": "Very bad each time it starts with begenning",
        "repliedAt": null,
        "replyContent": null,
        "reviewCreatedVersion": null,
        "reviewId": "80589bfc-50a2-4d36-ac9d-1f3ecc98a932",
        "score": 1,
        "thumbsUpCount": 0,
        "userImage": "https://play-lh.googleusercontent.com/a/ACg8ocK1ZwKkt8eyp4tD9_tSlVcWHVww4tvy_vPzxSZ4dhgj=mo",
        "userName": "Sanjana Verma"
    }
]