[
    {
        "appVersion": "0.2",
        "at": "2023-09-12 12:07:40",
        "content": "This game lags and the graphics suck",
        "repliedAt": null,
        "replyContent": null,
        "reviewCreatedVersion": "0.2",
        "reviewId": "cf57d126-c301-4249-8cbc-e35d8070fef2",
        "score": 1,
        "thumbsUpCount": 1,
        "userImage": "https://play-lh.googleusercontent.com/a/ACg8ocIeniyuLnBSYonKCYMERijwHiJ3JsKA46c-s8bu8OiU=mo",
        "userName": "Brandon Wyatt"
    },
    {
        "appVersion": null,
        "at": "2023-08-31 00:01:30",
        "content": "Verry happy",
        "repliedAt": null,
        "replyContent": null,
        "reviewCreatedVersion": null,
        "reviewId": "d823230c-fd85-4666-968f-7c167e88c2e4",
        "score": 5,
        "thumbsUpCount": 0,
        "userImage": "https://play-lh.googleusercontent.com/a/ACg8ocJPMmo6vg6cYwwIbATSRQ7zRkdRERlVFiQ7ZTRYewwd=mo",
        "userName": "Boyskie Tago"
    },
    {
        "appVersion": null,
        "at": "2023-08-30 02:59:55",
        "content": "Hate hate hate",
        "repliedAt": null,
        "replyContent": null,
        "reviewCreatedVersion": null,
        "reviewId": "32b19239-2065-4729-9936-f2fce22bd3f0",
        "score": 1,
        "thumbsUpCount": 2,
        "userImage": "https://play-lh.googleusercontent.com/a/ACg8ocLFviiefNxx3MgdZ4EhoO3sV-vy6v31qx3eXkmsrMq9=mo",
        "userName": "Dustin Vaughn"
    },
    {
        "appVersion": null,
        "at": "2023-07-18 19:45:52",
        "content": "This game is so boring\ud83d\ude20\ud83d\ude21 it gives trouble and glitches\ud83d\ude21",
        "repliedAt": null,
        "replyContent": null,
        "reviewCreatedVersion": null,
        "reviewId": "c8d9b211-4362-4aaa-9855-0817471937e6",
        "score": 1,
        "thumbsUpCount": 0,
        "userImage": "https://play-lh.googleusercontent.com/a/ACg8ocKS69BcakuoF5Xr8BsNLXF6qitvtbEOW4AH9AlvwfMS=mo",
        "userName": "Jada jones"
    }
]