[
    {
        "appVersion": null,
        "at": "2023-02-11 20:38:32",
        "content": "only has 6 pics to chose from poof",
        "repliedAt": null,
        "replyContent": null,
        "reviewCreatedVersion": null,
        "reviewId": "9fd157f1-849e-499d-9637-8a91f33c2f7c",
        "score": 2,
        "thumbsUpCount": 0,
        "userImage": "https://play-lh.googleusercontent.com/a/ACg8ocKJeg1XQbspMyZZqzYgtVTQsv--suNfc7cMkAvCJP3l=mo",
        "userName": "nadine stevens"
    },
    {
        "appVersion": null,
        "at": "2022-04-19 04:27:46",
        "content": "Don't like the pictures to paint",
        "repliedAt": null,
        "replyContent": null,
        "reviewCreatedVersion": null,
        "reviewId": "90fb09dd-2c74-405a-8bc4-a0c8efeb7061",
        "score": 3,
        "thumbsUpCount": 1,
        "userImage": "https://play-lh.googleusercontent.com/a/ACg8ocK-opxh-lz99M8_I-wyi7UHKDoU5LX5sCUHvV1jIKFR=mo",
        "userName": "Robert Littlefield"
    },
    {
        "appVersion": null,
        "at": "2021-10-05 02:06:12",
        "content": "Cant download",
        "repliedAt": null,
        "replyContent": null,
        "reviewCreatedVersion": null,
        "reviewId": "85d1cb74-d863-4316-aa5e-151ca3dfa1d6",
        "score": 1,
        "thumbsUpCount": 1,
        "userImage": "https://play-lh.googleusercontent.com/a/ACg8ocJt3MmrDst90jjpmNvFxl5Pc95mlGJq8h9ZbSeCURc0=mo",
        "userName": "Rosie Jones"
    },
    {
        "appVersion": null,
        "at": "2021-05-30 19:43:09",
        "content": "Sucks",
        "repliedAt": null,
        "replyContent": null,
        "reviewCreatedVersion": null,
        "reviewId": "5763bca3-b8e5-4c29-9ddd-245a86ad0afe",
        "score": 1,
        "thumbsUpCount": 3,
        "userImage": "https://play-lh.googleusercontent.com/a-/ALV-UjXH7jIC9guvpZXPVaonA7GGrr6R3HHtmQdXKdk5-O3qYLY",
        "userName": "Dewey Thomison"
    }
]