[
    {
        "appVersion": "1.0",
        "at": "2023-08-16 01:34:08",
        "content": "\ud83d\udc4c",
        "repliedAt": null,
        "replyContent": null,
        "reviewCreatedVersion": "1.0",
        "reviewId": "74ddfa1d-0cf8-4b17-bfe1-e96b187662e0",
        "score": 5,
        "thumbsUpCount": 0,
        "userImage": "https://play-lh.googleusercontent.com/a/ACg8ocJLkd3z9LcVqBOAHkcRtnhQsoCNjbxPigI08TqVHSA_=mo",
        "userName": "Vaidegi Av"
    },
    {
        "appVersion": "1.0",
        "at": "2023-03-09 11:25:47",
        "content": "Bakwas",
        "repliedAt": null,
        "replyContent": null,
        "reviewCreatedVersion": "1.0",
        "reviewId": "81604521-f671-4d34-82d4-613eb18c64d2",
        "score": 1,
        "thumbsUpCount": 0,
        "userImage": "https://play-lh.googleusercontent.com/a-/ALV-UjWPdXlF-0ihhe12wNVfbJBvaz5viuZtvH6ssazLIP2E3Q",
        "userName": "MR NEGI"
    }
]