[
    {
        "appVersion": null,
        "at": "2023-07-20 18:54:31",
        "content": "I don't like it download this and see why",
        "repliedAt": null,
        "replyContent": null,
        "reviewCreatedVersion": null,
        "reviewId": "6a3748d2-b6ae-4f6a-b79f-a750825c1481",
        "score": 1,
        "thumbsUpCount": 0,
        "userImage": "https://play-lh.googleusercontent.com/a-/ALV-UjVBmeinVsEzs61o6KR3OBHeYORCk8pJINqXxqyoPFvnaFE",
        "userName": "Dontavion"
    },
    {
        "appVersion": null,
        "at": "2023-06-29 11:35:42",
        "content": "Doesnt even work",
        "repliedAt": null,
        "replyContent": null,
        "reviewCreatedVersion": null,
        "reviewId": "f1c62364-ac2b-4419-8073-781df787bc4f",
        "score": 1,
        "thumbsUpCount": 0,
        "userImage": "https://play-lh.googleusercontent.com/a-/ALV-UjVklBo22eLdC6gjyICElUSRCsWsEU1BTyss8V92y-kd3uLL",
        "userName": "Cj Caday"
    },
    {
        "appVersion": null,
        "at": "2023-06-28 23:39:28",
        "content": "This app a scam don't recommend don't download",
        "repliedAt": null,
        "replyContent": null,
        "reviewCreatedVersion": null,
        "reviewId": "8e8ae1ac-d190-462d-a8d9-5e544b243bfb",
        "score": 1,
        "thumbsUpCount": 0,
        "userImage": "https://play-lh.googleusercontent.com/a-/ALV-UjVaBbHwGZDegTI9rUsVbkOYZREbHi7f5CZtj63Pl4EadqA",
        "userName": "Kionna Sessoms"
    }
]