[
    {
        "appVersion": null,
        "at": "2023-11-03 06:59:16",
        "content": "Useless",
        "repliedAt": null,
        "replyContent": null,
        "reviewCreatedVersion": null,
        "reviewId": "f4843542-8a88-4508-ba10-aa38ab16e29a",
        "score": 1,
        "thumbsUpCount": 0,
        "userImage": "https://play-lh.googleusercontent.com/a/ACg8ocKFZE8gqWXpPzYkB7UC91jnxE1Wa2lZLlXSNozJB_YH=mo",
        "userName": "Tariq Masud"
    },
    {
        "appVersion": "1.0.5",
        "at": "2023-11-01 12:25:35",
        "content": "\u092e\u0924\u092d\u0926\u092d\u0943",
        "repliedAt": null,
        "replyContent": null,
        "reviewCreatedVersion": "1.0.5",
        "reviewId": "755c732e-7a64-4820-804a-3909de34964e",
        "score": 1,
        "thumbsUpCount": 0,
        "userImage": "https://play-lh.googleusercontent.com/a/ACg8ocIteNPZnARiJvy-Abm1L55xDrd11XHYlMRWXnDs5A0y=mo",
        "userName": "Mohit Kumar"
    },
    {
        "appVersion": "1.0.5",
        "at": "2023-10-16 07:03:44",
        "content": "Good",
        "repliedAt": null,
        "replyContent": null,
        "reviewCreatedVersion": "1.0.5",
        "reviewId": "309da834-6c97-4c85-bcc0-f7f3350ec6da",
        "score": 2,
        "thumbsUpCount": 0,
        "userImage": "https://play-lh.googleusercontent.com/a/ACg8ocLFPF6WhOjRs8iK2Daon_6nzfknmypNxLIc-HScueo6=mo",
        "userName": "Maxencia"
    },
    {
        "appVersion": "1.0.5",
        "at": "2023-10-16 01:40:01",
        "content": "\u09ad\u09c7\u09b0\u09bf \u09a8\u09be\u0987\u099a",
        "repliedAt": null,
        "replyContent": null,
        "reviewCreatedVersion": "1.0.5",
        "reviewId": "566b4d39-a715-4bb7-91fb-abbfe1401b21",
        "score": 5,
        "thumbsUpCount": 0,
        "userImage": "https://play-lh.googleusercontent.com/a/ACg8ocLPC5S7maz7r7jo4WKtQwn53eVfAyA72ZENvscg8RZo=mo",
        "userName": "Madhumongal Nath"
    },
    {
        "appVersion": "1.0.5",
        "at": "2023-09-25 23:16:46",
        "content": "nice",
        "repliedAt": null,
        "replyContent": null,
        "reviewCreatedVersion": "1.0.5",
        "reviewId": "62859ff1-4bcc-487d-bd9d-d57bbc275e6f",
        "score": 4,
        "thumbsUpCount": 0,
        "userImage": "https://play-lh.googleusercontent.com/a/ACg8ocK5Pgw8_Lfl8BsNOmIROWns8bTiKF_0F_aHQRR5ILru=mo",
        "userName": "lenita ocampo"
    },
    {
        "appVersion": "1.0.5",
        "at": "2023-09-10 10:55:29",
        "content": "Awesome",
        "repliedAt": null,
        "replyContent": null,
        "reviewCreatedVersion": "1.0.5",
        "reviewId": "dcfc0d38-b5e5-4540-affc-e7f0c90fe4b6",
        "score": 5,
        "thumbsUpCount": 0,
        "userImage": "https://play-lh.googleusercontent.com/a-/ALV-UjXAZiMhcIj-GIBvH63eBKSKilvAmknFrIFyJdtHhF11sSI",
        "userName": "Vilvamoorthy Srinivasan"
    },
    {
        "appVersion": "1.0.5",
        "at": "2023-09-10 05:44:58",
        "content": "good",
        "repliedAt": null,
        "replyContent": null,
        "reviewCreatedVersion": "1.0.5",
        "reviewId": "c1d116cd-2b3e-4afd-8f49-8adb440e5d0b",
        "score": 3,
        "thumbsUpCount": 0,
        "userImage": "https://play-lh.googleusercontent.com/a/ACg8ocINPaJybV2I-DulNVa0AEa-WnUItlTB83p5NQhufHiY=mo",
        "userName": "Swaleh wise"
    },
    {
        "appVersion": "1.0.5",
        "at": "2023-09-07 13:19:06",
        "content": "Good",
        "repliedAt": null,
        "replyContent": null,
        "reviewCreatedVersion": "1.0.5",
        "reviewId": "0cf0950f-7fa6-458b-9311-f2786faa98b1",
        "score": 5,
        "thumbsUpCount": 0,
        "userImage": "https://play-lh.googleusercontent.com/a/ACg8ocLOKhblgRJ7u7LKWhB0B3pFci_5tTWaO8ACLKab0RYv=mo",
        "userName": "Sudha SV"
    },
    {
        "appVersion": "1.0.5",
        "at": "2023-09-04 09:18:34",
        "content": "Okayapp",
        "repliedAt": null,
        "replyContent": null,
        "reviewCreatedVersion": "1.0.5",
        "reviewId": "2c09e098-ecd8-40de-9c8f-f9449dadd3fe",
        "score": 5,
        "thumbsUpCount": 0,
        "userImage": "https://play-lh.googleusercontent.com/a/ACg8ocITD7K0XFuTI-bTg4oAGFud5yWHrLeiN2VNia1yhPTw=mo",
        "userName": "Izhar Bangash"
    },
    {
        "appVersion": "1.0.5",
        "at": "2023-09-03 00:10:38",
        "content": "Super",
        "repliedAt": null,
        "replyContent": null,
        "reviewCreatedVersion": "1.0.5",
        "reviewId": "88516d4f-08b2-405b-a0a7-402fa5c878df",
        "score": 5,
        "thumbsUpCount": 0,
        "userImage": "https://play-lh.googleusercontent.com/a/ACg8ocJJVKPd1VInFQRjR1GVV-bNNz60vXrlQrn4XsUnbhw=mo",
        "userName": "Deepa Deepa"
    },
    {
        "appVersion": "1.0.5",
        "at": "2023-08-24 21:26:14",
        "content": "-* yt industries stock marke Tyvt has uzt",
        "repliedAt": null,
        "replyContent": null,
        "reviewCreatedVersion": "1.0.5",
        "reviewId": "363ba443-6a47-4a7c-a56e-9772387d717e",
        "score": 3,
        "thumbsUpCount": 0,
        "userImage": "https://play-lh.googleusercontent.com/a-/ALV-UjVjboXHyin-A6RJf2G6M6Vs9PTiHm-FvxDq-X_LSRG3ng",
        "userName": "Md Sharif"
    },
    {
        "appVersion": null,
        "at": "2023-08-19 20:49:33",
        "content": "Good",
        "repliedAt": null,
        "replyContent": null,
        "reviewCreatedVersion": null,
        "reviewId": "99eba840-39a2-4185-9dce-7b4509f7a91b",
        "score": 5,
        "thumbsUpCount": 0,
        "userImage": "https://play-lh.googleusercontent.com/a/ACg8ocKDn42Bzzhf6wALmau3a0NKqJ_6vFI4u6rZOcwi3hKf=mo",
        "userName": "Irfan Rasheed"
    },
    {
        "appVersion": "1.0.5",
        "at": "2023-08-14 15:51:05",
        "content": "My best one",
        "repliedAt": null,
        "replyContent": null,
        "reviewCreatedVersion": "1.0.5",
        "reviewId": "3b8e7e81-f0a2-4f7b-84e6-83128766fcb7",
        "score": 5,
        "thumbsUpCount": 0,
        "userImage": "https://play-lh.googleusercontent.com/a/ACg8ocJQ9ho1sk-zgdaY0nItVtoZAeKByY5kfGzRuWeTluge=mo",
        "userName": "Abuja matet"
    },
    {
        "appVersion": "1.0.5",
        "at": "2023-08-12 11:23:05",
        "content": "great",
        "repliedAt": null,
        "replyContent": null,
        "reviewCreatedVersion": "1.0.5",
        "reviewId": "08d43909-0846-4adb-92b2-b039405dd792",
        "score": 5,
        "thumbsUpCount": 0,
        "userImage": "https://play-lh.googleusercontent.com/a/ACg8ocI-dbGkGKSP0bpKazi_oasrQYf2tXTCjmKYpTTMxKNj=mo",
        "userName": "Cornellius Amidu"
    },
    {
        "appVersion": "1.0.5",
        "at": "2023-08-08 06:25:57",
        "content": "not best",
        "repliedAt": null,
        "replyContent": null,
        "reviewCreatedVersion": "1.0.5",
        "reviewId": "9321a9d0-39ed-4f3c-a05e-0b30aef12097",
        "score": 5,
        "thumbsUpCount": 0,
        "userImage": "https://play-lh.googleusercontent.com/a/ACg8ocIQvOw_8S86q6gaksD5rE5lYhv79gls5M7f1Fwq7-NR=mo",
        "userName": "katonqole Edrine"
    },
    {
        "appVersion": "1.0.5",
        "at": "2023-08-06 14:15:50",
        "content": "Good",
        "repliedAt": null,
        "replyContent": null,
        "reviewCreatedVersion": "1.0.5",
        "reviewId": "db70ae4b-4069-409a-bd73-bc51ec085f3d",
        "score": 5,
        "thumbsUpCount": 0,
        "userImage": "https://play-lh.googleusercontent.com/a-/ALV-UjUMULc9pAIb7bxw5jIv3pUa-uNgZZJY3jZJ38m0VITQfWo",
        "userName": "Rafia Saeed"
    },
    {
        "appVersion": "1.0.5",
        "at": "2023-08-05 06:23:44",
        "content": "good",
        "repliedAt": null,
        "replyContent": null,
        "reviewCreatedVersion": "1.0.5",
        "reviewId": "30b81433-1f70-4ed6-9ecb-fd800105f7a1",
        "score": 5,
        "thumbsUpCount": 0,
        "userImage": "https://play-lh.googleusercontent.com/a/ACg8ocKz-J16EhqoXwq7MM51WiEfVUfngdM6KPjg1BeWuyeV=mo",
        "userName": "Anup Bora"
    },
    {
        "appVersion": "1.0.5",
        "at": "2023-07-31 10:11:46",
        "content": "Very bed",
        "repliedAt": null,
        "replyContent": null,
        "reviewCreatedVersion": "1.0.5",
        "reviewId": "6c17ead6-b74c-4daa-911c-c530827dd774",
        "score": 1,
        "thumbsUpCount": 0,
        "userImage": "https://play-lh.googleusercontent.com/a/ACg8ocKu0d4p8Vo9GjvPOuQCHNh8ZvnNv7yqiJ3bK5bpqxw2=mo",
        "userName": "Raj rathore Rathore"
    },
    {
        "appVersion": "1.0.5",
        "at": "2023-07-26 12:54:02",
        "content": "It doesn't have reach options",
        "repliedAt": null,
        "replyContent": null,
        "reviewCreatedVersion": "1.0.5",
        "reviewId": "32f536d0-368a-425f-9c9f-cd36dcc0df33",
        "score": 1,
        "thumbsUpCount": 1,
        "userImage": "https://play-lh.googleusercontent.com/a-/ALV-UjXhfbKEE76sYzHwgvvzfbUFrX97z-t5p8qPduHT2SLw0iM",
        "userName": "Kalem"
    },
    {
        "appVersion": "1.0.5",
        "at": "2023-07-22 10:33:51",
        "content": "This is the best keyboard i ever have",
        "repliedAt": null,
        "replyContent": null,
        "reviewCreatedVersion": "1.0.5",
        "reviewId": "7f787e10-1876-4454-8975-319af68fbac3",
        "score": 5,
        "thumbsUpCount": 1,
        "userImage": "https://play-lh.googleusercontent.com/a/ACg8ocL360Tb7YWH0b7d4u0sB3GhiDDF1iz0-lx0TbazNUxO=mo",
        "userName": "Hanah Salomon"
    },
    {
        "appVersion": "1.0.5",
        "at": "2023-07-16 03:51:44",
        "content": "Ok",
        "repliedAt": null,
        "replyContent": null,
        "reviewCreatedVersion": "1.0.5",
        "reviewId": "879a1181-b115-4870-b3f7-5b7dcf2a8927",
        "score": 3,
        "thumbsUpCount": 0,
        "userImage": "https://play-lh.googleusercontent.com/a-/ALV-UjUcTw1vXSb6nIWbNiBAuzGnKDq68h87CUbUAxQwhtghcJEr",
        "userName": "Mastan Sarvejana sukhinobhavanthu"
    },
    {
        "appVersion": "1.0.5",
        "at": "2023-07-12 03:06:07",
        "content": "Good",
        "repliedAt": null,
        "replyContent": null,
        "reviewCreatedVersion": "1.0.5",
        "reviewId": "3a3d8751-b3f6-438f-aefb-03daeab05844",
        "score": 5,
        "thumbsUpCount": 0,
        "userImage": "https://play-lh.googleusercontent.com/a/ACg8ocLI9VZNuK9KFwXmRla1LFNDc8ZiFffHGF5XOwUVDRA=mo",
        "userName": "Ali Khan"
    },
    {
        "appVersion": "1.0.5",
        "at": "2023-07-11 17:06:12",
        "content": "Absolute rubbish types wrong letters and adds up to four letters out dbhj the blue see.",
        "repliedAt": null,
        "replyContent": null,
        "reviewCreatedVersion": "1.0.5",
        "reviewId": "32ff11e0-20f6-431a-90cf-327936a6f74f",
        "score": 1,
        "thumbsUpCount": 0,
        "userImage": "https://play-lh.googleusercontent.com/a/ACg8ocJgxCMpR_tiTUrQM0g-Mgdmh9HOIcaThwlIqOQhOys=mo",
        "userName": "chris johnson"
    },
    {
        "appVersion": "1.0.5",
        "at": "2023-07-09 10:10:44",
        "content": "Kaveri",
        "repliedAt": null,
        "replyContent": null,
        "reviewCreatedVersion": "1.0.5",
        "reviewId": "c445dba7-ede0-4cec-bba4-ad07f75439c9",
        "score": 1,
        "thumbsUpCount": 0,
        "userImage": "https://play-lh.googleusercontent.com/a/ACg8ocLcJKz2cAMymlDIM2Wr73ooqmhDS1lJsAbJH_g4lgfR=mo",
        "userName": "Hanmamthi new Lamani"
    },
    {
        "appVersion": "1.0.5",
        "at": "2023-07-08 20:33:32",
        "content": "It's a pretty good and reliable application for user's",
        "repliedAt": null,
        "replyContent": null,
        "reviewCreatedVersion": "1.0.5",
        "reviewId": "9b0b0d22-ff50-48c3-bc92-296600fbde40",
        "score": 4,
        "thumbsUpCount": 28,
        "userImage": "https://play-lh.googleusercontent.com/a-/ALV-UjWqzQsWLPT7srXrvYP4leUEAIoitaLr_WpmRj90lhP5uA",
        "userName": "Fawad Azeem"
    },
    {
        "appVersion": "1.0.5",
        "at": "2023-07-06 05:07:33",
        "content": "Too distracting... not user friendly... unnecessary designs blocking the vew",
        "repliedAt": null,
        "replyContent": null,
        "reviewCreatedVersion": "1.0.5",
        "reviewId": "b264fddb-c843-4aa9-a186-37708443de13",
        "score": 1,
        "thumbsUpCount": 17,
        "userImage": "https://play-lh.googleusercontent.com/a-/ALV-UjV3qlvHtcJFAUeEySgosS3XGdgqtYSSiHX5KRBR50Xq7rOA",
        "userName": "Joy Nirmala Vijayasingh"
    },
    {
        "appVersion": "1.0.5",
        "at": "2023-07-05 06:53:14",
        "content": "wow",
        "repliedAt": null,
        "replyContent": null,
        "reviewCreatedVersion": "1.0.5",
        "reviewId": "e7bf6cdb-59c1-4b55-8570-df2f514070c0",
        "score": 5,
        "thumbsUpCount": 0,
        "userImage": "https://play-lh.googleusercontent.com/a/ACg8ocL0SQw1r-k_UsT9HIYn7X7IEGT3Hhh8CHbHA3X5NOmhYBc=mo",
        "userName": "Virender Kumar"
    },
    {
        "appVersion": "1.0",
        "at": "2023-07-01 14:42:50",
        "content": "Good",
        "repliedAt": null,
        "replyContent": null,
        "reviewCreatedVersion": "1.0",
        "reviewId": "d8f2474b-d6af-4b28-b30d-b012dcc93a43",
        "score": 4,
        "thumbsUpCount": 0,
        "userImage": "https://play-lh.googleusercontent.com/a/ACg8ocJTc_bXoon-RykvSzW9VD_2NP5qUhFL3HLaa8zgtCwk=mo",
        "userName": "nalweyiso sharon"
    },
    {
        "appVersion": "1.0.5",
        "at": "2023-06-14 16:39:45",
        "content": "\ud83d\ude0d\ud83d\ude0d\ud83d\ude0d\ud83d\ude0d",
        "repliedAt": null,
        "replyContent": null,
        "reviewCreatedVersion": "1.0.5",
        "reviewId": "d3b19dfd-b15f-4734-8c56-6eaa94a63135",
        "score": 5,
        "thumbsUpCount": 0,
        "userImage": "https://play-lh.googleusercontent.com/a/ACg8ocLSuu5zk2d-c-OoLxn4qRh44UsGUPc4f4Tmm3KjI855=mo",
        "userName": "three best friends"
    },
    {
        "appVersion": "1.0.5",
        "at": "2023-06-11 12:41:54",
        "content": "\ud83d\ude0d\ud83d\ude0d\ud83d\ude0d\ud83d\ude0d \ud83d\ude0d\ud83d\ude0d \ud83d\ude0d\ud83d\ude0d\ud83d\ude0d\ud83d\ude0d",
        "repliedAt": null,
        "replyContent": null,
        "reviewCreatedVersion": "1.0.5",
        "reviewId": "7aff499e-3990-453a-96d3-53bed063ebee",
        "score": 5,
        "thumbsUpCount": 0,
        "userImage": "https://play-lh.googleusercontent.com/a/ACg8ocKpVudSrg0WfDUDLEEkVHL_Sz1a_PQrnlml9g9Dd4Ah=mo",
        "userName": "Md Barek"
    },
    {
        "appVersion": "1.0.5",
        "at": "2023-05-31 16:14:39",
        "content": "www",
        "repliedAt": null,
        "replyContent": null,
        "reviewCreatedVersion": "1.0.5",
        "reviewId": "c756af4a-5dbb-48c0-b16e-98ca911bd1c9",
        "score": 5,
        "thumbsUpCount": 0,
        "userImage": "https://play-lh.googleusercontent.com/a-/ALV-UjWASjjW-RUvr2_yZRwYfdBqga7zOtdzlgwz6lp9O028zFo",
        "userName": "Zelalem Sewnet"
    },
    {
        "appVersion": "1.0.5",
        "at": "2023-05-24 02:53:53",
        "content": "Excellent",
        "repliedAt": null,
        "replyContent": null,
        "reviewCreatedVersion": "1.0.5",
        "reviewId": "743a4bf3-d88a-48a3-a8c4-2196906805a4",
        "score": 5,
        "thumbsUpCount": 0,
        "userImage": "https://play-lh.googleusercontent.com/a-/ALV-UjWzUWXRak6K7P0_5swu3776FYaAsVItjKThjPaynNFgA2I",
        "userName": "Benard Kamau"
    },
    {
        "appVersion": null,
        "at": "2023-05-23 17:11:58",
        "content": "Room for improvement",
        "repliedAt": null,
        "replyContent": null,
        "reviewCreatedVersion": null,
        "reviewId": "58f20672-cccd-4233-9f99-03c5739a4396",
        "score": 5,
        "thumbsUpCount": 0,
        "userImage": "https://play-lh.googleusercontent.com/a-/ALV-UjWVDk-A9YzLpH2XPgT9c98s8cFDOwos4jrHUacOvFujlto",
        "userName": "Daniel Panford Quainoo"
    },
    {
        "appVersion": "1.0.5",
        "at": "2023-05-20 05:08:34",
        "content": "Very nice",
        "repliedAt": null,
        "replyContent": null,
        "reviewCreatedVersion": "1.0.5",
        "reviewId": "4ae4d68f-e8c4-4034-bc12-840d933402d8",
        "score": 5,
        "thumbsUpCount": 0,
        "userImage": "https://play-lh.googleusercontent.com/a/ACg8ocJyvhGpvEyBYqkkTXtN0z-iNE41au-4QGC66yAGqOxa=mo",
        "userName": "Godwin Adnan"
    },
    {
        "appVersion": null,
        "at": "2023-05-17 19:06:40",
        "content": "Yap so good",
        "repliedAt": null,
        "replyContent": null,
        "reviewCreatedVersion": null,
        "reviewId": "172f0410-926e-4032-a31a-fbf17869fa06",
        "score": 1,
        "thumbsUpCount": 0,
        "userImage": "https://play-lh.googleusercontent.com/a/ACg8ocI59AQGyxrR0GxtvVxYzxMCJZHkoNJerQvKbOrk-cZy=mo",
        "userName": "muhammad lubega"
    },
    {
        "appVersion": "1.0.5",
        "at": "2023-05-15 11:37:10",
        "content": "I want Apply this App",
        "repliedAt": null,
        "replyContent": null,
        "reviewCreatedVersion": "1.0.5",
        "reviewId": "585751cb-54eb-4fcc-9b9f-c3afaaa46e85",
        "score": 1,
        "thumbsUpCount": 10,
        "userImage": "https://play-lh.googleusercontent.com/a/ACg8ocKcKgxkBfV-k3rC7o3gdSzCNhC6Zqh0L6COHdcmCgKF=mo",
        "userName": "Abiha Noor"
    },
    {
        "appVersion": null,
        "at": "2023-05-14 00:53:35",
        "content": "Good",
        "repliedAt": null,
        "replyContent": null,
        "reviewCreatedVersion": null,
        "reviewId": "12538c96-f770-48dc-935b-14f8f9cc8f8e",
        "score": 5,
        "thumbsUpCount": 0,
        "userImage": "https://play-lh.googleusercontent.com/a-/ALV-UjVnWiMvz6Co-ek0AHhtCnEF7o2OVBgBZqROPy4qynKTWA",
        "userName": "sateesh Raje"
    },
    {
        "appVersion": "1.0.5",
        "at": "2023-05-12 08:38:38",
        "content": "Excellent",
        "repliedAt": null,
        "replyContent": null,
        "reviewCreatedVersion": "1.0.5",
        "reviewId": "1d0cf619-d16a-4f5c-9253-398d5b5c235b",
        "score": 5,
        "thumbsUpCount": 0,
        "userImage": "https://play-lh.googleusercontent.com/a/ACg8ocJYNm4NtQMparomUXPfi3nTdVrwRj1EPbummh_MNKbp=mo",
        "userName": "Kizito Bernard"
    },
    {
        "appVersion": "1.0.5",
        "at": "2023-05-12 01:26:29",
        "content": "Good",
        "repliedAt": null,
        "replyContent": null,
        "reviewCreatedVersion": "1.0.5",
        "reviewId": "5d94551f-380c-47aa-836a-5cb0df4e44a7",
        "score": 5,
        "thumbsUpCount": 0,
        "userImage": "https://play-lh.googleusercontent.com/a/ACg8ocISv2SyHqJKCvs_wuG8lf91VV18xVDqU8-Jl-AK1ZcY2Q=mo",
        "userName": "Latif Hussain"
    },
    {
        "appVersion": "1.0.4",
        "at": "2023-05-11 09:05:01",
        "content": "Vary bad",
        "repliedAt": null,
        "replyContent": null,
        "reviewCreatedVersion": "1.0.4",
        "reviewId": "b5ba9c95-1ccd-45c6-8c26-be184a2d58ca",
        "score": 1,
        "thumbsUpCount": 0,
        "userImage": "https://play-lh.googleusercontent.com/a/ACg8ocJo4DkyqzGK_GrWjrL4YTJFcpt3YHPjeaY0eYdIZi6J=mo",
        "userName": "Sens hotels PVT LTD"
    },
    {
        "appVersion": null,
        "at": "2023-04-29 08:46:54",
        "content": "Very nice app",
        "repliedAt": null,
        "replyContent": null,
        "reviewCreatedVersion": null,
        "reviewId": "87106e0f-1d90-40be-a430-011a46c82e35",
        "score": 5,
        "thumbsUpCount": 1,
        "userImage": "https://play-lh.googleusercontent.com/a/ACg8ocKzmJFJ45bJKE-6wzH2uxSfiDYUFb-KSLiSi6t_7ar-=mo",
        "userName": "Rafi KarChi"
    },
    {
        "appVersion": "1.0.4",
        "at": "2023-04-29 00:44:48",
        "content": "Good",
        "repliedAt": null,
        "replyContent": null,
        "reviewCreatedVersion": "1.0.4",
        "reviewId": "4e9c6e41-8ee7-4494-928d-4acee11f17f0",
        "score": 5,
        "thumbsUpCount": 0,
        "userImage": "https://play-lh.googleusercontent.com/a-/ALV-UjUpYS_jwqWSsgEciQ-p5wM8JUzesiSvaUw1wU8SKOqBEaE",
        "userName": "H.A. JEWEL RANA"
    },
    {
        "appVersion": "1.0.4",
        "at": "2023-04-27 13:11:07",
        "content": "super",
        "repliedAt": null,
        "replyContent": null,
        "reviewCreatedVersion": "1.0.4",
        "reviewId": "af86e35d-6a9b-459b-9693-835006d9c188",
        "score": 4,
        "thumbsUpCount": 0,
        "userImage": "https://play-lh.googleusercontent.com/a/ACg8ocIeBqIQbfwPqfrYnrjxmbxOTnNWAZwOTO7c6iJBJGx8=mo",
        "userName": "Giri Babu"
    },
    {
        "appVersion": "1.0.4",
        "at": "2023-04-25 11:07:29",
        "content": "No swipe to type. I really dislike pecking! I dislike the ads. However, they are not overwhelming, and I \u00f9nderstand why they are needed for the free version.",
        "repliedAt": null,
        "replyContent": null,
        "reviewCreatedVersion": "1.0.4",
        "reviewId": "b60b7951-3e23-43d3-b118-2ea3137c9a2c",
        "score": 2,
        "thumbsUpCount": 28,
        "userImage": "https://play-lh.googleusercontent.com/a-/ALV-UjXZN9WzZSayVlaa-P-mpuKQqwkgupeoEsvESGukq7ZxXw",
        "userName": "Timothy W. Elmer"
    },
    {
        "appVersion": "1.0.4",
        "at": "2023-04-24 05:37:20",
        "content": "\u09ad\u09be\u09b2\u09cb",
        "repliedAt": null,
        "replyContent": null,
        "reviewCreatedVersion": "1.0.4",
        "reviewId": "ab403c63-8b59-4d71-a93b-b9b61a3cd43b",
        "score": 3,
        "thumbsUpCount": 0,
        "userImage": "https://play-lh.googleusercontent.com/a/ACg8ocLO9yKrUwIc7F2OhFs-GgYCk4EOTqWzjuuXB1VtO7oq=mo",
        "userName": "Surojit Dutta"
    },
    {
        "appVersion": "1.0.4",
        "at": "2023-04-19 14:21:33",
        "content": "good app",
        "repliedAt": null,
        "replyContent": null,
        "reviewCreatedVersion": "1.0.4",
        "reviewId": "532d09d7-fd65-4d48-8884-c5b6f75a1b34",
        "score": 5,
        "thumbsUpCount": 0,
        "userImage": "https://play-lh.googleusercontent.com/a/ACg8ocKnAp9bRcxVhREaCtYrp7bUJW2j8OkKo4XAXDrjRlbR=mo",
        "userName": "Sam Kabiriel"
    },
    {
        "appVersion": "1.0.4",
        "at": "2023-04-12 19:49:31",
        "content": "very good",
        "repliedAt": null,
        "replyContent": null,
        "reviewCreatedVersion": "1.0.4",
        "reviewId": "ea75657c-c50c-48b7-b162-09fc5d910954",
        "score": 5,
        "thumbsUpCount": 0,
        "userImage": "https://play-lh.googleusercontent.com/a-/ALV-UjU6g6iskxpI_vys4kOyMh0WFIMhSC6u-tcOKIKXK5HkOrU",
        "userName": "Simon Seodisa"
    },
    {
        "appVersion": "1.0.4",
        "at": "2023-04-09 17:17:09",
        "content": "Cool",
        "repliedAt": null,
        "replyContent": null,
        "reviewCreatedVersion": "1.0.4",
        "reviewId": "32edcb97-2927-434d-9e5a-11f3153de92b",
        "score": 5,
        "thumbsUpCount": 0,
        "userImage": "https://play-lh.googleusercontent.com/a/ACg8ocKCHeDDuap-YL_F47Dxd0FxUTg5DarHGm-L8yoUK3ET=mo",
        "userName": "Nifemi ayomide"
    },
    {
        "appVersion": "1.0.4",
        "at": "2023-03-26 01:33:57",
        "content": "ok",
        "repliedAt": null,
        "replyContent": null,
        "reviewCreatedVersion": "1.0.4",
        "reviewId": "2d7e84e9-8624-4682-a9b9-610d3461d44d",
        "score": 5,
        "thumbsUpCount": 1,
        "userImage": "https://play-lh.googleusercontent.com/a/ACg8ocLUkYPoz63qbHXigf38CuNjKZbQUugskZ1vadebXbdE=mo",
        "userName": "renante batallones"
    },
    {
        "appVersion": "1.0.4",
        "at": "2023-03-23 08:26:30",
        "content": "so glad that Iam using this app",
        "repliedAt": null,
        "replyContent": null,
        "reviewCreatedVersion": "1.0.4",
        "reviewId": "0c244ee1-d473-460d-8c18-0e3b17efb0e8",
        "score": 5,
        "thumbsUpCount": 0,
        "userImage": "https://play-lh.googleusercontent.com/a/ACg8ocIfvf55B5cOx98iWs8k7s2CoS56kFZOYpHoVqRRQ8ut=mo",
        "userName": "anunandha sbaiju2009 (molootti)"
    },
    {
        "appVersion": "1.0.4",
        "at": "2023-03-23 07:26:53",
        "content": "Nice",
        "repliedAt": null,
        "replyContent": null,
        "reviewCreatedVersion": "1.0.4",
        "reviewId": "a151b240-e71a-4de3-9141-a8fb67d80461",
        "score": 5,
        "thumbsUpCount": 1,
        "userImage": "https://play-lh.googleusercontent.com/a-/ALV-UjVrrD_tN4K6aQYGzIxPO2NbPEUjm6tXJJ6Eu7L0O4sjbQ",
        "userName": "Ogbebor Osaro"
    },
    {
        "appVersion": "1.0.4",
        "at": "2023-03-20 04:42:20",
        "content": "Nice",
        "repliedAt": null,
        "replyContent": null,
        "reviewCreatedVersion": "1.0.4",
        "reviewId": "fde75267-4394-4f2a-bc35-fdabe8923639",
        "score": 5,
        "thumbsUpCount": 1,
        "userImage": "https://play-lh.googleusercontent.com/a-/ALV-UjWYTUvc9MpihCx-1mJQxqlP0FsfMKIdEBrOuC6_vvNquQ",
        "userName": "Robin Hasan"
    },
    {
        "appVersion": "1.0.4",
        "at": "2023-03-18 10:35:02",
        "content": "beautiful",
        "repliedAt": null,
        "replyContent": null,
        "reviewCreatedVersion": "1.0.4",
        "reviewId": "444c7360-48e4-4901-bab4-f3041a7d61ad",
        "score": 5,
        "thumbsUpCount": 1,
        "userImage": "https://play-lh.googleusercontent.com/a/ACg8ocJBCC1EFidmWn3uUnSOVwKczNs5QgIM4yLuHFBFHDW5=mo",
        "userName": "MITA SAHA"
    },
    {
        "appVersion": "1.0.4",
        "at": "2023-03-16 08:27:17",
        "content": "Nice keybord",
        "repliedAt": null,
        "replyContent": null,
        "reviewCreatedVersion": "1.0.4",
        "reviewId": "31d8e7f6-fa34-4819-b032-7f7735587680",
        "score": 5,
        "thumbsUpCount": 1,
        "userImage": "https://play-lh.googleusercontent.com/a/ACg8ocKTMM0f18ROk6a0HeLUnlFzVxzx9k9-280IOlUNnev7=mo",
        "userName": "sami Khan"
    },
    {
        "appVersion": "1.0.4",
        "at": "2023-03-03 12:27:30",
        "content": "Emoji not occur",
        "repliedAt": null,
        "replyContent": null,
        "reviewCreatedVersion": "1.0.4",
        "reviewId": "2121d9d7-8019-4087-be7b-ad66eb4878d9",
        "score": 2,
        "thumbsUpCount": 16,
        "userImage": "https://play-lh.googleusercontent.com/a/ACg8ocIEMRGxblwCqXsbN06uT0eEdE7RG3ekD_jB2TnrWYCu=mo",
        "userName": "Samruddhi Londhe"
    },
    {
        "appVersion": "1.0",
        "at": "2023-02-12 13:14:27",
        "content": "Nice",
        "repliedAt": null,
        "replyContent": null,
        "reviewCreatedVersion": "1.0",
        "reviewId": "f6bec444-89eb-417a-8dab-27f4adb8a742",
        "score": 4,
        "thumbsUpCount": 0,
        "userImage": "https://play-lh.googleusercontent.com/a-/ALV-UjWGCeshNeMDdAzeWMBenHSr5SqO3VXSohUBVpNpTYbxalU",
        "userName": "Uzair Shahzad"
    },
    {
        "appVersion": "1.0",
        "at": "2022-12-29 06:56:14",
        "content": "Many time hang problem",
        "repliedAt": null,
        "replyContent": null,
        "reviewCreatedVersion": "1.0",
        "reviewId": "be8cbbca-a1a0-4cf0-8840-4061e4ab43f1",
        "score": 3,
        "thumbsUpCount": 2,
        "userImage": "https://play-lh.googleusercontent.com/a-/ALV-UjXPXAuz22L9wB2wLFgXXF9iCr7rPNiS04ZVvZ8qQTZNGy3n",
        "userName": "Madhu Vyas"
    },
    {
        "appVersion": "1.0",
        "at": "2022-12-24 22:21:54",
        "content": "good",
        "repliedAt": null,
        "replyContent": null,
        "reviewCreatedVersion": "1.0",
        "reviewId": "887f18bc-5b4b-4e96-9ece-f03b549995cc",
        "score": 5,
        "thumbsUpCount": 1,
        "userImage": "https://play-lh.googleusercontent.com/a/ACg8ocIbLqRgJq7aYWew7btsFa4B5x_WOz4IpMJtds2Onr43Zg=mo",
        "userName": "Naba Dey"
    },
    {
        "appVersion": "1.0",
        "at": "2022-12-18 12:09:49",
        "content": "I AMVERY HAPPY THIS APPS",
        "repliedAt": null,
        "replyContent": null,
        "reviewCreatedVersion": "1.0",
        "reviewId": "c014946f-88ef-441b-9023-fe2bfbe4df8a",
        "score": 3,
        "thumbsUpCount": 0,
        "userImage": "https://play-lh.googleusercontent.com/a-/ALV-UjUQCRbfNTzn74C-rfcd1nPR3k4YmYLu0lJRtN5HmlB2DQ",
        "userName": "Ashok Ku"
    },
    {
        "appVersion": "1.0",
        "at": "2022-12-16 10:57:56",
        "content": "Good",
        "repliedAt": null,
        "replyContent": null,
        "reviewCreatedVersion": "1.0",
        "reviewId": "a280afb4-8349-4e0d-bbef-f852b7f42800",
        "score": 5,
        "thumbsUpCount": 0,
        "userImage": "https://play-lh.googleusercontent.com/a/ACg8ocJpaP7SyMkh-GHFyQS1BcM7950h3hF99J1tZCLuTUQv=mo",
        "userName": "Rajam Meledath"
    },
    {
        "appVersion": "1.0",
        "at": "2022-12-02 10:09:13",
        "content": "good",
        "repliedAt": null,
        "replyContent": null,
        "reviewCreatedVersion": "1.0",
        "reviewId": "e53a6d6c-341c-4d36-b40e-fb810be9f047",
        "score": 3,
        "thumbsUpCount": 0,
        "userImage": "https://play-lh.googleusercontent.com/a/ACg8ocIQvSKyB5I7UyxmJ5KNJ8M0x0FQFquACI_i_PFLbBlh=mo",
        "userName": "Kibereab Sss"
    },
    {
        "appVersion": "1.0",
        "at": "2022-11-29 00:15:38",
        "content": "Its only for ad",
        "repliedAt": null,
        "replyContent": null,
        "reviewCreatedVersion": "1.0",
        "reviewId": "43f3321f-aaef-499c-b69d-058572a85b38",
        "score": 1,
        "thumbsUpCount": 30,
        "userImage": "https://play-lh.googleusercontent.com/a-/ALV-UjWWPDWJtiVGetWtj5c_RtdbbVxMmXKgQBWRushdKVnOJ_E",
        "userName": "Ganesh Gautam"
    },
    {
        "appVersion": null,
        "at": "2022-11-26 13:16:48",
        "content": "\u0a2a\u0a1b\u0a17\u0a1b\u0a20",
        "repliedAt": null,
        "replyContent": null,
        "reviewCreatedVersion": null,
        "reviewId": "c1569109-2a37-4d76-a7cd-ed4bb981e676",
        "score": 5,
        "thumbsUpCount": 0,
        "userImage": "https://play-lh.googleusercontent.com/a/ACg8ocLfsm1-ORyMm-JyJOvX5pjkkOUza_oazkoMDGzlPMMH=mo",
        "userName": "Balawl Khan"
    },
    {
        "appVersion": "1.0",
        "at": "2022-11-24 05:02:24",
        "content": "Very good",
        "repliedAt": null,
        "replyContent": null,
        "reviewCreatedVersion": "1.0",
        "reviewId": "720a9c5e-5d56-40eb-8280-12241b62ad23",
        "score": 1,
        "thumbsUpCount": 0,
        "userImage": "https://play-lh.googleusercontent.com/a/ACg8ocIsz0p0FZUQMes_vcoxjX-lTOh4d3dRaYBg_5qGN9Ct=mo",
        "userName": "Ankit Gamer"
    },
    {
        "appVersion": null,
        "at": "2022-11-16 08:15:23",
        "content": "Super",
        "repliedAt": null,
        "replyContent": null,
        "reviewCreatedVersion": null,
        "reviewId": "42422b9d-2861-4782-a84d-b20fd3da4957",
        "score": 5,
        "thumbsUpCount": 0,
        "userImage": "https://play-lh.googleusercontent.com/a/ACg8ocKGk_AHhIXgZlZwPMXiw3mo9x9XvRBX0h5hyBetOgw=mo",
        "userName": "Durairaj Rajagopal"
    },
    {
        "appVersion": "1.0",
        "at": "2022-11-11 06:42:08",
        "content": "Good to use but their is no prediction or suggestion of type word",
        "repliedAt": null,
        "replyContent": null,
        "reviewCreatedVersion": "1.0",
        "reviewId": "64580c30-e8d7-45bc-8e34-89813019cc32",
        "score": 4,
        "thumbsUpCount": 12,
        "userImage": "https://play-lh.googleusercontent.com/a/ACg8ocJQKfon52-hDlG6pAD4XqERVQhjZ6ZNOTBwIUEiTc3t=mo",
        "userName": "washma Rehman"
    },
    {
        "appVersion": "1.0",
        "at": "2022-11-09 07:29:02",
        "content": "\u10e7\u10ee\u10d1\u10d3\u10dc\u10e1\u10d8\u10d0\u10d9\u10ec\u10d8\u10d3\u10e4\u10e4\u10e3\u10e4\u10e4\u10f0\u10e4\u10f0\u10e4\u10f0\u10e4\u10f0\u10e4\u10f0\u10e4\u10f0\u10e4\u10f0\u10f0\u10e4\u10f0\u10f0\u10e4\u10e4\u10e4\u10e4\u10e4\u10f0\u10e4\u10e4\u10e4\u10e4",
        "repliedAt": null,
        "replyContent": null,
        "reviewCreatedVersion": "1.0",
        "reviewId": "bdee5edb-9b29-40a4-b834-de2c9886145c",
        "score": 5,
        "thumbsUpCount": 0,
        "userImage": "https://play-lh.googleusercontent.com/a/ACg8ocKjTVsAfLcoxxUAZZ6AcRMTyZvA5dAmzcpeE06xlrMT=mo",
        "userName": "RAHUL RAHU&&"
    },
    {
        "appVersion": "1.0",
        "at": "2022-11-06 11:47:37",
        "content": "\u0631\u0642\u0645 \u0661",
        "repliedAt": null,
        "replyContent": null,
        "reviewCreatedVersion": "1.0",
        "reviewId": "c0fae78d-ef05-4dee-9107-86f001f33574",
        "score": 5,
        "thumbsUpCount": 0,
        "userImage": "https://play-lh.googleusercontent.com/a-/ALV-UjX6ku-MOEEwB9Kk05XCZgrkxIs1RdFc7rli-QPWqsbitao",
        "userName": "Muhammad Aleem"
    },
    {
        "appVersion": "1.0",
        "at": "2022-11-02 00:39:12",
        "content": "Nice",
        "repliedAt": null,
        "replyContent": null,
        "reviewCreatedVersion": "1.0",
        "reviewId": "67dbc81c-86d3-4ac7-b4b0-2c3f352f3677",
        "score": 5,
        "thumbsUpCount": 0,
        "userImage": "https://play-lh.googleusercontent.com/a/ACg8ocIvY_JDhTXqqikHTOh0wlMTdFOEiozi7D5pChcLla3G=mo",
        "userName": "Sukhram Raniwal"
    },
    {
        "appVersion": "1.0",
        "at": "2022-10-03 23:55:44",
        "content": "awesome",
        "repliedAt": null,
        "replyContent": null,
        "reviewCreatedVersion": "1.0",
        "reviewId": "f1d69a30-b4bb-4566-848f-af9b7da14395",
        "score": 5,
        "thumbsUpCount": 0,
        "userImage": "https://play-lh.googleusercontent.com/a-/ALV-UjUijiwbYezSukyipeL4Fv5LZCn3zBht8i56IWQFu82eLZA",
        "userName": "dr.dharminder joshi ElectroHomoeopathy"
    },
    {
        "appVersion": "1.0",
        "at": "2022-09-24 15:34:26",
        "content": "Amazing",
        "repliedAt": null,
        "replyContent": null,
        "reviewCreatedVersion": "1.0",
        "reviewId": "49ebc143-c5a2-46ce-82a2-2216b54df019",
        "score": 5,
        "thumbsUpCount": 0,
        "userImage": "https://play-lh.googleusercontent.com/a/ACg8ocI2_FqM4b7Esv74c6FIvEQX1Cpx8l1YWK9ya1yhUbG_=mo",
        "userName": "Rahab Nyangi"
    },
    {
        "appVersion": "1.0",
        "at": "2022-08-03 15:30:16",
        "content": "good",
        "repliedAt": null,
        "replyContent": null,
        "reviewCreatedVersion": "1.0",
        "reviewId": "1b1ef5c2-15ff-41e7-8496-39f9d4fdbb48",
        "score": 5,
        "thumbsUpCount": 1,
        "userImage": "https://play-lh.googleusercontent.com/a/ACg8ocJVeicYeTiZnWxSagigjMxjz1WQrlVuPwqlv8iA8Djy=mo",
        "userName": "Subhan Tanveer"
    },
    {
        "appVersion": "1.0",
        "at": "2022-07-22 04:39:21",
        "content": "\u099c\u09be\u09a8\u09cd\u09a8\u09be\u09a4 \u0987\u09b8\u09b2\u09be\u09ae",
        "repliedAt": null,
        "replyContent": null,
        "reviewCreatedVersion": "1.0",
        "reviewId": "78a2fbfe-19ab-4cf4-9b42-2b618fa66e9c",
        "score": 5,
        "thumbsUpCount": 0,
        "userImage": "https://play-lh.googleusercontent.com/a/ACg8ocKs4M_D0JW5_Xa8UrysiYEPWhdbpYzuXByayI7XaD8j=mo",
        "userName": "Jannat Islam"
    },
    {
        "appVersion": "1.0",
        "at": "2022-07-20 08:48:45",
        "content": "The keyboard is good to use.",
        "repliedAt": null,
        "replyContent": null,
        "reviewCreatedVersion": "1.0",
        "reviewId": "000fb7ec-52df-4f74-82a6-a67b5502e061",
        "score": 3,
        "thumbsUpCount": 18,
        "userImage": "https://play-lh.googleusercontent.com/a-/ALV-UjX5Cu8blyLJ5nlQNnX4ZXIgcZ-EhLxC4ZzSS8KAsJB_xmM",
        "userName": "brown saini"
    },
    {
        "appVersion": null,
        "at": "2022-06-23 14:13:28",
        "content": "\ud835\udcd4\ud835\udcf7\ud835\udcf0\ud835\udcf5\ud835\udcf2\ud835\udcfc\ud835\udcf1 \ud835\udcda\ud835\udcee\ud835\udd02\ud835\udceb\ud835\udcf8\ud835\udcea\ud835\udcfb\ud835\udced \ud835\udcd8\ud835\udcfc \ud835\udce3\ud835\udcf1\ud835\udcee \ud835\udcd1\ud835\udcee\ud835\udcfc\ud835\udcfd",
        "repliedAt": null,
        "replyContent": null,
        "reviewCreatedVersion": null,
        "reviewId": "1947d32d-bcb0-4346-b550-358edeb0d692",
        "score": 5,
        "thumbsUpCount": 23,
        "userImage": "https://play-lh.googleusercontent.com/a/ACg8ocJBp5Fjhw0DerdaCuXajnXHYWGVAYdRjuG7DMspONDQ=mo",
        "userName": "John David"
    }
]