[
    {
        "appVersion": "1.3.5",
        "at": "2023-10-30 22:36:44",
        "content": "Good",
        "repliedAt": "2023-11-07 00:07:02",
        "replyContent": "Thanks for the review. If you like our app, would you mind rating us 5 stars? That would be very encouraging for us.",
        "reviewCreatedVersion": "1.3.5",
        "reviewId": "e4e7f5d2-64ea-4c37-8725-9168a590ba15",
        "score": 4,
        "thumbsUpCount": 0,
        "userImage": "https://play-lh.googleusercontent.com/a/ACg8ocJCWSngYUwkODwY-dlVwUcN6fBLh8aSMwiwjisbswka=mo",
        "userName": "Najeeb Igodo"
    },
    {
        "appVersion": "1.3.4",
        "at": "2023-09-15 01:41:12",
        "content": "good",
        "repliedAt": "2023-09-18 19:49:40",
        "replyContent": "Thanks for the 5 star rating. Hope you continue to use our app. If you have any feedback or suggestions, please write to us at vorevo.apps@gmail.com. We would love to hear from you!",
        "reviewCreatedVersion": "1.3.4",
        "reviewId": "d5f0faed-f6c2-467d-9265-d25e467e6e8f",
        "score": 5,
        "thumbsUpCount": 0,
        "userImage": "https://play-lh.googleusercontent.com/a-/ALV-UjWdjZ-SRgmxdT_YxBDR9rWle3JnugDqhuQf3V_1p5d-NA",
        "userName": "Adesola Dolapo"
    },
    {
        "appVersion": "1.3.4",
        "at": "2023-09-03 18:43:35",
        "content": "ojo",
        "repliedAt": "2023-09-05 19:37:34",
        "replyContent": "Hi, Thank you for your comment. Is there something else that we could do to deserve a better rating from you? Let us know at vorevo.apps@gmail.com.",
        "reviewCreatedVersion": "1.3.4",
        "reviewId": "26c3bd71-6cc1-4b3e-8bef-3921d0e5b5a4",
        "score": 3,
        "thumbsUpCount": 0,
        "userImage": "https://play-lh.googleusercontent.com/a/ACg8ocJo7T3oiWc-C-MnQSFF_Ctme4VMokOKCgoGl_KQgTMA=mo",
        "userName": "Toheeb Ajedokun"
    },
    {
        "appVersion": "1.3.4",
        "at": "2023-08-31 18:04:50",
        "content": "this is amazing app ever used, very easy to use.",
        "repliedAt": "2023-09-05 19:37:13",
        "replyContent": "Thanks for your review! Please recommend our app to your friends, and don\u2019t hesitate to shoot us a note at vorevo.apps@gmail.com if you have any questions.",
        "reviewCreatedVersion": "1.3.4",
        "reviewId": "aca7664e-1bd9-4257-9870-b6e8d5d9c2b0",
        "score": 5,
        "thumbsUpCount": 2,
        "userImage": "https://play-lh.googleusercontent.com/a-/ALV-UjWRd_ahrRIHANLV-z1LiV_z2CivwVZXSZoA1hYqN6VefTU",
        "userName": "VINCENT MUKUBE"
    },
    {
        "appVersion": "1.3.4",
        "at": "2023-08-21 01:12:58",
        "content": "it's dope",
        "repliedAt": "2023-08-27 04:20:35",
        "replyContent": "Hi,\nThank you for your comment. Is there something else that we could do to deserve a better rating from you? Let us know at vorevo.apps@gmail.com.",
        "reviewCreatedVersion": "1.3.4",
        "reviewId": "fece6b94-92b3-462f-8fe6-8768b1fbb5ad",
        "score": 4,
        "thumbsUpCount": 0,
        "userImage": "https://play-lh.googleusercontent.com/a-/ALV-UjWBMtVqAud1Fr8aVURrk5rvo2gtB2DnZWoBGbN5BCw9TA",
        "userName": "Gryphendore Gondaking"
    },
    {
        "appVersion": "1.3.4",
        "at": "2023-08-17 03:59:21",
        "content": "good",
        "repliedAt": "2023-08-27 04:20:55",
        "replyContent": "We appreciate the feedback! Please let us know how we can earn your 5 star rating!",
        "reviewCreatedVersion": "1.3.4",
        "reviewId": "62274aa0-d149-4d43-aac3-66ebd105202f",
        "score": 3,
        "thumbsUpCount": 0,
        "userImage": "https://play-lh.googleusercontent.com/a-/ALV-UjW03VdjgYIlwesXuP1qgtvzWJ1G1FSHR0dNZ5o2Vn3Hphk",
        "userName": "sihle ezille"
    },
    {
        "appVersion": "1.3.4",
        "at": "2023-08-02 16:57:06",
        "content": "Smart is care",
        "repliedAt": "2023-08-05 18:30:16",
        "replyContent": "Thank you for taking the time to write this review. Your kind words encourage us greatly.",
        "reviewCreatedVersion": "1.3.4",
        "reviewId": "8ba872e4-f1cd-44ee-ad39-443388214cfa",
        "score": 5,
        "thumbsUpCount": 5,
        "userImage": "https://play-lh.googleusercontent.com/a/ACg8ocLvtqZ2FORjvmsGAe6BebjFZF_rEjvLVP5ZzbYCE7lQ=mo",
        "userName": "Paul Z gomani"
    },
    {
        "appVersion": "1.3.4",
        "at": "2023-07-31 03:54:48",
        "content": "years",
        "repliedAt": "2023-08-05 18:30:29",
        "replyContent": "Thank you so much for your encouraging star ratings!\n",
        "reviewCreatedVersion": "1.3.4",
        "reviewId": "453619cd-fae5-496d-ad5b-28ec9baec93e",
        "score": 5,
        "thumbsUpCount": 0,
        "userImage": "https://play-lh.googleusercontent.com/a/ACg8ocJ3fhvnXypnwDRysOUmYgbX9cJBBsXLn4CEMOFOiOuW=mo",
        "userName": "De Young"
    },
    {
        "appVersion": "1.3.4",
        "at": "2023-07-30 10:24:28",
        "content": "wow",
        "repliedAt": "2023-08-05 18:30:48",
        "replyContent": "Thanks for the 5 star rating. Hope you continue to use our app. If you have any feedback or suggestions, please write to us at vorevo.apps@gmail.com. We would love to hear from you!",
        "reviewCreatedVersion": "1.3.4",
        "reviewId": "986cc464-67c6-42aa-a91c-eb5b62daebb7",
        "score": 5,
        "thumbsUpCount": 0,
        "userImage": "https://play-lh.googleusercontent.com/a/ACg8ocLzKETh0fJJMmb8-Fi4HxB93IoxqjZB0t22aX2QLDd-=mo",
        "userName": "Abraham AbPlus"
    },
    {
        "appVersion": null,
        "at": "2023-07-26 08:13:57",
        "content": "good styles",
        "repliedAt": "2023-07-28 01:47:47",
        "replyContent": "Thanks for taking out time to rate us. It really helps us to keep going and delivering the best :)",
        "reviewCreatedVersion": null,
        "reviewId": "ff23703f-822d-4986-83c8-5c559716d4b6",
        "score": 5,
        "thumbsUpCount": 0,
        "userImage": "https://play-lh.googleusercontent.com/a/ACg8ocLUEdM-SCB4dH_YtlWvbDY5rdtkCocGcuHKfPrs_263=mo",
        "userName": "Joel Mattia"
    },
    {
        "appVersion": "1.3.4",
        "at": "2023-07-18 07:08:02",
        "content": "Nice",
        "repliedAt": "2023-07-18 09:59:51",
        "replyContent": "Hi, thanks for your support all along. We will keep working to provide a good user experience.",
        "reviewCreatedVersion": "1.3.4",
        "reviewId": "e24bf30b-26bd-4937-9087-99d88b3027f7",
        "score": 5,
        "thumbsUpCount": 0,
        "userImage": "https://play-lh.googleusercontent.com/a/ACg8ocIHKUsL48MNh7U8kqOj9X5-3ceQJME5V_lbZg4mnKF8=mo",
        "userName": "Mohtada Hamed"
    },
    {
        "appVersion": "1.3.3",
        "at": "2023-07-03 16:26:25",
        "content": "its rubbish",
        "repliedAt": "2023-07-05 10:36:38",
        "replyContent": "Dear User, would you please tell us why did you feel the app is unhelpful at vorevo.apps@gmail.com? We're trying to improve the app quality, and your advice would be very useful. Thank you!",
        "reviewCreatedVersion": "1.3.3",
        "reviewId": "3a2f0f3e-69d2-4cff-862a-39e9878b90cc",
        "score": 1,
        "thumbsUpCount": 0,
        "userImage": "https://play-lh.googleusercontent.com/a/ACg8ocIdd2u5KJJAuHR6-GHK9ldXn8nPXktp-e4N6lIg-uy1=mo",
        "userName": "Kind Phiri"
    },
    {
        "appVersion": "1.3.2",
        "at": "2023-06-22 07:13:25",
        "content": "the items look fresh",
        "repliedAt": "2023-06-26 18:18:00",
        "replyContent": "Please accept our sincere apologies. Can you please update the order details here or contact us at vorevo.apps@gmail.com so that we can have a look into this right away?",
        "reviewCreatedVersion": "1.3.2",
        "reviewId": "0e85358d-c7f9-4cdc-b3dc-50bc298dded1",
        "score": 2,
        "thumbsUpCount": 3,
        "userImage": "https://play-lh.googleusercontent.com/a/ACg8ocLwmpEMNs2SI0MblRV5aqqBb1V8AWezjrWpazA1Zb16AA=mo",
        "userName": "Odeke Ivan (Vandross)"
    },
    {
        "appVersion": "1.3.2",
        "at": "2023-06-04 17:49:23",
        "content": "This is one of the best app ever.",
        "repliedAt": "2023-06-09 18:02:46",
        "replyContent": "Thank you for downloading our app. We'd love to earn 5 stars, so please write to us at vorevo.apps@gmail.com suggesting what we can do to improve.",
        "reviewCreatedVersion": "1.3.2",
        "reviewId": "e0631aa0-3471-49e8-96a6-369be87f0792",
        "score": 2,
        "thumbsUpCount": 4,
        "userImage": "https://play-lh.googleusercontent.com/a/ACg8ocKAFmEc-Ys7sza6ncpGBp4gLw9E39-NDUA5IromvfQo=mo",
        "userName": "Rotimi Ajani"
    },
    {
        "appVersion": "1.3.2",
        "at": "2023-05-09 13:17:10",
        "content": "good",
        "repliedAt": "2023-05-10 19:43:51",
        "replyContent": "Dear User, we are glad you liked the app. We request you to give us a 5-star rating as it is the best encouragement for our team.",
        "reviewCreatedVersion": "1.3.2",
        "reviewId": "fb074314-bc28-4ed0-ac23-65b990b5eba2",
        "score": 4,
        "thumbsUpCount": 0,
        "userImage": "https://play-lh.googleusercontent.com/a/ACg8ocJT8IegflR8xbYKMerJyfzIVOW1kGbiAw4ytJELdHo=mo",
        "userName": "Shakirah Nantale"
    },
    {
        "appVersion": "1.3.2",
        "at": "2023-03-17 19:03:51",
        "content": "This app is so exceptional \ud83d\udc4d\ud83d\udc4d",
        "repliedAt": "2023-03-23 02:46:33",
        "replyContent": "Thanks for taking out time to rate us. It really helps us to keep going and delivering the best :)",
        "reviewCreatedVersion": "1.3.2",
        "reviewId": "d0373167-79bd-467f-8a3e-9b6c5525ad6c",
        "score": 5,
        "thumbsUpCount": 3,
        "userImage": "https://play-lh.googleusercontent.com/a-/ALV-UjWk_UV385G-LRaEcp_s6Xl18-TkulQBVvOdUGcncAB7AmM",
        "userName": "adamu gideon"
    },
    {
        "appVersion": "1.3.2",
        "at": "2023-02-19 04:54:28",
        "content": "nice app",
        "repliedAt": "2023-02-20 19:55:10",
        "replyContent": "Thank you very much. Keep using our app :)",
        "reviewCreatedVersion": "1.3.2",
        "reviewId": "0a145397-5954-4d79-bd7b-0f2fa23a774a",
        "score": 5,
        "thumbsUpCount": 0,
        "userImage": "https://play-lh.googleusercontent.com/a/ACg8ocJVnyhqysQuWQqG2SNdYSKFAfhvcGX4jWKuMmAJ9A5b=mo",
        "userName": "John Clinton Ogalo"
    },
    {
        "appVersion": "1.3.2",
        "at": "2023-01-06 17:55:46",
        "content": "good",
        "repliedAt": "2023-01-06 22:12:58",
        "replyContent": "Thanks for the 5 star rating. But can you describe the \"good\" is?",
        "reviewCreatedVersion": "1.3.2",
        "reviewId": "81d5f37c-d308-4739-82e5-9204153f7d3c",
        "score": 5,
        "thumbsUpCount": 0,
        "userImage": "https://play-lh.googleusercontent.com/a/ACg8ocLlfATMQRonBNYBKYTb2zQlPMs10IQsgig11B9wVvJs=mo",
        "userName": "DENNIS USMAN"
    }
]