[
    {
        "appVersion": null,
        "at": "2023-11-20 09:42:33",
        "content": "I don't know anything about bitcoin I think its aa waist of time about Bitcoin, I think its garbage we\"lol see",
        "repliedAt": null,
        "replyContent": null,
        "reviewCreatedVersion": null,
        "reviewId": "535576d9-976a-47f5-8968-08858b8b5819",
        "score": 3,
        "thumbsUpCount": 0,
        "userImage": "https://play-lh.googleusercontent.com/a/ACg8ocLDA5oLUdHMNV6unDETkjhdZ1__3nRHUBYlQUFXIRBN=mo",
        "userName": "Michael J Byrd"
    },
    {
        "appVersion": "3.0",
        "at": "2023-11-19 06:44:37",
        "content": "Help me understand lol",
        "repliedAt": null,
        "replyContent": null,
        "reviewCreatedVersion": "3.0",
        "reviewId": "8608ced0-3d81-4706-bf47-b9e740b4bfa4",
        "score": 5,
        "thumbsUpCount": 0,
        "userImage": "https://play-lh.googleusercontent.com/a-/ALV-UjWwjAN4vdGZ97UC7U1yVDVGsvh1l8YXJ-6xZa1iDHSF7A",
        "userName": "Tommy P Ryan"
    },
    {
        "appVersion": "3.0",
        "at": "2023-11-16 20:51:55",
        "content": "This is legitimized scam. It shows you as though it's mining but it's all ahoax. You cannot withdraw what you mined. You see some notifications running at the bottom of the app to show that people are withdrawing. Its all deception.They're fake.And the customer service will be the last to respond before this world ends. My anger is with Google play store. Why they give such scammers platform to defraud people. Whoever comes across this, pliz flag this app to save other people from falling prey.",
        "repliedAt": null,
        "replyContent": null,
        "reviewCreatedVersion": "3.0",
        "reviewId": "f233e72e-ab02-4dc1-a1dc-13dbc11e0f0c",
        "score": 1,
        "thumbsUpCount": 0,
        "userImage": "https://play-lh.googleusercontent.com/a-/ALV-UjXOK1a07KKjkO-wRBYJMor7SqhixQ_uEOMKKbu9c-YQ8uw",
        "userName": "David Gordon"
    },
    {
        "appVersion": "3.0",
        "at": "2023-11-10 17:56:31",
        "content": "Constantly notifications on this app extremely annoying plz fix drives me nuts I have mute the whole phone just play the dang game makes you go postal for sure not good for your app there at all I have to say... SMH \ud83e\udd26\ud83c\udffc\u200d\u2640\ufe0f",
        "repliedAt": null,
        "replyContent": null,
        "reviewCreatedVersion": "3.0",
        "reviewId": "1e316a00-76f7-479b-9545-195bfc4128f1",
        "score": 2,
        "thumbsUpCount": 1,
        "userImage": "https://play-lh.googleusercontent.com/a/ACg8ocLGGDrhxIQeOKH7ramsHsEm8l6fFyTGsg1qflZnfZwu=mo",
        "userName": "Shana Haran"
    },
    {
        "appVersion": "3.0",
        "at": "2023-11-06 03:56:29",
        "content": "I so much love this app",
        "repliedAt": null,
        "replyContent": null,
        "reviewCreatedVersion": "3.0",
        "reviewId": "4a9087fd-848d-4cdd-a64b-bf5368afdb19",
        "score": 5,
        "thumbsUpCount": 0,
        "userImage": "https://play-lh.googleusercontent.com/a/ACg8ocI7WP71jjZCOTsW4uA_eBWqzxSeKJvz4FcUxgbH0AYw=mo",
        "userName": "Ebi Chukwu"
    },
    {
        "appVersion": null,
        "at": "2023-11-02 14:26:42",
        "content": "Very good nice",
        "repliedAt": null,
        "replyContent": null,
        "reviewCreatedVersion": null,
        "reviewId": "542dff34-f392-42e5-a087-fda0c82260c4",
        "score": 5,
        "thumbsUpCount": 0,
        "userImage": "https://play-lh.googleusercontent.com/a-/ALV-UjXpRIMlnJFHCaMuA9uGU9hOcTOEAoPdDCSVNfsy757e",
        "userName": "\u0631\u0633\u0648\u0644 \u0642\u0631\u0628\u0627\u0646\u06cc"
    },
    {
        "appVersion": null,
        "at": "2023-11-01 09:27:58",
        "content": "It is a good app",
        "repliedAt": null,
        "replyContent": null,
        "reviewCreatedVersion": null,
        "reviewId": "0f9d2b39-eb16-441f-8adb-0649c6ce9501",
        "score": 5,
        "thumbsUpCount": 0,
        "userImage": "https://play-lh.googleusercontent.com/a/ACg8ocKeucq59vu8yj2a7qkRSTEKZOpVbd3RSiStpBlcPLTm=mo",
        "userName": "Matilda Holbrooke"
    },
    {
        "appVersion": "3.0",
        "at": "2023-10-29 21:20:43",
        "content": "Thanks my Team Crews",
        "repliedAt": null,
        "replyContent": null,
        "reviewCreatedVersion": "3.0",
        "reviewId": "a00a5d7c-7890-4614-89f6-85a899a0d285",
        "score": 5,
        "thumbsUpCount": 0,
        "userImage": "https://play-lh.googleusercontent.com/a-/ALV-UjVV7JVVgJFlJx-u7z60Iea5io62FjJm5Ct1Qsb4_ovWzg",
        "userName": "Joseph wandera Okwero"
    },
    {
        "appVersion": "3.0",
        "at": "2023-10-20 16:16:19",
        "content": "Not sure why most of the ratings are on 7/7/23 and they're all in quotation marks. But if this app really works then it's awesome but if not waiting for 2.0 bitcoins to cash out is going to take a long time to find out. I guess we'll see what happens cuz really it's just your phone wasting time right if that's all it is",
        "repliedAt": null,
        "replyContent": null,
        "reviewCreatedVersion": "3.0",
        "reviewId": "09c1e055-1107-4da0-a6ba-09ce041440a7",
        "score": 3,
        "thumbsUpCount": 8,
        "userImage": "https://play-lh.googleusercontent.com/a/ACg8ocLhkdcX20ffyRrxM6_YcGG2ttRMjY41CzG9xcUVeeVX=mo",
        "userName": "jason johnston"
    },
    {
        "appVersion": "3.0",
        "at": "2023-10-19 16:26:21",
        "content": "Great mining place \ud83d\ude00",
        "repliedAt": null,
        "replyContent": null,
        "reviewCreatedVersion": "3.0",
        "reviewId": "e484f348-b9a2-402c-945b-91edf86af243",
        "score": 5,
        "thumbsUpCount": 0,
        "userImage": "https://play-lh.googleusercontent.com/a-/ALV-UjX4x3onyWbS9F0816HaaA7v7q3XQ_QHS0Sub6Nf9OEvbIA",
        "userName": "josef sofi"
    },
    {
        "appVersion": null,
        "at": "2023-10-13 03:47:23",
        "content": "If it didn't take you to a web page that is only quizzes, I think I would enjoy it more.",
        "repliedAt": null,
        "replyContent": null,
        "reviewCreatedVersion": null,
        "reviewId": "409f9c5c-16b8-4724-b444-c2b5b09db392",
        "score": 3,
        "thumbsUpCount": 0,
        "userImage": "https://play-lh.googleusercontent.com/a/ACg8ocJ-KT9xX95CFf_IO16ZX18eyNpT5Uzxop3VCjCfomaT=mo",
        "userName": "Sara C"
    },
    {
        "appVersion": null,
        "at": "2023-10-06 11:38:43",
        "content": "It's spying",
        "repliedAt": null,
        "replyContent": null,
        "reviewCreatedVersion": null,
        "reviewId": "da56f8af-0664-45a5-b7c7-3b07f8666442",
        "score": 1,
        "thumbsUpCount": 2,
        "userImage": "https://play-lh.googleusercontent.com/a-/ALV-UjXkaioDDTXZqLUEVLqTWgdSjdSE5_I26GYscCALoLLa5g",
        "userName": "ammar johmani"
    },
    {
        "appVersion": null,
        "at": "2023-09-26 17:22:04",
        "content": "researcher\ud83e\udd0f\ud83e\udd0f\ud83e\udd0f",
        "repliedAt": null,
        "replyContent": null,
        "reviewCreatedVersion": null,
        "reviewId": "af486ff8-daa4-4579-b6e0-f012e99a8167",
        "score": 5,
        "thumbsUpCount": 0,
        "userImage": "https://play-lh.googleusercontent.com/a/ACg8ocI1QPgzjB3XirRyPreaZQKfnFmMD3H-glTfpCtkVRHH=mo",
        "userName": "Sharifa Nangobi"
    },
    {
        "appVersion": null,
        "at": "2023-09-25 02:03:47",
        "content": "Scam...wont let u cashout!!!",
        "repliedAt": null,
        "replyContent": null,
        "reviewCreatedVersion": null,
        "reviewId": "180fb000-0332-42ac-ad03-02c74ea5c23d",
        "score": 1,
        "thumbsUpCount": 2,
        "userImage": "https://play-lh.googleusercontent.com/a-/ALV-UjVVjZWMXBmBsngBORUP0AubYvv89YuqmrSEmLcswr-d5w0",
        "userName": "James Tate"
    },
    {
        "appVersion": "3.0",
        "at": "2023-09-22 10:00:34",
        "content": "I will let the public to now about this game serious",
        "repliedAt": null,
        "replyContent": null,
        "reviewCreatedVersion": "3.0",
        "reviewId": "da45cb35-f153-4e2b-bdb0-7d41b2e8e603",
        "score": 1,
        "thumbsUpCount": 0,
        "userImage": "https://play-lh.googleusercontent.com/a/ACg8ocIwlobrvQOyUkNlGhgUeexIjKvUJaKPF6siXcFwqqgd=mo",
        "userName": "Steven MaSina"
    },
    {
        "appVersion": "3.0",
        "at": "2023-09-21 21:09:04",
        "content": "\u2764\ufe0f",
        "repliedAt": null,
        "replyContent": null,
        "reviewCreatedVersion": "3.0",
        "reviewId": "2fc3fbbd-0a41-40f4-bbf9-eeb1c74e957c",
        "score": 5,
        "thumbsUpCount": 0,
        "userImage": "https://play-lh.googleusercontent.com/a/ACg8ocL7YP3YeRg_JV35h3UNjnRQVriKqXH-6j7giLRprenL=mo",
        "userName": "Monique"
    },
    {
        "appVersion": "3.0",
        "at": "2023-09-21 12:21:45",
        "content": "\ud83e\udd11\ud83e\udd11\ud83e\udd11\ud83e\udd11\ud83e\udee0",
        "repliedAt": null,
        "replyContent": null,
        "reviewCreatedVersion": "3.0",
        "reviewId": "d758c215-78d2-420f-97c3-fca29090a7b7",
        "score": 5,
        "thumbsUpCount": 0,
        "userImage": "https://play-lh.googleusercontent.com/a-/ALV-UjVsYY0pDLyoAa3CLpsjoFSZdpnVC044bZoaj9pyVXkGU5g",
        "userName": "Raul Perez"
    },
    {
        "appVersion": null,
        "at": "2023-09-20 04:23:31",
        "content": "For letting us know about myself",
        "repliedAt": null,
        "replyContent": null,
        "reviewCreatedVersion": null,
        "reviewId": "a4b3ca2c-79bd-4a5f-9789-565c3e78362f",
        "score": 5,
        "thumbsUpCount": 0,
        "userImage": "https://play-lh.googleusercontent.com/a/ACg8ocKhPVUlR_fo6TFXPssOIvrB86Nqaf2kg3NddTzwYFAZ=mo",
        "userName": "ISRAEL Penani"
    },
    {
        "appVersion": null,
        "at": "2023-09-19 03:15:10",
        "content": "As usual you don't ever get your cash out!!! IT'S PRETTY BAD WHEN BITCOIN LET'S THESE PEOPLE RIP US OFF!!! REMEMBER WHEN BITCOIN WAS SOMETHING YOU COULD TRUST AND BELIEVED IN????",
        "repliedAt": null,
        "replyContent": null,
        "reviewCreatedVersion": null,
        "reviewId": "639a16ed-7bc1-41de-b2a5-875eede6d36d",
        "score": 1,
        "thumbsUpCount": 1,
        "userImage": "https://play-lh.googleusercontent.com/a/ACg8ocIO7cR99xcF6-uH-EQNYdT-gEy1AMs_FACMk4BbGyIB=mo",
        "userName": "Mitchell"
    },
    {
        "appVersion": "3.0",
        "at": "2023-09-18 17:11:52",
        "content": "Luno mega millions",
        "repliedAt": null,
        "replyContent": null,
        "reviewCreatedVersion": "3.0",
        "reviewId": "62645ec8-76bc-40d7-b471-737964c0d3d2",
        "score": 5,
        "thumbsUpCount": 0,
        "userImage": "https://play-lh.googleusercontent.com/a-/ALV-UjWnte4FCgF-olRlq8thC38APfJbJFWRZhlU-litWdo-vg",
        "userName": "Solomon Thato"
    },
    {
        "appVersion": null,
        "at": "2023-09-05 01:26:03",
        "content": "Virus",
        "repliedAt": null,
        "replyContent": null,
        "reviewCreatedVersion": null,
        "reviewId": "7d1c927d-c2c3-40de-902f-b34541b875ae",
        "score": 1,
        "thumbsUpCount": 2,
        "userImage": "https://play-lh.googleusercontent.com/a/ACg8ocI1DVZb1HFzoqvu6sip0WhcmDM9cigKYvP6uUElqM7NXQ=mo",
        "userName": "Marshun Foxx"
    },
    {
        "appVersion": "3.0",
        "at": "2023-09-03 06:11:09",
        "content": "It's slow to mine but it works I don't know about cashing out yet you have to have 2.5 BTC before you cash out. If I ever make it on here I'll let u know I triedupgrading the speed and it won't let so who knows.",
        "repliedAt": null,
        "replyContent": null,
        "reviewCreatedVersion": "3.0",
        "reviewId": "5f894e9c-3a3d-496f-b3b6-1c76e9371ec3",
        "score": 3,
        "thumbsUpCount": 24,
        "userImage": "https://play-lh.googleusercontent.com/a-/ALV-UjUQD5DVgppXBkDz5ECdthFyO4klIyNQbIwgh4zVPGKuwvw",
        "userName": "Mark Stevens"
    },
    {
        "appVersion": "3.0",
        "at": "2023-09-01 16:30:55",
        "content": "good job",
        "repliedAt": null,
        "replyContent": null,
        "reviewCreatedVersion": "3.0",
        "reviewId": "290c59a3-7cb7-4b2c-901b-6c0cecd9d242",
        "score": 5,
        "thumbsUpCount": 0,
        "userImage": "https://play-lh.googleusercontent.com/a/ACg8ocJ1-FoMLSoERSwr8Tq1PBgIQ3bjbQa6Nns0GByXT2St=mo",
        "userName": "mr g"
    },
    {
        "appVersion": "3.0",
        "at": "2023-08-29 15:53:53",
        "content": "Fake app",
        "repliedAt": null,
        "replyContent": null,
        "reviewCreatedVersion": "3.0",
        "reviewId": "5f6f3835-ebb8-45d5-8402-b56cee24eab0",
        "score": 1,
        "thumbsUpCount": 3,
        "userImage": "https://play-lh.googleusercontent.com/a/ACg8ocLRTx1WNWWsuBz8vi6PlTYwqHg4XURyc9vB2pd0-n-XdA=mo",
        "userName": "shaid khan"
    },
    {
        "appVersion": "2.0",
        "at": "2023-08-29 14:09:03",
        "content": "Scam",
        "repliedAt": null,
        "replyContent": null,
        "reviewCreatedVersion": "2.0",
        "reviewId": "469bfe7a-db3d-4f23-b1ad-97980707643d",
        "score": 1,
        "thumbsUpCount": 3,
        "userImage": "https://play-lh.googleusercontent.com/a-/ALV-UjWEoUlRg3C73QB8pa_1zy9MpQenOxXR4A7lP__U39DQ8A",
        "userName": "Adoniii"
    },
    {
        "appVersion": "3.0",
        "at": "2023-08-22 23:05:29",
        "content": "Too good to be true",
        "repliedAt": null,
        "replyContent": null,
        "reviewCreatedVersion": "3.0",
        "reviewId": "15cfd9be-219b-4e54-8119-0bf77a6dfa4d",
        "score": 5,
        "thumbsUpCount": 0,
        "userImage": "https://play-lh.googleusercontent.com/a/ACg8ocJt8EkblyPMWsJC6lyr9Ifp1UWJQF-cCcpr8fjXw-pw=mo",
        "userName": "Peter Mclaughlin"
    },
    {
        "appVersion": "3.0",
        "at": "2023-08-22 03:21:49",
        "content": "It is a good app",
        "repliedAt": null,
        "replyContent": null,
        "reviewCreatedVersion": "3.0",
        "reviewId": "c4af7b36-03c3-47a9-8042-9584ab9eff31",
        "score": 1,
        "thumbsUpCount": 2,
        "userImage": "https://play-lh.googleusercontent.com/a/ACg8ocIe335YonmsXhxEjxu7LsBrM7-T7HsFXXwtVlJRElAc=mo",
        "userName": "KINTU AFUTHAN"
    },
    {
        "appVersion": "3.0",
        "at": "2023-08-20 02:38:30",
        "content": "Good",
        "repliedAt": null,
        "replyContent": null,
        "reviewCreatedVersion": "3.0",
        "reviewId": "b2bfb3ff-5266-4028-99de-31d957167b3b",
        "score": 5,
        "thumbsUpCount": 0,
        "userImage": "https://play-lh.googleusercontent.com/a/ACg8ocJpLYHbX8apmjVyxd-U_sY_PuUlhKju5lssW-YtB1hc=mo",
        "userName": "Ali Cucu"
    },
    {
        "appVersion": "3.0",
        "at": "2023-08-19 16:23:08",
        "content": "Can't join neither Google nor Facebook buttons work.",
        "repliedAt": null,
        "replyContent": null,
        "reviewCreatedVersion": "3.0",
        "reviewId": "7c765998-e19e-4958-8923-73c101f5ba6f",
        "score": 1,
        "thumbsUpCount": 3,
        "userImage": "https://play-lh.googleusercontent.com/a/ACg8ocKL6bpY6PebvCZ8aopvv-82o9DF8ZPzujuzNmFQhDmyHA=mo",
        "userName": "Christopher Brent-Chase (Chromaticx Tinting)"
    },
    {
        "appVersion": "3.0",
        "at": "2023-08-19 08:38:00",
        "content": "I have no issues with this app",
        "repliedAt": null,
        "replyContent": null,
        "reviewCreatedVersion": "3.0",
        "reviewId": "40c4630b-bd17-455b-b487-070861ca18ba",
        "score": 3,
        "thumbsUpCount": 0,
        "userImage": "https://play-lh.googleusercontent.com/a-/ALV-UjVLK42cKrDDq5-CFZ8t4oXSpt65h5nZ79WJvzJ7k8Kn2A",
        "userName": "Kayla Laidlaw"
    },
    {
        "appVersion": "3.0",
        "at": "2023-08-17 15:28:07",
        "content": "Lets ban this app report it fraud",
        "repliedAt": null,
        "replyContent": null,
        "reviewCreatedVersion": "3.0",
        "reviewId": "61832c9d-5cff-4ce8-9db5-de4b8d5fa76d",
        "score": 1,
        "thumbsUpCount": 2,
        "userImage": "https://play-lh.googleusercontent.com/a-/ALV-UjXXS2JsnE6UZCN1TBlBtUCUswqM93Rc7y45KjPuRlJ88w8",
        "userName": "Nitesh Gupta"
    },
    {
        "appVersion": null,
        "at": "2023-08-12 11:27:23",
        "content": "One of the best app I ever used",
        "repliedAt": null,
        "replyContent": null,
        "reviewCreatedVersion": null,
        "reviewId": "96568cec-b260-482b-afc0-bd09c8feafc5",
        "score": 5,
        "thumbsUpCount": 0,
        "userImage": "https://play-lh.googleusercontent.com/a-/ALV-UjWb5OEvIO7_biou_OCe9vswFnixL1y7KVN-73v_N6i_Qv4t",
        "userName": "Aman sharma"
    },
    {
        "appVersion": null,
        "at": "2023-08-08 07:19:55",
        "content": "Dbu the best for the late reply and the best o experience in tha mosat\u263a\ufe0f\u263a\ufe0f",
        "repliedAt": null,
        "replyContent": null,
        "reviewCreatedVersion": null,
        "reviewId": "d6679ec5-8a18-4c9b-b2f6-7c59ec8cfbe6",
        "score": 5,
        "thumbsUpCount": 0,
        "userImage": "https://play-lh.googleusercontent.com/a-/ALV-UjUSGZOrnT8pqqNumvn3OhIt-qswm9peAztQIFeyZVaHy64",
        "userName": "Ranjan Kumar"
    },
    {
        "appVersion": "3.0",
        "at": "2023-08-08 05:05:50",
        "content": "This is very nice maga coin application \ud83d\ude0a\ud83d\ude0a\ud83d\ude0a",
        "repliedAt": null,
        "replyContent": null,
        "reviewCreatedVersion": "3.0",
        "reviewId": "c2c47a06-7d94-49e6-b720-2ff9de6aea5b",
        "score": 5,
        "thumbsUpCount": 0,
        "userImage": "https://play-lh.googleusercontent.com/a-/ALV-UjU2tFvkzpjul9QqFay8OvBCKL_IOlQ-nffb-Svf0mzeMg",
        "userName": "mukesh Kumar"
    },
    {
        "appVersion": "3.0",
        "at": "2023-08-08 04:40:06",
        "content": "This is very nice app \ud83d\ude0a\ud83d\ude0a\ud83d\ude0a",
        "repliedAt": null,
        "replyContent": null,
        "reviewCreatedVersion": "3.0",
        "reviewId": "d3ec85b7-a2cc-437f-b82f-3bdc29a25d48",
        "score": 5,
        "thumbsUpCount": 0,
        "userImage": "https://play-lh.googleusercontent.com/a-/ALV-UjUMlLu3Q1SHL0q9_ina8w8GAIx4myY6zfmhHY77EK7NYK8",
        "userName": "Pradip Kumar"
    },
    {
        "appVersion": "3.0",
        "at": "2023-08-08 03:24:51",
        "content": "This is very nice maga coin application \ud83d\ude0a\ud83d\ude0a\ud83d\ude0a",
        "repliedAt": null,
        "replyContent": null,
        "reviewCreatedVersion": "3.0",
        "reviewId": "b2d3b59a-84ff-4041-8c7c-c1b1e41ecaf0",
        "score": 5,
        "thumbsUpCount": 0,
        "userImage": "https://play-lh.googleusercontent.com/a/ACg8ocKGqooFwIwrroCLb60g34rVXyFETIyeQimet59PA1CL=mo",
        "userName": "Ranjay Sharma"
    },
    {
        "appVersion": "3.0",
        "at": "2023-08-08 03:05:38",
        "content": "Gjb",
        "repliedAt": null,
        "replyContent": null,
        "reviewCreatedVersion": "3.0",
        "reviewId": "3381ac8a-ec6b-4b52-835e-cdd3b00af8a3",
        "score": 5,
        "thumbsUpCount": 0,
        "userImage": "https://play-lh.googleusercontent.com/a/ACg8ocJ4TtfLwvE6Xxo9RHqocLeU-jYbPlx77sQ0ws3hnd9b=mo",
        "userName": "Raunak raj Gupta"
    },
    {
        "appVersion": "3.0",
        "at": "2023-08-08 02:41:15",
        "content": "Very good app try very very nice app \ud83d\ude0a\ud83d\ude0a",
        "repliedAt": null,
        "replyContent": null,
        "reviewCreatedVersion": "3.0",
        "reviewId": "b290d710-5295-48b4-9903-8181fb89558f",
        "score": 5,
        "thumbsUpCount": 0,
        "userImage": "https://play-lh.googleusercontent.com/a/ACg8ocL8T7QdB0xNzzOMacK7-bgooJteMv_x7fEZDy57jeno=mo",
        "userName": "Piyush kumar Dubey"
    },
    {
        "appVersion": "3.0",
        "at": "2023-08-08 02:08:18",
        "content": "This is Osam application \ud83d\ude0a\ud83d\ude0a\ud83d\ude0a\ud83d\ude0a",
        "repliedAt": null,
        "replyContent": null,
        "reviewCreatedVersion": "3.0",
        "reviewId": "247658a8-74fc-463e-9ec4-79ff6bb29533",
        "score": 5,
        "thumbsUpCount": 0,
        "userImage": "https://play-lh.googleusercontent.com/a-/ALV-UjVx0Dp96QYo2zwkJ41l-iwckZZ0WBK93ZRqIuQOV7ZxX1Y",
        "userName": "Md Ajmat"
    },
    {
        "appVersion": "3.0",
        "at": "2023-08-08 02:05:32",
        "content": "This is very good application \ud83d\ude0a\ud83d\ude0a\ud83d\ude0a\ud83d\ude0a",
        "repliedAt": null,
        "replyContent": null,
        "reviewCreatedVersion": "3.0",
        "reviewId": "312628da-8333-4259-be2a-f0020fac3d03",
        "score": 5,
        "thumbsUpCount": 0,
        "userImage": "https://play-lh.googleusercontent.com/a/ACg8ocLsp30ufRd5fo2rSAVLXXGoAwRvQqHrrAO8V1qzQvEc=mo",
        "userName": "Aman Raja"
    },
    {
        "appVersion": "3.0",
        "at": "2023-08-08 02:00:15",
        "content": "Application is good \ud83d\ude0a\ud83d\ude0a\ud83d\ude0a\ud83d\ude0a",
        "repliedAt": null,
        "replyContent": null,
        "reviewCreatedVersion": "3.0",
        "reviewId": "8a147443-bde1-4c87-89a9-594291d91bbd",
        "score": 5,
        "thumbsUpCount": 0,
        "userImage": "https://play-lh.googleusercontent.com/a/ACg8ocLV66TggkVekluhfaNLyS_J1Sm43Ueor-z7s8KPD6EH=mo",
        "userName": "Miya Bhai"
    },
    {
        "appVersion": null,
        "at": "2023-08-04 11:31:02",
        "content": "When is there going to be a legitimate app that actually does what it claims to I'm completely disappointed with the majority of these apps for mining Bitcoin there should be some type of regulation to hold these companies responsible for what they claim to offer! So disappointing that we are all being mislead for the purpose of providing these platforms people to do the mining of crypto. So basically we're doing all the work for them they're profiting off the people that download them and play",
        "repliedAt": null,
        "replyContent": null,
        "reviewCreatedVersion": null,
        "reviewId": "6d383ed6-a9f6-4906-8720-18e566eb2238",
        "score": 1,
        "thumbsUpCount": 4,
        "userImage": "https://play-lh.googleusercontent.com/a/ACg8ocJVthmKsTg3vmPyUsNM3_Iq7z8-hSOkM0ihTpQNdvuL=mo",
        "userName": "Mikey Likestwat"
    },
    {
        "appVersion": "3.0",
        "at": "2023-08-03 23:51:26",
        "content": "So var so goed soos",
        "repliedAt": null,
        "replyContent": null,
        "reviewCreatedVersion": "3.0",
        "reviewId": "1ca58093-30cb-47e5-a7c6-092b87cdf259",
        "score": 5,
        "thumbsUpCount": 0,
        "userImage": "https://play-lh.googleusercontent.com/a-/ALV-UjUmA3ojQVgnWebFC2_AbNDX4kzUVBSxHlPRdLC0HG4R",
        "userName": "Han Vix"
    },
    {
        "appVersion": "3.0",
        "at": "2023-07-31 11:57:18",
        "content": "I been searching all my life I'm finally here!",
        "repliedAt": null,
        "replyContent": null,
        "reviewCreatedVersion": "3.0",
        "reviewId": "9f1aadde-3002-4dab-b7d0-c54a6d394eaf",
        "score": 5,
        "thumbsUpCount": 0,
        "userImage": "https://play-lh.googleusercontent.com/a/ACg8ocJQGGRCJ5KjnBbtLBHohccLx3NuSHslm3e0UIpuDhjL=mo",
        "userName": "Can Ryza"
    },
    {
        "appVersion": "3.0",
        "at": "2023-07-30 17:51:57",
        "content": "Can't tell you much after a couple days of mining it takes a while to load this mining but I don't see this app cashing out due to the required min withdrawal",
        "repliedAt": null,
        "replyContent": null,
        "reviewCreatedVersion": "3.0",
        "reviewId": "a097383f-ff20-46b5-86da-3ecc0156fa68",
        "score": 2,
        "thumbsUpCount": 18,
        "userImage": "https://play-lh.googleusercontent.com/a/ACg8ocLtaEoHk3DEL1muwYX0xMXOXd91OJd1bX2b_8E9_weN=mo",
        "userName": "Ernest Bell"
    },
    {
        "appVersion": "3.0",
        "at": "2023-07-26 19:01:40",
        "content": "Testing for now",
        "repliedAt": null,
        "replyContent": null,
        "reviewCreatedVersion": "3.0",
        "reviewId": "753961bc-2338-4c82-a0a1-4c0d7ae230de",
        "score": 2,
        "thumbsUpCount": 3,
        "userImage": "https://play-lh.googleusercontent.com/a-/ALV-UjXE98Hz4JJcNVHrmyZtFHZYjHyPIdFyfjJ0sihjNyePzsM",
        "userName": "Sarauta Wisdom (SARWISDOM)"
    },
    {
        "appVersion": null,
        "at": "2023-07-26 13:31:55",
        "content": "The easiest way to earn bitcoin but it's fake app never use this app",
        "repliedAt": null,
        "replyContent": null,
        "reviewCreatedVersion": null,
        "reviewId": "9e5bec7b-568e-4514-a13c-cd9f893b9af2",
        "score": 1,
        "thumbsUpCount": 2,
        "userImage": "https://play-lh.googleusercontent.com/a/ACg8ocKaLzhkJYCZN3kEtLUOfWD6RhLlDc5hTkrfPT4oV__L=mo",
        "userName": "kedir kamal"
    },
    {
        "appVersion": null,
        "at": "2023-07-25 04:19:11",
        "content": "Fake! And fake reviews!",
        "repliedAt": null,
        "replyContent": null,
        "reviewCreatedVersion": null,
        "reviewId": "d9af0e47-61ed-4b48-84e0-3e0566e53c31",
        "score": 1,
        "thumbsUpCount": 5,
        "userImage": "https://play-lh.googleusercontent.com/a-/ALV-UjVN_6N-ILqiR7ENNpE6ZzRc6g8JImXURgDyR04aGrrGE9Q",
        "userName": "Always Right"
    },
    {
        "appVersion": null,
        "at": "2023-07-21 11:35:27",
        "content": "Nice experience with the app",
        "repliedAt": null,
        "replyContent": null,
        "reviewCreatedVersion": null,
        "reviewId": "ac6b80ff-fb99-4944-9b0e-e72d96bb6315",
        "score": 5,
        "thumbsUpCount": 0,
        "userImage": "https://play-lh.googleusercontent.com/a/ACg8ocLoLyxCZFG19W4LmjUHuqCaLW9GhmjrX_eVWFkqegMI=mo",
        "userName": "Mzwandile Mkhize"
    },
    {
        "appVersion": "2.0",
        "at": "2023-07-17 18:41:55",
        "content": "I see a lot of reviews telling how great the app is, but I'm pretty sure there all fake (owner of the apps friends or people they paid or otherwise talked into these 5 star reviews) because there is one thing missing that all other crypto mining apps reviews have to make them authentic. And that is just about every review commenting on if they actually pay out or not. Since isn't that the main point of these apps? all 5\u2b50 here are bogus. Scam app!",
        "repliedAt": null,
        "replyContent": null,
        "reviewCreatedVersion": "2.0",
        "reviewId": "d9898cd2-d6ca-4657-bdf6-6cdb3e35baaa",
        "score": 1,
        "thumbsUpCount": 18,
        "userImage": "https://play-lh.googleusercontent.com/a-/ALV-UjWbBgkya0AkjMcJJfqt8hk150P6b1B2jRhy8u9rxEpE6ik",
        "userName": "Matt"
    },
    {
        "appVersion": "2.0",
        "at": "2023-07-17 11:27:04",
        "content": "Mined in free mode for a couple of days and decided to upgrade, I payd the upgrade fee and still in free mode, send 2 emails to the developer and still no replies on both emails, seemimg that acording to this app there are 40 million users it's hard to believe that not one rated this app at this point in time ,makes a person think",
        "repliedAt": null,
        "replyContent": null,
        "reviewCreatedVersion": "2.0",
        "reviewId": "c84e2592-1c2f-4f73-85b5-bde4fff95609",
        "score": 1,
        "thumbsUpCount": 62,
        "userImage": "https://play-lh.googleusercontent.com/a-/ALV-UjW2c6KrrrRagMZ5dBl5oLB2j0KPF3FEk-oOtr-pn-vbYzIx",
        "userName": "Pieter Du Plessis"
    },
    {
        "appVersion": "2.0",
        "at": "2023-07-16 01:58:32",
        "content": "Nothing beats mining but mega coin cloud mining easy-to-use user-friendly and the best thing of all you do not a thing but let it collect for you",
        "repliedAt": null,
        "replyContent": null,
        "reviewCreatedVersion": "2.0",
        "reviewId": "69be6ca9-561a-476d-ab6d-052057a2327f",
        "score": 5,
        "thumbsUpCount": 12,
        "userImage": "https://play-lh.googleusercontent.com/a/ACg8ocLtz-Hw_Jb_tCDChCvmN4ZYet8FnvSGDMoD6t9jH8Q6=mo",
        "userName": "Jose Sandoval"
    },
    {
        "appVersion": "2.0",
        "at": "2023-07-15 23:53:20",
        "content": "Pretty funny how all the reviews on this app are four stars and you can tell nobody actually wrote them themselves. Why is it that you can't withdraw until you reach 2.0 bitcoin? Yall do realize that's like 70,000 dollars right... This app is a scam...",
        "repliedAt": null,
        "replyContent": null,
        "reviewCreatedVersion": "2.0",
        "reviewId": "6610d5ca-557f-4ce2-bf9f-3948b9d5158d",
        "score": 1,
        "thumbsUpCount": 57,
        "userImage": "https://play-lh.googleusercontent.com/a-/ALV-UjU_hEzDXBcprdkSsxzG_RVkAvv40qpDBkqMafgP5YL0QA",
        "userName": "Lea Miller"
    },
    {
        "appVersion": null,
        "at": "2023-07-15 19:33:53",
        "content": "Definitely one of my favorites",
        "repliedAt": null,
        "replyContent": null,
        "reviewCreatedVersion": null,
        "reviewId": "b5051b49-4ab9-42d3-885f-a0671341b1e2",
        "score": 5,
        "thumbsUpCount": 2,
        "userImage": "https://play-lh.googleusercontent.com/a/ACg8ocIwjLmTt6EL0mNbkzT1CoZzobYIVoMRW240Kpxb5nVW=mo",
        "userName": "Empire Baughman"
    },
    {
        "appVersion": "2.0",
        "at": "2023-07-15 10:03:24",
        "content": "Good earning app",
        "repliedAt": null,
        "replyContent": null,
        "reviewCreatedVersion": "2.0",
        "reviewId": "a4d582b3-2f7c-4d8c-963f-42dd66612f82",
        "score": 4,
        "thumbsUpCount": 3,
        "userImage": "https://play-lh.googleusercontent.com/a-/ALV-UjUpk39re18SOXHgNbyTq5xY_h1HZxqmlDeMRlnieaGvG1U",
        "userName": "Astatikachew Wagaw"
    },
    {
        "appVersion": "2.0",
        "at": "2023-07-12 10:25:02",
        "content": "I tried to upgrade and I have already pay the amount I ask to pay but the mining is not increase and I have paid money via my google payment method",
        "repliedAt": null,
        "replyContent": null,
        "reviewCreatedVersion": "2.0",
        "reviewId": "7fc55435-26ba-4d64-94ba-a9b50d091cfa",
        "score": 5,
        "thumbsUpCount": 8,
        "userImage": "https://play-lh.googleusercontent.com/a-/ALV-UjXGazsRvP9h1-B_EwT7RPL4PYEdsOv63XH7s0mIIPG3Ygg",
        "userName": "Gbenga Okegbenro"
    },
    {
        "appVersion": null,
        "at": "2023-07-11 18:09:02",
        "content": "Definitely a scam, i mean who is giving out 60k $ for free",
        "repliedAt": null,
        "replyContent": null,
        "reviewCreatedVersion": null,
        "reviewId": "7c78d7fa-fdec-417f-9ea3-ac0846c81a84",
        "score": 1,
        "thumbsUpCount": 5,
        "userImage": "https://play-lh.googleusercontent.com/a-/ALV-UjVWxv1nQj0idWR8arMftNdH7jEfWVb3ODd1463Kb5ONI-A",
        "userName": "EvilDave"
    },
    {
        "appVersion": null,
        "at": "2023-07-10 14:27:59",
        "content": "All Fake Reviews Fraud App",
        "repliedAt": null,
        "replyContent": null,
        "reviewCreatedVersion": null,
        "reviewId": "2d06c720-3877-4209-9e19-c18f44b314a1",
        "score": 1,
        "thumbsUpCount": 10,
        "userImage": "https://play-lh.googleusercontent.com/a/ACg8ocJ_6lltG6o2CBOg5e7eXYbxTTJVsIu95CwNJwiMzIV4=mo",
        "userName": "Devesh Raja"
    },
    {
        "appVersion": null,
        "at": "2023-07-10 11:54:28",
        "content": "All fake Reviews... I think paid/bots Reviews",
        "repliedAt": null,
        "replyContent": null,
        "reviewCreatedVersion": null,
        "reviewId": "33a465ae-2d75-477d-bff4-ab0f30d040b8",
        "score": 1,
        "thumbsUpCount": 9,
        "userImage": "https://play-lh.googleusercontent.com/a-/ALV-UjVKw3B4_-zE5N0vCn3lKN4vZTDOKA4_ug_jKJbQFkFe8dM",
        "userName": "Koushik Ghosh"
    },
    {
        "appVersion": "2.0",
        "at": "2023-07-10 10:05:25",
        "content": "Best app ever",
        "repliedAt": null,
        "replyContent": null,
        "reviewCreatedVersion": "2.0",
        "reviewId": "af00ebe1-6a3e-45c9-bc24-fc842fd8043f",
        "score": 5,
        "thumbsUpCount": 0,
        "userImage": "https://play-lh.googleusercontent.com/a-/ALV-UjWikDfDgdauM0PqxvG3Gs6-rVT0X01MHoSKRyMGIrZD8ww",
        "userName": "GAMER'S PARADISE"
    },
    {
        "appVersion": null,
        "at": "2023-07-09 12:09:40",
        "content": "Couldn't verify my account, would not accept my Capital One credit card",
        "repliedAt": null,
        "replyContent": null,
        "reviewCreatedVersion": null,
        "reviewId": "dcb01ca7-ee49-4834-b0de-3e5622a3a5fb",
        "score": 1,
        "thumbsUpCount": 6,
        "userImage": "https://play-lh.googleusercontent.com/a-/ALV-UjWz73Rauno7dwAtG5Oi-gw2JLGmTk1cgDgKABVIfmhULqo",
        "userName": "Roy Grace"
    },
    {
        "appVersion": null,
        "at": "2023-07-08 03:52:58",
        "content": "\"The app's mining process is efficient and resource-friendly.\"",
        "repliedAt": null,
        "replyContent": null,
        "reviewCreatedVersion": null,
        "reviewId": "45377fd3-c068-42b0-be79-12391d6193fd",
        "score": 5,
        "thumbsUpCount": 0,
        "userImage": "https://play-lh.googleusercontent.com/a/ACg8ocL4McXojARCypHy40cK2GhOuIeaCcG4Gxf0uscYUlQkYw=mo",
        "userName": "ALFIN G JAMES"
    },
    {
        "appVersion": "2.0",
        "at": "2023-07-08 03:49:26",
        "content": "\"I'm impressed with the transparency of this app's operations.\"",
        "repliedAt": null,
        "replyContent": null,
        "reviewCreatedVersion": "2.0",
        "reviewId": "11f403fa-b221-46d0-8a60-2069a924535b",
        "score": 5,
        "thumbsUpCount": 0,
        "userImage": "https://play-lh.googleusercontent.com/a-/ALV-UjUt4JPIJSqd6d4xyPHg9uTZXAK00PkceZttjcdqtkRm7A",
        "userName": "PES 2023 X FF X MC"
    },
    {
        "appVersion": "2.0",
        "at": "2023-07-08 03:48:01",
        "content": "\"This app has become an integral part of my financial strategy.\"",
        "repliedAt": null,
        "replyContent": null,
        "reviewCreatedVersion": "2.0",
        "reviewId": "22409e3c-5bae-4b7e-af10-69c0ddc09471",
        "score": 5,
        "thumbsUpCount": 0,
        "userImage": "https://play-lh.googleusercontent.com/a/ACg8ocKkLtR9fJyWeAoc0qg4gCf8Xvb6QyYbqjpkMQ3ftXUW=mo",
        "userName": "SHINY N GEORGE"
    },
    {
        "appVersion": null,
        "at": "2023-07-08 03:43:56",
        "content": "\"I've learned so much about Bitcoin and mining through this app.\"",
        "repliedAt": null,
        "replyContent": null,
        "reviewCreatedVersion": null,
        "reviewId": "3be4e89d-fe1a-423e-bf68-22a06d787b65",
        "score": 5,
        "thumbsUpCount": 1,
        "userImage": "https://play-lh.googleusercontent.com/a/ACg8ocJwa7I6V-OABw7bfmzuJ7UmuPsbRcO2DrNvmmSUCRwC=mo",
        "userName": "Karan Sanker"
    },
    {
        "appVersion": "2.0",
        "at": "2023-07-08 03:23:11",
        "content": "\"I'm glad I found this app. It has revolutionized my approach to mining.\"",
        "repliedAt": null,
        "replyContent": null,
        "reviewCreatedVersion": "2.0",
        "reviewId": "02aafef9-8787-49ab-bd77-ef4bf5e4bf68",
        "score": 5,
        "thumbsUpCount": 1,
        "userImage": "https://play-lh.googleusercontent.com/a-/ALV-UjXYMYAguDDJWyp1DrPOhFpaa4f8DLxi4YSX5tZQdmduYQ",
        "userName": "Appu Creation"
    },
    {
        "appVersion": "2.0",
        "at": "2023-07-08 03:08:01",
        "content": "\"I appreciate the transparency and accountability of this app.\"",
        "repliedAt": null,
        "replyContent": null,
        "reviewCreatedVersion": "2.0",
        "reviewId": "24b04ac3-4837-474e-8687-70c6e77e1ef4",
        "score": 5,
        "thumbsUpCount": 0,
        "userImage": "https://play-lh.googleusercontent.com/a-/ALV-UjUy9dFWuwZOMgwBzD4M20I83dTC1G9JZU27kKik9BtVx7k",
        "userName": "DICSHON JOHN"
    },
    {
        "appVersion": "2.0",
        "at": "2023-07-08 03:04:09",
        "content": "\"The app's support team is knowledgeable and always ready to assist.\"",
        "repliedAt": null,
        "replyContent": null,
        "reviewCreatedVersion": "2.0",
        "reviewId": "2d0bda8f-f596-4e9b-b4cb-ac9d1e3e4b85",
        "score": 5,
        "thumbsUpCount": 7,
        "userImage": "https://play-lh.googleusercontent.com/a-/ALV-UjVt5K6Wu0q1CKSdxlIQ4tPXVqIQOeyqckHg6rsRxpl6xUc",
        "userName": "Paul Laison"
    },
    {
        "appVersion": "2.0",
        "at": "2023-07-08 02:20:34",
        "content": "\"The app's reliability sets it apart from other cloud mining platforms.\"",
        "repliedAt": null,
        "replyContent": null,
        "reviewCreatedVersion": "2.0",
        "reviewId": "faa20be3-e62f-484f-a0bf-07b3ce62706d",
        "score": 5,
        "thumbsUpCount": 2,
        "userImage": "https://play-lh.googleusercontent.com/a/ACg8ocI83YiYeJP6A1R0Wtu-8qEkRJF6nXJTO4CH1rHeb7RX=mo",
        "userName": "Anju Anju"
    },
    {
        "appVersion": "2.0",
        "at": "2023-07-08 01:57:44",
        "content": "\"The app's user interface is intuitive and easy to navigate.\"",
        "repliedAt": null,
        "replyContent": null,
        "reviewCreatedVersion": "2.0",
        "reviewId": "82ed19dc-b294-4cd6-b95b-93e57af1c40e",
        "score": 5,
        "thumbsUpCount": 3,
        "userImage": "https://play-lh.googleusercontent.com/a/ACg8ocJGuL8pPRbAr_VQttFhZOK47L-YN3usX1hqNLpaMOnp5Q=mo",
        "userName": "Fawas K"
    },
    {
        "appVersion": null,
        "at": "2023-07-08 01:47:16",
        "content": "\"I'm amazed at the consistent returns I've been earning with this app.\"",
        "repliedAt": null,
        "replyContent": null,
        "reviewCreatedVersion": null,
        "reviewId": "f5f508dc-87e6-4abe-8531-0394eac3373c",
        "score": 5,
        "thumbsUpCount": 0,
        "userImage": "https://play-lh.googleusercontent.com/a/ACg8ocJU_-9BTPB2qPb7cobb7MXbpU0z5x3-XUYAoEp_fcBQUQ=mo",
        "userName": "Mrudhul Jose Gimmy"
    },
    {
        "appVersion": "2.0",
        "at": "2023-07-08 01:30:23",
        "content": "\"I've been able to achieve financial independence through this app.\"",
        "repliedAt": null,
        "replyContent": null,
        "reviewCreatedVersion": "2.0",
        "reviewId": "4f8925a4-eced-4771-8489-194f679e6fe5",
        "score": 5,
        "thumbsUpCount": 1,
        "userImage": "https://play-lh.googleusercontent.com/a/ACg8ocJ0OOblz2Nl8Sb8BUjSV_C0dn1ztoj967bKxptp_qEy=mo",
        "userName": "Mhd Ashiq omy"
    },
    {
        "appVersion": "2.0",
        "at": "2023-07-08 01:25:05",
        "content": "\"This app has opened up new avenues for generating passive income.\"",
        "repliedAt": null,
        "replyContent": null,
        "reviewCreatedVersion": "2.0",
        "reviewId": "8caa9c12-02be-4bb1-a321-3f71391c80dd",
        "score": 5,
        "thumbsUpCount": 0,
        "userImage": "https://play-lh.googleusercontent.com/a-/ALV-UjUgjYVwVOmw6dq_OJMEjXEN_dT8zJ-ocLl22EdI5NxUYg",
        "userName": "Anchu Achuzz"
    },
    {
        "appVersion": "2.0",
        "at": "2023-07-08 01:21:42",
        "content": "\"This app has become an essential tool for growing my cryptocurrency holdings.\"",
        "repliedAt": null,
        "replyContent": null,
        "reviewCreatedVersion": "2.0",
        "reviewId": "314f0e2d-de78-4371-9083-53b02dd72ffd",
        "score": 5,
        "thumbsUpCount": 0,
        "userImage": "https://play-lh.googleusercontent.com/a/ACg8ocJzbQt-67YIM1ive7a7INXDXrOP26meJVRkCJOPo6Se=mo",
        "userName": "Pes Finu"
    },
    {
        "appVersion": "2.0",
        "at": "2023-07-08 01:20:15",
        "content": "\"I'm grateful for the opportunity to earn Bitcoin passively with this app.\"",
        "repliedAt": null,
        "replyContent": null,
        "reviewCreatedVersion": "2.0",
        "reviewId": "45a15614-8ced-4523-a5bb-af3213076dda",
        "score": 5,
        "thumbsUpCount": 0,
        "userImage": "https://play-lh.googleusercontent.com/a/ACg8ocI1hRy-ams2vPYC71t8SmIb8uOEKcfDBGBeYSUnUC8E=mo",
        "userName": "SONG WORLD"
    },
    {
        "appVersion": null,
        "at": "2023-07-08 01:18:37",
        "content": "\"The app's referral program is a great way to earn additional income.\"",
        "repliedAt": null,
        "replyContent": null,
        "reviewCreatedVersion": null,
        "reviewId": "716cba26-8b0c-4d47-84a0-5f589086e430",
        "score": 5,
        "thumbsUpCount": 0,
        "userImage": "https://play-lh.googleusercontent.com/a/ACg8ocJYbe36YSi9fJ_3dx0OdNmhIeeJCnCOIwTO3KBuNGE=mo",
        "userName": "Sooraj"
    },
    {
        "appVersion": "2.0",
        "at": "2023-07-08 01:15:54",
        "content": "\"I'm impressed with the accuracy of this app's mining predictions.\"",
        "repliedAt": null,
        "replyContent": null,
        "reviewCreatedVersion": "2.0",
        "reviewId": "f1e00c74-1498-4a7e-8f5b-7154d85301bf",
        "score": 5,
        "thumbsUpCount": 0,
        "userImage": "https://play-lh.googleusercontent.com/a-/ALV-UjWm57EgME0gmaM6BxuzGnnucbQFDvdnp7QZtzD1IyrYMw",
        "userName": "gowri gowri"
    },
    {
        "appVersion": "2.0",
        "at": "2023-07-08 01:10:20",
        "content": "\"The app's user-friendly interface makes it suitable for users of all levels.\"",
        "repliedAt": null,
        "replyContent": null,
        "reviewCreatedVersion": "2.0",
        "reviewId": "5bf6c85b-9888-42a0-927e-259c40977937",
        "score": 5,
        "thumbsUpCount": 0,
        "userImage": "https://play-lh.googleusercontent.com/a-/ALV-UjU7LN0BKMTdinyBkSpBs8VC5iOrNTBYiTDoBeiy1GBmnDc",
        "userName": "Tarun Thakur"
    },
    {
        "appVersion": "2.0",
        "at": "2023-07-08 01:03:06",
        "content": "\"This app has helped me understand the world of cryptocurrency mining better.\"",
        "repliedAt": null,
        "replyContent": null,
        "reviewCreatedVersion": "2.0",
        "reviewId": "1bd76a44-ea36-4589-8657-1d59a0070c30",
        "score": 5,
        "thumbsUpCount": 0,
        "userImage": "https://play-lh.googleusercontent.com/a-/ALV-UjXm1PRlybcQWM-og5eSI0An3vV6PeIobc3Q3OoKEawqkQ",
        "userName": "Naseel"
    },
    {
        "appVersion": "2.0",
        "at": "2023-07-08 01:02:44",
        "content": "\"The app's intuitive interface makes it easy to monitor my mining activities.\"",
        "repliedAt": null,
        "replyContent": null,
        "reviewCreatedVersion": "2.0",
        "reviewId": "c7c6a86f-083c-4d6e-ba98-40b6afa3bb33",
        "score": 5,
        "thumbsUpCount": 5,
        "userImage": "https://play-lh.googleusercontent.com/a/ACg8ocKN3JLHQZOOpvqXhxecbKFKCfbcSfr61hwgbKoEWr_J=mo",
        "userName": "Shafa"
    },
    {
        "appVersion": "2.0",
        "at": "2023-07-08 01:00:56",
        "content": "\"The app's reliability and stability are top-notch.\"",
        "repliedAt": null,
        "replyContent": null,
        "reviewCreatedVersion": "2.0",
        "reviewId": "fc391f6e-da2d-4afe-9647-1e1882e5b3e3",
        "score": 5,
        "thumbsUpCount": 0,
        "userImage": "https://play-lh.googleusercontent.com/a/ACg8ocJ_XNNUyqtd3SjWePwNtjJv3jBhCHKM0VjSNNJDfUYj=mo",
        "userName": "SNEHA S L"
    },
    {
        "appVersion": "2.0",
        "at": "2023-07-08 00:59:02",
        "content": "This app has made Bitcoin mining an accessible and profitable venture.",
        "repliedAt": null,
        "replyContent": null,
        "reviewCreatedVersion": "2.0",
        "reviewId": "8f4a1b9b-bbcb-410f-aa82-a14f7cfcd62b",
        "score": 5,
        "thumbsUpCount": 0,
        "userImage": "https://play-lh.googleusercontent.com/a/ACg8ocKpW12RXe9omFWYI2r6iPm2XabsZMPzEQ6f7d6-annx=mo",
        "userName": "Najish K"
    },
    {
        "appVersion": "2.0",
        "at": "2023-07-08 00:58:03",
        "content": "\"This app has simplified the process of Bitcoin mining for me.\"",
        "repliedAt": null,
        "replyContent": null,
        "reviewCreatedVersion": "2.0",
        "reviewId": "8a662921-f2b3-43ad-81ae-85083b413f9b",
        "score": 5,
        "thumbsUpCount": 0,
        "userImage": "https://play-lh.googleusercontent.com/a-/ALV-UjV0Yg6upItWLy5NPFIxJ9o2lInVojAATLUUXlLEDPQvSA",
        "userName": "Rita M"
    },
    {
        "appVersion": "2.0",
        "at": "2023-07-08 00:54:54",
        "content": "\"The app's low fees make it a cost-effective choice for cloud mining.\"",
        "repliedAt": null,
        "replyContent": null,
        "reviewCreatedVersion": "2.0",
        "reviewId": "5e3b263c-a802-4648-b96b-d4ebf2396dd9",
        "score": 5,
        "thumbsUpCount": 2,
        "userImage": "https://play-lh.googleusercontent.com/a/ACg8ocLmw43eFkmnUNxWbJArWf6VZzCRUE_NNNoIE0S3WVTY=mo",
        "userName": "Mhd Yaseen"
    },
    {
        "appVersion": "2.0",
        "at": "2023-07-08 00:54:35",
        "content": "\"This app has provided me with a steady stream of income.\"",
        "repliedAt": null,
        "replyContent": null,
        "reviewCreatedVersion": "2.0",
        "reviewId": "0221209f-add7-4dfa-812e-ec38038f9f9a",
        "score": 5,
        "thumbsUpCount": 0,
        "userImage": "https://play-lh.googleusercontent.com/a-/ALV-UjVftnaAn1xO5VThV737lDz5py_Ng27pRaaTnnU_uOO0ZJQ",
        "userName": "Diya"
    },
    {
        "appVersion": "2.0",
        "at": "2023-07-08 00:54:10",
        "content": "\"The app's performance has consistently exceeded my expectations.\"",
        "repliedAt": null,
        "replyContent": null,
        "reviewCreatedVersion": "2.0",
        "reviewId": "1a57f603-7528-41a8-b5ad-eb06fa8d73f5",
        "score": 5,
        "thumbsUpCount": 0,
        "userImage": "https://play-lh.googleusercontent.com/a-/ALV-UjVLtfanphILy9YT_5IVEd6InCLzW8FUjMTvrz9pga1c2w",
        "userName": "Ajas Km"
    },
    {
        "appVersion": "2.0",
        "at": "2023-07-07 14:41:06",
        "content": "\"This app has made Bitcoin mining a hassle-free experience for me.\"",
        "repliedAt": null,
        "replyContent": null,
        "reviewCreatedVersion": "2.0",
        "reviewId": "01765df1-90f0-469f-b64c-bf312ae0637d",
        "score": 5,
        "thumbsUpCount": 0,
        "userImage": "https://play-lh.googleusercontent.com/a-/ALV-UjWG5AjsPYdrnbK7od6s9iO7fwRB6UYquWBQAJi9RG9XXdQ",
        "userName": "NIHAL P T"
    },
    {
        "appVersion": "2.0",
        "at": "2023-07-07 14:24:26",
        "content": "\"I'm amazed at how this app manages to generate consistent returns.\"",
        "repliedAt": null,
        "replyContent": null,
        "reviewCreatedVersion": "2.0",
        "reviewId": "c44f2498-87e2-4303-8b7b-350352dbceda",
        "score": 5,
        "thumbsUpCount": 1,
        "userImage": "https://play-lh.googleusercontent.com/a-/ALV-UjXYBcPvnN8_TrSxmxYSOGkyKNr6GR3v_Vw6rBgD1OPJzOI",
        "userName": "Muhammed Fariz"
    },
    {
        "appVersion": "2.0",
        "at": "2023-07-07 14:19:26",
        "content": "\"The simplicity of this app makes it accessible for beginners.\"",
        "repliedAt": null,
        "replyContent": null,
        "reviewCreatedVersion": "2.0",
        "reviewId": "211c775d-5a15-42c4-ab4a-fafa1a0ad93b",
        "score": 5,
        "thumbsUpCount": 0,
        "userImage": "https://play-lh.googleusercontent.com/a/ACg8ocKjlg3TOtsLU0YPj4A1K4SKgE7udEIItzUGajoz_lZG=mo",
        "userName": "Sabith Sabi"
    },
    {
        "appVersion": null,
        "at": "2023-07-07 14:09:31",
        "content": "\"This app has become an integral part of my investment strategy.\"",
        "repliedAt": null,
        "replyContent": null,
        "reviewCreatedVersion": null,
        "reviewId": "05646db9-67b7-441f-9bbc-5c01dc407cb2",
        "score": 5,
        "thumbsUpCount": 0,
        "userImage": "https://play-lh.googleusercontent.com/a-/ALV-UjXo24je4YKxk6GX1bXXGEDgRcLZuH0_CSa9t7JDKNOC7fQ",
        "userName": "Muhammed Fahad kh"
    },
    {
        "appVersion": null,
        "at": "2023-07-07 14:05:52",
        "content": "\"I've been able to grow my Bitcoin holdings exponentially with this app.\"",
        "repliedAt": null,
        "replyContent": null,
        "reviewCreatedVersion": null,
        "reviewId": "17368ad4-80b7-44b2-855d-4dfce473f32a",
        "score": 5,
        "thumbsUpCount": 0,
        "userImage": "https://play-lh.googleusercontent.com/a/ACg8ocIVEnxp9s6ljir5ymK_SJemyZ7_NnDsWrJmPhQe-Trz=mo",
        "userName": "Jishnu Xr"
    },
    {
        "appVersion": null,
        "at": "2023-07-07 14:02:03",
        "content": "\"The customer support team is extremely helpful and responsive.\"",
        "repliedAt": null,
        "replyContent": null,
        "reviewCreatedVersion": null,
        "reviewId": "9eecfbfc-40cd-4611-b11b-3e3fe3f250eb",
        "score": 5,
        "thumbsUpCount": 0,
        "userImage": "https://play-lh.googleusercontent.com/a/ACg8ocJi8TEfk22U-GJzt7LzG9Vd-nKzpRPUwINEjmg3NMWW=mo",
        "userName": "Malu Rukiya"
    },
    {
        "appVersion": "2.0",
        "at": "2023-07-07 14:00:06",
        "content": "\"The app's profitability is unmatched compared to other cloud mining platforms.\"",
        "repliedAt": null,
        "replyContent": null,
        "reviewCreatedVersion": "2.0",
        "reviewId": "c4790742-f85b-4b2f-b14a-ff7076071c63",
        "score": 5,
        "thumbsUpCount": 0,
        "userImage": "https://play-lh.googleusercontent.com/a/ACg8ocJXh-ZSLTotSkMBBd3DLxFRg1_jlBraz7oRQorIcGRL=mo",
        "userName": "Noshin Joseph"
    },
    {
        "appVersion": "2.0",
        "at": "2023-07-07 13:54:05",
        "content": "\"The app's user-friendly interface makes it easy to manage my mining activities.\"",
        "repliedAt": null,
        "replyContent": null,
        "reviewCreatedVersion": "2.0",
        "reviewId": "2c6e2c07-5e49-4704-a92b-d19a0001ee99",
        "score": 5,
        "thumbsUpCount": 6,
        "userImage": "https://play-lh.googleusercontent.com/a/ACg8ocIAqNanjVbEQUUpysktlPAVC_diU8sH6EwFkZvIpOwx=mo",
        "userName": "Zeenath Razack"
    },
    {
        "appVersion": "2.0",
        "at": "2023-07-07 13:51:32",
        "content": "\"The app's performance is fast and efficient, even during peak times.\"",
        "repliedAt": null,
        "replyContent": null,
        "reviewCreatedVersion": "2.0",
        "reviewId": "bdcd2ce5-d903-41d9-8b0e-c7bcc5fbe4fd",
        "score": 5,
        "thumbsUpCount": 5,
        "userImage": "https://play-lh.googleusercontent.com/a-/ALV-UjVLK8wkWtmL3uOOnDNrrRWOg2VFzU6B5c3wdS0zvZYj5jQ",
        "userName": "Primal s"
    },
    {
        "appVersion": "2.0",
        "at": "2023-07-07 13:51:21",
        "content": "\"I've recommended this app to my colleagues, and they're also loving it.\"",
        "repliedAt": null,
        "replyContent": null,
        "reviewCreatedVersion": "2.0",
        "reviewId": "70433ce9-aa22-49b7-9ac5-de11c9c2dd79",
        "score": 5,
        "thumbsUpCount": 0,
        "userImage": "https://play-lh.googleusercontent.com/a-/ALV-UjW3xOTyEU4VYl69xuUeLevRf-vC34lqTdnqb2vcsetMXNg",
        "userName": "Nijas M"
    },
    {
        "appVersion": null,
        "at": "2023-07-07 13:50:41",
        "content": "\"I love that I can track my earnings in real-time using this app.\"",
        "repliedAt": null,
        "replyContent": null,
        "reviewCreatedVersion": null,
        "reviewId": "e0f69ea4-87a6-40b3-a77c-66be3ba634e3",
        "score": 5,
        "thumbsUpCount": 0,
        "userImage": "https://play-lh.googleusercontent.com/a-/ALV-UjXTqxcjTUiJAsgpQWYw2igMT_NhBjiiXTPQte35OHN23Q",
        "userName": "Muhammed Faris"
    },
    {
        "appVersion": "2.0",
        "at": "2023-07-07 13:48:22",
        "content": "\"I appreciate the daily mining updates that keep me informed about my earnings.\"",
        "repliedAt": null,
        "replyContent": null,
        "reviewCreatedVersion": "2.0",
        "reviewId": "4be84d98-b27a-4c5b-825d-0c5c9202ba89",
        "score": 5,
        "thumbsUpCount": 0,
        "userImage": "https://play-lh.googleusercontent.com/a/ACg8ocKL6NdWTXrObN-JrQIpbDkSSWdZarKW-vrJik6OrkWh=mo",
        "userName": "Ajith K"
    },
    {
        "appVersion": null,
        "at": "2023-07-07 13:42:05",
        "content": "\"The app's user interface is clean, modern, and easy to navigate.\"",
        "repliedAt": null,
        "replyContent": null,
        "reviewCreatedVersion": null,
        "reviewId": "fbb8a44c-2df8-4074-923d-0d76d5443c56",
        "score": 5,
        "thumbsUpCount": 0,
        "userImage": "https://play-lh.googleusercontent.com/a/ACg8ocL6CRU-XXh6f039PWFGJvZtsFFy3aO9HAevmVvHemVV=mo",
        "userName": "Pranav S"
    },
    {
        "appVersion": "2.0",
        "at": "2023-07-07 13:36:52",
        "content": "\"Using this app has been a seamless and rewarding experience for me.\"",
        "repliedAt": null,
        "replyContent": null,
        "reviewCreatedVersion": "2.0",
        "reviewId": "62060e02-0bc0-48dd-9e1b-bdd94a907af1",
        "score": 5,
        "thumbsUpCount": 1,
        "userImage": "https://play-lh.googleusercontent.com/a-/ALV-UjWAh0g8UGtZu2bIqbE9QE3Zsdbw6VpjMFWNBSiBV7pt_A",
        "userName": "\u0166\u0452ris\u0452a\u03ae \u13d5H\u03be\u03c4\u03c4\u13a9"
    },
    {
        "appVersion": "2.0",
        "at": "2023-07-07 13:35:41",
        "content": "\"I'm impressed with the efficiency of this app's mining algorithms.\"",
        "repliedAt": null,
        "replyContent": null,
        "reviewCreatedVersion": "2.0",
        "reviewId": "b02011ee-f7f4-447e-860e-f4dcb8ea05aa",
        "score": 5,
        "thumbsUpCount": 1,
        "userImage": "https://play-lh.googleusercontent.com/a-/ALV-UjX48kPYWQEWgi7DHcdN8opxaKgXqFwFcCP-Iatci8UZnw",
        "userName": "Muhammed Basim"
    },
    {
        "appVersion": "2.0",
        "at": "2023-07-07 13:35:37",
        "content": "\"The low minimum withdrawal threshold is a big plus.\"",
        "repliedAt": null,
        "replyContent": null,
        "reviewCreatedVersion": "2.0",
        "reviewId": "ca308f56-aee1-4c1c-9084-ee11305a6fd8",
        "score": 5,
        "thumbsUpCount": 1,
        "userImage": "https://play-lh.googleusercontent.com/a-/ALV-UjXhciWXK2U_ZqEwSH0h3gCe8a3exEJN5bYUKp4Cj_fJC8M",
        "userName": "Musiii"
    },
    {
        "appVersion": null,
        "at": "2023-07-07 13:33:41",
        "content": "\"I appreciate the transparency and regular updates provided by this app.\"",
        "repliedAt": null,
        "replyContent": null,
        "reviewCreatedVersion": null,
        "reviewId": "970029aa-4409-49c2-8abb-6d1826638b27",
        "score": 5,
        "thumbsUpCount": 0,
        "userImage": "https://play-lh.googleusercontent.com/a-/ALV-UjXuaNNTRlpy4wqGXaM4iFoeWCcs4kv6cg_8uSyrnJtPab5G",
        "userName": "Rakshith Dmff777"
    },
    {
        "appVersion": "2.0",
        "at": "2023-07-07 13:24:32",
        "content": "\"I'm impressed with the transparency of this app. I can track my mining progress in real-time.\"",
        "repliedAt": null,
        "replyContent": null,
        "reviewCreatedVersion": "2.0",
        "reviewId": "65d37a3e-d3c3-4714-81f5-8e44ec2f83ec",
        "score": 5,
        "thumbsUpCount": 3,
        "userImage": "https://play-lh.googleusercontent.com/a-/ALV-UjUKKgfnsO84O7LToxGBAolD8egZGdsBVSMmE1a5KsUA5Wo",
        "userName": "BADUSHA"
    },
    {
        "appVersion": "2.0",
        "at": "2023-07-07 13:13:51",
        "content": "\"The app provides detailed statistics on my mining activities.\"",
        "repliedAt": null,
        "replyContent": null,
        "reviewCreatedVersion": "2.0",
        "reviewId": "624d8e93-e84d-470e-b0e6-26a83c204c1b",
        "score": 5,
        "thumbsUpCount": 0,
        "userImage": "https://play-lh.googleusercontent.com/a-/ALV-UjWUeZnc46uBQFRIZOBmsCGtn-r6upQ0ecfjjEbLT-hmVkI",
        "userName": "Shan"
    },
    {
        "appVersion": null,
        "at": "2023-07-07 13:10:09",
        "content": "\"I've been able to diversify my investment portfolio with this app.\"",
        "repliedAt": null,
        "replyContent": null,
        "reviewCreatedVersion": null,
        "reviewId": "b3ecb833-35c2-464b-a139-08c454f253c3",
        "score": 5,
        "thumbsUpCount": 0,
        "userImage": "https://play-lh.googleusercontent.com/a/ACg8ocK-tueiZlP9Om81jGjm30SqixrpsQILaS69yihqA3vq=mo",
        "userName": "Edward Stallin"
    },
    {
        "appVersion": null,
        "at": "2023-07-07 12:57:51",
        "content": "\"I love that I can monitor my mining activities from anywhere using this app.\"",
        "repliedAt": null,
        "replyContent": null,
        "reviewCreatedVersion": null,
        "reviewId": "f091ade9-deda-4fb5-b634-d87a6c163f1e",
        "score": 5,
        "thumbsUpCount": 0,
        "userImage": "https://play-lh.googleusercontent.com/a/ACg8ocILKMnfTi8wBvn7YMvXpBkNZKgZuXDzaSgrkbEtX004=mo",
        "userName": "Vijeesh Vijeesh"
    },
    {
        "appVersion": "2.0",
        "at": "2023-07-07 12:44:48",
        "content": "\"I'm glad I discovered this app. It has been a game-changer for my finances.\"",
        "repliedAt": null,
        "replyContent": null,
        "reviewCreatedVersion": "2.0",
        "reviewId": "2f332c1b-a84f-4d6a-aa22-57298137772e",
        "score": 5,
        "thumbsUpCount": 0,
        "userImage": "https://play-lh.googleusercontent.com/a-/ALV-UjWKyTN5Q4iDN4poIIhm1z0krQhlwv9x_rJXy7PKtfhwA2I",
        "userName": "Prince Mathew"
    },
    {
        "appVersion": null,
        "at": "2023-07-07 12:44:39",
        "content": "\"The app's profitability calculator is a handy tool for planning my mining strategy.\"",
        "repliedAt": null,
        "replyContent": null,
        "reviewCreatedVersion": null,
        "reviewId": "1f3b5af5-81f0-4cb9-8afe-357c7f5e5579",
        "score": 5,
        "thumbsUpCount": 0,
        "userImage": "https://play-lh.googleusercontent.com/a-/ALV-UjWml8juZ7s59e3Qv-E4S1DXXBbVTMQig4k7aZGyjBTHRQ",
        "userName": "Amal hariprasad"
    },
    {
        "appVersion": "2.0",
        "at": "2023-07-07 12:39:35",
        "content": "\"I've been able to increase my Bitcoin holdings significantly with this app.\"",
        "repliedAt": null,
        "replyContent": null,
        "reviewCreatedVersion": "2.0",
        "reviewId": "b837c25b-b175-40dc-8c94-c3a77b851d29",
        "score": 5,
        "thumbsUpCount": 0,
        "userImage": "https://play-lh.googleusercontent.com/a/ACg8ocIulHolFWApPd1CIoIKtsQknbIEDdXdb9ntqknuIOfw9w=mo",
        "userName": "Rahul Unni"
    },
    {
        "appVersion": null,
        "at": "2023-07-07 12:25:04",
        "content": "\"This app has exceeded my expectations in terms of earnings and usability.\"",
        "repliedAt": null,
        "replyContent": null,
        "reviewCreatedVersion": null,
        "reviewId": "bc8faaba-381c-4e99-8c28-08c37ccf3a09",
        "score": 5,
        "thumbsUpCount": 0,
        "userImage": "https://play-lh.googleusercontent.com/a/ACg8ocLapKlDm8fdXKhXJ-CKYgrtyszXzFIJZ2tQxWzxg1q9=mo",
        "userName": "Elvin Horst"
    },
    {
        "appVersion": "2.0",
        "at": "2023-07-07 12:22:22",
        "content": "\"This app has become an essential part of my investment portfolio.\"",
        "repliedAt": null,
        "replyContent": null,
        "reviewCreatedVersion": "2.0",
        "reviewId": "0bb74a4d-6642-43c8-9c6d-e5a40ae32e54",
        "score": 5,
        "thumbsUpCount": 0,
        "userImage": "https://play-lh.googleusercontent.com/a-/ALV-UjUMz8jqLV5CfG3x-MWqIL4aOZxPscHl6vmAHn8mFysZEA8",
        "userName": "CRAZY PANDA GAMING"
    },
    {
        "appVersion": null,
        "at": "2023-07-07 12:22:05",
        "content": "\"The app's performance is consistently excellent.\"",
        "repliedAt": null,
        "replyContent": null,
        "reviewCreatedVersion": null,
        "reviewId": "08382b93-9ee4-4366-b34e-b626f551406a",
        "score": 5,
        "thumbsUpCount": 0,
        "userImage": "https://play-lh.googleusercontent.com/a/ACg8ocJgBmaTAs9HPPRoJZuR8FTJXTYZDctZMcFnpXgzkW8o=mo",
        "userName": "Albin peter"
    },
    {
        "appVersion": "2.0",
        "at": "2023-07-07 12:18:01",
        "content": "\"I'm impressed with the speed at which I started earning Bitcoin after installing this app.\"",
        "repliedAt": null,
        "replyContent": null,
        "reviewCreatedVersion": "2.0",
        "reviewId": "62cc1abb-8caf-4f59-8b9d-ab26f8e4263d",
        "score": 5,
        "thumbsUpCount": 0,
        "userImage": "https://play-lh.googleusercontent.com/a/ACg8ocKrI80az6OQpfDpAFYzSLkAWfV4dpqCGRsVJ3j1-CGt=mo",
        "userName": "Christina Christina"
    },
    {
        "appVersion": null,
        "at": "2023-07-07 12:10:25",
        "content": "\"The app's security features ensure that my earnings are well-protected.\"",
        "repliedAt": null,
        "replyContent": null,
        "reviewCreatedVersion": null,
        "reviewId": "bdd3112e-2aec-48d1-a1d6-1c00bf41f914",
        "score": 5,
        "thumbsUpCount": 0,
        "userImage": "https://play-lh.googleusercontent.com/a-/ALV-UjXra1LPLRFso1eVd_A3a6yS9qBJ4524ZqMcIiQuN3ChqbI",
        "userName": "Athul Raj"
    },
    {
        "appVersion": "2.0",
        "at": "2023-07-07 12:07:58",
        "content": "\"This app has become a passive income stream that I can rely on.\"",
        "repliedAt": null,
        "replyContent": null,
        "reviewCreatedVersion": "2.0",
        "reviewId": "ad84f28f-a6b7-4252-839c-f3ac2277ec17",
        "score": 5,
        "thumbsUpCount": 0,
        "userImage": "https://play-lh.googleusercontent.com/a-/ALV-UjX2jn6Mg8DvAyuyVvL-XUNNEO-GAW3TvFN_AuTDGJUURQ",
        "userName": "Aswajith . m"
    },
    {
        "appVersion": "2.0",
        "at": "2023-07-07 12:07:48",
        "content": "\"I love that I can choose different mining plans to suit my needs.\"",
        "repliedAt": null,
        "replyContent": null,
        "reviewCreatedVersion": "2.0",
        "reviewId": "d13af0f4-bc73-4a19-b6fe-f4e341ae4992",
        "score": 5,
        "thumbsUpCount": 0,
        "userImage": "https://play-lh.googleusercontent.com/a-/ALV-UjX0BK-lpABo2nVX1kAiZc0JW6uZun4H2zuhDAwPUuNuC1c",
        "userName": "Roshan Kp"
    },
    {
        "appVersion": "2.0",
        "at": "2023-07-07 11:58:22",
        "content": "\"This app has made Bitcoin mining accessible to everyone, regardless of their location.\"",
        "repliedAt": null,
        "replyContent": null,
        "reviewCreatedVersion": "2.0",
        "reviewId": "9a450b7c-189c-470c-a76c-86fd73a3f690",
        "score": 5,
        "thumbsUpCount": 0,
        "userImage": "https://play-lh.googleusercontent.com/a/ACg8ocLwz0akHf0Ddxr634SnCsNkcWr5dFqemhDqauD1Xd1-=mo",
        "userName": "Kp Stallin"
    },
    {
        "appVersion": "2.0",
        "at": "2023-07-07 11:56:37",
        "content": "\"The ability to reinvest my earnings has helped me grow my Bitcoin faster.\"",
        "repliedAt": null,
        "replyContent": null,
        "reviewCreatedVersion": "2.0",
        "reviewId": "9761cf26-cebf-4130-bc78-a1674ce60343",
        "score": 5,
        "thumbsUpCount": 1,
        "userImage": "https://play-lh.googleusercontent.com/a-/ALV-UjV42xJIQLnwo2AGOJnrFfHLsXLMYuIabhjPMzAe3qyDvA",
        "userName": "SONG ZONE MALAYALAM"
    },
    {
        "appVersion": "2.0",
        "at": "2023-07-07 11:56:30",
        "content": "\"The referral program is a fantastic way to earn even more Bitcoin.\"",
        "repliedAt": null,
        "replyContent": null,
        "reviewCreatedVersion": "2.0",
        "reviewId": "75db9f08-655b-4cfb-bd62-c169d8a10404",
        "score": 5,
        "thumbsUpCount": 0,
        "userImage": "https://play-lh.googleusercontent.com/a-/ALV-UjWt7WCCzyWn_kFE81ZdBUDuS3hkZ7nzeX8DU8rJO-wXVaY",
        "userName": "shamil c"
    },
    {
        "appVersion": null,
        "at": "2023-07-07 11:51:24",
        "content": "\"This app has turned my spare computing power into valuable Bitcoin.\"",
        "repliedAt": null,
        "replyContent": null,
        "reviewCreatedVersion": null,
        "reviewId": "ef655555-33b1-4149-82e1-46cae383cc3c",
        "score": 5,
        "thumbsUpCount": 0,
        "userImage": "https://play-lh.googleusercontent.com/a/ACg8ocIt0b64God1NP4Mdi5nPOJU75xizEUppPreiD5vtiGB=mo",
        "userName": "Kavitha Vinoj"
    },
    {
        "appVersion": null,
        "at": "2023-07-07 11:49:55",
        "content": "\"I appreciate the daily mining reports that show my progress.\"",
        "repliedAt": null,
        "replyContent": null,
        "reviewCreatedVersion": null,
        "reviewId": "095b82fc-55ab-4c61-9e40-18537cbae13c",
        "score": 5,
        "thumbsUpCount": 0,
        "userImage": "https://play-lh.googleusercontent.com/a-/ALV-UjV1up_eISrS6AeLgPFtxVgDHB4jDykV951CbJC51sr3Tg",
        "userName": "Muhammed Sha"
    },
    {
        "appVersion": "2.0",
        "at": "2023-07-07 11:49:24",
        "content": "\"I love that I can mine Bitcoin on the go using this app.\"",
        "repliedAt": null,
        "replyContent": null,
        "reviewCreatedVersion": "2.0",
        "reviewId": "631e9f41-46fe-450b-9986-222e861addee",
        "score": 5,
        "thumbsUpCount": 0,
        "userImage": "https://play-lh.googleusercontent.com/a/ACg8ocI-O73wVmk56Rz5dddltMD34Ks8AVXK9zsDtkbjFe5J=mo",
        "userName": "Babu .M"
    },
    {
        "appVersion": "2.0",
        "at": "2023-07-07 11:48:10",
        "content": "\"I appreciate the transparency and honesty of this app.\"",
        "repliedAt": null,
        "replyContent": null,
        "reviewCreatedVersion": "2.0",
        "reviewId": "bd3bc485-b288-4050-821a-d007e9686fa8",
        "score": 5,
        "thumbsUpCount": 2,
        "userImage": "https://play-lh.googleusercontent.com/a-/ALV-UjX1B3QPawoKH9Oc5ZprOCmcH25bpaCFmsiobLpzpzLxSqM",
        "userName": "jerint p vinoj"
    },
    {
        "appVersion": "2.0",
        "at": "2023-07-07 11:43:57",
        "content": "\"The withdrawal process is smooth and hassle-free.\"",
        "repliedAt": null,
        "replyContent": null,
        "reviewCreatedVersion": "2.0",
        "reviewId": "7cb78006-727b-41e7-8132-72bca84f98d8",
        "score": 5,
        "thumbsUpCount": 2,
        "userImage": "https://play-lh.googleusercontent.com/a/ACg8ocLRG3kFtDAyBeEhhanimFX_j1d5Qy8Lr9vLiLtkkvDv=mo",
        "userName": "Jinan"
    },
    {
        "appVersion": "2.0",
        "at": "2023-07-07 11:43:34",
        "content": "\"I'm grateful for the opportunity to participate in Bitcoin mining through this app.\"",
        "repliedAt": null,
        "replyContent": null,
        "reviewCreatedVersion": "2.0",
        "reviewId": "fc4848a2-a8c2-446b-9ca9-b67c6a164e48",
        "score": 5,
        "thumbsUpCount": 0,
        "userImage": "https://play-lh.googleusercontent.com/a/ACg8ocIebBZ46RfPIVuVGnTQlKH8SE7k05-mB2iJY8TQ_9Bq=mo",
        "userName": "Nihal Nihal"
    },
    {
        "appVersion": "2.0",
        "at": "2023-07-07 11:37:16",
        "content": "\"I've tried several other cloud mining apps, but this one outperforms them all.\"",
        "repliedAt": null,
        "replyContent": null,
        "reviewCreatedVersion": "2.0",
        "reviewId": "85a1c1ae-ee75-49b9-96ea-84cee574cf3f",
        "score": 5,
        "thumbsUpCount": 1,
        "userImage": "https://play-lh.googleusercontent.com/a-/ALV-UjUh3TIsq7Q267tOg0kosctpQ95Q6_Zv4vKptYkVR71AjFk",
        "userName": "shaheem 859"
    },
    {
        "appVersion": null,
        "at": "2023-07-07 11:35:40",
        "content": "\"This cloud mining app is a must-have for crypto enthusiasts.\"",
        "repliedAt": null,
        "replyContent": null,
        "reviewCreatedVersion": null,
        "reviewId": "96c6866e-7766-46eb-baae-d1a4b7e237ad",
        "score": 5,
        "thumbsUpCount": 0,
        "userImage": "https://play-lh.googleusercontent.com/a-/ALV-UjUTUwqs6_uOkIYpyDAQbB7tut3_fyszBCsNAK-mOUgyWnw",
        "userName": "Edwin Roy"
    },
    {
        "appVersion": null,
        "at": "2023-07-07 11:22:47",
        "content": "\"The app's intuitive design makes it easy to use, even for beginners.\"",
        "repliedAt": null,
        "replyContent": null,
        "reviewCreatedVersion": null,
        "reviewId": "7a14fc74-4f08-4cba-8d0b-c255341269fa",
        "score": 5,
        "thumbsUpCount": 0,
        "userImage": "https://play-lh.googleusercontent.com/a/ACg8ocLnbZVhIafhAcS_TQiXjRJeDVSZKsgcbGx7kbMZkL51=mo",
        "userName": "alanu mulanu"
    },
    {
        "appVersion": "2.0",
        "at": "2023-07-07 10:44:51",
        "content": "\"The security measures in place give me peace of mind knowing that my earnings are safe.\"",
        "repliedAt": null,
        "replyContent": null,
        "reviewCreatedVersion": "2.0",
        "reviewId": "793af9d1-b137-4ad9-84d2-2597dd800815",
        "score": 5,
        "thumbsUpCount": 0,
        "userImage": "https://play-lh.googleusercontent.com/a/ACg8ocK1nsg25OJezit1raG6CfbHhvGI1hDOhjpaw6tyLoxT=mo",
        "userName": "Shareena Shareef"
    },
    {
        "appVersion": "2.0",
        "at": "2023-07-07 10:32:15",
        "content": "\"This app has made Bitcoin mining accessible to everyone, even those without technical knowledge.\"",
        "repliedAt": null,
        "replyContent": null,
        "reviewCreatedVersion": "2.0",
        "reviewId": "4201cf3d-d1fe-42c9-ad72-08515afe1a0c",
        "score": 5,
        "thumbsUpCount": 3,
        "userImage": "https://play-lh.googleusercontent.com/a/ACg8ocJpMu_WcsexrMjAKHAYhysjWw57wYq8bP5JYzGAucNC=mo",
        "userName": "Murshida P"
    },
    {
        "appVersion": "2.0",
        "at": "2023-07-07 10:07:46",
        "content": "\"The payouts are always on time and reliable.\"",
        "repliedAt": null,
        "replyContent": null,
        "reviewCreatedVersion": "2.0",
        "reviewId": "ba413073-1b6e-4296-9388-53b458d4c604",
        "score": 5,
        "thumbsUpCount": 4,
        "userImage": "https://play-lh.googleusercontent.com/a-/ALV-UjWKpjqXbeFIEHk7lsjOlpXkEGcTFVDs6vUXnGjJxq1KwA",
        "userName": "Rinsha P"
    },
    {
        "appVersion": "2.0",
        "at": "2023-07-07 10:01:04",
        "content": "\"This Bitcoin cloud mining app is amazing! I'm earning passive income effortlessly.\"",
        "repliedAt": null,
        "replyContent": null,
        "reviewCreatedVersion": "2.0",
        "reviewId": "66bb0892-8f1c-45d3-845a-be45b967a7d8",
        "score": 5,
        "thumbsUpCount": 2,
        "userImage": "https://play-lh.googleusercontent.com/a-/ALV-UjUPchuMaITaMmVujDzdLGHACYXx1gwolOi7eEVydaA9Jg",
        "userName": "Nisham"
    },
    {
        "appVersion": null,
        "at": "2023-07-07 09:58:04",
        "content": "\"I love how this app allows me to mine Bitcoin without needing expensive hardware.\"",
        "repliedAt": null,
        "replyContent": null,
        "reviewCreatedVersion": null,
        "reviewId": "db452eeb-e7ff-4d3c-b74d-33f9b6e53f3c",
        "score": 5,
        "thumbsUpCount": 0,
        "userImage": "https://play-lh.googleusercontent.com/a/ACg8ocJiQgI5OBQurYHMjqerhVU_4KP5Paqc29iC7uI9HjBG=mo",
        "userName": "Azees Pk"
    },
    {
        "appVersion": null,
        "at": "2023-07-07 09:22:48",
        "content": "\"I've tried other cloud mining apps, but this one is by far the best.\"",
        "repliedAt": null,
        "replyContent": null,
        "reviewCreatedVersion": null,
        "reviewId": "f5a86009-48aa-45d5-bb2c-439be7031359",
        "score": 5,
        "thumbsUpCount": 0,
        "userImage": "https://play-lh.googleusercontent.com/a-/ALV-UjU-GeIgowwLWBO7tTZiwIlH5DPnzkFK7fSoVAY4AdlrDA",
        "userName": "PUBG KING OF MASTER"
    }
]