[
    {
        "appVersion": "1.0.0",
        "at": "2023-09-04 23:20:22",
        "content": "Love everything about the app!!",
        "repliedAt": null,
        "replyContent": null,
        "reviewCreatedVersion": "1.0.0",
        "reviewId": "b1452adf-5c10-4294-b395-d08ea7794b10",
        "score": 5,
        "thumbsUpCount": 0,
        "userImage": "https://play-lh.googleusercontent.com/a/ACg8ocKQtEVcIEoeVcmAxBaaPeX3NvTygIyZnCuiM0yYv7qR=mo",
        "userName": "Sherwyn Doughty"
    },
    {
        "appVersion": "1.0.0",
        "at": "2023-05-21 22:45:51",
        "content": "Very nice and factual for a simple easy app \ud83d\udc4c",
        "repliedAt": null,
        "replyContent": null,
        "reviewCreatedVersion": "1.0.0",
        "reviewId": "08c60598-189e-4a1e-812a-0badbfab2c31",
        "score": 4,
        "thumbsUpCount": 1,
        "userImage": "https://play-lh.googleusercontent.com/a/ACg8ocKElzuD8bEYenVG1HGjjmBQXTB2IpqdhVgax4ZN_G-j=mo",
        "userName": "Maddox Oehlke"
    },
    {
        "appVersion": "1.2",
        "at": "2021-10-30 22:13:26",
        "content": "Good for beginers",
        "repliedAt": null,
        "replyContent": null,
        "reviewCreatedVersion": "1.2",
        "reviewId": "df93c167-52b1-4bcb-9b3d-1bfd2fb1d407",
        "score": 4,
        "thumbsUpCount": 3,
        "userImage": "https://play-lh.googleusercontent.com/a/ACg8ocJFkRAO0hzI4srZ14CH4jcIPbgETzZ2fiSnq0F9Tfx0=mo",
        "userName": "Charlie much"
    },
    {
        "appVersion": "1.2",
        "at": "2021-04-15 12:47:17",
        "content": "Good learn!",
        "repliedAt": null,
        "replyContent": null,
        "reviewCreatedVersion": "1.2",
        "reviewId": "490fe717-ab09-424a-ad3c-8800fa9cd724",
        "score": 4,
        "thumbsUpCount": 8,
        "userImage": "https://play-lh.googleusercontent.com/a-/ALV-UjUuMtKPu6TExgo2-9k_eZicH8xaMekxM8V0As4GTEPmmQ",
        "userName": "Hamilton Francisco"
    },
    {
        "appVersion": "1.2",
        "at": "2020-10-31 02:15:46",
        "content": "Good",
        "repliedAt": null,
        "replyContent": null,
        "reviewCreatedVersion": "1.2",
        "reviewId": "6b9abecf-970d-4a05-9000-ce78169f034e",
        "score": 5,
        "thumbsUpCount": 6,
        "userImage": "https://play-lh.googleusercontent.com/a/ACg8ocKlpjWYeVq41jWMQ1mYaUmNsRhgYsVHWGXgD5vzv9jx=mo",
        "userName": "Nove mber"
    }
]