[
    {
        "appVersion": "1.0",
        "at": "2023-11-06 03:32:43",
        "content": "Very poor app, It is stupid app I ever seen",
        "repliedAt": null,
        "replyContent": null,
        "reviewCreatedVersion": "1.0",
        "reviewId": "0151f74f-2221-47c0-808c-9c595fc9dc10",
        "score": 1,
        "thumbsUpCount": 0,
        "userImage": "https://play-lh.googleusercontent.com/a/ACg8ocLZDbbbRCHFPaxgOe-DFqa1ORzi-uzTZ_pQDTD2ZOSz=mo",
        "userName": "Boonaa Oromiyaa"
    }
]