[
    {
        "appVersion": "1.0.8",
        "at": "2023-11-17 14:53:06",
        "content": "Very good app \ud83d\udc4d\ud83d\udc4d\ud83d\udc4d",
        "repliedAt": null,
        "replyContent": null,
        "reviewCreatedVersion": "1.0.8",
        "reviewId": "c9b2331e-4402-4b38-b273-db13bf3b8621",
        "score": 5,
        "thumbsUpCount": 0,
        "userImage": "https://play-lh.googleusercontent.com/a-/ALV-UjUIQe5ADrSc-xmm1hcBZPueJIGP_Xt-jpxfWYwGA969iA",
        "userName": "hafiz alam"
    },
    {
        "appVersion": "1.0.8",
        "at": "2023-11-17 09:09:00",
        "content": "It has lots of glitches",
        "repliedAt": null,
        "replyContent": null,
        "reviewCreatedVersion": "1.0.8",
        "reviewId": "de5ec4c1-c511-435a-80c9-bcac18e1eaff",
        "score": 1,
        "thumbsUpCount": 0,
        "userImage": "https://play-lh.googleusercontent.com/a/ACg8ocIKmHOa98I9l3rlarr0mNluxYJLLfVELK4xdS5yjS-a=mo",
        "userName": "Sukubo Providence"
    },
    {
        "appVersion": "1.0.8",
        "at": "2023-11-16 09:11:02",
        "content": "Waiting for withdrawal funds",
        "repliedAt": null,
        "replyContent": null,
        "reviewCreatedVersion": "1.0.8",
        "reviewId": "ec2ac81e-6837-4baf-9a49-aee425e9de19",
        "score": 1,
        "thumbsUpCount": 0,
        "userImage": "https://play-lh.googleusercontent.com/a/ACg8ocKfzbbG0eZZ2EoIZ-dt8j1o_JbRUCKjsSMkXVQeng5o=mo",
        "userName": "MISHIN JHAVERI"
    },
    {
        "appVersion": "1.0.8",
        "at": "2023-11-15 13:23:01",
        "content": "good",
        "repliedAt": null,
        "replyContent": null,
        "reviewCreatedVersion": "1.0.8",
        "reviewId": "12e4e636-2e06-4603-816c-0c8193ffcf20",
        "score": 5,
        "thumbsUpCount": 0,
        "userImage": "https://play-lh.googleusercontent.com/a-/ALV-UjUMqLGzo4atGQrjMAPIoKKw0P99__xoO4FY3_CW-1uM4w",
        "userName": "Ahmad Hamza"
    },
    {
        "appVersion": null,
        "at": "2023-11-12 10:39:48",
        "content": "All the 4 apps are not paying out minimum time is 3 days now its been a week havent received payout",
        "repliedAt": null,
        "replyContent": null,
        "reviewCreatedVersion": null,
        "reviewId": "18081bb3-8998-4816-81d4-bc18da69482d",
        "score": 1,
        "thumbsUpCount": 0,
        "userImage": "https://play-lh.googleusercontent.com/a/ACg8ocKN-pvnz976eJpZqF-02xT8V8aF0DuljWrgcJum36OY=mo",
        "userName": "Sharu Vinayak"
    },
    {
        "appVersion": "1.0.8",
        "at": "2023-11-11 14:50:53",
        "content": "I really love it",
        "repliedAt": "2023-11-11 16:54:31",
        "replyContent": "Glad you like it! :)",
        "reviewCreatedVersion": "1.0.8",
        "reviewId": "b5777672-8ebc-41df-9b31-7008a35e0304",
        "score": 5,
        "thumbsUpCount": 0,
        "userImage": "https://play-lh.googleusercontent.com/a/ACg8ocKLwU67LSOCOivJu3b5C-PNuLWSnm0-_-VZXbLNgQav=mo",
        "userName": "Hanhama Jackson"
    },
    {
        "appVersion": "1.0.8",
        "at": "2023-11-06 20:31:25",
        "content": "Good app",
        "repliedAt": "2023-11-11 16:55:10",
        "replyContent": "We are pleased that you enjoyed the app.",
        "reviewCreatedVersion": "1.0.8",
        "reviewId": "77696b15-52f2-4c72-b904-aae7fdd6ce04",
        "score": 5,
        "thumbsUpCount": 0,
        "userImage": "https://play-lh.googleusercontent.com/a/ACg8ocLwTRkCBNbpYyRSNm3abK-9NOqiuQGXwqaFY9PPHmly=mo",
        "userName": "ahmad md"
    },
    {
        "appVersion": "1.0.8",
        "at": "2023-11-05 13:58:20",
        "content": "The game is simple to play, I give it 3star because of the withdrawal process why should I withdraw to my email and not by binance address directly? Now that I have used my email, how will the coin reflect on my binance?",
        "repliedAt": null,
        "replyContent": null,
        "reviewCreatedVersion": "1.0.8",
        "reviewId": "a52d78a6-b2ba-4746-af9f-b33c97ff545a",
        "score": 3,
        "thumbsUpCount": 1,
        "userImage": "https://play-lh.googleusercontent.com/a-/ALV-UjVLoahH0c70Vzhp_lQD8OFGiCCiQMA_XKG_gox2tjGW1A",
        "userName": "Owabo Godfrey"
    },
    {
        "appVersion": "1.0.8",
        "at": "2023-11-04 00:53:45",
        "content": "very nice application I like it so much",
        "repliedAt": "2023-11-05 13:16:40",
        "replyContent": "Dear friend, we are really glad that you like our product. Your support and voice are very important to us.",
        "reviewCreatedVersion": "1.0.8",
        "reviewId": "a3535892-ea9b-4019-84b5-a778964dcfdc",
        "score": 5,
        "thumbsUpCount": 0,
        "userImage": "https://play-lh.googleusercontent.com/a/ACg8ocKq0L6fO5SZqEjDfw49stco1T4P17dNSdeA6GrDRdD4=mo",
        "userName": "Zon Lay"
    },
    {
        "appVersion": "1.0.8",
        "at": "2023-11-02 19:40:35",
        "content": "Pending",
        "repliedAt": null,
        "replyContent": null,
        "reviewCreatedVersion": "1.0.8",
        "reviewId": "e8fc125c-db45-4f1c-82f4-bfca1ceff0ea",
        "score": 3,
        "thumbsUpCount": 0,
        "userImage": "https://play-lh.googleusercontent.com/a-/ALV-UjXupmQiA4EU5e2tvY3ijlEjMll7tSfIWvOofnQ23COC3Q",
        "userName": "Nawaz Atik"
    },
    {
        "appVersion": "1.0.8",
        "at": "2023-11-02 00:10:20",
        "content": "good App for free earning",
        "repliedAt": "2023-11-05 13:16:54",
        "replyContent": "Dear User, thanks for your support. If you like us, please encourage us with 5\u2605 : )\n",
        "reviewCreatedVersion": "1.0.8",
        "reviewId": "4f91115c-6f74-4a9d-8c5a-f2c2dcbc0a0d",
        "score": 4,
        "thumbsUpCount": 0,
        "userImage": "https://play-lh.googleusercontent.com/a-/ALV-UjUHwWk8oipPh1atDW6tmpTZgAoJYsX_jBKmtDOKUej33i8",
        "userName": "niaz sawand"
    },
    {
        "appVersion": "1.0.8",
        "at": "2023-10-31 09:21:28",
        "content": "All my withdrawals are pending, c what's wrong",
        "repliedAt": null,
        "replyContent": null,
        "reviewCreatedVersion": "1.0.8",
        "reviewId": "dbc97e58-105a-4766-bf0b-c29410838bbe",
        "score": 1,
        "thumbsUpCount": 0,
        "userImage": "https://play-lh.googleusercontent.com/a-/ALV-UjXAL2aiJ-9jT5R44_MmsbD1LfB8oCoHHS50m8f_p6Ddxac",
        "userName": "muk4real"
    },
    {
        "appVersion": "1.0.8",
        "at": "2023-10-30 22:53:05",
        "content": "gooood app",
        "repliedAt": "2023-11-11 16:56:09",
        "replyContent": "Thank you for your support",
        "reviewCreatedVersion": "1.0.8",
        "reviewId": "39d17792-b4ed-4dca-be3d-7892205cdfb1",
        "score": 5,
        "thumbsUpCount": 0,
        "userImage": "https://play-lh.googleusercontent.com/a/ACg8ocLEX3CswTtYKve70Hmo_CwhF5uHapGYurxHO868uVQ=mo",
        "userName": "Muhammad Hasnain"
    },
    {
        "appVersion": null,
        "at": "2023-10-28 10:58:36",
        "content": "Nice app ern",
        "repliedAt": null,
        "replyContent": null,
        "reviewCreatedVersion": null,
        "reviewId": "be6c1fbb-0f14-431e-99ba-e933a0cba997",
        "score": 5,
        "thumbsUpCount": 0,
        "userImage": "https://play-lh.googleusercontent.com/a-/ALV-UjUrKwpsAyTQZNaxwFgxxhxXGBZW_XnpDOL9XqyKU7BWxn25",
        "userName": "Imran Chief"
    },
    {
        "appVersion": "1.0.8",
        "at": "2023-10-27 03:49:49",
        "content": "Hi Goswami, Have sent msg to your mail, up till now no response. I have several pending withdrawal since September. I have faith in this project initially but I'm beginning to doubt you since you haven't show concern. Maybe when you do, my rating will change. Cos I can't recommend this app to anyone currently",
        "repliedAt": null,
        "replyContent": null,
        "reviewCreatedVersion": "1.0.8",
        "reviewId": "27bc1de5-b240-4a82-86db-d4ad1f4c5f43",
        "score": 1,
        "thumbsUpCount": 0,
        "userImage": "https://play-lh.googleusercontent.com/a-/ALV-UjXz0qU-QVcOtAgbE3NurA8kYRp1fhiE8RL2o2tudq3mDA",
        "userName": "Adeniyi Oluwaferanmi"
    },
    {
        "appVersion": "1.0.8",
        "at": "2023-10-26 18:22:24",
        "content": "Ethereum faucet is legit",
        "repliedAt": null,
        "replyContent": null,
        "reviewCreatedVersion": "1.0.8",
        "reviewId": "1fd20d4f-276b-40f4-934f-a0c853fa9f13",
        "score": 5,
        "thumbsUpCount": 0,
        "userImage": "https://play-lh.googleusercontent.com/a/ACg8ocJXkDEBfriXcmH6v3ytZYKARPyCzqpNTZ2WhhjebDkL=mo",
        "userName": "GOODLUCK U IRHIEMI"
    },
    {
        "appVersion": "1.0.8",
        "at": "2023-10-25 02:23:33",
        "content": "Giving it a 2 star because my first experience for withdrawal is not nice. Place a withdrawal for 2 weeks now and I haven't been credited. I will come back to give a 5 \ud83c\udf1f \ud83c\udf1f \ud83c\udf1f\ud83c\udf1f\ud83c\udf1f when I get the withdrawal",
        "repliedAt": null,
        "replyContent": null,
        "reviewCreatedVersion": "1.0.8",
        "reviewId": "01a6692a-6bd3-41b0-b067-5bcfeb3e3421",
        "score": 2,
        "thumbsUpCount": 0,
        "userImage": "https://play-lh.googleusercontent.com/a-/ALV-UjUceoUW1yv2Do94RRyVGgkNAkrPH4W8ZSqfe3wk9LqTLxE",
        "userName": "Pwesh Ibeh"
    },
    {
        "appVersion": "1.0.8",
        "at": "2023-10-21 01:52:41",
        "content": "This app is not paying all withdraws are pending",
        "repliedAt": null,
        "replyContent": null,
        "reviewCreatedVersion": "1.0.8",
        "reviewId": "2c7da9d7-a498-49fc-95e2-31edfeab9706",
        "score": 2,
        "thumbsUpCount": 0,
        "userImage": "https://play-lh.googleusercontent.com/a/ACg8ocIKsnGSwX7XM1q6i-K7qQoz4xwdO24n2w7bDVBwW6BM=mo",
        "userName": "Joyce Mwesa"
    },
    {
        "appVersion": "1.0.8",
        "at": "2023-10-19 16:32:57",
        "content": "is a wonderful project",
        "repliedAt": "2023-10-21 02:14:05",
        "replyContent": "Thank you for your support",
        "reviewCreatedVersion": "1.0.8",
        "reviewId": "5f313c0e-28eb-4fa7-8826-d6d3bd883086",
        "score": 5,
        "thumbsUpCount": 0,
        "userImage": "https://play-lh.googleusercontent.com/a-/ALV-UjWnm3IMKRZitydQPpnU4eWLE-pi_vOfiqDDq3Zs-kfC6ZQ",
        "userName": "Royal Anthony"
    },
    {
        "appVersion": "1.0.8",
        "at": "2023-10-19 13:56:57",
        "content": "good earning apps",
        "repliedAt": "2023-10-21 02:14:12",
        "replyContent": "Thank you very much. Keep using our app :)",
        "reviewCreatedVersion": "1.0.8",
        "reviewId": "88724d8a-7e78-47b9-9c1c-c49d4c51583b",
        "score": 5,
        "thumbsUpCount": 0,
        "userImage": "https://play-lh.googleusercontent.com/a-/ALV-UjWNAhRVFAC0h1GoxJF2nQQEt4YMTUitN-iJGUivLmMLKw",
        "userName": "Neharun Nesa"
    },
    {
        "appVersion": null,
        "at": "2023-10-18 01:22:38",
        "content": "Is a no",
        "repliedAt": null,
        "replyContent": null,
        "reviewCreatedVersion": null,
        "reviewId": "f461d331-dd38-40d9-9c70-8a9408252b44",
        "score": 1,
        "thumbsUpCount": 0,
        "userImage": "https://play-lh.googleusercontent.com/a/ACg8ocKpuzmEnhVRQMVQacRnRs8oCHElxemOAJXcqH4Ftqmi=mo",
        "userName": "Dr Omega"
    },
    {
        "appVersion": "1.0.7",
        "at": "2023-10-17 07:52:48",
        "content": "why pending my Ethereum please solve my problem",
        "repliedAt": null,
        "replyContent": null,
        "reviewCreatedVersion": "1.0.7",
        "reviewId": "7edf7798-d7e6-4420-b31b-477e9d34c68b",
        "score": 1,
        "thumbsUpCount": 0,
        "userImage": "https://play-lh.googleusercontent.com/a-/ALV-UjVWoQ7axIt53pGCOW4Gyy2EKD3xELlMtY9yU5S7o2XX_Q",
        "userName": "sandhya rani behera"
    },
    {
        "appVersion": "1.0.8",
        "at": "2023-10-14 11:36:14",
        "content": "Unable to sign in",
        "repliedAt": null,
        "replyContent": null,
        "reviewCreatedVersion": "1.0.8",
        "reviewId": "18b5dce8-202a-475a-8e9e-0aaf872916a1",
        "score": 1,
        "thumbsUpCount": 0,
        "userImage": "https://play-lh.googleusercontent.com/a/ACg8ocI8XSmaiyRwxPjrYppQDqa_wYYk6DH1Y1FOl-oDXIas=mo",
        "userName": "Ch Manikanta"
    },
    {
        "appVersion": "1.0.8",
        "at": "2023-10-11 11:38:50",
        "content": "nieco je cele zle..nechodia mi platby, zrazu :-/",
        "repliedAt": "2023-06-21 12:15:42",
        "replyContent": "Thank you for your support",
        "reviewCreatedVersion": "1.0.8",
        "reviewId": "642a6147-2376-40a7-903d-d9e348380744",
        "score": 4,
        "thumbsUpCount": 0,
        "userImage": "https://play-lh.googleusercontent.com/a-/ALV-UjVIjU9SZqc64mHhtj2Y8UJnhtp5tDFQIGyBr3fqcRbK-Zs",
        "userName": "Tom\u00e1\u0161 Reiter"
    },
    {
        "appVersion": "1.0.8",
        "at": "2023-10-11 06:49:19",
        "content": "Great Experience",
        "repliedAt": "2023-10-12 16:03:12",
        "replyContent": "It is delightful to hear such positive words and it\u2019s always a pleasure to serve our users.",
        "reviewCreatedVersion": "1.0.8",
        "reviewId": "63892931-14b9-425f-b026-f45d1aff03e9",
        "score": 5,
        "thumbsUpCount": 0,
        "userImage": "https://play-lh.googleusercontent.com/a/ACg8ocIk3-YlBOV1dq3GRT16XEv2oY5Qfzhf0qz8ZODEgk16=mo",
        "userName": "Adaobi Okeke"
    },
    {
        "appVersion": "1.0.8",
        "at": "2023-10-07 17:31:27",
        "content": "I have not received my withdrawal. None of them",
        "repliedAt": null,
        "replyContent": null,
        "reviewCreatedVersion": "1.0.8",
        "reviewId": "b69b5b24-14ac-47f5-9acb-004566c50167",
        "score": 1,
        "thumbsUpCount": 0,
        "userImage": "https://play-lh.googleusercontent.com/a/ACg8ocIZrvWEH7ZCvhtVkOfsKwQ60-hr2XoNzOQ1ZXSLzJH0=mo",
        "userName": "chika okafor"
    },
    {
        "appVersion": "1.0.8",
        "at": "2023-10-06 21:19:31",
        "content": "fake don't download, I have cashed out to faucet pay but still waiting for 15 days now.",
        "repliedAt": "2023-09-24 03:29:05",
        "replyContent": "Please let us know what you did not like about this game. We would like to improve the game for you. Please write to us at mail",
        "reviewCreatedVersion": "1.0.8",
        "reviewId": "53ddcbeb-7a37-44ee-a19c-993f2583c5ea",
        "score": 1,
        "thumbsUpCount": 0,
        "userImage": "https://play-lh.googleusercontent.com/a-/ALV-UjWWcCWGh-hihnyc8QFqKagxaHKEoVPzNkLHc6MqGpmARlgr",
        "userName": "Avery Clements"
    },
    {
        "appVersion": "1.0.8",
        "at": "2023-10-06 12:26:03",
        "content": "It is real excellent service.",
        "repliedAt": "2023-10-23 09:45:15",
        "replyContent": "Hi! We are glad that you like our app. We'd very much appreciate if you have any recommendations/suggestions for us to get 5-star rating. Thank you very much.",
        "reviewCreatedVersion": "1.0.8",
        "reviewId": "63e991d2-3e73-4594-a0db-587a5eec8204",
        "score": 4,
        "thumbsUpCount": 0,
        "userImage": "https://play-lh.googleusercontent.com/a/ACg8ocIl8QqFxEnL0cdWgfKlOQfwS_gYZ6T58pgL12vIuyI=mo",
        "userName": "young lenee"
    },
    {
        "appVersion": "1.0.8",
        "at": "2023-10-05 10:44:20",
        "content": "simply wonderful",
        "repliedAt": "2023-10-23 09:45:25",
        "replyContent": "Thanks for taking out time to rate us. It really helps us to keep going and delivering the best :)",
        "reviewCreatedVersion": "1.0.8",
        "reviewId": "7f7ea7df-de3b-415e-80c0-1c187ace97f7",
        "score": 5,
        "thumbsUpCount": 0,
        "userImage": "https://play-lh.googleusercontent.com/a/ACg8ocLhMwT6pGIaMziSzQTkpNQIWBFtmcL5Ccfp11Gp6yw3=mo",
        "userName": "simeon bali"
    },
    {
        "appVersion": null,
        "at": "2023-10-05 10:21:29",
        "content": "Nice app everything is working but I can't generate referral code please fix it",
        "repliedAt": null,
        "replyContent": null,
        "reviewCreatedVersion": null,
        "reviewId": "cd293b63-e3a0-441e-9d35-84dd088beba6",
        "score": 2,
        "thumbsUpCount": 0,
        "userImage": "https://play-lh.googleusercontent.com/a-/ALV-UjUKTatZ_H2V2fx_5Dn9d2xKIyGWhIkT9BvQRC3FLiRvpA",
        "userName": "Shalom Jude"
    },
    {
        "appVersion": "1.0.8",
        "at": "2023-10-05 05:01:36",
        "content": "Not received my mined coin",
        "repliedAt": null,
        "replyContent": null,
        "reviewCreatedVersion": "1.0.8",
        "reviewId": "ebdc9353-f9cd-4d71-aa8a-530ff8998e13",
        "score": 1,
        "thumbsUpCount": 0,
        "userImage": "https://play-lh.googleusercontent.com/a-/ALV-UjVW_-ueNIkjM81duBt2VufoSA3u5zlFenKwSOcA5S78OLtf",
        "userName": "Nisar Ahmad"
    },
    {
        "appVersion": "1.0.8",
        "at": "2023-10-04 13:43:48",
        "content": "GREAT WAY TO EARN ETHERIUM LETS GO!",
        "repliedAt": "2023-10-23 09:46:06",
        "replyContent": "Thanks for your review! Please recommend our app to your friends.",
        "reviewCreatedVersion": "1.0.8",
        "reviewId": "e6afedfd-1460-401d-b4d9-e0ac61fa7d9d",
        "score": 5,
        "thumbsUpCount": 0,
        "userImage": "https://play-lh.googleusercontent.com/a-/ALV-UjWJbrt7_Nk6Jm-9ygx-ADUgOFw4iYZCZ7Chc-OJOIi76g",
        "userName": "Edgar Martinez"
    },
    {
        "appVersion": "1.0.8",
        "at": "2023-10-01 04:38:41",
        "content": "Approved \ud83d\udc4d\ud83d\udc4d\ud83d\udc4d\ud83d\udc4d\ud83d\udc4d\ud83d\udc4d",
        "repliedAt": "2023-10-01 04:45:51",
        "replyContent": "Thank you for your support",
        "reviewCreatedVersion": "1.0.8",
        "reviewId": "271d0bb2-a038-4cb6-acb3-6774bb1db427",
        "score": 5,
        "thumbsUpCount": 0,
        "userImage": "https://play-lh.googleusercontent.com/a/ACg8ocJx5HtRQnmVDLrrlFtDdZ1ggwQMMW-pBTtByMwse0wR=mo",
        "userName": "Yani Ardiyanto"
    },
    {
        "appVersion": "1.0.8",
        "at": "2023-10-01 03:40:27",
        "content": "I think is a great App. I will review when I am able to withdraw successfully, since I am new to this.",
        "repliedAt": "2023-10-01 04:44:38",
        "replyContent": "Thanks for your review! Please recommend our app to your friends.\n",
        "reviewCreatedVersion": "1.0.8",
        "reviewId": "b1e75b12-d10c-4881-959a-b34de08d479d",
        "score": 5,
        "thumbsUpCount": 0,
        "userImage": "https://play-lh.googleusercontent.com/a/ACg8ocJmQ44qCRi-_AGmkdV0MdeQsgFHfh5aZ-J9IdvR9vgL=mo",
        "userName": "Anthony Wilson Omale"
    },
    {
        "appVersion": "1.0.8",
        "at": "2023-09-30 11:16:26",
        "content": "Very bug need to improve it's ok about the ads that's ok but the problem very long time to wait",
        "repliedAt": "2023-10-01 04:44:57",
        "replyContent": "Dear user,\nThanks for supporting us and we are sorry for Ads. We will improve in the future and we will try to keep the Ads from interfering. Please let us know if you have any questions. Thank you.",
        "reviewCreatedVersion": "1.0.8",
        "reviewId": "494ae89e-8167-4799-90f2-78798a4d6a1e",
        "score": 5,
        "thumbsUpCount": 0,
        "userImage": "https://play-lh.googleusercontent.com/a-/ALV-UjVZl81WXZw4d5FftbsT9gld6ahBURvOQD3TwhmQRf9Wl-0",
        "userName": "Bisayang Gamer"
    },
    {
        "appVersion": "1.0.8",
        "at": "2023-09-30 02:22:50",
        "content": "I liked this app to the core but all my Ethereum transactions to Binance are in pending since the last two months.. Pls any help... I give 3stars later 5 \u2b50\u2b50\u2b50",
        "repliedAt": "2023-10-01 04:45:42",
        "replyContent": "Hi, we apologize for this. Please send us your concern at mail along with the screenshot of the error you receive. This will be handled with utmost priority.",
        "reviewCreatedVersion": "1.0.8",
        "reviewId": "64b69576-60ce-4046-b8f0-6c13622f2092",
        "score": 3,
        "thumbsUpCount": 0,
        "userImage": "https://play-lh.googleusercontent.com/a/ACg8ocJOIQJWK33VcHllZYDmfNi72OX35xuJS77HQQe8l_r_=mo",
        "userName": "Soliu Habeeb"
    },
    {
        "appVersion": "1.0.8",
        "at": "2023-09-28 05:28:14",
        "content": "Good",
        "repliedAt": "2023-09-22 01:12:30",
        "replyContent": "Thank you for your review! If you have any suggestions on how we could improve and enhance your user experience, please don't hesitate to share them with us.",
        "reviewCreatedVersion": "1.0.8",
        "reviewId": "12ce3fbf-7eba-45c7-bac4-22b15ee725e3",
        "score": 4,
        "thumbsUpCount": 0,
        "userImage": "https://play-lh.googleusercontent.com/a-/ALV-UjUP-dMHN_adWiwbRZQz9_eE0OLuqwzeKm7pWeQ-m3H4Mio",
        "userName": "Henry Odum"
    },
    {
        "appVersion": "1.0.8",
        "at": "2023-09-26 18:29:49",
        "content": "This platform is user friendly.",
        "repliedAt": "2023-09-27 14:26:47",
        "replyContent": "We would like to thank you for using our online shopping platform",
        "reviewCreatedVersion": "1.0.8",
        "reviewId": "399a8bd4-58fd-4c33-bc30-891a07ed88df",
        "score": 5,
        "thumbsUpCount": 0,
        "userImage": "https://play-lh.googleusercontent.com/a-/ALV-UjWPiD5od0p_eqsKR03KteNWcDEu8Eil13RruYX6jXhdDg",
        "userName": "Kwalombota Sakabilo"
    },
    {
        "appVersion": "1.0.8",
        "at": "2023-09-25 00:58:49",
        "content": "The app is not responding, nothing is opening.",
        "repliedAt": "2023-09-25 12:46:31",
        "replyContent": "Sorry for the trouble! There are some glitches & our technical team is working on it. Please bear with us.",
        "reviewCreatedVersion": "1.0.8",
        "reviewId": "9208a9cc-4f84-4dfe-8efd-94a11e239ab4",
        "score": 1,
        "thumbsUpCount": 1,
        "userImage": "https://play-lh.googleusercontent.com/a-/ALV-UjVGEmonXviLLQenqAksZf9AHjURMc21eTCfGJ7kZIw5aes",
        "userName": "Hewitt Bennett"
    },
    {
        "appVersion": "1.0.8",
        "at": "2023-09-24 05:47:09",
        "content": "excited",
        "repliedAt": "2023-09-25 12:46:52",
        "replyContent": "Glad you like it! :)",
        "reviewCreatedVersion": "1.0.8",
        "reviewId": "5b533082-aadc-45a6-94d9-667efdca8c4a",
        "score": 5,
        "thumbsUpCount": 0,
        "userImage": "https://play-lh.googleusercontent.com/a-/ALV-UjXb79OLsj2C7aL6U5YOAIoo1EXErxAye7vDFGznrR8osw",
        "userName": "Waseem Azeem"
    },
    {
        "appVersion": "1.0.8",
        "at": "2023-09-21 15:16:25",
        "content": "I withdraw twice and not even get paid. Zonk....scam...wasting time",
        "repliedAt": "2023-09-24 03:29:21",
        "replyContent": "Please let us know what you did not like about this game. We would like to improve the game for you. Please write to us at mail",
        "reviewCreatedVersion": "1.0.8",
        "reviewId": "6519f2e1-f881-497a-8f69-ce0b6254b370",
        "score": 1,
        "thumbsUpCount": 1,
        "userImage": "https://play-lh.googleusercontent.com/a/ACg8ocLmRDYi1bW2NI4HafU4jDRWb7P0F1szzhpDGneHsSC_=mo",
        "userName": "hak wang"
    },
    {
        "appVersion": "1.0.8",
        "at": "2023-09-20 23:11:49",
        "content": "Three weeks still prnding",
        "repliedAt": "2023-09-24 03:30:14",
        "replyContent": "Could you kindly tell us more about the problem you are facing at mail? We are looking to improve the game. Thanks.",
        "reviewCreatedVersion": "1.0.8",
        "reviewId": "c5d72096-b165-4b66-8a77-f28bbe189e8a",
        "score": 1,
        "thumbsUpCount": 0,
        "userImage": "https://play-lh.googleusercontent.com/a/ACg8ocLVPsmdZ_X1y3BjWbYa5S04Q59cF6axsR1oaKqR9c1U=mo",
        "userName": "Paan Babu"
    },
    {
        "appVersion": "1.0.8",
        "at": "2023-09-20 22:51:10",
        "content": "Ads are very disturbing when you play. But game is nice to play and collect currency",
        "repliedAt": "2023-09-22 01:12:12",
        "replyContent": "Dear user,\nThanks for supporting us and we are sorry for Ads. We will improve in the future and we will try to keep the Ads from interfering. Please let us know if you have any questions. Thank you.",
        "reviewCreatedVersion": "1.0.8",
        "reviewId": "b2bf2ce0-5819-4e8d-b2a7-4f95e8b516b6",
        "score": 5,
        "thumbsUpCount": 0,
        "userImage": "https://play-lh.googleusercontent.com/a-/ALV-UjVHbV_fnOvss1Bs36q1ZwGE31luEBJH-nVNXTiBEjys7A",
        "userName": "Soeredj Biss"
    },
    {
        "appVersion": "1.0.8",
        "at": "2023-09-17 19:55:17",
        "content": "Very good",
        "repliedAt": "2023-09-22 01:13:18",
        "replyContent": "Thanks for taking out time to rate us. It really helps us to keep going and delivering the best :)",
        "reviewCreatedVersion": "1.0.8",
        "reviewId": "4e17a6e3-91ce-4225-b3c0-708ce6f016c9",
        "score": 5,
        "thumbsUpCount": 0,
        "userImage": "https://play-lh.googleusercontent.com/a-/ALV-UjUPDsVpWj_gn9FWSVjkNOwT0dbv0GxiVvpWwCdCu-th7rg",
        "userName": "Caroline Platt"
    },
    {
        "appVersion": "1.0.8",
        "at": "2023-09-17 04:17:38",
        "content": "Its to good there earning is esy",
        "repliedAt": "2023-09-17 03:52:42",
        "replyContent": "Thanks for taking out time to rate us. It really helps us to keep going and delivering the best :)",
        "reviewCreatedVersion": "1.0.8",
        "reviewId": "927f05d9-cab0-424e-b19e-56683bd93a84",
        "score": 5,
        "thumbsUpCount": 0,
        "userImage": "https://play-lh.googleusercontent.com/a-/ALV-UjU0jlrbIQaIrJrqJkd7GfL5vBn0NJkEkDdAfkArjAPvnXI",
        "userName": "hamara pakistan"
    },
    {
        "appVersion": "1.0.8",
        "at": "2023-09-17 01:53:39",
        "content": "Nice",
        "repliedAt": "2023-09-17 03:51:49",
        "replyContent": "We are truly happy that you enjoyed our game. Thank you so much for your evaluation. Your praise will help us to create more interesting games.",
        "reviewCreatedVersion": "1.0.8",
        "reviewId": "567e9116-88a7-4ebb-957d-030e356d22b6",
        "score": 5,
        "thumbsUpCount": 0,
        "userImage": "https://play-lh.googleusercontent.com/a/ACg8ocK1y3vklAzdfDoUf7sO6x0bD33htwsJwkNwVjTy2Lzv=mo",
        "userName": "Phani Babu"
    },
    {
        "appVersion": "1.0.8",
        "at": "2023-09-17 01:48:13",
        "content": "\ud83d\udc4d\ud83d\udc4d\ud83d\udc4d\ud83d\udc4d",
        "repliedAt": "2023-09-17 03:51:54",
        "replyContent": "Thank you for your support",
        "reviewCreatedVersion": "1.0.8",
        "reviewId": "3d3c9bd4-f415-4926-b1ce-db67e9197385",
        "score": 5,
        "thumbsUpCount": 0,
        "userImage": "https://play-lh.googleusercontent.com/a-/ALV-UjUJQcD4IW93guWadK9xcefjjJFVf8i7tTsmIgjXmze_PyQ",
        "userName": "\u0dba\u0d9a\u0da9\u0dba\u0d9a\u0dcf TV / Yakadayakaa TV"
    },
    {
        "appVersion": "1.0.8",
        "at": "2023-09-16 13:57:22",
        "content": "The App needs a little improvement.",
        "repliedAt": "2023-09-17 03:52:10",
        "replyContent": "Our development team will definitely consider your opinion and make the game better.",
        "reviewCreatedVersion": "1.0.8",
        "reviewId": "af061c61-24e7-4156-83ab-17a5b44f678e",
        "score": 3,
        "thumbsUpCount": 0,
        "userImage": "https://play-lh.googleusercontent.com/a-/ALV-UjV2k18selBKqDRKczuSjaCimIpNADDU3KhFpLRPlkBIBA",
        "userName": "CONSOLATION CONSOLATION UDO"
    },
    {
        "appVersion": "1.0.8",
        "at": "2023-09-16 01:58:28",
        "content": "am really appreciated",
        "repliedAt": "2023-09-17 03:52:58",
        "replyContent": "Thanks for your love.",
        "reviewCreatedVersion": "1.0.8",
        "reviewId": "e4f7ec73-b50d-4c0e-83cc-f6b0bb595385",
        "score": 5,
        "thumbsUpCount": 0,
        "userImage": "https://play-lh.googleusercontent.com/a-/ALV-UjU2sqIJssvXW46SSxmDrXmH0qkqeYc_oXg5PEWue6HJ7bI",
        "userName": "Nasiru Tasiu"
    },
    {
        "appVersion": "1.0.8",
        "at": "2023-09-15 14:49:35",
        "content": "Good app",
        "repliedAt": "2023-09-17 03:53:29",
        "replyContent": "next update will fix it\n",
        "reviewCreatedVersion": "1.0.8",
        "reviewId": "c0e93f40-e679-455f-b538-ed1c5236356d",
        "score": 5,
        "thumbsUpCount": 0,
        "userImage": "https://play-lh.googleusercontent.com/a-/ALV-UjUqMNa3qGmi7myS1KoHH98cAdGjqBTPMm-uKyX1YmZFJA",
        "userName": "Seraz Tonmoy"
    },
    {
        "appVersion": "1.0.8",
        "at": "2023-09-15 11:24:36",
        "content": "very good",
        "repliedAt": "2023-09-17 03:53:35",
        "replyContent": "Hello,\nThank you for your review. What can we do to get five stars? :)",
        "reviewCreatedVersion": "1.0.8",
        "reviewId": "d943150d-655c-47bd-9cc8-87d98907958c",
        "score": 4,
        "thumbsUpCount": 0,
        "userImage": "https://play-lh.googleusercontent.com/a-/ALV-UjU1H_xLnZ3zb2xFtjRkawxVwydN8uIFbV1PXMM9aUZA8o0",
        "userName": "Suleiman Mukaila Adewumi"
    },
    {
        "appVersion": "1.0.8",
        "at": "2023-09-15 03:38:12",
        "content": "You have 7 pending withdrawal of me please clear it as soon as possible.",
        "repliedAt": "2023-09-17 03:54:00",
        "replyContent": "Dear User, we are extremely sorry for the inconvenience. To help you with this, we would like to know your feedback in detail. Kindly mail to us",
        "reviewCreatedVersion": "1.0.8",
        "reviewId": "bff6c321-4b58-48a5-8d21-b3c782f0da5b",
        "score": 1,
        "thumbsUpCount": 0,
        "userImage": "https://play-lh.googleusercontent.com/a/ACg8ocL3R42mclfA2RB17uJcPtr-yYcxY3vrEclc3whvv_mpWg=mo",
        "userName": "imran siddi"
    },
    {
        "appVersion": "1.0.8",
        "at": "2023-09-14 06:39:05",
        "content": "Excellent",
        "repliedAt": "2023-09-27 14:36:30",
        "replyContent": "It is delightful to hear such positive words and it\u2019s always a pleasure to serve our users.",
        "reviewCreatedVersion": "1.0.8",
        "reviewId": "b6086411-947f-4bfe-acd3-16a17b4aa58e",
        "score": 5,
        "thumbsUpCount": 0,
        "userImage": "https://play-lh.googleusercontent.com/a/ACg8ocLnTx30FF2El_dqvuSn_G9oGUMHCvQJNZ6Kq6TD56t3=mo",
        "userName": "Feroz Rind"
    },
    {
        "appVersion": "1.0.8",
        "at": "2023-09-13 19:14:58",
        "content": "Nice app",
        "repliedAt": "2023-09-27 14:36:24",
        "replyContent": "Thank you for your support",
        "reviewCreatedVersion": "1.0.8",
        "reviewId": "a0c7c3e3-2e03-4c9d-83ee-a630165ac5c0",
        "score": 5,
        "thumbsUpCount": 0,
        "userImage": "https://play-lh.googleusercontent.com/a/ACg8ocIZYZuFoMbIhfdS1qemyDb-2TAtZZZGejyOo-5b86Wb=mo",
        "userName": "Anaja Moses"
    },
    {
        "appVersion": "1.0.8",
        "at": "2023-09-13 04:05:32",
        "content": "Not Paid This is Scam app \ud83d\ude21\ud83d\ude21\ud83d\ude21",
        "repliedAt": "2023-09-27 14:35:51",
        "replyContent": "Sorry for the trouble! There are some glitches & our technical team is working on it.",
        "reviewCreatedVersion": "1.0.8",
        "reviewId": "3739eb5a-52ee-459b-8ff2-c6a61ec71161",
        "score": 1,
        "thumbsUpCount": 0,
        "userImage": "https://play-lh.googleusercontent.com/a-/ALV-UjWi0-ock_Gull3kkcoq7fDDNabyc_61Iheglm63f18xXtI",
        "userName": "Dilshan Dabarera"
    },
    {
        "appVersion": "1.0.8",
        "at": "2023-09-12 14:28:09",
        "content": "Very good app",
        "repliedAt": "2023-09-17 03:54:17",
        "replyContent": "Thanks for the 5 star rating. Hope you continue to enjoy reading news on our app.",
        "reviewCreatedVersion": "1.0.8",
        "reviewId": "9355468b-1e7c-41f6-a5c1-3072e8eb560d",
        "score": 5,
        "thumbsUpCount": 0,
        "userImage": "https://play-lh.googleusercontent.com/a/ACg8ocKdHNg7hdiWATse_6b3jwcPHdImskNhlf7vYXdbzRd1PiM=mo",
        "userName": "somasekhar t"
    },
    {
        "appVersion": null,
        "at": "2023-09-12 14:00:48",
        "content": "Ethereum Angel Faucet is life",
        "repliedAt": "2023-09-17 03:54:23",
        "replyContent": "Thank you very much for your 5-star review!!!",
        "reviewCreatedVersion": null,
        "reviewId": "27597b14-6105-4c0f-8caa-e46a10ffe94f",
        "score": 5,
        "thumbsUpCount": 0,
        "userImage": "https://play-lh.googleusercontent.com/a-/ALV-UjWGTJHZnNEYB3KBKGkuGYCmkQFbLM1PC4ASsII6F15cRw",
        "userName": "Bashiru Mohammad"
    },
    {
        "appVersion": "1.0.8",
        "at": "2023-09-12 05:35:57",
        "content": "nice t",
        "repliedAt": "2023-09-27 14:36:42",
        "replyContent": "Thanks for your review. Glad to see that you liked the game. We would love to get a 5 star rating from you. Do share with your friends and keep playing!",
        "reviewCreatedVersion": "1.0.8",
        "reviewId": "156433c3-fa54-4369-ad62-5e779aabf791",
        "score": 4,
        "thumbsUpCount": 0,
        "userImage": "https://play-lh.googleusercontent.com/a-/ALV-UjVbhthQ7KmAjkjoNTuDUEvCyIYHljVnf_0ymLM9pJIpA7vA",
        "userName": "Ugomez"
    },
    {
        "appVersion": null,
        "at": "2023-09-11 15:17:53",
        "content": "Why can't I download your apps why?",
        "repliedAt": null,
        "replyContent": null,
        "reviewCreatedVersion": null,
        "reviewId": "05c6fac5-6523-4398-bf62-36eb5af82a0a",
        "score": 1,
        "thumbsUpCount": 0,
        "userImage": "https://play-lh.googleusercontent.com/a/ACg8ocLcwRaAsguBVy_krflzEDz-PUdHzZLWONFH0UuSkYMJ=mo",
        "userName": "Prosper Nze"
    },
    {
        "appVersion": "1.0.7",
        "at": "2023-09-11 08:43:36",
        "content": "Good app I earned more and more coins",
        "repliedAt": "2023-09-27 14:37:18",
        "replyContent": "Thank you very much. Keep using our app :)",
        "reviewCreatedVersion": "1.0.7",
        "reviewId": "95d91c8b-36dd-4956-8bc0-28823d5a47a5",
        "score": 5,
        "thumbsUpCount": 0,
        "userImage": "https://play-lh.googleusercontent.com/a-/ALV-UjXdy8rkzKm46KM7DwnjK1utO6_HOMPI5D4wGGbNE_D01A",
        "userName": "Mubarak A jalingo"
    },
    {
        "appVersion": "1.0.8",
        "at": "2023-09-09 14:16:34",
        "content": "\ud83d\udc4d",
        "repliedAt": "2023-09-10 13:24:28",
        "replyContent": "Thanks for the 5 star rating. Hope you continue to enjoy reading news on our app.",
        "reviewCreatedVersion": "1.0.8",
        "reviewId": "63f67c2f-dcb4-4c64-af1d-2f24034b7770",
        "score": 5,
        "thumbsUpCount": 0,
        "userImage": "https://play-lh.googleusercontent.com/a-/ALV-UjUT9fyvD5V_0UMOuYHQDxksP0d5UNd9wBf_G_bMmY_hj1E",
        "userName": "Samuel Banner"
    },
    {
        "appVersion": "1.0.8",
        "at": "2023-09-07 13:46:27",
        "content": "Legitimate",
        "repliedAt": "2023-09-10 13:24:43",
        "replyContent": "Thank you for your support",
        "reviewCreatedVersion": "1.0.8",
        "reviewId": "3ead2b56-4e18-4f8c-8c75-7caea8f4fbe0",
        "score": 5,
        "thumbsUpCount": 0,
        "userImage": "https://play-lh.googleusercontent.com/a-/ALV-UjVGmEkTVuvAa0EWpm1sqOGPi_XZgwtfSHQ1ySB_ZVDQuCQ",
        "userName": "Tpain Blair"
    },
    {
        "appVersion": "1.0.8",
        "at": "2023-09-07 10:50:43",
        "content": "naic you",
        "repliedAt": "2023-09-10 13:25:08",
        "replyContent": "Thank you so much for your encouraging star ratings!\n",
        "reviewCreatedVersion": "1.0.8",
        "reviewId": "23ff3538-4dc8-47e0-adae-6fd9c0819887",
        "score": 5,
        "thumbsUpCount": 0,
        "userImage": "https://play-lh.googleusercontent.com/a/ACg8ocLeWuB0h1KgGkoz-5jh1z-3AyhgPPhUGfH8cU5qRSNx=mo",
        "userName": "Uzzal Tudu"
    },
    {
        "appVersion": "1.0.8",
        "at": "2023-09-06 15:19:18",
        "content": "BnB faucet and Eth faucet both has 2 pending payments! Why? Are you fraud?",
        "repliedAt": null,
        "replyContent": null,
        "reviewCreatedVersion": "1.0.8",
        "reviewId": "9ce6f184-0417-4fd7-9285-3591424665e8",
        "score": 1,
        "thumbsUpCount": 0,
        "userImage": "https://play-lh.googleusercontent.com/a-/ALV-UjW8eFJDqQwvWvSbF8IKIMUF-weuT3nQIOq1lzAL1Ln8SOg",
        "userName": "ishratjahan proma"
    },
    {
        "appVersion": "1.0.8",
        "at": "2023-09-05 10:00:49",
        "content": "great apps",
        "repliedAt": "2023-09-07 07:13:25",
        "replyContent": "Thank you for your support",
        "reviewCreatedVersion": "1.0.8",
        "reviewId": "42721477-ce2f-4a71-ad12-74e6c8662f02",
        "score": 5,
        "thumbsUpCount": 0,
        "userImage": "https://play-lh.googleusercontent.com/a/ACg8ocIdzCfTtGnkjbdGKc-vJXtSXEHKgrlcJSmh5FwyL_oK=mo",
        "userName": "Emmanuel Marquez"
    },
    {
        "appVersion": "1.0.8",
        "at": "2023-09-04 23:21:05",
        "content": "very good app and they are paying in ur Ethereum wallet directly \ud83d\udc4d\ud83d\udc4d",
        "repliedAt": "2023-09-07 07:14:14",
        "replyContent": "Thanks for your review! Please recommend our app to your friends.",
        "reviewCreatedVersion": "1.0.8",
        "reviewId": "b9f1a01a-d032-49a2-889a-cc6e93bd8035",
        "score": 5,
        "thumbsUpCount": 0,
        "userImage": "https://play-lh.googleusercontent.com/a/ACg8ocKsCcL-XeE8L4rT8JAuc1PIBbLvxfISxIEnYJG_ul6A=mo",
        "userName": "Mark Donald"
    },
    {
        "appVersion": "1.0.7",
        "at": "2023-09-04 10:32:26",
        "content": "easy to use",
        "repliedAt": "2023-09-04 12:16:09",
        "replyContent": "We're always working hard to improve the app. Thanks for your download and feedback.\n",
        "reviewCreatedVersion": "1.0.7",
        "reviewId": "78d6fa47-eed9-4977-bb23-ba4bc6864185",
        "score": 5,
        "thumbsUpCount": 0,
        "userImage": "https://play-lh.googleusercontent.com/a-/ALV-UjXusKBnk26YvMpCbBBbwxg9-RDM9Px0WXbgOMFPvGpTYg",
        "userName": "Ahmad Maulana Aziz"
    },
    {
        "appVersion": "1.0.8",
        "at": "2023-09-03 16:47:43",
        "content": "Its fun to play..It would rate more if all countries can benefit from the free binance code.",
        "repliedAt": "2023-09-03 16:20:12",
        "replyContent": "Hello,\nThank you for your review. What can we do to get five stars? :)",
        "reviewCreatedVersion": "1.0.8",
        "reviewId": "a65bc403-2e84-48b2-b70c-a62e0bb96415",
        "score": 4,
        "thumbsUpCount": 2,
        "userImage": "https://play-lh.googleusercontent.com/a/ACg8ocLGYKltDv0zV75tGxnR2xE52_eKpaReFYi6uIcaKIi_=mo",
        "userName": "Zaynab Danmole"
    },
    {
        "appVersion": "1.0.8",
        "at": "2023-09-02 07:28:13",
        "content": "Great app",
        "repliedAt": "2023-09-02 08:22:20",
        "replyContent": "Dear User, we are happy to know that you found our app useful. Please help us by spreading the word amongst your friends.",
        "reviewCreatedVersion": "1.0.8",
        "reviewId": "bf084022-d5ab-46df-8282-170bcd68a2eb",
        "score": 5,
        "thumbsUpCount": 0,
        "userImage": "https://play-lh.googleusercontent.com/a/ACg8ocK6FU6z5CvrwjIcHqCg9QLOWfzi8ju9Br_oNVY865-d=mo",
        "userName": "Yusuff Quseem"
    },
    {
        "appVersion": "1.0.7",
        "at": "2023-08-30 13:26:57",
        "content": "Fantastic app.. kindly make more apps like this",
        "repliedAt": "2023-08-31 12:35:04",
        "replyContent": "Thank you for your feedback. Any suggestions are welcome. :)",
        "reviewCreatedVersion": "1.0.7",
        "reviewId": "01672447-ae0c-49f8-869f-2d53ab01b67c",
        "score": 5,
        "thumbsUpCount": 0,
        "userImage": "https://play-lh.googleusercontent.com/a-/ALV-UjVoZVGcEegFXrj0H_sukGl9_g90gvmCfX7VKlbxWM4MHt4",
        "userName": "Ansar Abbas"
    },
    {
        "appVersion": "1.0.7",
        "at": "2023-08-24 19:59:25",
        "content": "good earning apps",
        "repliedAt": "2023-08-27 04:24:10",
        "replyContent": "Thank you very much. Keep using our app :)",
        "reviewCreatedVersion": "1.0.7",
        "reviewId": "e5c6ca20-d68d-403c-97d2-93e1f36b5514",
        "score": 5,
        "thumbsUpCount": 0,
        "userImage": "https://play-lh.googleusercontent.com/a/ACg8ocIGOGVhaj_SruDuNVTeYy7ZKzUJ3z2pfSkdwfSjt53b=mo",
        "userName": "Kiran Singh"
    },
    {
        "appVersion": "1.0.7",
        "at": "2023-08-23 06:12:04",
        "content": "good",
        "repliedAt": "2023-08-21 01:31:11",
        "replyContent": "Thank you for your feedback. Any suggestions are welcome. :)",
        "reviewCreatedVersion": "1.0.7",
        "reviewId": "460178a0-9a90-467a-a58f-307771fe4c49",
        "score": 3,
        "thumbsUpCount": 0,
        "userImage": "https://play-lh.googleusercontent.com/a-/ALV-UjXX9RX4NdHUqaT8qC-lMmC3uzjSVvn_nRmQWBJskXqGSUE",
        "userName": "Jhony Lie"
    },
    {
        "appVersion": null,
        "at": "2023-08-20 01:56:18",
        "content": "\ud83d\udc4e\ud83d\udc4e\ud83d\udc4e\ud83d\udc4e",
        "repliedAt": "2023-08-21 01:30:50",
        "replyContent": "\nHi, could you please tell us more about your issue?",
        "reviewCreatedVersion": null,
        "reviewId": "e10e3830-8925-4274-a7e8-7a2e87ec21d6",
        "score": 1,
        "thumbsUpCount": 0,
        "userImage": "https://play-lh.googleusercontent.com/a/ACg8ocK1npxWqm7L5XON0QLCEhwWaHmQ-PQB1FiPmpENe2TC=mo",
        "userName": "abid Islam"
    },
    {
        "appVersion": null,
        "at": "2023-08-18 09:33:16",
        "content": "Approved \ud83d\udc4d\ud83d\udc4d\ud83d\udc4d\ud83d\udc4d\ud83d\udc4d\ud83d\udc4d\ud83d\udc4d\ud83d\udc4d",
        "repliedAt": "2023-08-21 01:30:59",
        "replyContent": "Thank you for your support",
        "reviewCreatedVersion": null,
        "reviewId": "8806f809-76d3-4e7b-accc-1ba7d9ee3c9d",
        "score": 5,
        "thumbsUpCount": 0,
        "userImage": "https://play-lh.googleusercontent.com/a-/ALV-UjXBkNZDt4VG6bpf9jJsxH_TBNs9tVQSFbW_iP6oib_xzaY",
        "userName": "Yani Ardiyanto"
    },
    {
        "appVersion": "1.0.4",
        "at": "2023-07-29 06:23:38",
        "content": "These apps are good, I have been withdrawing Ethereum and Solana everyday since I downloaded them. I don't know why Shiba is not available in my country. As for Pepe, I think I don't have it because I don't know how to make use of the gift card I give three stars for.I will complete it when you make Shiba available in my country and make it easy for me to withdraw Pepe thanks",
        "repliedAt": "2023-07-31 14:15:52",
        "replyContent": "Dear user ,Shiba inu already available, kindly download and play it",
        "reviewCreatedVersion": "1.0.4",
        "reviewId": "d4dc6fe0-1cc5-4df7-a8cc-72163dfea241",
        "score": 3,
        "thumbsUpCount": 0,
        "userImage": "https://play-lh.googleusercontent.com/a/ACg8ocJryEH7npcrzuWnbeQ0OxEEXJencSwymHslEi8vQYnt=mo",
        "userName": "Gloria Ijelei"
    },
    {
        "appVersion": "1.0.4",
        "at": "2023-07-27 16:35:02",
        "content": "Nice paying app.. But too many adds,please increase the reward so that we can continue the app for long term Dev.",
        "repliedAt": "2023-07-28 15:41:46",
        "replyContent": "Thank you for your suggestions. We will recommend them to the related department.",
        "reviewCreatedVersion": "1.0.4",
        "reviewId": "f5c62445-1403-41ac-be6f-325734054d2b",
        "score": 5,
        "thumbsUpCount": 3,
        "userImage": "https://play-lh.googleusercontent.com/a/ACg8ocJWwOYHrLdinqyhZgfCsGCDOdCCY1G8zBT9-4cHTKRs=mo",
        "userName": "Arnob Ahmed"
    },
    {
        "appVersion": "1.0.4",
        "at": "2023-07-26 13:38:35",
        "content": "Paying app have delay only on coinbase but in faucetpay is faster 5sec arrive the withdraw better try this game free earning ethereum",
        "repliedAt": "2023-07-28 15:41:22",
        "replyContent": "\nThanks for your kind feedback. We would consider it seriously in future updates",
        "reviewCreatedVersion": "1.0.4",
        "reviewId": "64b298e5-664a-438e-b4ed-e21c1d6e4ada",
        "score": 5,
        "thumbsUpCount": 1,
        "userImage": "https://play-lh.googleusercontent.com/a-/ALV-UjXna7ZD3f8XOVTz1yLhtOSNwMbkSDYeDyDfC8HP4P3ao7U",
        "userName": "Aaron Arman Dela cruz"
    },
    {
        "appVersion": "1.0.4",
        "at": "2023-07-25 21:45:02",
        "content": "Legit app\u270c",
        "repliedAt": "2023-07-28 15:42:13",
        "replyContent": "\nWe are pleased that you enjoyed the app",
        "reviewCreatedVersion": "1.0.4",
        "reviewId": "adee9e20-adb5-4e81-b954-d588b848ce29",
        "score": 5,
        "thumbsUpCount": 0,
        "userImage": "https://play-lh.googleusercontent.com/a/ACg8ocJ6KX--ZrVzNmtXYyVqYknFQQX6txqwsvlzfoQ41r6g=mo",
        "userName": "Nazir Hussain"
    },
    {
        "appVersion": "1.0.4",
        "at": "2023-07-16 07:36:57",
        "content": "good apps",
        "repliedAt": "2023-07-17 03:23:24",
        "replyContent": "Thank you for your support",
        "reviewCreatedVersion": "1.0.4",
        "reviewId": "69e7190f-1e8a-4d6f-a5e4-084dc96333d0",
        "score": 5,
        "thumbsUpCount": 0,
        "userImage": "https://play-lh.googleusercontent.com/a-/ALV-UjWY1yy0_WH7gUUUtOTMDOGq40tNwYufQOmYmjoGCQ8SIGM",
        "userName": "Lynn Lim"
    },
    {
        "appVersion": "1.0.2",
        "at": "2023-07-08 09:08:41",
        "content": "It's nice but what's in future.... \ud83d\udc4d\ud83d\udc4d\ud83d\udc4d\ud83d\udc4d Good game.....",
        "repliedAt": "2023-07-08 14:05:33",
        "replyContent": "Hi! We are glad that you like our app. We'd very much appreciate if you have any recommendations/suggestions for us to get 5-star rating. Thank you very much.",
        "reviewCreatedVersion": "1.0.2",
        "reviewId": "150cf9a1-7f56-4e92-9b44-e0359aa01df3",
        "score": 4,
        "thumbsUpCount": 0,
        "userImage": "https://play-lh.googleusercontent.com/a-/ALV-UjU8HVQ5QwhDgJAg0OovCERFLdq5IzL1x1YCa5oTqugZ_Q",
        "userName": "yuvraj mandavi"
    },
    {
        "appVersion": "1.0.2",
        "at": "2023-07-02 01:16:49",
        "content": "Where is Coupan code , more point adding good but low point only adding",
        "repliedAt": "2023-07-03 13:51:26",
        "replyContent": "Dear User, Thank you for your suggestions. We will try and incorporate them upcoming versions.",
        "reviewCreatedVersion": "1.0.2",
        "reviewId": "6930a766-7bc1-45c3-84ce-f840c0cfce59",
        "score": 4,
        "thumbsUpCount": 0,
        "userImage": "https://play-lh.googleusercontent.com/a/ACg8ocKE9HWm5nWgxlSA3biqKUMkSMAFFdnMwDkFPFLmUCf9=mo",
        "userName": "Sakthi Vel"
    },
    {
        "appVersion": "1.0.2",
        "at": "2023-06-25 11:04:48",
        "content": "I'm giving 4 stars so far. I hope this is a good game",
        "repliedAt": "2023-06-26 02:23:37",
        "replyContent": "Thanks for your review! Please recommend our app to your friends, and enjoy the referral Bonus",
        "reviewCreatedVersion": "1.0.2",
        "reviewId": "b2c39dda-a535-473d-9576-fdc2408e063c",
        "score": 4,
        "thumbsUpCount": 0,
        "userImage": "https://play-lh.googleusercontent.com/a/ACg8ocJCnzOentfki4pDp06q1E5I7LnJm5-tUa9LeI10LDPn=mo",
        "userName": "Michael Pritchard"
    },
    {
        "appVersion": "1.0.2",
        "at": "2023-06-25 10:35:01",
        "content": "Great faucet! Hope to see more!",
        "repliedAt": "2023-06-26 02:23:33",
        "replyContent": "Thanks for your review! Please recommend our app to your friends, and enjoy the referral Bonus",
        "reviewCreatedVersion": "1.0.2",
        "reviewId": "ee2671a4-2f9c-4032-af92-4d8800a241d7",
        "score": 5,
        "thumbsUpCount": 0,
        "userImage": "https://play-lh.googleusercontent.com/a-/ALV-UjVQ8zAwyeak28-VMBzzXwphx5i4SPWpZiwKcNKhyHMiYtI",
        "userName": "James Stoner"
    },
    {
        "appVersion": "1.0.2",
        "at": "2023-06-23 11:54:18",
        "content": "Nice app",
        "repliedAt": "2023-06-26 02:23:18",
        "replyContent": "Thanks for your review! Please recommend our app to your friends, and enjoy the referral Bonus",
        "reviewCreatedVersion": "1.0.2",
        "reviewId": "bdd90d57-c560-420f-89d7-ee1806c8063a",
        "score": 5,
        "thumbsUpCount": 0,
        "userImage": "https://play-lh.googleusercontent.com/a-/ALV-UjWD6a7NGQHg7r_bEWudSUzawfdnLdXbk1GAasGNLXWc8TU",
        "userName": "golaphi basumatary"
    }
]