[
    {
        "appVersion": null,
        "at": "2023-10-13 13:56:27",
        "content": "unfriendly app",
        "repliedAt": null,
        "replyContent": null,
        "reviewCreatedVersion": null,
        "reviewId": "3f957a23-0433-4b73-8baf-80dc4fbacec9",
        "score": 1,
        "thumbsUpCount": 0,
        "userImage": "https://play-lh.googleusercontent.com/a/ACg8ocI1I6tx9HlJfaW7g6mWyBuPImNjndASOJoIPEblWqw=mo",
        "userName": "Arsenio Agustin"
    },
    {
        "appVersion": null,
        "at": "2023-08-31 06:51:20",
        "content": "Good",
        "repliedAt": null,
        "replyContent": null,
        "reviewCreatedVersion": null,
        "reviewId": "3760f65d-91f3-49dc-8d4a-56e6a721045d",
        "score": 5,
        "thumbsUpCount": 0,
        "userImage": "https://play-lh.googleusercontent.com/a-/ALV-UjVUsr_tpdPFJo8ZQJ7GIiTmOrWrluSA9PRqYPPA8RVRMlUu",
        "userName": "Fredrick Mafira"
    },
    {
        "appVersion": "2.3",
        "at": "2023-07-17 00:30:49",
        "content": "Worst app ever!",
        "repliedAt": null,
        "replyContent": null,
        "reviewCreatedVersion": "2.3",
        "reviewId": "3e00a6cb-f4d8-4774-b541-9d912cefe7d0",
        "score": 1,
        "thumbsUpCount": 0,
        "userImage": "https://play-lh.googleusercontent.com/a-/ALV-UjVS-VKDmMJTJ5izLlm4o8d6Q4yTuykhjTNvhOgpXarR1AQ",
        "userName": "Faheem Ameen"
    }
]