[
    {
        "appVersion": null,
        "at": "2023-11-11 15:34:03",
        "content": "These very good",
        "repliedAt": null,
        "replyContent": null,
        "reviewCreatedVersion": null,
        "reviewId": "b16c6c1f-7f9a-4905-a8f3-213de4ab7bf1",
        "score": 4,
        "thumbsUpCount": 0,
        "userImage": "https://play-lh.googleusercontent.com/a-/ALV-UjWZWePkPoGqxjDLuS3YU-iVXj9A-DvyOUwlXPKx2o8ZWw",
        "userName": "Danial Jvdi"
    },
    {
        "appVersion": null,
        "at": "2023-11-01 21:37:08",
        "content": "Its very very good learning app\u2764\ud83d\udd25",
        "repliedAt": null,
        "replyContent": null,
        "reviewCreatedVersion": null,
        "reviewId": "5beb732b-c398-4f08-a290-e4d8efd1bbc0",
        "score": 5,
        "thumbsUpCount": 5,
        "userImage": "https://play-lh.googleusercontent.com/a/ACg8ocK20FWDcdaR2frPF3-UrKc5TDn60LCwAuOxYOiZ05u_=mo",
        "userName": "aboobackersarfraz aboobackersarfraz"
    },
    {
        "appVersion": null,
        "at": "2023-09-18 22:05:05",
        "content": "Fantastic",
        "repliedAt": "2023-09-26 21:15:13",
        "replyContent": "Thanks for taking out time to rate us. It really helps us to keep going and delivering the best :)",
        "reviewCreatedVersion": null,
        "reviewId": "b8c76afd-561f-4d4f-88f1-695ab5ec466d",
        "score": 5,
        "thumbsUpCount": 1,
        "userImage": "https://play-lh.googleusercontent.com/a/ACg8ocI6PATBZsRdGFzzo1MsFtIN4L_W34ATm5XenreUW2yW=mo",
        "userName": "Ro'zimuhammad Mamasodiqov"
    },
    {
        "appVersion": null,
        "at": "2023-09-06 08:28:00",
        "content": "\ud83d\ude04\ud83c\uddee\ud83c\uddf3\ud83c\udf39\ud83d\ude4f\ud83d\ude07",
        "repliedAt": "2023-09-26 21:17:01",
        "replyContent": "Dear friend, we are really glad that you like our product. Your support and voice are very important to us.",
        "reviewCreatedVersion": null,
        "reviewId": "cbb6adbd-9c76-4056-9ac3-3d2f644d40c9",
        "score": 5,
        "thumbsUpCount": 0,
        "userImage": "https://play-lh.googleusercontent.com/a-/ALV-UjU4GkLSmd-XZpnIzHB96S7sZEUJQ6XY9SkZDf4jNgKzYw",
        "userName": "Mr. luxury Twinkle master"
    },
    {
        "appVersion": null,
        "at": "2023-09-06 02:59:34",
        "content": "Good",
        "repliedAt": null,
        "replyContent": null,
        "reviewCreatedVersion": null,
        "reviewId": "f966c46a-3c5f-4b60-bbc5-98976093a705",
        "score": 5,
        "thumbsUpCount": 1,
        "userImage": "https://play-lh.googleusercontent.com/a/ACg8ocIHfMd-EpLyc0nPaA_q2zQE7xEaFtXlcG9-kLMr58s1=mo",
        "userName": "wilsy dcosta"
    },
    {
        "appVersion": null,
        "at": "2023-07-21 08:47:15",
        "content": "\u0628\u0631\u0646\u0627\u0645\u0647 \u0628\u0633\u06cc\u0627\u0631 \u062e\u0648\u0628\u06cc \u0627\u0633\u062a",
        "repliedAt": "2023-07-26 05:57:18",
        "replyContent": "\u0628\u0627 \u062a\u0634\u06a9\u0631 \u0627\u0632 \u0628\u0631\u0631\u0633\u06cc \u0645\u062b\u0628\u062a. \u0645\u0627 \u0648\u0627\u0642\u0639\u0627\u064b \u0627\u0632 \u0628\u0627\u0632\u062e\u0648\u0631\u062f \u0634\u0645\u0627 \u0642\u062f\u0631\u062f\u0627\u0646\u06cc \u0645\u06cc \u06a9\u0646\u06cc\u0645 \u0648 \u062a\u0644\u0627\u0634 \u0645\u06cc \u06a9\u0646\u06cc\u0645 \u062a\u0627 \u0628\u0647 \u0637\u0648\u0631 \u0645\u062f\u0627\u0648\u0645 \u062a\u062c\u0631\u0628\u0647 \u06a9\u0627\u0631\u0628\u0631\u06cc \u0628\u0631\u0646\u0627\u0645\u0647 \u062e\u0648\u062f \u0631\u0627 \u0628\u0647\u0628\u0648\u062f \u0628\u062e\u0634\u06cc\u0645. :)",
        "reviewCreatedVersion": null,
        "reviewId": "3a00cd5d-3980-4e1b-8b4d-3e7ac63e5a33",
        "score": 5,
        "thumbsUpCount": 0,
        "userImage": "https://play-lh.googleusercontent.com/a/ACg8ocIiv6fKg-q17oXWvFo9maTGK_NyW4Z4q94ykI-EGe8Q=mo",
        "userName": "Nematullah Khalili"
    },
    {
        "appVersion": "1",
        "at": "2023-07-19 06:46:35",
        "content": "itis good but where is for gaol keeper",
        "repliedAt": "2023-07-26 05:57:45",
        "replyContent": "Thanks for the positive review. We really appreciate your feedback and strive to continually improve the user experience of our app. :)",
        "reviewCreatedVersion": "1",
        "reviewId": "64fb1665-d7ea-472e-a08a-b55d72890ec7",
        "score": 5,
        "thumbsUpCount": 19,
        "userImage": "https://play-lh.googleusercontent.com/a/ACg8ocKd7TRchTZOfYUBA3fkEG2UfercKBcZS0Bf-_V1glpe=mo",
        "userName": "Hunda Me"
    },
    {
        "appVersion": null,
        "at": "2023-07-11 01:09:55",
        "content": "Now I can learn that how to fail messi and CR.",
        "repliedAt": "2023-07-17 09:07:53",
        "replyContent": "Thank you for downloading our app! We will keep working on it!",
        "reviewCreatedVersion": null,
        "reviewId": "97a699c6-a79d-401e-a86f-f6ad51f4ed59",
        "score": 5,
        "thumbsUpCount": 2,
        "userImage": "https://play-lh.googleusercontent.com/a-/ALV-UjVnEJn6V4lzcoXWPFFl1sbxDWx_SlEiQffrNa4NsAWWyWk",
        "userName": "Navninder Singh"
    },
    {
        "appVersion": "1",
        "at": "2023-06-27 23:45:17",
        "content": "This very helpful \ud83d\ude00 app to practice football l feel because I am footballer .",
        "repliedAt": "2023-06-30 02:58:55",
        "replyContent": "Thanks for the positive review. We really appreciate your feedback and strive to continually improve the user experience of our app. :)",
        "reviewCreatedVersion": "1",
        "reviewId": "f77b1bc4-28c7-401a-b7c6-923c810a6a5a",
        "score": 5,
        "thumbsUpCount": 34,
        "userImage": "https://play-lh.googleusercontent.com/a-/ALV-UjVsh-V5zh-H5LbyYg1W6du-TK9SSB5pLJXI0LJ9WpD2Vw",
        "userName": "Gamer Kanishk"
    },
    {
        "appVersion": null,
        "at": "2023-06-20 04:20:51",
        "content": "Gourav",
        "repliedAt": "2023-06-26 09:54:21",
        "replyContent": "Dear friend, we are really glad that you like our product. Your support and voice are very important to us.",
        "reviewCreatedVersion": null,
        "reviewId": "9fdf31a3-5d69-4fa5-b135-333cf2d072aa",
        "score": 5,
        "thumbsUpCount": 0,
        "userImage": "https://play-lh.googleusercontent.com/a/ACg8ocJ9XMIaOqOHLs7TEuyFFduh5HQ-zD9yp2dShpVdRMrj=mo",
        "userName": "Rajiv Kumar"
    },
    {
        "appVersion": null,
        "at": "2023-05-25 10:28:59",
        "content": "\u0631\u06cc\u0627\u0646 \u06a9\u0627\u0636\u06cc",
        "repliedAt": "2023-05-27 05:23:08",
        "replyContent": "\u0628\u0627 \u062a\u0634\u06a9\u0631 \u0627\u0632 \u0628\u0631\u0631\u0633\u06cc \u0645\u062b\u0628\u062a. \u0645\u0627 \u0648\u0627\u0642\u0639\u0627\u064b \u0627\u0632 \u0628\u0627\u0632\u062e\u0648\u0631\u062f \u0634\u0645\u0627 \u0642\u062f\u0631\u062f\u0627\u0646\u06cc \u0645\u06cc \u06a9\u0646\u06cc\u0645 \u0648 \u062a\u0644\u0627\u0634 \u0645\u06cc \u06a9\u0646\u06cc\u0645 \u062a\u0627 \u0628\u0647 \u0637\u0648\u0631 \u0645\u0633\u062a\u0645\u0631 \u062a\u062c\u0631\u0628\u0647 \u06a9\u0627\u0631\u0628\u0631\u06cc \u0628\u0631\u0646\u0627\u0645\u0647 \u062e\u0648\u062f \u0631\u0627 \u0628\u0647\u0628\u0648\u062f \u0628\u0628\u062e\u0634\u06cc\u0645. :)",
        "reviewCreatedVersion": null,
        "reviewId": "26018e99-d173-4115-9ae8-59f2e1a565dd",
        "score": 4,
        "thumbsUpCount": 0,
        "userImage": "https://play-lh.googleusercontent.com/a/ACg8ocKhwmA8vgGMpowjZ7qd9XVOF5myFQm1M_yOhYhD7O9D=mo",
        "userName": "Kharanijan Kharanijann"
    },
    {
        "appVersion": null,
        "at": "2023-05-22 14:40:09",
        "content": "Oppp",
        "repliedAt": "2023-05-24 05:11:22",
        "replyContent": "Thanks for the positive review. We really appreciate your feedback and strive to continually improve the user experience of our app. :)",
        "reviewCreatedVersion": null,
        "reviewId": "d1c17fb1-68c4-48e3-849b-c4a695de5caa",
        "score": 5,
        "thumbsUpCount": 0,
        "userImage": "https://play-lh.googleusercontent.com/a/ACg8ocIpySnTg_oBNsDVlcnbveaX0UU-yG0Q1pD0sJsYlv9q=mo",
        "userName": "Himangshu Maity"
    },
    {
        "appVersion": "1",
        "at": "2023-05-11 04:08:33",
        "content": "Good app Mmmmmmmmmmmm",
        "repliedAt": "2023-05-11 15:48:51",
        "replyContent": "Thank you very much. Keep using our app :)",
        "reviewCreatedVersion": "1",
        "reviewId": "3b1c0ac5-ec3d-49f5-b4e7-acbdf9a2abd8",
        "score": 5,
        "thumbsUpCount": 11,
        "userImage": "https://play-lh.googleusercontent.com/a/ACg8ocJ6T8Y37JYmA6cCcdcYmjzcCzdK7a0akDMA0Q4X7Ulc=mo",
        "userName": "Raton Howlader"
    },
    {
        "appVersion": "1",
        "at": "2023-05-01 08:57:00",
        "content": "There is no sound",
        "repliedAt": "2023-05-02 10:56:07",
        "replyContent": "We are sorry that you were not completely satisfied with our app. We greatly value your feedback and hope to work with you to address any issues you may have encountered. If you wish, please provide more details about the issues you encountered so we can help resolve them. Thank you.",
        "reviewCreatedVersion": "1",
        "reviewId": "18d2588a-a0f6-43aa-a3b8-fabe155f1b4a",
        "score": 2,
        "thumbsUpCount": 8,
        "userImage": "https://play-lh.googleusercontent.com/a/ACg8ocLoqmxtZTKAK9dFq7A2yi6vCn3avI4DDAirntJl8UlA=mo",
        "userName": "Rahila Arai"
    },
    {
        "appVersion": "1",
        "at": "2023-04-30 04:28:47",
        "content": "Good better best",
        "repliedAt": "2023-05-01 07:04:41",
        "replyContent": "Thanks for taking out time to rate us. It really helps us to keep going and delivering the best :)",
        "reviewCreatedVersion": "1",
        "reviewId": "7e08c6a3-e34c-4da1-aefc-e6dfdfc60287",
        "score": 5,
        "thumbsUpCount": 4,
        "userImage": "https://play-lh.googleusercontent.com/a-/ALV-UjUr_MPoSzE7U824BLxb9NEzCQoY-qHQjGrPHQIFOj3RCzM",
        "userName": "mamatha rao"
    },
    {
        "appVersion": null,
        "at": "2023-04-18 00:42:35",
        "content": "Worst app \ud83d\udc4e\ud83d\udc4e\ud83d\udc4e\ud83d\udc4e",
        "repliedAt": "2023-04-18 09:12:52",
        "replyContent": "We are sorry that you were not completely satisfied with our app. We greatly value your feedback and hope to work with you to address any issues you may have encountered. If you wish, please provide more details about the issues you encountered so we can help resolve them. Thank you.",
        "reviewCreatedVersion": null,
        "reviewId": "2bfacfed-f0f3-4e12-93bf-e050fb4d2639",
        "score": 1,
        "thumbsUpCount": 0,
        "userImage": "https://play-lh.googleusercontent.com/a-/ALV-UjUCd6ChhzPnRTYaxTHwO-Xr1F8juaUCt2wnHJQJE34DlQ",
        "userName": "Sc Gaming"
    },
    {
        "appVersion": null,
        "at": "2023-03-27 23:05:16",
        "content": "Nice app Otp",
        "repliedAt": "2023-03-28 06:54:28",
        "replyContent": "Thank you very much. Keep using our app :)",
        "reviewCreatedVersion": null,
        "reviewId": "60d0e5ff-300a-4b5d-b028-397c375a4054",
        "score": 5,
        "thumbsUpCount": 0,
        "userImage": "https://play-lh.googleusercontent.com/a/ACg8ocK27cAN8x82hvyDcaleNJHiytxoN2Ugs1cQ_vw9L3Lt=mo",
        "userName": "Hh Hh"
    },
    {
        "appVersion": null,
        "at": "2023-03-19 09:52:26",
        "content": "He is very write app",
        "repliedAt": "2023-03-20 07:37:38",
        "replyContent": "Thanks for the positive review. We really appreciate your feedback and strive to continually improve the user experience of our app. :)",
        "reviewCreatedVersion": null,
        "reviewId": "6755da12-6e0c-4a90-97d9-59252a7e8685",
        "score": 5,
        "thumbsUpCount": 9,
        "userImage": "https://play-lh.googleusercontent.com/a/ACg8ocKiu_ujTyqFKW9LCBR7zk6dRPRlXsIccgGZAArTYJU8=mo",
        "userName": "Mamta Bhandari"
    },
    {
        "appVersion": null,
        "at": "2023-03-19 06:31:50",
        "content": "Wowwww",
        "repliedAt": "2023-03-20 07:37:25",
        "replyContent": "Thanks for taking out time to rate us. It really helps us to keep going and delivering the best :)",
        "reviewCreatedVersion": null,
        "reviewId": "5fe95d17-9e28-490f-af79-146d7537450c",
        "score": 5,
        "thumbsUpCount": 0,
        "userImage": "https://play-lh.googleusercontent.com/a/ACg8ocJgfXCxs-iyBUwiLUu7xCxeZAE6xW39oyRgKr7myrUr=mo",
        "userName": "Henok Amanuel"
    },
    {
        "appVersion": null,
        "at": "2023-03-13 08:43:20",
        "content": "Hii my name is azim your learning aap is very nice you are footballer l l am Frome india you where are you from",
        "repliedAt": "2023-03-13 15:26:37",
        "replyContent": "Thanks for the positive review. We really appreciate your feedback and strive to continually improve the user experience of our app. :)",
        "reviewCreatedVersion": null,
        "reviewId": "442af1bb-0d91-4d2e-a583-e944020dce6b",
        "score": 5,
        "thumbsUpCount": 8,
        "userImage": "https://play-lh.googleusercontent.com/a/ACg8ocKvuXPvv7i1YOwP1gb_fR3OlAv3-KQ7SfY3jYWN__ge=mo",
        "userName": "Azim Azim ansari"
    },
    {
        "appVersion": "1",
        "at": "2023-03-09 15:42:35",
        "content": "The app is too helpful to see wonderful tricks and do it . Thank you for that app and I will wait for seeing more apps from you\ud83d\udc95\ud83d\udc95keep it up",
        "repliedAt": "2023-03-09 18:43:22",
        "replyContent": "Thank you for downloading our app! We will keep working on it!",
        "reviewCreatedVersion": "1",
        "reviewId": "fc6c8fbc-d8f7-411b-9de8-0bb402c2d56a",
        "score": 5,
        "thumbsUpCount": 45,
        "userImage": "https://play-lh.googleusercontent.com/a/ACg8ocJUB7IgX8DTqkMSQcpJOizrne77DYMnTx89XEQeU8fX=mo",
        "userName": "Diaa Salim"
    }
]