[
    {
        "appVersion": "1.1",
        "at": "2019-01-04 14:07:40",
        "content": "love you so much and I hope you feel better",
        "repliedAt": null,
        "replyContent": null,
        "reviewCreatedVersion": "1.1",
        "reviewId": "fa0216cb-4ba1-44b5-960a-0e354fbd36a5",
        "score": 5,
        "thumbsUpCount": 7,
        "userImage": "https://play-lh.googleusercontent.com/EGemoI2NTXmTsBVtJqk8jxF9rh8ApRWfsIMQSt2uE4OcpQqbFu7f7NbTK05lx80nuSijCz7sc3a277R67g",
        "userName": "A Google user"
    }
]