[
    {
        "appVersion": "1.7",
        "at": "2023-10-05 11:33:07",
        "content": "Bfbangoili",
        "repliedAt": null,
        "replyContent": null,
        "reviewCreatedVersion": "1.7",
        "reviewId": "975066f4-93d5-4b1f-b6e9-8d360e0c5b84",
        "score": 3,
        "thumbsUpCount": 0,
        "userImage": "https://play-lh.googleusercontent.com/a/ACg8ocLU-Nlxm0-0F1kbuQ2zxvAafW0Ojk9X6G1-1f5QGhUR=mo",
        "userName": "Arup Mondal"
    },
    {
        "appVersion": "1.7",
        "at": "2023-10-02 19:52:34",
        "content": "Very nice",
        "repliedAt": null,
        "replyContent": null,
        "reviewCreatedVersion": "1.7",
        "reviewId": "c8909ea0-6428-4e47-9f4f-5efd92e59bee",
        "score": 5,
        "thumbsUpCount": 2,
        "userImage": "https://play-lh.googleusercontent.com/a-/ALV-UjXDRWdsFygZBadyIN61Rbv1Z-hkBqyH8Jm3PU7xbBi02IFY",
        "userName": "Maharashtra News"
    },
    {
        "appVersion": "1.7",
        "at": "2023-09-15 04:15:58",
        "content": "Super app",
        "repliedAt": null,
        "replyContent": null,
        "reviewCreatedVersion": "1.7",
        "reviewId": "bff0cd57-ffce-4d6c-8451-aa64c860d5d6",
        "score": 5,
        "thumbsUpCount": 15,
        "userImage": "https://play-lh.googleusercontent.com/a/ACg8ocL7RiHi5xN93ORD7645Vl5zu1OBbhVyED4vzSmsUh5-=mo",
        "userName": "Techvivo"
    }
]