[
    {
        "appVersion": null,
        "at": "2023-10-02 19:44:00",
        "content": "The videos run way too fast to follow along. Plus, there is no way to control playback or move through it at anything besides breakneck speed. Needs work!",
        "repliedAt": null,
        "replyContent": null,
        "reviewCreatedVersion": null,
        "reviewId": "ffb21c8f-d849-4daa-a17d-7e8560984590",
        "score": 2,
        "thumbsUpCount": 1,
        "userImage": "https://play-lh.googleusercontent.com/a-/ALV-UjV_ujEvcHv3RIdSvhht_YUbDDjsHFzo03t3s7-Qu9MpYsQV",
        "userName": "J T"
    },
    {
        "appVersion": "1",
        "at": "2023-09-04 03:19:19",
        "content": "Needs the videos to slow down, can't even see what's going on?",
        "repliedAt": null,
        "replyContent": null,
        "reviewCreatedVersion": "1",
        "reviewId": "95700d59-abe6-4eb7-a1ae-de05c378414b",
        "score": 2,
        "thumbsUpCount": 0,
        "userImage": "https://play-lh.googleusercontent.com/a/ACg8ocL1FZNudPvHAHNFNEM6LNDV8-kjiJWt6pHr2KzwcZaCbw=mo",
        "userName": "Carol Brady"
    },
    {
        "appVersion": "1",
        "at": "2023-08-25 00:45:01",
        "content": "The videos are very fast I can't see the steps",
        "repliedAt": null,
        "replyContent": null,
        "reviewCreatedVersion": "1",
        "reviewId": "800792cc-d07b-4712-b6f3-931d435148bf",
        "score": 1,
        "thumbsUpCount": 0,
        "userImage": "https://play-lh.googleusercontent.com/a-/ALV-UjXVqd8rA7cbRQRNU__TludKCqDhSLbMzDrzI1k0bJLo-go",
        "userName": "Salma Omran"
    },
    {
        "appVersion": "1",
        "at": "2023-08-14 11:28:14",
        "content": "Lol the videos are played at a speed that's fun to watch but impossible to follow. It's super high speed. \ud83d\ude44",
        "repliedAt": null,
        "replyContent": null,
        "reviewCreatedVersion": "1",
        "reviewId": "768aa5df-71aa-41f1-85c7-db8f8ea42c3e",
        "score": 1,
        "thumbsUpCount": 0,
        "userImage": "https://play-lh.googleusercontent.com/a-/ALV-UjXmy9hWjq6Zv70tlPw-qE9qyYT0urxZOIDMEFlfqOm_pxA7",
        "userName": "Osho Quinny"
    }
]