[
    {
        "appVersion": null,
        "at": "2022-11-24 06:22:42",
        "content": "Nice app",
        "repliedAt": null,
        "replyContent": null,
        "reviewCreatedVersion": null,
        "reviewId": "86599fec-dbdc-4613-b315-26f22d1b3507",
        "score": 3,
        "thumbsUpCount": 0,
        "userImage": "https://play-lh.googleusercontent.com/a/ACg8ocL0qjW0JYSXT-Tks6qx5Fb-bsHeEY_g1lYAdTZxHPyq=mo",
        "userName": "pinky sadmek"
    },
    {
        "appVersion": "1.0",
        "at": "2022-09-10 10:43:17",
        "content": "wher can i get sponser id",
        "repliedAt": null,
        "replyContent": null,
        "reviewCreatedVersion": "1.0",
        "reviewId": "b18b9692-e3c1-4b19-a91e-42de26dd7d4f",
        "score": 2,
        "thumbsUpCount": 0,
        "userImage": "https://play-lh.googleusercontent.com/a-/ALV-UjUKXR59o4fz-2BmEgb2VZwzYckSH-h4n6n-NUcfPxv75vs",
        "userName": "Mohd Nibras"
    }
]