[
    {
        "appVersion": "1.1",
        "at": "2021-04-23 21:27:44",
        "content": "Good",
        "repliedAt": null,
        "replyContent": null,
        "reviewCreatedVersion": "1.1",
        "reviewId": "8c698a31-a8e1-4661-94be-f84955d65e5d",
        "score": 3,
        "thumbsUpCount": 0,
        "userImage": "https://play-lh.googleusercontent.com/a/ACg8ocKThIycb0Xk7xJf9KMkbWzmyGqGLm7AhpmPv_smcDou=mo",
        "userName": "Ramavadhsingh Yadav"
    },
    {
        "appVersion": "1.1",
        "at": "2021-02-20 13:51:09",
        "content": "It is a great app & one of best \u270a to learn different types of submission \ud83d\udc60\ud83d\udc60\ud83d\udc60\ud83d\udc60\ud83d\udc60\ud83d\udc60\ud83d\udc60\ud83d\udc60\ud83d\udc60\ud83d\udc60\ud83d\udc60",
        "repliedAt": null,
        "replyContent": null,
        "reviewCreatedVersion": "1.1",
        "reviewId": "87b10db8-d58c-41d4-bcc1-3c686107d498",
        "score": 5,
        "thumbsUpCount": 2,
        "userImage": "https://play-lh.googleusercontent.com/a/ACg8ocJYLWk9prHD35kWFEHey0hYa2dsgw87kVGJFjalvYWR=mo",
        "userName": "GLOBAL SERVICES BANGALORE"
    },
    {
        "appVersion": "1.1",
        "at": "2021-01-01 11:24:15",
        "content": "Great app! Awesome instructions and details",
        "repliedAt": null,
        "replyContent": null,
        "reviewCreatedVersion": "1.1",
        "reviewId": "f7beea8b-6259-4801-827c-dead23b9f847",
        "score": 5,
        "thumbsUpCount": 1,
        "userImage": "https://play-lh.googleusercontent.com/a-/ALV-UjXESbfSpWJ0YvGNtb_Iqis702E-PtQRK6ivJ1ky8opoHa0",
        "userName": "Bobby E Farmer Jr (BO)"
    },
    {
        "appVersion": "1.1",
        "at": "2020-12-12 15:47:22",
        "content": "That was more like a news article. Expected much more.",
        "repliedAt": null,
        "replyContent": null,
        "reviewCreatedVersion": "1.1",
        "reviewId": "cc326941-58f5-429e-95a5-b50e539316e2",
        "score": 1,
        "thumbsUpCount": 1,
        "userImage": "https://play-lh.googleusercontent.com/a/ACg8ocJg76BGCyp5o6tVn-Il2qawnMtvD7CHJ4zFKsZuRHln=mo",
        "userName": "Prathamesh Patade"
    },
    {
        "appVersion": "1.1",
        "at": "2020-12-10 17:14:28",
        "content": "Awesome!",
        "repliedAt": null,
        "replyContent": null,
        "reviewCreatedVersion": "1.1",
        "reviewId": "fea0a044-d1db-4c28-818c-c3bb36b56bc3",
        "score": 5,
        "thumbsUpCount": 0,
        "userImage": "https://play-lh.googleusercontent.com/a/ACg8ocJ6AbDu0VYk6vVxav2fPNEWC8b0477mV1qs0SMO0KY=mo",
        "userName": "Walter Taito"
    },
    {
        "appVersion": "1.1",
        "at": "2020-11-26 12:13:29",
        "content": "Superb",
        "repliedAt": null,
        "replyContent": null,
        "reviewCreatedVersion": "1.1",
        "reviewId": "95d7dcf6-64df-43c7-b4f4-5bc81ad680ea",
        "score": 5,
        "thumbsUpCount": 0,
        "userImage": "https://play-lh.googleusercontent.com/a-/ALV-UjVErwCBs7IBRa7lMCt95ldZOQjaK1ttlxwSgm-UIAT8cl4",
        "userName": "Ragunathan M"
    },
    {
        "appVersion": "1.1",
        "at": "2020-11-20 13:38:40",
        "content": "Don't install this one",
        "repliedAt": null,
        "replyContent": null,
        "reviewCreatedVersion": "1.1",
        "reviewId": "86b1e5cc-bcb4-49d7-bb97-7b860debc064",
        "score": 1,
        "thumbsUpCount": 0,
        "userImage": "https://play-lh.googleusercontent.com/a/ACg8ocJoao6KadRKJ9f4PbRsnKTVvy_or6aY9ioYCtDWCgee=mo",
        "userName": "Sultan Shah"
    },
    {
        "appVersion": null,
        "at": "2020-11-07 21:59:38",
        "content": "I am give a 5 star because i am learning mma",
        "repliedAt": null,
        "replyContent": null,
        "reviewCreatedVersion": null,
        "reviewId": "e08a0a42-944d-49cb-8dff-f0cd9baf724c",
        "score": 5,
        "thumbsUpCount": 0,
        "userImage": "https://play-lh.googleusercontent.com/a/ACg8ocI4o4_3NEN0gbujGej9ewITesYyZWYb9-NhBk32SQI=mo",
        "userName": "dexter kurt duenas"
    },
    {
        "appVersion": "1.1",
        "at": "2020-07-04 02:26:16",
        "content": "App made to steal your info",
        "repliedAt": null,
        "replyContent": null,
        "reviewCreatedVersion": "1.1",
        "reviewId": "a746023a-7109-4c4c-b6f3-bfcca870da9f",
        "score": 1,
        "thumbsUpCount": 4,
        "userImage": "https://play-lh.googleusercontent.com/a/ACg8ocI2bAIO6KB55PprxUPtqBv0iHo5aPOM2yBFPvZQNZI8=mo",
        "userName": "A Z"
    },
    {
        "appVersion": "1.1",
        "at": "2020-04-11 20:43:08",
        "content": "Could be better",
        "repliedAt": null,
        "replyContent": null,
        "reviewCreatedVersion": "1.1",
        "reviewId": "aabeb65c-39a6-41f2-90ec-1de4a59f24ba",
        "score": 4,
        "thumbsUpCount": 3,
        "userImage": "https://play-lh.googleusercontent.com/EGemoI2NTXmTsBVtJqk8jxF9rh8ApRWfsIMQSt2uE4OcpQqbFu7f7NbTK05lx80nuSijCz7sc3a277R67g",
        "userName": "A Google user"
    },
    {
        "appVersion": "1.1",
        "at": "2019-10-09 15:40:31",
        "content": "This app is awesome",
        "repliedAt": null,
        "replyContent": null,
        "reviewCreatedVersion": "1.1",
        "reviewId": "4752bd18-1feb-4e2b-ba8f-14741049718d",
        "score": 4,
        "thumbsUpCount": 3,
        "userImage": "https://play-lh.googleusercontent.com/EGemoI2NTXmTsBVtJqk8jxF9rh8ApRWfsIMQSt2uE4OcpQqbFu7f7NbTK05lx80nuSijCz7sc3a277R67g",
        "userName": "A Google user"
    },
    {
        "appVersion": "1.1",
        "at": "2019-09-17 15:19:06",
        "content": "Love \ud83d\ude0d eet",
        "repliedAt": null,
        "replyContent": null,
        "reviewCreatedVersion": "1.1",
        "reviewId": "99eaebc3-8baf-4e5d-9a1d-e501f9823e60",
        "score": 5,
        "thumbsUpCount": 0,
        "userImage": "https://play-lh.googleusercontent.com/EGemoI2NTXmTsBVtJqk8jxF9rh8ApRWfsIMQSt2uE4OcpQqbFu7f7NbTK05lx80nuSijCz7sc3a277R67g",
        "userName": "A Google user"
    },
    {
        "appVersion": "1.1",
        "at": "2019-06-22 11:14:47",
        "content": "hmmmm good",
        "repliedAt": null,
        "replyContent": null,
        "reviewCreatedVersion": "1.1",
        "reviewId": "69a7f831-374d-426f-ac86-5d719435cb32",
        "score": 5,
        "thumbsUpCount": 1,
        "userImage": "https://play-lh.googleusercontent.com/EGemoI2NTXmTsBVtJqk8jxF9rh8ApRWfsIMQSt2uE4OcpQqbFu7f7NbTK05lx80nuSijCz7sc3a277R67g",
        "userName": "A Google user"
    },
    {
        "appVersion": "1.1",
        "at": "2018-11-11 12:30:35",
        "content": "It's Wonderful app Thanks for U",
        "repliedAt": null,
        "replyContent": null,
        "reviewCreatedVersion": "1.1",
        "reviewId": "e8bc15c6-c85a-4e2e-8031-d0bf227b1a65",
        "score": 5,
        "thumbsUpCount": 2,
        "userImage": "https://play-lh.googleusercontent.com/EGemoI2NTXmTsBVtJqk8jxF9rh8ApRWfsIMQSt2uE4OcpQqbFu7f7NbTK05lx80nuSijCz7sc3a277R67g",
        "userName": "A Google user"
    },
    {
        "appVersion": "1.1",
        "at": "2018-11-02 00:10:10",
        "content": "One FC, thank Demtrious Johnson. Got a new veiwer & fan.",
        "repliedAt": null,
        "replyContent": null,
        "reviewCreatedVersion": "1.1",
        "reviewId": "a1087cbb-4fd2-42be-8c3b-995a61815f89",
        "score": 5,
        "thumbsUpCount": 8,
        "userImage": "https://play-lh.googleusercontent.com/EGemoI2NTXmTsBVtJqk8jxF9rh8ApRWfsIMQSt2uE4OcpQqbFu7f7NbTK05lx80nuSijCz7sc3a277R67g",
        "userName": "A Google user"
    },
    {
        "appVersion": "1.1",
        "at": "2018-09-15 02:23:18",
        "content": "Its cool nice like it anyway add more moves",
        "repliedAt": null,
        "replyContent": null,
        "reviewCreatedVersion": "1.1",
        "reviewId": "dfd49993-950b-4512-a16c-56428ceba6e4",
        "score": 5,
        "thumbsUpCount": 14,
        "userImage": "https://play-lh.googleusercontent.com/EGemoI2NTXmTsBVtJqk8jxF9rh8ApRWfsIMQSt2uE4OcpQqbFu7f7NbTK05lx80nuSijCz7sc3a277R67g",
        "userName": "A Google user"
    },
    {
        "appVersion": null,
        "at": "2018-08-15 13:47:23",
        "content": "Michael Love",
        "repliedAt": null,
        "replyContent": null,
        "reviewCreatedVersion": null,
        "reviewId": "c95589dd-519f-473e-b600-308ff4f47705",
        "score": 5,
        "thumbsUpCount": 0,
        "userImage": "https://play-lh.googleusercontent.com/EGemoI2NTXmTsBVtJqk8jxF9rh8ApRWfsIMQSt2uE4OcpQqbFu7f7NbTK05lx80nuSijCz7sc3a277R67g",
        "userName": "A Google user"
    },
    {
        "appVersion": "1.1",
        "at": "2018-07-22 04:14:26",
        "content": "Nice",
        "repliedAt": null,
        "replyContent": null,
        "reviewCreatedVersion": "1.1",
        "reviewId": "e57ccc55-9166-4e5b-9e2f-ab10c2684370",
        "score": 5,
        "thumbsUpCount": 0,
        "userImage": "https://play-lh.googleusercontent.com/EGemoI2NTXmTsBVtJqk8jxF9rh8ApRWfsIMQSt2uE4OcpQqbFu7f7NbTK05lx80nuSijCz7sc3a277R67g",
        "userName": "A Google user"
    },
    {
        "appVersion": null,
        "at": "2018-07-20 10:23:52",
        "content": "Good",
        "repliedAt": null,
        "replyContent": null,
        "reviewCreatedVersion": null,
        "reviewId": "ec007007-10c9-4f61-b1fd-cac17bbb099f",
        "score": 5,
        "thumbsUpCount": 1,
        "userImage": "https://play-lh.googleusercontent.com/EGemoI2NTXmTsBVtJqk8jxF9rh8ApRWfsIMQSt2uE4OcpQqbFu7f7NbTK05lx80nuSijCz7sc3a277R67g",
        "userName": "A Google user"
    },
    {
        "appVersion": "1.1",
        "at": "2018-06-24 21:40:35",
        "content": "The right choice of getting into mma",
        "repliedAt": null,
        "replyContent": null,
        "reviewCreatedVersion": "1.1",
        "reviewId": "1fffec2c-aaaa-4253-a5c3-7f46aa4371c7",
        "score": 5,
        "thumbsUpCount": 8,
        "userImage": "https://play-lh.googleusercontent.com/EGemoI2NTXmTsBVtJqk8jxF9rh8ApRWfsIMQSt2uE4OcpQqbFu7f7NbTK05lx80nuSijCz7sc3a277R67g",
        "userName": "A Google user"
    },
    {
        "appVersion": "1.1",
        "at": "2018-06-10 02:21:17",
        "content": "Good stats but no reference to evidence. Some grammar issues in the text. \nVideos are YouTube in HowCast. It was a quick install and uninstall.",
        "repliedAt": null,
        "replyContent": null,
        "reviewCreatedVersion": "1.1",
        "reviewId": "e9d48d25-1d31-40e4-bcb3-2c8b5ffb5514",
        "score": 3,
        "thumbsUpCount": 20,
        "userImage": "https://play-lh.googleusercontent.com/EGemoI2NTXmTsBVtJqk8jxF9rh8ApRWfsIMQSt2uE4OcpQqbFu7f7NbTK05lx80nuSijCz7sc3a277R67g",
        "userName": "A Google user"
    },
    {
        "appVersion": "1.1",
        "at": "2018-06-09 00:01:18",
        "content": "Goodd apps for fighter",
        "repliedAt": null,
        "replyContent": null,
        "reviewCreatedVersion": "1.1",
        "reviewId": "5f00f7a6-5aba-45c2-9f8b-1c1354a9ad7e",
        "score": 5,
        "thumbsUpCount": 8,
        "userImage": "https://play-lh.googleusercontent.com/EGemoI2NTXmTsBVtJqk8jxF9rh8ApRWfsIMQSt2uE4OcpQqbFu7f7NbTK05lx80nuSijCz7sc3a277R67g",
        "userName": "A Google user"
    },
    {
        "appVersion": "1.0",
        "at": "2018-05-19 17:03:32",
        "content": "Very helpful app",
        "repliedAt": null,
        "replyContent": null,
        "reviewCreatedVersion": "1.0",
        "reviewId": "29aab7cf-41b9-4762-bc3c-5af1cd8c3e7a",
        "score": 4,
        "thumbsUpCount": 5,
        "userImage": "https://play-lh.googleusercontent.com/EGemoI2NTXmTsBVtJqk8jxF9rh8ApRWfsIMQSt2uE4OcpQqbFu7f7NbTK05lx80nuSijCz7sc3a277R67g",
        "userName": "A Google user"
    },
    {
        "appVersion": "1.0",
        "at": "2018-05-19 13:21:30",
        "content": "Best app for MMA",
        "repliedAt": null,
        "replyContent": null,
        "reviewCreatedVersion": "1.0",
        "reviewId": "bf3b818f-9eb0-49ac-9f71-cd9b4097b009",
        "score": 4,
        "thumbsUpCount": 10,
        "userImage": "https://play-lh.googleusercontent.com/EGemoI2NTXmTsBVtJqk8jxF9rh8ApRWfsIMQSt2uE4OcpQqbFu7f7NbTK05lx80nuSijCz7sc3a277R67g",
        "userName": "A Google user"
    },
    {
        "appVersion": "1.0",
        "at": "2018-05-03 02:58:21",
        "content": "Great videos.. helpful app..",
        "repliedAt": null,
        "replyContent": null,
        "reviewCreatedVersion": "1.0",
        "reviewId": "ab233851-6ee5-48a6-9c07-6c934f7f8cfe",
        "score": 4,
        "thumbsUpCount": 10,
        "userImage": "https://play-lh.googleusercontent.com/EGemoI2NTXmTsBVtJqk8jxF9rh8ApRWfsIMQSt2uE4OcpQqbFu7f7NbTK05lx80nuSijCz7sc3a277R67g",
        "userName": "A Google user"
    },
    {
        "appVersion": "1.0",
        "at": "2018-04-23 12:45:38",
        "content": "Good",
        "repliedAt": null,
        "replyContent": null,
        "reviewCreatedVersion": "1.0",
        "reviewId": "43623faf-a64a-4064-8528-467c6eaafbee",
        "score": 5,
        "thumbsUpCount": 1,
        "userImage": "https://play-lh.googleusercontent.com/EGemoI2NTXmTsBVtJqk8jxF9rh8ApRWfsIMQSt2uE4OcpQqbFu7f7NbTK05lx80nuSijCz7sc3a277R67g",
        "userName": "A Google user"
    },
    {
        "appVersion": "1.0",
        "at": "2018-04-11 11:03:05",
        "content": "Goood",
        "repliedAt": null,
        "replyContent": null,
        "reviewCreatedVersion": "1.0",
        "reviewId": "c11bc60d-e690-455b-8094-abf6f7158d5a",
        "score": 5,
        "thumbsUpCount": 6,
        "userImage": "https://play-lh.googleusercontent.com/EGemoI2NTXmTsBVtJqk8jxF9rh8ApRWfsIMQSt2uE4OcpQqbFu7f7NbTK05lx80nuSijCz7sc3a277R67g",
        "userName": "A Google user"
    },
    {
        "appVersion": null,
        "at": "2018-03-12 22:24:56",
        "content": "Good",
        "repliedAt": null,
        "replyContent": null,
        "reviewCreatedVersion": null,
        "reviewId": "5f258d5d-154d-4a79-8ec7-5a552e022087",
        "score": 3,
        "thumbsUpCount": 2,
        "userImage": "https://play-lh.googleusercontent.com/EGemoI2NTXmTsBVtJqk8jxF9rh8ApRWfsIMQSt2uE4OcpQqbFu7f7NbTK05lx80nuSijCz7sc3a277R67g",
        "userName": "A Google user"
    },
    {
        "appVersion": null,
        "at": "2018-03-10 14:37:41",
        "content": "Ok",
        "repliedAt": null,
        "replyContent": null,
        "reviewCreatedVersion": null,
        "reviewId": "77aa2d08-af4d-4e1c-9acc-5c4b2a2cb2eb",
        "score": 5,
        "thumbsUpCount": 3,
        "userImage": "https://play-lh.googleusercontent.com/EGemoI2NTXmTsBVtJqk8jxF9rh8ApRWfsIMQSt2uE4OcpQqbFu7f7NbTK05lx80nuSijCz7sc3a277R67g",
        "userName": "A Google user"
    }
]