[
    {
        "appVersion": "1.1",
        "at": "2022-09-17 02:35:20",
        "content": "Love it",
        "repliedAt": null,
        "replyContent": null,
        "reviewCreatedVersion": "1.1",
        "reviewId": "36d89b98-ea36-4597-9c77-4641b2b9c762",
        "score": 5,
        "thumbsUpCount": 0,
        "userImage": "https://play-lh.googleusercontent.com/a-/ALV-UjWKRM9AcI4Ag9cLXTAYhE4IuNK3CXjNivK1ErFNkMhKjVJw",
        "userName": "Lerato Moletsane"
    },
    {
        "appVersion": "1.1",
        "at": "2020-08-05 03:48:44",
        "content": "Ads are ridiculous, some are on bottom of screen and some take over the screen and force you to watch. No pictures actually load and almost all tips coincide with the supposed picture. Plenty of typos and confusing illustrations.",
        "repliedAt": null,
        "replyContent": null,
        "reviewCreatedVersion": "1.1",
        "reviewId": "36feb8a2-8a3c-49d4-b800-d7333d54688a",
        "score": 1,
        "thumbsUpCount": 3,
        "userImage": "https://play-lh.googleusercontent.com/a/ACg8ocKciuWqSZbvSXp9knOCuhuZMEZLQ9Uw2r0L_WHxjvEU=mo",
        "userName": "Jason Moraida"
    }
]