[
    {
        "appVersion": "1.0.7",
        "at": "2023-11-19 21:09:39",
        "content": "Guess am at the end of the game..no new buildings...was fun",
        "repliedAt": null,
        "replyContent": null,
        "reviewCreatedVersion": "1.0.7",
        "reviewId": "aae9e6bd-fb79-4fa3-84f8-07b209f9a66a",
        "score": 5,
        "thumbsUpCount": 0,
        "userImage": "https://play-lh.googleusercontent.com/a/ACg8ocLxm5HoB4zGziMVIc2POJzSDfDePPSJcDXkkhjnYera=mo",
        "userName": "Rebecca Pool"
    },
    {
        "appVersion": "1.0.7",
        "at": "2023-11-17 20:32:08",
        "content": "Fun game but seems that after I bought the ad removal, I still have to watch ads. Most of the time there is no way to get the VIP bonus because the no ad available keep popping up.",
        "repliedAt": null,
        "replyContent": null,
        "reviewCreatedVersion": "1.0.7",
        "reviewId": "8158d4ea-13e8-4d19-ac63-f5be78722fe9",
        "score": 4,
        "thumbsUpCount": 0,
        "userImage": "https://play-lh.googleusercontent.com/a-/ALV-UjXLWb1hK43TX7SOqU1jaMc_WrAnAxJST30zkc5_XKm2YP8",
        "userName": "Juan Pridgen"
    },
    {
        "appVersion": "1.0.7",
        "at": "2023-11-17 07:41:14",
        "content": "It was fun up until you get the \"serve 24 VIP clients\". Everytime you do take a VIP client, it somehow doesn't count and you become \"stuck\" in 1 place with nothing to do.",
        "repliedAt": null,
        "replyContent": null,
        "reviewCreatedVersion": "1.0.7",
        "reviewId": "5e7f4045-7e36-41bf-af33-5e116ac04445",
        "score": 1,
        "thumbsUpCount": 0,
        "userImage": "https://play-lh.googleusercontent.com/a/ACg8ocKGgLa_LJEIUJS9_6CQlQpbom8cVMQ0fSFMLwkxYoCy=mo",
        "userName": "Kristen thansfh zip lt9 Williams"
    },
    {
        "appVersion": "1.0.7",
        "at": "2023-11-16 20:48:47",
        "content": "I paid for the no ads but the game still has ads...like why???",
        "repliedAt": null,
        "replyContent": null,
        "reviewCreatedVersion": "1.0.7",
        "reviewId": "8f1cf56b-6b51-448d-8479-064054f416ce",
        "score": 1,
        "thumbsUpCount": 0,
        "userImage": "https://play-lh.googleusercontent.com/a/ACg8ocLWYAPWYHaDaE6eNo5itBE3Rv2hsY6taWdsmVpoQNlcuQ=mo",
        "userName": "Lucy S"
    },
    {
        "appVersion": "1.0.7",
        "at": "2023-11-14 22:07:39",
        "content": "I can't believe I paid for it to not be able to get past the serve 24 VIPS! I was really loving it :(",
        "repliedAt": null,
        "replyContent": null,
        "reviewCreatedVersion": "1.0.7",
        "reviewId": "0485fdc3-76d2-4b06-a5bb-5d135f27d079",
        "score": 1,
        "thumbsUpCount": 0,
        "userImage": "https://play-lh.googleusercontent.com/a/ACg8ocJ5pS8Re-ymE6roSL9zfaDZm_32WdPv7EHm0oMgtfWR=mo",
        "userName": "Charlotte Leckey"
    },
    {
        "appVersion": "1.0.7",
        "at": "2023-11-11 17:46:20",
        "content": "Level 12 is ???. There is no way to see how many V.I.P.s you service. Will give 5 stars when that happens. Other than that its fun, a relaxing game.",
        "repliedAt": null,
        "replyContent": null,
        "reviewCreatedVersion": "1.0.7",
        "reviewId": "efea82fe-ae1e-4595-a2a1-b51755edf322",
        "score": 2,
        "thumbsUpCount": 0,
        "userImage": "https://play-lh.googleusercontent.com/a/ACg8ocIbAmm5UM0BClTclwIfUPi4iZxaTIljKA8tQQmvPTHy=mo",
        "userName": "Laurie Crommelin"
    },
    {
        "appVersion": "1.0.7",
        "at": "2023-11-11 09:36:37",
        "content": "Good game but there no movement from where I am on the game at the moment stuck on lv 12 and it's saying that you have collect 24 vips which I have done n9thing happenings",
        "repliedAt": null,
        "replyContent": null,
        "reviewCreatedVersion": "1.0.7",
        "reviewId": "56f7b840-f979-4081-a890-a8b62b0ec1fa",
        "score": 4,
        "thumbsUpCount": 0,
        "userImage": "https://play-lh.googleusercontent.com/a/ACg8ocLJR49q-5oZABX42tn1KKyqSG5EujVVfum8QRjO26aA=mo",
        "userName": "anthony grzesica"
    },
    {
        "appVersion": "1.0.7",
        "at": "2023-11-11 08:22:08",
        "content": "Too much ads!",
        "repliedAt": null,
        "replyContent": null,
        "reviewCreatedVersion": "1.0.7",
        "reviewId": "f925b086-7042-4a61-8f61-d05773f9d1a9",
        "score": 2,
        "thumbsUpCount": 0,
        "userImage": "https://play-lh.googleusercontent.com/a/ACg8ocKgDtboZx5cDBQeN1lEpM0jxt3zO8izLOARNIXk-Ngm=mo",
        "userName": "Ario Wicaksono"
    },
    {
        "appVersion": "1.0.7",
        "at": "2023-11-10 20:19:41",
        "content": "What happened?",
        "repliedAt": null,
        "replyContent": null,
        "reviewCreatedVersion": "1.0.7",
        "reviewId": "0912beb0-b5bb-4f49-a0c8-3a7b428aefb4",
        "score": 1,
        "thumbsUpCount": 0,
        "userImage": "https://play-lh.googleusercontent.com/a/ACg8ocJwWntZMdOaQgZ2Uqcvmy698TeHFoluasU4oLCAiPaQ=mo",
        "userName": "Tony"
    },
    {
        "appVersion": "1.0.6",
        "at": "2023-11-08 16:57:51",
        "content": "After the post office, I builded zoo, but I can't go inside coz needed lever 14. Now I'm level 12. How can I increase it? \ud83d\ude2b",
        "repliedAt": null,
        "replyContent": null,
        "reviewCreatedVersion": "1.0.6",
        "reviewId": "e2433e16-5af2-4a42-b4e8-89db160af17d",
        "score": 3,
        "thumbsUpCount": 0,
        "userImage": "https://play-lh.googleusercontent.com/a-/ALV-UjXFt8ykIf3O2LCk0WWzQ13LZUgKizCBbe0kyZhpmoVtfs0",
        "userName": "Fat Baby"
    },
    {
        "appVersion": null,
        "at": "2023-11-08 14:37:31",
        "content": "Too many ads it's ridiculous plz make them go away",
        "repliedAt": null,
        "replyContent": null,
        "reviewCreatedVersion": null,
        "reviewId": "b528fa7c-53ef-4b25-8462-5683f1e43011",
        "score": 2,
        "thumbsUpCount": 0,
        "userImage": "https://play-lh.googleusercontent.com/a-/ALV-UjVxX1-hT52M1cqmSDv6peRlE0pfGkfcrkc0GDYxRJ_PnyE",
        "userName": "kerri sanfilippo"
    },
    {
        "appVersion": "1.0.6",
        "at": "2023-11-08 13:20:24",
        "content": "Paid for no ads and it did nothing, I still get ads",
        "repliedAt": null,
        "replyContent": null,
        "reviewCreatedVersion": "1.0.6",
        "reviewId": "7c5d98b6-9bce-4bdc-b5f4-701282aaa50e",
        "score": 1,
        "thumbsUpCount": 0,
        "userImage": "https://play-lh.googleusercontent.com/a-/ALV-UjU-JLyHIQ8LQP9c5NqRvT4W5gRtP2I2ZI9RWxYIJvQAL2Oj",
        "userName": "Val Mar"
    },
    {
        "appVersion": "1.0.6",
        "at": "2023-11-07 22:40:33",
        "content": "I paid for no ads but still have ads",
        "repliedAt": null,
        "replyContent": null,
        "reviewCreatedVersion": "1.0.6",
        "reviewId": "ce2ddb02-8952-4df2-a6ad-f29abcae06d6",
        "score": 5,
        "thumbsUpCount": 0,
        "userImage": "https://play-lh.googleusercontent.com/a/ACg8ocK-Z6dZhHAg3hk882WKNLReq6uRcFSZHuuljQJr0toI=mo",
        "userName": "Kejuan Glasco"
    },
    {
        "appVersion": "1.0.6",
        "at": "2023-11-07 18:33:42",
        "content": "Paid for No Ads...still getting ads..I want my money back!!!",
        "repliedAt": null,
        "replyContent": null,
        "reviewCreatedVersion": "1.0.6",
        "reviewId": "ec1af589-35a8-4b4f-8e39-24143b093807",
        "score": 1,
        "thumbsUpCount": 0,
        "userImage": "https://play-lh.googleusercontent.com/a/ACg8ocJJRa32bGPdxjLJcEgpeFFr4dHO-WJruLAYIMFflsZj=mo",
        "userName": "Nikki Lewis"
    },
    {
        "appVersion": "1.0.6",
        "at": "2023-11-07 13:06:53",
        "content": "Great wee game but I have built the zoo and it requires level 14 I have completed post office and at level 12 and I assume there is nowhere else to play to get to level 14 and the vip thing keeps coming up so there are bugs again. I would love to continue this game once you fix it again as maybe you have more to add?",
        "repliedAt": null,
        "replyContent": null,
        "reviewCreatedVersion": "1.0.6",
        "reviewId": "7d5f2e28-6e51-452a-ba5d-5455b462b54c",
        "score": 4,
        "thumbsUpCount": 2,
        "userImage": "https://play-lh.googleusercontent.com/a-/ALV-UjVnJWTvmpT_EjNZMMpMqcCnEZ7rIQovQQl72nJfoprPQQ",
        "userName": "lynney williamson"
    },
    {
        "appVersion": null,
        "at": "2023-11-07 06:17:09",
        "content": "Only played until first forced ad. 5 minutes.",
        "repliedAt": null,
        "replyContent": null,
        "reviewCreatedVersion": null,
        "reviewId": "0ed2940e-f99e-4549-97df-fcf00249ee00",
        "score": 1,
        "thumbsUpCount": 0,
        "userImage": "https://play-lh.googleusercontent.com/a/ACg8ocJqNLxbypOG4hBUcWNp72Z4yHdcXioTUKZJjFqn8N-B=mo",
        "userName": "Viva Lucione"
    },
    {
        "appVersion": "1.0.6",
        "at": "2023-11-07 05:34:47",
        "content": "simple and fun",
        "repliedAt": null,
        "replyContent": null,
        "reviewCreatedVersion": "1.0.6",
        "reviewId": "d6107f51-93d3-4f38-9751-a1609247556d",
        "score": 5,
        "thumbsUpCount": 0,
        "userImage": "https://play-lh.googleusercontent.com/a-/ALV-UjU8WKrVALLh7t1XGJ7GcOji6s9QDaoKnkm2RMGCa8VNcIw",
        "userName": "Robert Rodriguez"
    },
    {
        "appVersion": "1.0.6",
        "at": "2023-11-07 02:35:14",
        "content": "Loved it but it got stuck on the 24 VIP. and for some reason it stopped counting money when I changed shops . Please fix I'll give more \u2b50 when fixed",
        "repliedAt": null,
        "replyContent": null,
        "reviewCreatedVersion": "1.0.6",
        "reviewId": "a94433c0-dee5-41d6-bb32-cfe9e8bb04d4",
        "score": 3,
        "thumbsUpCount": 0,
        "userImage": "https://play-lh.googleusercontent.com/a/ACg8ocJQPSt9B0EVheKo4CJiWloyXCspbbMe0hy9ZdjNznvB=mo",
        "userName": "Jose Abalos"
    },
    {
        "appVersion": "1.0.6",
        "at": "2023-11-06 15:28:14",
        "content": "it's a very fun game",
        "repliedAt": null,
        "replyContent": null,
        "reviewCreatedVersion": "1.0.6",
        "reviewId": "16de8949-bb1f-473f-a526-c7187a654a51",
        "score": 5,
        "thumbsUpCount": 0,
        "userImage": "https://play-lh.googleusercontent.com/a/ACg8ocLLajHS9efdOGt5vc-Be5MlgWYbhgwT9qeCQaiBqS6x=mo",
        "userName": "Kristen Honrychs"
    },
    {
        "appVersion": "1.0.6",
        "at": "2023-11-05 19:46:16",
        "content": "Too many ads",
        "repliedAt": null,
        "replyContent": null,
        "reviewCreatedVersion": "1.0.6",
        "reviewId": "076c16d8-cb34-4e9d-8199-c34faab918f3",
        "score": 2,
        "thumbsUpCount": 0,
        "userImage": "https://play-lh.googleusercontent.com/a-/ALV-UjWdMPOAy-xXjhzGvyl183f-7ok6DHu31ZkyI8PwS3V9Ng",
        "userName": "Tara Mecas"
    },
    {
        "appVersion": "1.0.6",
        "at": "2023-11-04 21:44:06",
        "content": "Italian sausage Restaurant plant the seed!",
        "repliedAt": null,
        "replyContent": null,
        "reviewCreatedVersion": "1.0.6",
        "reviewId": "832715e2-dcf7-4949-b727-c43d7e4d6581",
        "score": 5,
        "thumbsUpCount": 0,
        "userImage": "https://play-lh.googleusercontent.com/a-/ALV-UjXMX54CYqdHwkr_DKof0T35KF7cckY8w_0jNDod5uh_6w",
        "userName": "Katrina Bradley"
    },
    {
        "appVersion": "1.0.6",
        "at": "2023-11-04 05:45:00",
        "content": "Paid to stop ads but still getting ads. Too frustrating for me to continue to play",
        "repliedAt": null,
        "replyContent": null,
        "reviewCreatedVersion": "1.0.6",
        "reviewId": "19d500f3-2da0-4484-8b5a-c5a3b41ea5fb",
        "score": 1,
        "thumbsUpCount": 0,
        "userImage": "https://play-lh.googleusercontent.com/a/ACg8ocLxFrHzxETzs5DwI42Fz5nDnZnDzpnRCeRuu-X_o1GL=mo",
        "userName": "James O'Sullivan"
    },
    {
        "appVersion": "1.0.6",
        "at": "2023-11-02 22:28:05",
        "content": "Stuck on serve 24 vip. The game doesn't mo e past it. Fix the bug.",
        "repliedAt": null,
        "replyContent": null,
        "reviewCreatedVersion": "1.0.6",
        "reviewId": "ca7de3dd-8633-40fb-b856-ea0ed5fd46eb",
        "score": 2,
        "thumbsUpCount": 0,
        "userImage": "https://play-lh.googleusercontent.com/a/ACg8ocJ1L5d8u-e-IFZcCOCONQFUwpAgUBXDUqFAccivUNOL=mo",
        "userName": "Arianna Quesada"
    },
    {
        "appVersion": "1.0.6",
        "at": "2023-11-02 22:03:02",
        "content": "I was loving this game until it got stuck on the 24 VIP Challenge. Idk if its a bug or not but please fix the issue. In the meantime I'll finish the Zoo.",
        "repliedAt": null,
        "replyContent": null,
        "reviewCreatedVersion": "1.0.6",
        "reviewId": "86fa53e8-23c7-4bd6-94d1-e7a3a86f62f1",
        "score": 1,
        "thumbsUpCount": 0,
        "userImage": "https://play-lh.googleusercontent.com/a-/ALV-UjULVuhbBZiwpYzotCqZr0tQAoiqSID2a_aadjJKO8LHvthY",
        "userName": "K R"
    },
    {
        "appVersion": "1.0.6",
        "at": "2023-11-02 19:39:54",
        "content": "lots of fun",
        "repliedAt": null,
        "replyContent": null,
        "reviewCreatedVersion": "1.0.6",
        "reviewId": "cb1219ee-9548-4d68-a3d3-68212900ced3",
        "score": 3,
        "thumbsUpCount": 0,
        "userImage": "https://play-lh.googleusercontent.com/a/ACg8ocIRvrTS_ofWCPFlaT1qZZXcLFkoRea7AbRyDxfH3zrZ=mo",
        "userName": "Darren"
    },
    {
        "appVersion": "1.0.6",
        "at": "2023-11-02 18:24:57",
        "content": "Not my style",
        "repliedAt": null,
        "replyContent": null,
        "reviewCreatedVersion": "1.0.6",
        "reviewId": "8f7a08d2-9ace-434d-9b22-9d037c80d9d4",
        "score": 1,
        "thumbsUpCount": 0,
        "userImage": "https://play-lh.googleusercontent.com/a-/ALV-UjUXPwVghg25EhXqEiSsvlKkvJphM-tlPAEipRCNQ0EvUVg",
        "userName": "Mashell Jay"
    },
    {
        "appVersion": "1.0.6",
        "at": "2023-11-02 15:33:50",
        "content": "I'm at level 12 and I unlocked everything for the zoo but can't enter till I'm lvl 14 but there is nothing more for me to do. If ur gonna release a game then release more then just a couple lvls or something or lets us know if there is more to come but there is nothing not even a contract email \ud83e\udd2c",
        "repliedAt": null,
        "replyContent": null,
        "reviewCreatedVersion": "1.0.6",
        "reviewId": "02248c57-00ad-4982-b82c-062903791193",
        "score": 3,
        "thumbsUpCount": 0,
        "userImage": "https://play-lh.googleusercontent.com/a-/ALV-UjXjUUnskuy4lH2qteyO7bMkclzz00TZxICxephn1_teqA",
        "userName": "Cheryl Bourassa"
    },
    {
        "appVersion": "1.0.6",
        "at": "2023-11-02 13:03:02",
        "content": "I really like this game but I seem to be stuck on level 12 needing 24 vip's every time I do one it still says I need 24 money not adding up anymore either no where to go to work as all are maxed up",
        "repliedAt": null,
        "replyContent": null,
        "reviewCreatedVersion": "1.0.6",
        "reviewId": "ab20ead4-eef0-4667-929c-4cd1a0d4e2b7",
        "score": 1,
        "thumbsUpCount": 0,
        "userImage": "https://play-lh.googleusercontent.com/a/ACg8ocIhW4KVmoyN_c7AKZBj8IdVuIHIriL_GChdsae0eSAH=mo",
        "userName": "Nikki Harrison"
    },
    {
        "appVersion": "1.0.6",
        "at": "2023-11-01 15:37:44",
        "content": "Love this game",
        "repliedAt": null,
        "replyContent": null,
        "reviewCreatedVersion": "1.0.6",
        "reviewId": "d8b35938-72b4-4963-8cd3-a3b0c4e7b4b1",
        "score": 5,
        "thumbsUpCount": 0,
        "userImage": "https://play-lh.googleusercontent.com/a-/ALV-UjXNaIlNm7SNbeuYrQdmRtfsm-XyefhAfkvqyZcHL3y1Tjk",
        "userName": "Marshaun Long"
    },
    {
        "appVersion": "1.0.6",
        "at": "2023-10-31 22:10:00",
        "content": "Stuck at 24 VIP after post office 3 days already another game to delete oh well",
        "repliedAt": null,
        "replyContent": null,
        "reviewCreatedVersion": "1.0.6",
        "reviewId": "b95ba577-e359-42a0-9956-c1ee2c311321",
        "score": 1,
        "thumbsUpCount": 0,
        "userImage": "https://play-lh.googleusercontent.com/a/ACg8ocID-w3HQsei1zsUiunqWxYdIHzXohBATzZ8zW_Grr6w=mo",
        "userName": "Joseph A Santana Jr"
    },
    {
        "appVersion": "1.0.6",
        "at": "2023-10-30 16:48:00",
        "content": "Let me play the dang game for more that 45 seconds!",
        "repliedAt": null,
        "replyContent": null,
        "reviewCreatedVersion": "1.0.6",
        "reviewId": "310c53dc-e836-40b7-8ad9-3f3262d0ee79",
        "score": 1,
        "thumbsUpCount": 0,
        "userImage": "https://play-lh.googleusercontent.com/a-/ALV-UjUx6GCKKP4wMRgdET5bJvBSDRwEaxsZ5ish_ippre6Eq0w",
        "userName": "Derek Walker"
    },
    {
        "appVersion": "1.0.6",
        "at": "2023-10-30 12:56:32",
        "content": "Awesome \ud83d\ude0e",
        "repliedAt": null,
        "replyContent": null,
        "reviewCreatedVersion": "1.0.6",
        "reviewId": "95c4c1b1-2ea5-4430-958e-629f6a7a5f68",
        "score": 5,
        "thumbsUpCount": 0,
        "userImage": "https://play-lh.googleusercontent.com/a/ACg8ocKZE6quVpyOLWRM993HXO0QG_0xFpCkoDThXhDIShWy=mo",
        "userName": "Jason Woolridge"
    },
    {
        "appVersion": "1.0.6",
        "at": "2023-10-30 09:58:42",
        "content": "I would have given 5 stars because this could be a really good game but I'm stuck in the salon and it says serve 24 vip, well I've served double that and nothing is happening. it gets boring real quick now. edit: I see the post office is open now but I can't unlock it. work in progress I'm guessing",
        "repliedAt": null,
        "replyContent": null,
        "reviewCreatedVersion": "1.0.6",
        "reviewId": "e42d78df-35ed-4d98-aa31-25a4ec7664ba",
        "score": 4,
        "thumbsUpCount": 3,
        "userImage": "https://play-lh.googleusercontent.com/a/ACg8ocJEZUQUqa0yZj2pjyGGUJnzpaiptNz_kukr56mJdri_=mo",
        "userName": "Stephanie Nowakowski"
    },
    {
        "appVersion": "1.0.6",
        "at": "2023-10-29 09:58:22",
        "content": "Love this game I've been playing it for a while now but don't know how to serve the vip customers",
        "repliedAt": null,
        "replyContent": null,
        "reviewCreatedVersion": "1.0.6",
        "reviewId": "3b3fcc90-aedb-4e19-927f-8a64492f9732",
        "score": 5,
        "thumbsUpCount": 0,
        "userImage": "https://play-lh.googleusercontent.com/a/ACg8ocKbQz_FD4I0RG89VQOcOqcrrvVj9qIelVLkl-7O_dHe=mo",
        "userName": "Nicola Hope"
    },
    {
        "appVersion": "1.0.6",
        "at": "2023-10-28 14:14:49",
        "content": "Stuck on service 24 vip customers no matter what I do it doesn't count and still get ads even though purchased no ads.. was fun time pass game till now.. please fix these issues and I'll continue to play . But probably gonna file a scam on the charge because it didn't work with no ads",
        "repliedAt": null,
        "replyContent": null,
        "reviewCreatedVersion": "1.0.6",
        "reviewId": "aa309af3-9360-4262-8cb4-1f84568fed07",
        "score": 1,
        "thumbsUpCount": 1,
        "userImage": "https://play-lh.googleusercontent.com/a/ACg8ocIGmN97GaNfe7pi0RMmwMz9lEB7NFsKf9L2vhnppKDiJcg=mo",
        "userName": "Klbh2010"
    },
    {
        "appVersion": "1.0.6",
        "at": "2023-10-28 10:34:11",
        "content": "Great game ruined by ad farming.",
        "repliedAt": null,
        "replyContent": null,
        "reviewCreatedVersion": "1.0.6",
        "reviewId": "02f55b01-a329-4123-be28-89add182caf7",
        "score": 3,
        "thumbsUpCount": 0,
        "userImage": "https://play-lh.googleusercontent.com/a-/ALV-UjW1F7ByNOzMJFtz5gEMJPNiYMswJnRQ6a4EouSY44iRJ_A",
        "userName": "Jakarta Blackshear"
    },
    {
        "appVersion": "1.0.6",
        "at": "2023-10-27 23:38:57",
        "content": "To many adds and Adds in the middle of game play is not nice. Big FAIL ... UNINSTALL IMMEDIATELY",
        "repliedAt": null,
        "replyContent": null,
        "reviewCreatedVersion": "1.0.6",
        "reviewId": "eaea2eb6-5926-473e-9701-389ea5432cc0",
        "score": 1,
        "thumbsUpCount": 0,
        "userImage": "https://play-lh.googleusercontent.com/a/ACg8ocIGDdxjGIGdlZO-4UY4ICnVMMedmiNIkPKgmk5WOJmq=mo",
        "userName": "Ute Sarauer"
    },
    {
        "appVersion": "1.0.6",
        "at": "2023-10-27 23:21:53",
        "content": "Fun game. Short lived career. Game stops progressing after garage,post office and hair salon are complete. Stops adding money at 2.1b.",
        "repliedAt": null,
        "replyContent": null,
        "reviewCreatedVersion": "1.0.6",
        "reviewId": "44b60003-7376-4421-b313-8399e57c198c",
        "score": 3,
        "thumbsUpCount": 0,
        "userImage": "https://play-lh.googleusercontent.com/a/ACg8ocLXW7_YCLGLPtCKF_nrHBolWnNDsPq89k9WQd5FKTew=mo",
        "userName": "alex dhhdh"
    },
    {
        "appVersion": "1.0.6",
        "at": "2023-10-27 20:08:41",
        "content": "Amazing",
        "repliedAt": null,
        "replyContent": null,
        "reviewCreatedVersion": "1.0.6",
        "reviewId": "f643c586-9c67-4a08-b532-93359a9f4186",
        "score": 5,
        "thumbsUpCount": 0,
        "userImage": "https://play-lh.googleusercontent.com/a/ACg8ocIxYNyq4S7yBY1ZORSlCKvXaQ0gfMpq3UxMVjUjNN1U=mo",
        "userName": "Jouveline Saintvil"
    },
    {
        "appVersion": "1.0.6",
        "at": "2023-10-27 01:39:40",
        "content": "Great game but not sure how to serve 25 vip customers",
        "repliedAt": null,
        "replyContent": null,
        "reviewCreatedVersion": "1.0.6",
        "reviewId": "58f70654-a124-4353-b7e4-fa488b5ca820",
        "score": 5,
        "thumbsUpCount": 0,
        "userImage": "https://play-lh.googleusercontent.com/a-/ALV-UjUqAA-fx79IBJ2ZuObzXWh3nij_dMlakFSDpFsxhKcOHw",
        "userName": "Sarah Abaron"
    },
    {
        "appVersion": "1.0.6",
        "at": "2023-10-26 16:16:18",
        "content": "The update only added one new place to work at, then goes back to the 24 VIP requirement. Stuck yet again. Fix the bug! Rip off! Paid to remove ads. I have the hair salon maxed and can't advance because of the serve 24 VIP requirement. Serving them does nothing. Fix it, or give me back my money.",
        "repliedAt": null,
        "replyContent": null,
        "reviewCreatedVersion": "1.0.6",
        "reviewId": "752cb73f-39ed-4197-ab09-b59c2a1f53b3",
        "score": 1,
        "thumbsUpCount": 17,
        "userImage": "https://play-lh.googleusercontent.com/a-/ALV-UjX3MeHTtln7b1S1EgIIiPYVzvmdOaI5ZPdQyXtbPBkCJ9U",
        "userName": "Marj Downey"
    },
    {
        "appVersion": "1.0.6",
        "at": "2023-10-26 02:56:29",
        "content": "great game",
        "repliedAt": null,
        "replyContent": null,
        "reviewCreatedVersion": "1.0.6",
        "reviewId": "db2f293b-cfc4-4de0-bac7-7d9ee2f4fa05",
        "score": 5,
        "thumbsUpCount": 0,
        "userImage": "https://play-lh.googleusercontent.com/a-/ALV-UjXLfFWoLtO6L2Cbo3Fe97u9hQ4pSMPzpqSw8OXblYYurio",
        "userName": "Wilbert Washington"
    },
    {
        "appVersion": "1.0.6",
        "at": "2023-10-25 15:35:06",
        "content": "Soft locked Agen it done it at the salon now it's doing it Agen after you complete post office very frustrating",
        "repliedAt": null,
        "replyContent": null,
        "reviewCreatedVersion": "1.0.6",
        "reviewId": "7370b098-e205-4b43-9401-61e1c60bb1fd",
        "score": 1,
        "thumbsUpCount": 0,
        "userImage": "https://play-lh.googleusercontent.com/a/ACg8ocIo1x8ox3KM9opGuRwkkPOKoDpNfs6cYQApSjdOwinw=mo",
        "userName": "Scott Rowney"
    },
    {
        "appVersion": "1.0.6",
        "at": "2023-10-25 07:47:47",
        "content": "Can't get past level 12 to move to the zoo there's nothing to do to get to level 14 and serving VIP but it's not counting",
        "repliedAt": null,
        "replyContent": null,
        "reviewCreatedVersion": "1.0.6",
        "reviewId": "72c16051-28a3-4f7a-8799-385ba66ac0f0",
        "score": 3,
        "thumbsUpCount": 1,
        "userImage": "https://play-lh.googleusercontent.com/a/ACg8ocL0Aa7aQ-iaGOaLYRSBo-iEEsxCsbFBrSy5r8A7JtLG=mo",
        "userName": "Debbie Fenton"
    },
    {
        "appVersion": "1.0.6",
        "at": "2023-10-25 04:58:05",
        "content": "Good game but can't seem to serve 24vip customers so can't go any further.",
        "repliedAt": null,
        "replyContent": null,
        "reviewCreatedVersion": "1.0.6",
        "reviewId": "e0a04b71-21c2-4753-a7e2-13b017ba622c",
        "score": 1,
        "thumbsUpCount": 2,
        "userImage": "https://play-lh.googleusercontent.com/a/ACg8ocIY4tsychKRtKbdg7mQutGf66UJWafamr0-l_aRnNJE=mo",
        "userName": "Caroline Brown"
    },
    {
        "appVersion": null,
        "at": "2023-10-24 01:49:02",
        "content": "Boring. Progress suddenly bottlenecks.",
        "repliedAt": null,
        "replyContent": null,
        "reviewCreatedVersion": null,
        "reviewId": "166356f5-bd9c-4834-ab8c-35dc93d7c691",
        "score": 1,
        "thumbsUpCount": 0,
        "userImage": "https://play-lh.googleusercontent.com/a-/ALV-UjWI2gpoheWG93XHF9ExsInBtoWQepyBkkiuo4SNzb0cLWo",
        "userName": "Juju Bees"
    },
    {
        "appVersion": "1.0.6",
        "at": "2023-10-23 16:41:13",
        "content": "I love the game, I purchase add free so it will be more fun without adds but I'm still getting adds even with the purchase.",
        "repliedAt": null,
        "replyContent": null,
        "reviewCreatedVersion": "1.0.6",
        "reviewId": "50325a7e-1357-4c19-8681-d193ba107a67",
        "score": 5,
        "thumbsUpCount": 0,
        "userImage": "https://play-lh.googleusercontent.com/a/ACg8ocIA5jwOGJAXMI-aR0Y22qh_Xvk6IrbV1bxROSOClYLv=mo",
        "userName": "Wendy Miranda"
    },
    {
        "appVersion": "1.0.6",
        "at": "2023-10-23 15:51:56",
        "content": "I paid the $3.99 for NO ADS and im still getting ads. I'm confused! \ud83e\udd2a, this needs to be fixed",
        "repliedAt": null,
        "replyContent": null,
        "reviewCreatedVersion": "1.0.6",
        "reviewId": "ea8bd335-80b4-4e8f-8a02-0c9c6d12ad85",
        "score": 1,
        "thumbsUpCount": 1,
        "userImage": "https://play-lh.googleusercontent.com/a-/ALV-UjXIzA3yT0zObCZsDvlRnZd7NEXcKbUNPlJmIdrXWwZf8RD3",
        "userName": "Prada Luechie"
    },
    {
        "appVersion": "1.0.6",
        "at": "2023-10-23 09:23:21",
        "content": "decent game. only one star due to the ads. there's an ad every minute which makes the game suck.",
        "repliedAt": null,
        "replyContent": null,
        "reviewCreatedVersion": "1.0.6",
        "reviewId": "4ab8321e-277b-4d3b-aed0-26fe11162866",
        "score": 1,
        "thumbsUpCount": 0,
        "userImage": "https://play-lh.googleusercontent.com/a/ACg8ocJnO3q8-DEfFRaVF7o23nxQVutic6jBdOhR5LKht-qr=mo",
        "userName": "Hector Maldonado"
    },
    {
        "appVersion": "1.0.6",
        "at": "2023-10-22 10:56:25",
        "content": "Love the game... too many adds for things. Make an add free for rewards option. I would pay $5-9.99.",
        "repliedAt": null,
        "replyContent": null,
        "reviewCreatedVersion": "1.0.6",
        "reviewId": "7b66dc0d-3ef6-4644-9270-83e09688d035",
        "score": 3,
        "thumbsUpCount": 0,
        "userImage": "https://play-lh.googleusercontent.com/a-/ALV-UjXRpShs5l07KbRllQL3c2-D9mQC8gt_1dPqvQK0iuki_FQ",
        "userName": "Jason Price"
    },
    {
        "appVersion": null,
        "at": "2023-10-22 10:30:28",
        "content": "Good game, too many ads.",
        "repliedAt": null,
        "replyContent": null,
        "reviewCreatedVersion": null,
        "reviewId": "76150c5e-386b-4732-97e7-9a9069e0fa08",
        "score": 4,
        "thumbsUpCount": 0,
        "userImage": "https://play-lh.googleusercontent.com/a-/ALV-UjXZ2Upv9RJHrPGnyMl_vcocaGx6o6zq18ptZqugWaumsOk",
        "userName": "Terrance Bolden"
    },
    {
        "appVersion": "1.0.6",
        "at": "2023-10-21 22:57:39",
        "content": "Good game but has bugs. I am stuck at the hair salon. I need 2 more points to levelup, but cannot find anything to help. It seems stuck on VIP objective.",
        "repliedAt": null,
        "replyContent": null,
        "reviewCreatedVersion": "1.0.6",
        "reviewId": "11e4f502-d00e-4660-87f7-6034cfc6f258",
        "score": 3,
        "thumbsUpCount": 3,
        "userImage": "https://play-lh.googleusercontent.com/a-/ALV-UjXeakho44qozKTbc49MECzhKtn5Pc_W3rTeEPFpwbYK9Q",
        "userName": "Slav' Nish"
    },
    {
        "appVersion": "1.0.6",
        "at": "2023-10-21 22:36:56",
        "content": "Brilliant game, I need really love it but the ADS every 30 second's is to much, if it wasn't for the ads I would definitely rate this game with 5 \u2b50 but the ADS are to much to enjoy the game \ud83d\ude33\ud83d\ude24\ud83d\ude21",
        "repliedAt": null,
        "replyContent": null,
        "reviewCreatedVersion": "1.0.6",
        "reviewId": "b3464de4-fbb2-4e3d-8802-d47bd1683edd",
        "score": 3,
        "thumbsUpCount": 0,
        "userImage": "https://play-lh.googleusercontent.com/a/ACg8ocKaz2yO0sTwrkYIjTT120Obmge_ZU0zPblS2XipxS8o=mo",
        "userName": "Gordon Milton"
    },
    {
        "appVersion": "1.0.6",
        "at": "2023-10-21 20:17:56",
        "content": "looks fun so far and really good graphics compared to other games like it",
        "repliedAt": null,
        "replyContent": null,
        "reviewCreatedVersion": "1.0.6",
        "reviewId": "75637964-77af-41e9-adcf-2cbe096622af",
        "score": 5,
        "thumbsUpCount": 0,
        "userImage": "https://play-lh.googleusercontent.com/a-/ALV-UjW4qc1grYFJbVjFKiNNJ5U0J88JJUTG-n6eYgO75VA213Q",
        "userName": "Auracard Warsong"
    },
    {
        "appVersion": null,
        "at": "2023-10-21 19:42:54",
        "content": "Love this game but after I got to salon I can not go anywhere else. It says serve 24 vip's and I have but it still 24 vip's. Also my level is staying the same it just stay at 20 no progression. I am about to delete unless something changes.",
        "repliedAt": null,
        "replyContent": null,
        "reviewCreatedVersion": null,
        "reviewId": "16b0aa78-280e-4600-a40c-7912ffbc40ed",
        "score": 5,
        "thumbsUpCount": 1,
        "userImage": "https://play-lh.googleusercontent.com/a-/ALV-UjU8Sg_kRJvpf9NuU3C26aBz4o4COH8pMqLm3vUO7wK8A0U",
        "userName": "Stayc"
    },
    {
        "appVersion": "1.0.6",
        "at": "2023-10-21 15:46:51",
        "content": "How do I get to level 14 anyone help. OK deleting this poor game couldn't find how to get passed level 14 shame sort this issue out",
        "repliedAt": null,
        "replyContent": null,
        "reviewCreatedVersion": "1.0.6",
        "reviewId": "de521253-753b-4431-8929-46e22079f714",
        "score": 3,
        "thumbsUpCount": 1,
        "userImage": "https://play-lh.googleusercontent.com/a-/ALV-UjXwssOdNyZPzGkBI_jPIdsxQWM6WlaooiFHirFaX7Ur224",
        "userName": "Andrew Taylor"
    },
    {
        "appVersion": "1.0.6",
        "at": "2023-10-21 08:33:26",
        "content": "It is a very good game I am stuck on level 12 I complete the post office and on the serve 24 VIP customers",
        "repliedAt": null,
        "replyContent": null,
        "reviewCreatedVersion": "1.0.6",
        "reviewId": "e4d361d0-aac2-4429-afac-27d7503f0c09",
        "score": 5,
        "thumbsUpCount": 1,
        "userImage": "https://play-lh.googleusercontent.com/a-/ALV-UjUqkOii-8lh1FW8QgmMpFCaqruFjklcplmD_oQJhnPGLA",
        "userName": "Laura Edwards"
    },
    {
        "appVersion": "1.0.6",
        "at": "2023-10-20 18:59:03",
        "content": "It's a really good game except I paid for the privilege of no ads and after a couple of premium selections, I'm watching ads again. What was the point of paying???",
        "repliedAt": null,
        "replyContent": null,
        "reviewCreatedVersion": "1.0.6",
        "reviewId": "a2ab036a-5ef7-4c72-b4ac-5f942ee2e0c9",
        "score": 3,
        "thumbsUpCount": 0,
        "userImage": "https://play-lh.googleusercontent.com/a-/ALV-UjWyhUa5-TQM8wgps88ohsJzJtEd_-2UrMqJeZgAMP4-1GE",
        "userName": "Claire Kay"
    },
    {
        "appVersion": "1.0.6",
        "at": "2023-10-20 05:18:49",
        "content": "Horrible because you can't work alone .",
        "repliedAt": null,
        "replyContent": null,
        "reviewCreatedVersion": "1.0.6",
        "reviewId": "20875454-d317-4b5e-b5c6-4fa1aaf09fc1",
        "score": 1,
        "thumbsUpCount": 0,
        "userImage": "https://play-lh.googleusercontent.com/a-/ALV-UjVvil5LBrc7F37Mi115ljKD33iDJGAd0CEhYAjJMgqzOQ",
        "userName": "sarah \u201cSarah Movie reviewer\u201d movie reviewer"
    },
    {
        "appVersion": null,
        "at": "2023-10-19 07:44:51",
        "content": "To aggravating",
        "repliedAt": null,
        "replyContent": null,
        "reviewCreatedVersion": null,
        "reviewId": "4e0add5b-293a-42c5-bcbf-664cc03842bf",
        "score": 5,
        "thumbsUpCount": 0,
        "userImage": "https://play-lh.googleusercontent.com/a-/ALV-UjW7UY9M9bc8LT69pdkjAgE7UCqplqD_kNAsY89bxedNtg",
        "userName": "James Denmark"
    },
    {
        "appVersion": "1.0.6",
        "at": "2023-10-18 06:31:25",
        "content": "How do you open new shop after post office",
        "repliedAt": null,
        "replyContent": null,
        "reviewCreatedVersion": "1.0.6",
        "reviewId": "70692289-12c3-4985-80a9-32bba5cfef2c",
        "score": 5,
        "thumbsUpCount": 0,
        "userImage": "https://play-lh.googleusercontent.com/a/ACg8ocLuP-hhCmfoV14EvioXT44DU10HryVn0xhwwKNoxT45=mo",
        "userName": "barbara marshall"
    },
    {
        "appVersion": "1.0.5",
        "at": "2023-10-18 05:47:52",
        "content": "I love the game",
        "repliedAt": null,
        "replyContent": null,
        "reviewCreatedVersion": "1.0.5",
        "reviewId": "22069a9a-08cd-4395-a854-420bcb9de084",
        "score": 5,
        "thumbsUpCount": 0,
        "userImage": "https://play-lh.googleusercontent.com/a-/ALV-UjWggw3jBwsFOVrmsAm88gMCwqfFMuVZ4adk3BD_f3KeffA",
        "userName": "Rosemary Bleau"
    },
    {
        "appVersion": "1.0.5",
        "at": "2023-10-16 05:28:57",
        "content": "Stuck on the salon fix I will change my review",
        "repliedAt": null,
        "replyContent": null,
        "reviewCreatedVersion": "1.0.5",
        "reviewId": "7078485f-ab14-463a-8973-2edf6b7d6549",
        "score": 2,
        "thumbsUpCount": 0,
        "userImage": "https://play-lh.googleusercontent.com/a-/ALV-UjVXKvKgjj8DMtxIizkES2NC270DtOF8ShcIbcUdQ9yNc6M",
        "userName": "Julie Parsley"
    },
    {
        "appVersion": "1.0.5",
        "at": "2023-10-16 02:12:14",
        "content": "Having issues",
        "repliedAt": null,
        "replyContent": null,
        "reviewCreatedVersion": "1.0.5",
        "reviewId": "46170bbd-bc6f-4ccf-bc4a-916da0cf91f7",
        "score": 1,
        "thumbsUpCount": 0,
        "userImage": "https://play-lh.googleusercontent.com/a-/ALV-UjXy1XEDAyjo9g4R1xef0WOyCZ8_u4Veje4Tluw-TGtdLg",
        "userName": "Rose Beardslee"
    },
    {
        "appVersion": "1.0.6",
        "at": "2023-10-15 23:08:44",
        "content": "Can't figure out how to play.",
        "repliedAt": null,
        "replyContent": null,
        "reviewCreatedVersion": "1.0.6",
        "reviewId": "dd2a57f8-3535-4e38-bc9a-258b96ad027d",
        "score": 1,
        "thumbsUpCount": 0,
        "userImage": "https://play-lh.googleusercontent.com/a/ACg8ocI_hew8UxrScPdqt8grxaTP_cZ86QVX0vnsn3iAeEqK=mo",
        "userName": "Eva Beasley"
    },
    {
        "appVersion": null,
        "at": "2023-10-15 21:53:18",
        "content": "It was a fun game until I couldn't get passed level 202. I had made so much money, it stopped counting. I had to re- install the game. Hopefully it will work.",
        "repliedAt": null,
        "replyContent": null,
        "reviewCreatedVersion": null,
        "reviewId": "3b7b64a5-6402-4a7d-bf8e-90479d711dec",
        "score": 3,
        "thumbsUpCount": 0,
        "userImage": "https://play-lh.googleusercontent.com/a/ACg8ocJO7cL3zmUzqbsPWNXOvWQbIxUubrVMDiRQNjdbR8wT=mo",
        "userName": "Andrea Spencer"
    },
    {
        "appVersion": "1.0.5",
        "at": "2023-10-15 14:25:42",
        "content": "I think its fun but i need to go to Level 11 but i cant i dont know that to do i am finished with The salon and cant do anything anymore , can anybody help me?",
        "repliedAt": null,
        "replyContent": null,
        "reviewCreatedVersion": "1.0.5",
        "reviewId": "92b84e69-dd3b-4877-b749-b93393627632",
        "score": 3,
        "thumbsUpCount": 0,
        "userImage": "https://play-lh.googleusercontent.com/a-/ALV-UjVcNvZqhpXGlmaDzx7pkHllO_OWLrISQ9p1a2TVp4hpnSE",
        "userName": "Mowkey Kida"
    },
    {
        "appVersion": "1.0.6",
        "at": "2023-10-15 08:17:23",
        "content": "Been a good game but now it seems to riddled with adverts every few minutes. Also seems to be frozen at Level 11. How on earth do you help the VIPs. Seems to lack instructions.",
        "repliedAt": null,
        "replyContent": null,
        "reviewCreatedVersion": "1.0.6",
        "reviewId": "3a93c2f6-eba3-4e7f-a303-e7460c95d1c3",
        "score": 3,
        "thumbsUpCount": 4,
        "userImage": "https://play-lh.googleusercontent.com/a/ACg8ocIi7SIBXVNYISboDGs1pnzK4wAMiz_BHXiutFlPNZu9rg=mo",
        "userName": "Mike Shepherd"
    },
    {
        "appVersion": "1.0.5",
        "at": "2023-10-13 21:16:20",
        "content": "fun so far",
        "repliedAt": null,
        "replyContent": null,
        "reviewCreatedVersion": "1.0.5",
        "reviewId": "e62a7fef-a3f6-4191-afd3-aa4f13102483",
        "score": 5,
        "thumbsUpCount": 0,
        "userImage": "https://play-lh.googleusercontent.com/a-/ALV-UjVMk4eculYBKCUT28_LoUbZIlQIeKtO0e7UyCLXZ4LETw0",
        "userName": "Ramona Martinez"
    },
    {
        "appVersion": "1.0.5",
        "at": "2023-10-13 11:20:43",
        "content": "It's a great game, in the spa one and I have updated everything but need to get 202 stars but don't know how do can't progress :(",
        "repliedAt": null,
        "replyContent": null,
        "reviewCreatedVersion": "1.0.5",
        "reviewId": "f96f0b40-bf54-4ae4-895a-b6ba05900dc5",
        "score": 5,
        "thumbsUpCount": 0,
        "userImage": "https://play-lh.googleusercontent.com/a/ACg8ocLq74cVz8T9MSJ5gBIlT3LTnQqXhly5aZ4bLpG-OD0ZUg=mo",
        "userName": "Aimee Sissons"
    },
    {
        "appVersion": "1.0.5",
        "at": "2023-10-13 07:21:24",
        "content": "Please add more levels!! Other than that, great game, fun graphics and keeps your interest",
        "repliedAt": null,
        "replyContent": null,
        "reviewCreatedVersion": "1.0.5",
        "reviewId": "39be8053-79dc-4ac5-99c8-3083bc0183b2",
        "score": 3,
        "thumbsUpCount": 0,
        "userImage": "https://play-lh.googleusercontent.com/a/ACg8ocKjreHDYUj0P_TVc5-VplAQkZYQnJCeQJmrfllDTnVS=mo",
        "userName": "Kylie W"
    },
    {
        "appVersion": "1.0.5",
        "at": "2023-10-12 21:28:14",
        "content": "I can't get passed tge spa level I'm on level 10 and not sure what more to do? Help",
        "repliedAt": null,
        "replyContent": null,
        "reviewCreatedVersion": "1.0.5",
        "reviewId": "741100ce-0d82-4d2d-b19f-9c7b3e56229a",
        "score": 1,
        "thumbsUpCount": 0,
        "userImage": "https://play-lh.googleusercontent.com/a/ACg8ocLyA-ARBotm_6-NDOTiOVX_n0gdlDBnKGxAxT5McAmo=mo",
        "userName": "Christy Lamb"
    },
    {
        "appVersion": "1.0.5",
        "at": "2023-10-11 20:45:39",
        "content": "Well it works really well it's awesome to play till you get to the hair salon. You can't go any further than that. It's very upsetting that I put that time into it only to get stuck on the spa. Anyway I give this 3 stars. Fix this issue please so I can give you 5 stars.",
        "repliedAt": null,
        "replyContent": null,
        "reviewCreatedVersion": "1.0.5",
        "reviewId": "3a72cc17-c34d-4d49-9146-e3b9c897d3e6",
        "score": 3,
        "thumbsUpCount": 2,
        "userImage": "https://play-lh.googleusercontent.com/a-/ALV-UjU_Ie_uAnk8HqhnKt2AT-h7VTIbkdqSsbtvOvF5puhLLag",
        "userName": "pinky"
    },
    {
        "appVersion": "1.0.5",
        "at": "2023-10-11 15:08:46",
        "content": "Nice time killer. Too bad there are TOO MANY ADS TOOOOOO FREQUENTLY. UNINSTALLED",
        "repliedAt": null,
        "replyContent": null,
        "reviewCreatedVersion": "1.0.5",
        "reviewId": "d4328df0-6b83-4a46-b691-9a3bfae1d90e",
        "score": 2,
        "thumbsUpCount": 0,
        "userImage": "https://play-lh.googleusercontent.com/a-/ALV-UjXALjqZbY7owt_MJp_X67OvJrSIB_IKJmihMU-skPsJ01Q",
        "userName": "Googleuser Mine2"
    },
    {
        "appVersion": "1.0.5",
        "at": "2023-10-10 04:02:42",
        "content": "Boring. Non stop ads.",
        "repliedAt": null,
        "replyContent": null,
        "reviewCreatedVersion": "1.0.5",
        "reviewId": "74bc4802-bddb-4e68-9dec-69e7064ba703",
        "score": 1,
        "thumbsUpCount": 1,
        "userImage": "https://play-lh.googleusercontent.com/a/ACg8ocImDPhZEPPMBS--IuoP1O5PXTL0kT4n6lGH7H7YltlE=mo",
        "userName": "Rob Peters"
    },
    {
        "appVersion": "1.0.4",
        "at": "2023-10-09 01:14:24",
        "content": "It keeps freezing and kicking me out.",
        "repliedAt": null,
        "replyContent": null,
        "reviewCreatedVersion": "1.0.4",
        "reviewId": "e1db3d38-7d58-4aee-8ddf-525659b7ae58",
        "score": 1,
        "thumbsUpCount": 0,
        "userImage": "https://play-lh.googleusercontent.com/a-/ALV-UjWhV_57NEeWqDl7iJk0vFPgK2AK_wr2RxKU-124KyvEmfM",
        "userName": "Chantel Talabert"
    },
    {
        "appVersion": "1.0.5",
        "at": "2023-10-08 15:06:55",
        "content": "No one wants to be forced to watch ads every 30 seconds then I have to pay to make it stop. Love the over all concept of the game but enough already with the endless nonstop ads. It's annoying and frustrating.",
        "repliedAt": null,
        "replyContent": null,
        "reviewCreatedVersion": "1.0.5",
        "reviewId": "050ce731-95a1-4b82-b129-7447dacbd5ab",
        "score": 3,
        "thumbsUpCount": 24,
        "userImage": "https://play-lh.googleusercontent.com/a-/ALV-UjWnVoO3hG9ahcTHooJFWlQcKD6Hou9Sk49QU3mPPzUPudse",
        "userName": "Shelly Standish"
    },
    {
        "appVersion": "1.0.4",
        "at": "2023-10-07 21:44:18",
        "content": "because I just opened the game and you're asking for a rating",
        "repliedAt": null,
        "replyContent": null,
        "reviewCreatedVersion": "1.0.4",
        "reviewId": "653cd865-f0e6-4571-a752-4cd7b2ae2511",
        "score": 1,
        "thumbsUpCount": 0,
        "userImage": "https://play-lh.googleusercontent.com/a/ACg8ocLzMvfxn9pfhjHVoyVGrwn-9D4aESUKiCGpEfWeSAHj=mo",
        "userName": "Ken MacDonald"
    },
    {
        "appVersion": "1.0.4",
        "at": "2023-10-07 21:18:18",
        "content": "Forced ads every 30 seconds.",
        "repliedAt": null,
        "replyContent": null,
        "reviewCreatedVersion": "1.0.4",
        "reviewId": "80125d71-1255-48d6-b0b2-8e084f334975",
        "score": 1,
        "thumbsUpCount": 0,
        "userImage": "https://play-lh.googleusercontent.com/a/ACg8ocKd3vc_a9MqHcWwGu6xZgrgltYdfeS1igBE5tMmKSei=mo",
        "userName": "Kevin Trant"
    },
    {
        "appVersion": "1.0.4",
        "at": "2023-10-07 18:12:21",
        "content": "The advertisements are constant",
        "repliedAt": null,
        "replyContent": null,
        "reviewCreatedVersion": "1.0.4",
        "reviewId": "76682235-3502-416d-8ca4-e3a81101a15b",
        "score": 2,
        "thumbsUpCount": 0,
        "userImage": "https://play-lh.googleusercontent.com/a-/ALV-UjVdAlZ2Lfx2resexxljZwf6MmDRY_4OMWjaYtC7GfbSTg",
        "userName": "Samantha Scruggs"
    },
    {
        "appVersion": "1.0.5",
        "at": "2023-10-06 23:22:10",
        "content": "Loving the game so far. I can't get past level 10. I finished the hair salon and the game says to serve 24 VIP's but it gets you nowhere. I've served the 24 VIP's and then some, the game won't let me go further.",
        "repliedAt": null,
        "replyContent": null,
        "reviewCreatedVersion": "1.0.5",
        "reviewId": "1e5c64f9-7ec2-48d2-a334-b2373950a5dc",
        "score": 3,
        "thumbsUpCount": 4,
        "userImage": "https://play-lh.googleusercontent.com/a/ACg8ocJUxcuZn3fGEpIjy5nTEgss488rVywRNkZJBrUvTWkN=mo",
        "userName": "Samantha Hebberd"
    },
    {
        "appVersion": "1.0.4",
        "at": "2023-10-06 19:51:29",
        "content": "I was having fun until I got stuck on serve 24 VIP customers and I think this should be removed because it won't take that I already did this or show me how to complete it",
        "repliedAt": null,
        "replyContent": null,
        "reviewCreatedVersion": "1.0.4",
        "reviewId": "3bce3281-c3aa-4ad0-a204-53646de2d27a",
        "score": 2,
        "thumbsUpCount": 0,
        "userImage": "https://play-lh.googleusercontent.com/a/ACg8ocK-Iiyz_Unubrp7ujtJQKMAMgM0ceAIXZyqLtEx_cja=mo",
        "userName": "Sabrina Husted"
    },
    {
        "appVersion": "1.0.4",
        "at": "2023-10-06 13:32:11",
        "content": "Great game but when get to garage. The game cuts out. Tried multiple times and keeps doing it. Therefore 3 stars.",
        "repliedAt": null,
        "replyContent": null,
        "reviewCreatedVersion": "1.0.4",
        "reviewId": "0940869c-db57-4296-93f5-6a64d95b9605",
        "score": 3,
        "thumbsUpCount": 3,
        "userImage": "https://play-lh.googleusercontent.com/a/ACg8ocL0iZjOMPwMR1o_BnZrmuvb-qZDNvis7-Swxw6tTfHE=mo",
        "userName": "linsey Tamiya"
    },
    {
        "appVersion": "1.0.4",
        "at": "2023-10-06 13:11:03",
        "content": "It was really fun until it started forcing me to watch ads. I don't mind watching for bonus content and upgraded items but it will just pop up an ad and force you to watch. Another Uninstall.",
        "repliedAt": null,
        "replyContent": null,
        "reviewCreatedVersion": "1.0.4",
        "reviewId": "2bedecaf-2f02-41bf-b70b-57d36c5138b5",
        "score": 2,
        "thumbsUpCount": 1,
        "userImage": "https://play-lh.googleusercontent.com/a-/ALV-UjW6moM_MxNDzzbIbn7qmNHSPixhIO8Glkkgl2CfwUhIg2_1",
        "userName": "Sylvia H"
    },
    {
        "appVersion": "1.0.5",
        "at": "2023-10-05 11:41:26",
        "content": "Love the game how ever how do I get to level 11 don't see anything to get me there",
        "repliedAt": null,
        "replyContent": null,
        "reviewCreatedVersion": "1.0.5",
        "reviewId": "62f251c5-3e36-4d0a-88a5-f8ca723bb3ac",
        "score": 5,
        "thumbsUpCount": 0,
        "userImage": "https://play-lh.googleusercontent.com/a/ACg8ocIZcFKho4W--DfAr5E4TwCNpPoWEGOtmw4N_zhOn5il=mo",
        "userName": "Yvette Porter"
    },
    {
        "appVersion": "1.0.4",
        "at": "2023-10-04 18:27:54",
        "content": "Too many ads",
        "repliedAt": null,
        "replyContent": null,
        "reviewCreatedVersion": "1.0.4",
        "reviewId": "839908cc-3ea0-490f-ad88-dee7e208b649",
        "score": 2,
        "thumbsUpCount": 0,
        "userImage": "https://play-lh.googleusercontent.com/a-/ALV-UjU9s4iAsbok3JHJD6T8mQrQqZi8UEufw5OrdsBGvYGxoOM",
        "userName": "Daven Todd"
    },
    {
        "appVersion": "1.0.5",
        "at": "2023-10-03 22:33:01",
        "content": "Fun so far. A few things, though... I've reached cap level 10 it seems and there is no way of knowing what to do next. I guess if you go out the door, it tells you to serve 24 vips. Still, it doesn't help. There is literally nothing to do after the hair salon is done. Rant but kind of jumbled, sorry.",
        "repliedAt": null,
        "replyContent": null,
        "reviewCreatedVersion": "1.0.5",
        "reviewId": "5b8fd76f-d4cc-4671-bc15-1ffb606b230b",
        "score": 3,
        "thumbsUpCount": 16,
        "userImage": "https://play-lh.googleusercontent.com/a-/ALV-UjX2Wn6WNwKWU11Fwfbg0IP7karkkqym6imjyokmqjE8yfI",
        "userName": "Tiffany Hippach"
    },
    {
        "appVersion": "1.0.4",
        "at": "2023-10-03 19:12:35",
        "content": "Too many ads in the game! Cannot progress to level 11 as there seems to be some bug issues in level 10. Please fix this issue.",
        "repliedAt": null,
        "replyContent": null,
        "reviewCreatedVersion": "1.0.4",
        "reviewId": "68ac32a9-923a-4fbf-a0b5-e18cb56fe9bf",
        "score": 3,
        "thumbsUpCount": 0,
        "userImage": "https://play-lh.googleusercontent.com/a/ACg8ocKNJ_SsNoh2qPZwxbHPH-oNl0bJnAFudZIvHS42pzld=mo",
        "userName": "Kristen P"
    },
    {
        "appVersion": "1.0.5",
        "at": "2023-10-03 09:28:14",
        "content": "I think this is the best game of this genre that I played so far. Levels are fun and the difficult increases on a constant way, which adds challenge but won't let you stucked on a level (I'm at the Spa level). The 3-Stars Justification: I think there's a bug during the \"Serve 24 VIP Customers\" task. It seems that this progress is not counting! I don't know if I'm doing it wrong or if it is a bug. Can Dev Team check this, please? When fixed, for sure it will be a 5-Stars game for me!",
        "repliedAt": null,
        "replyContent": null,
        "reviewCreatedVersion": "1.0.5",
        "reviewId": "a104c19a-9835-43ec-a775-f24b84252ee2",
        "score": 3,
        "thumbsUpCount": 46,
        "userImage": "https://play-lh.googleusercontent.com/a-/ALV-UjX8RqE0bjOpknYTHwwirjJdSt2bMMbC7LWasoWcDt8P9uc",
        "userName": "Rafael Feh\u00e9r"
    },
    {
        "appVersion": "1.0.5",
        "at": "2023-10-03 08:50:27",
        "content": "Forced ads every minute. Don't install. Not a game just a glorified ad ridden trash heap.",
        "repliedAt": null,
        "replyContent": null,
        "reviewCreatedVersion": "1.0.5",
        "reviewId": "d20fb7df-ef10-4643-b350-50ddf29347af",
        "score": 1,
        "thumbsUpCount": 0,
        "userImage": "https://play-lh.googleusercontent.com/a-/ALV-UjWoONW4emFrHic0p5S3T0ecthjFyBEUoyZ2rWCJU89mtbY",
        "userName": "F M (Facts)"
    },
    {
        "appVersion": "1.0.4",
        "at": "2023-10-03 02:45:45",
        "content": "I really like this game so I paid for \"NO ADS\" why am I still getting \"ADS\" I need a REFUND! ASAP! bc I'm still seeing ADS!",
        "repliedAt": null,
        "replyContent": null,
        "reviewCreatedVersion": "1.0.4",
        "reviewId": "d4c2c420-c29c-48b3-99ab-23ffd36f6802",
        "score": 3,
        "thumbsUpCount": 1,
        "userImage": "https://play-lh.googleusercontent.com/a/ACg8ocJ5QsE51NMVW93Oeo7vLoTtrnqRt77kvz1wWkwFPBn5=mo",
        "userName": "Tee"
    },
    {
        "appVersion": "1.0.5",
        "at": "2023-10-02 23:46:58",
        "content": "what the point of the remove ads to still get them",
        "repliedAt": null,
        "replyContent": null,
        "reviewCreatedVersion": "1.0.5",
        "reviewId": "75fadd23-6680-4650-96d0-02e645fd0aac",
        "score": 4,
        "thumbsUpCount": 0,
        "userImage": "https://play-lh.googleusercontent.com/a/ACg8ocKYK7-b6xCVZtshU6bFDt-vTo9uSrPKEe5GGceTJKmn=mo",
        "userName": "lizzy1980 sage"
    },
    {
        "appVersion": "1.0.4",
        "at": "2023-10-02 16:34:46",
        "content": "Mediocre game play ruined by ads. I get that devs need money... but before you can really get going on the game the ad creep happens. Banner ads, okay. Ads for rewards. Okay. Ads for rewards that if you get anywhere near trigger... not Okay. Forced ads on top of other ads... it's an ad farm. Wanted to give a new game a good review to boost em... so I gave an extra star... disappointing.",
        "repliedAt": null,
        "replyContent": null,
        "reviewCreatedVersion": "1.0.4",
        "reviewId": "324de45b-1640-4e43-85bf-c15d91dd2662",
        "score": 3,
        "thumbsUpCount": 21,
        "userImage": "https://play-lh.googleusercontent.com/a-/ALV-UjVOnTROhFlGXDb9qSZadGy06uQligdggRIZRkXxE5GnAw",
        "userName": "J Dahle"
    },
    {
        "appVersion": "1.0.5",
        "at": "2023-10-02 11:25:31",
        "content": "Business Dude is totally fun too play!",
        "repliedAt": null,
        "replyContent": null,
        "reviewCreatedVersion": "1.0.5",
        "reviewId": "77b294a9-ddfb-4a77-818c-7dd3546291aa",
        "score": 5,
        "thumbsUpCount": 0,
        "userImage": "https://play-lh.googleusercontent.com/a/ACg8ocJtGRMoe3r8h7tMOqdIretzST9722_RKunjFE3bqSw2=mo",
        "userName": "Nikk"
    },
    {
        "appVersion": "1.0.5",
        "at": "2023-10-01 22:48:23",
        "content": "I PAID FOR NO APPS AND I KEEP GETTING THEM. AND FOR SOME REASON THE GAME WON'T GO PASS LEVEL 9",
        "repliedAt": null,
        "replyContent": null,
        "reviewCreatedVersion": "1.0.5",
        "reviewId": "42baf775-91bf-4c66-986e-762981119fe7",
        "score": 1,
        "thumbsUpCount": 1,
        "userImage": "https://play-lh.googleusercontent.com/a-/ALV-UjWtIhyM4atdBss15w7DoFRs-nL6NkEQOztfj6OLHIXzPWPc",
        "userName": "Lashelle Sanders"
    },
    {
        "appVersion": "1.0.4",
        "at": "2023-10-01 21:41:24",
        "content": "Fun up to a certain point. Once you get to the hair salon, the upgrades cost so much more than you get that progression is super slow.",
        "repliedAt": null,
        "replyContent": null,
        "reviewCreatedVersion": "1.0.4",
        "reviewId": "5f955a51-e2de-4485-ad1c-90beb0edfe21",
        "score": 2,
        "thumbsUpCount": 3,
        "userImage": "https://play-lh.googleusercontent.com/a/ACg8ocJw33PkxZjU5Fi_WhbhQfHV9u1VV-Ch1HHolLuVMkMu=mo",
        "userName": "Matt Foster"
    },
    {
        "appVersion": "1.0.4",
        "at": "2023-10-01 08:25:18",
        "content": "Why can't I pass level 9. Been stuck on it trying to get the 24 VIP guests and the number doesn't go down and I can't level up. What can I do to level up??",
        "repliedAt": null,
        "replyContent": null,
        "reviewCreatedVersion": "1.0.4",
        "reviewId": "ee5d2918-fe46-44d3-a223-fb77b8b12683",
        "score": 1,
        "thumbsUpCount": 4,
        "userImage": "https://play-lh.googleusercontent.com/a-/ALV-UjV6CGE8M_wKlHyu8x8Dagi1606t2KQqCCsIklecI0Ujqs4",
        "userName": "Tiffani Jeffery"
    },
    {
        "appVersion": "1.0.5",
        "at": "2023-09-30 07:17:24",
        "content": "I am 13 stars off leveling up to level 11 but there is nothing else to do so I cannot progress???!",
        "repliedAt": null,
        "replyContent": null,
        "reviewCreatedVersion": "1.0.5",
        "reviewId": "abab1c08-2853-4549-ab51-69fd772ac37e",
        "score": 2,
        "thumbsUpCount": 2,
        "userImage": "https://play-lh.googleusercontent.com/a-/ALV-UjUihgqi8bTLhuzNdgjWs-uvgM5sfK7Qi4f4b25-xlWlx1w",
        "userName": "Karen B"
    },
    {
        "appVersion": "1.0.5",
        "at": "2023-09-30 04:23:35",
        "content": "normal give money to make money, heavy ads to get ahead game, however it is fun",
        "repliedAt": null,
        "replyContent": null,
        "reviewCreatedVersion": "1.0.5",
        "reviewId": "c55dc99b-358a-428a-acff-ccc6006fb6d1",
        "score": 4,
        "thumbsUpCount": 0,
        "userImage": "https://play-lh.googleusercontent.com/a-/ALV-UjXS0kd-fUuwXZW-kfXgU0juHSFl7AyEUPdByDs3ZdP0GWo",
        "userName": "Donghae 28"
    },
    {
        "appVersion": "1.0.5",
        "at": "2023-09-30 00:40:24",
        "content": "I love to play the game a lot",
        "repliedAt": null,
        "replyContent": null,
        "reviewCreatedVersion": "1.0.5",
        "reviewId": "79b0c4ac-3c61-41e9-b113-5036fc9e0549",
        "score": 5,
        "thumbsUpCount": 0,
        "userImage": "https://play-lh.googleusercontent.com/a/ACg8ocIGkZHPHNTJ11So_nN53PcAjz6b76jZ1VhBvoBgTpE2=mo",
        "userName": "Felipe JJimenez"
    },
    {
        "appVersion": "1.0.5",
        "at": "2023-09-29 07:54:37",
        "content": "fun game",
        "repliedAt": null,
        "replyContent": null,
        "reviewCreatedVersion": "1.0.5",
        "reviewId": "0c5f2789-210d-4162-baa8-a7c59cfad5dd",
        "score": 5,
        "thumbsUpCount": 1,
        "userImage": "https://play-lh.googleusercontent.com/a/ACg8ocJaNY8Gr32ml2mhpdpZGIpC4KZ31pWMRclqv2p7XbXM=mo",
        "userName": "Timmy twotwo"
    },
    {
        "appVersion": "1.0.5",
        "at": "2023-09-29 03:05:12",
        "content": "Would be a 5 but can't get to level 11 there is nothing left to do",
        "repliedAt": null,
        "replyContent": null,
        "reviewCreatedVersion": "1.0.5",
        "reviewId": "559e4175-06b4-407e-92d2-b21f9e077dc3",
        "score": 3,
        "thumbsUpCount": 1,
        "userImage": "https://play-lh.googleusercontent.com/a-/ALV-UjWefNXIEEX4rsayt1AVgZn2mAxh-mA-CNECMwraFh_Kjw",
        "userName": "Carly Richards"
    },
    {
        "appVersion": "1.0.5",
        "at": "2023-09-28 22:45:04",
        "content": "Ads are too frequent, and cost too much to make any progress",
        "repliedAt": null,
        "replyContent": null,
        "reviewCreatedVersion": "1.0.5",
        "reviewId": "cee91ca5-6334-437c-b37e-7cfc9852ec55",
        "score": 1,
        "thumbsUpCount": 0,
        "userImage": "https://play-lh.googleusercontent.com/a-/ALV-UjWKM9Jv8xipNqbBvnCpdMPprR43IcIwrJMwC2B1AsGY2_UQ",
        "userName": "Dany Lacio"
    },
    {
        "appVersion": "1.0.4",
        "at": "2023-09-27 17:42:38",
        "content": "Cute game, great graphics but I can't level up to level 11. I paid for no ads, and now it simply feels like a total waste of time and money \ud83d\ude21",
        "repliedAt": null,
        "replyContent": null,
        "reviewCreatedVersion": "1.0.4",
        "reviewId": "1ef27b0c-dbd6-4fc4-8092-02dbe2263e0e",
        "score": 3,
        "thumbsUpCount": 16,
        "userImage": "https://play-lh.googleusercontent.com/a/ACg8ocKjreHDYUj0P_TVc5-VplAQkZYQnJCeQJmrfllDTnVS=mo",
        "userName": "Kylie W"
    },
    {
        "appVersion": "1.0.4",
        "at": "2023-09-27 07:56:20",
        "content": "What a shame another game that's ruined by forced ads, it doesn't even allow you to watch ads for rewards but it has no problems with forcing ads to players every couple of seconds. Can't really play a game that forces so many ads.",
        "repliedAt": null,
        "replyContent": null,
        "reviewCreatedVersion": "1.0.4",
        "reviewId": "eafc91bc-58f3-4726-b1d7-0bac3ab84c43",
        "score": 1,
        "thumbsUpCount": 21,
        "userImage": "https://play-lh.googleusercontent.com/a/ACg8ocK4sHPpze0lRB1ZmRbYxRWxnS2ve8eXaf89o5hpWhC7=mo",
        "userName": "Gaming GuyG"
    },
    {
        "appVersion": "1.0.4",
        "at": "2023-09-27 06:14:50",
        "content": "great game for business",
        "repliedAt": null,
        "replyContent": null,
        "reviewCreatedVersion": "1.0.4",
        "reviewId": "9843006a-2e38-47a4-bca2-7a3a929ae388",
        "score": 5,
        "thumbsUpCount": 0,
        "userImage": "https://play-lh.googleusercontent.com/a-/ALV-UjWYuouvDvi-CZAGHLOvoI50Zp7dCDlJ9gawDYPSRXmhxSba",
        "userName": "Stuart Pierce"
    },
    {
        "appVersion": null,
        "at": "2023-09-27 04:17:15",
        "content": "To many ads. This game sucks anyways.",
        "repliedAt": null,
        "replyContent": null,
        "reviewCreatedVersion": null,
        "reviewId": "2670bacd-330c-4052-bb1c-ef1a1e1d06bd",
        "score": 2,
        "thumbsUpCount": 0,
        "userImage": "https://play-lh.googleusercontent.com/a-/ALV-UjXSB0Oyr3UJhriq8kxzmnmytm-JA_J_1bbh5UNFl923XZY",
        "userName": "Mel"
    },
    {
        "appVersion": "1.0.5",
        "at": "2023-09-26 08:08:27",
        "content": "Really enjoying this game. You can play without internet connection. And the game progresses quickly the only thing is I'm now in the second location and I can't seem to get prices for the upgrades",
        "repliedAt": null,
        "replyContent": null,
        "reviewCreatedVersion": "1.0.5",
        "reviewId": "a2291398-fcda-4180-becb-ada361698bc3",
        "score": 4,
        "thumbsUpCount": 3,
        "userImage": "https://play-lh.googleusercontent.com/a/ACg8ocJcEqIobUzXAYMaN3LX8miVeeCmzNpnSsKpa8wjJIcD=mo",
        "userName": "Kayleigh Davies"
    },
    {
        "appVersion": "1.0.5",
        "at": "2023-09-25 08:40:36",
        "content": "SUPERB \ud83c\udfaf",
        "repliedAt": null,
        "replyContent": null,
        "reviewCreatedVersion": "1.0.5",
        "reviewId": "6bc24868-4a73-4ff1-a0da-3d9bd109f405",
        "score": 5,
        "thumbsUpCount": 1,
        "userImage": "https://play-lh.googleusercontent.com/a/ACg8ocJiTfyYnXesD4sH30641Q9UAK70JNNIioZF6tcRmYiF=mo",
        "userName": "Tyrone Barlow"
    },
    {
        "appVersion": "1.0.4",
        "at": "2023-09-24 20:28:32",
        "content": "Good",
        "repliedAt": null,
        "replyContent": null,
        "reviewCreatedVersion": "1.0.4",
        "reviewId": "701962c7-e44c-4d71-86be-561ff64de05a",
        "score": 5,
        "thumbsUpCount": 0,
        "userImage": "https://play-lh.googleusercontent.com/a-/ALV-UjVJii25m8qtOojf3Kc3MppSJimTE2LLFqlbdUKIcQfpFw",
        "userName": "Hassan"
    },
    {
        "appVersion": "1.0.4",
        "at": "2023-09-24 15:50:53",
        "content": "Four stars only because I can't get reach level 11 please fix this and I'll give 5 stars",
        "repliedAt": null,
        "replyContent": null,
        "reviewCreatedVersion": "1.0.4",
        "reviewId": "9fc83ebb-22f7-4d4c-bc1b-4d8f37352a0e",
        "score": 4,
        "thumbsUpCount": 4,
        "userImage": "https://play-lh.googleusercontent.com/a/ACg8ocLPlFLdenzrrE_0Ioy_o8lD_1mdBgof8ovVblexqBKt=mo",
        "userName": "Brittany McMahan"
    },
    {
        "appVersion": "1.0.4",
        "at": "2023-09-23 23:52:58",
        "content": "Fun Game",
        "repliedAt": null,
        "replyContent": null,
        "reviewCreatedVersion": "1.0.4",
        "reviewId": "5073b9d8-5d5f-4f78-895a-9d4e1fa391cc",
        "score": 5,
        "thumbsUpCount": 0,
        "userImage": "https://play-lh.googleusercontent.com/a/ACg8ocK_AzIPXEY5c9kOPUK29YLAOMQC-gueGVTeSPi8LS_U=mo",
        "userName": "Keith Rochester"
    },
    {
        "appVersion": null,
        "at": "2023-09-23 21:24:55",
        "content": "Omg. Don't. Ads ads ads ads ads ads ads ads ads ads ads forced in first 20 seconds. Don't.",
        "repliedAt": null,
        "replyContent": null,
        "reviewCreatedVersion": null,
        "reviewId": "c9a3db88-b720-4b48-b5bb-fa5b7da878dc",
        "score": 1,
        "thumbsUpCount": 0,
        "userImage": "https://play-lh.googleusercontent.com/a-/ALV-UjUWy7nYIfL8dp4C65Ud3b3QYTFDSW6iIMa0EOez3fI0tg",
        "userName": "jason knight"
    },
    {
        "appVersion": null,
        "at": "2023-09-23 16:39:17",
        "content": "Seems like the game locks people in various stages of the game, and the devs DO NOT respond or solve the problems. It's a fun game, but I don't recommend spending the 3.99 to stop ads if you're just gonna get stuck.",
        "repliedAt": null,
        "replyContent": null,
        "reviewCreatedVersion": null,
        "reviewId": "8b2c2f30-a21d-4239-a300-b550284f9f2e",
        "score": 1,
        "thumbsUpCount": 1,
        "userImage": "https://play-lh.googleusercontent.com/a/ACg8ocI7EGY2QJjto7XOtmaIM2Lw9SNq4IuchfTuKA6AQV7T=mo",
        "userName": "Joshua Martin"
    },
    {
        "appVersion": "1.0.4",
        "at": "2023-09-23 05:14:32",
        "content": "great game",
        "repliedAt": null,
        "replyContent": null,
        "reviewCreatedVersion": "1.0.4",
        "reviewId": "f5ad1e0e-4c66-41ca-9aa8-6b18286614cc",
        "score": 5,
        "thumbsUpCount": 1,
        "userImage": "https://play-lh.googleusercontent.com/a-/ALV-UjXMs__Kyr7akw87rVflXA0W9_hDAuXREhWcXoYL0C4plg",
        "userName": "Lauren Wybacz"
    },
    {
        "appVersion": "1.0.5",
        "at": "2023-09-23 00:08:41",
        "content": "Why Everytime you play a little and it goes into a damn advertisement:(. Can't there be game you can play without listening to a bunch of Hogwash?!?",
        "repliedAt": null,
        "replyContent": null,
        "reviewCreatedVersion": "1.0.5",
        "reviewId": "c3a9fd72-7860-4910-a010-065ad9dfce93",
        "score": 3,
        "thumbsUpCount": 0,
        "userImage": "https://play-lh.googleusercontent.com/a-/ALV-UjXv46TSYapmYiYOJFTcGhccDjoptnwQI7y-Q_P-XVrZBZ8",
        "userName": "Rick D. Horton"
    },
    {
        "appVersion": "1.0.5",
        "at": "2023-09-22 18:13:28",
        "content": "Eat your hearts out.",
        "repliedAt": null,
        "replyContent": null,
        "reviewCreatedVersion": "1.0.5",
        "reviewId": "3bcff069-71d5-49d4-926c-4a951198dc65",
        "score": 5,
        "thumbsUpCount": 0,
        "userImage": "https://play-lh.googleusercontent.com/a-/ALV-UjUyXabqZcAmvZE-Orhma7W3yJf_YETPt2WW7xaPY0B0qI4",
        "userName": "Charles Kelly"
    },
    {
        "appVersion": "1.0.4",
        "at": "2023-09-21 20:15:42",
        "content": "Far too many as",
        "repliedAt": null,
        "replyContent": null,
        "reviewCreatedVersion": "1.0.4",
        "reviewId": "9eff6c3d-81e7-4cc4-8fbc-c5418ea83688",
        "score": 1,
        "thumbsUpCount": 0,
        "userImage": "https://play-lh.googleusercontent.com/a-/ALV-UjW4zhZ6Sv1NNDNoph85avFsQfhQj4g7h0zuWhj1V_xTXmI",
        "userName": "Melissa Marchioni"
    },
    {
        "appVersion": null,
        "at": "2023-09-21 12:22:23",
        "content": "dont bother watching adds to get money. the app freezes up at the end of an ad and never rewards you. surprise surprise",
        "repliedAt": null,
        "replyContent": null,
        "reviewCreatedVersion": null,
        "reviewId": "c62bd57c-a2a8-4ecd-8d35-c811c6135003",
        "score": 1,
        "thumbsUpCount": 0,
        "userImage": "https://play-lh.googleusercontent.com/a-/ALV-UjXPJUS02QEUudhwIpcS2BFb5mRyCxUxzbKKlwe-bFAIwA",
        "userName": "ma wa"
    },
    {
        "appVersion": "1.0.4",
        "at": "2023-09-21 00:38:12",
        "content": "good game",
        "repliedAt": null,
        "replyContent": null,
        "reviewCreatedVersion": "1.0.4",
        "reviewId": "2a6abd70-5ae4-4227-bd5c-4c7a7e31d47e",
        "score": 5,
        "thumbsUpCount": 0,
        "userImage": "https://play-lh.googleusercontent.com/a/ACg8ocImDOUc_fetD3DFdcgTEfZ3h6keJM5ggPHmoqyoirX9=mo",
        "userName": "Lyle Guthrie"
    },
    {
        "appVersion": "1.0.4",
        "at": "2023-09-19 12:36:26",
        "content": "I need 2 more stars to get to level 6 but everything is unlocked and done",
        "repliedAt": null,
        "replyContent": null,
        "reviewCreatedVersion": "1.0.4",
        "reviewId": "d4d33e75-8a13-4a25-ae8b-184680d61ccb",
        "score": 1,
        "thumbsUpCount": 0,
        "userImage": "https://play-lh.googleusercontent.com/a/ACg8ocIdGJDams5jIrSxPacyg7ZjZX4EjAribUWoexdin4cK=mo",
        "userName": "Chris Yusko"
    },
    {
        "appVersion": "1.0.4",
        "at": "2023-09-19 10:32:00",
        "content": "Cool game but ravaged by forced ads. Will update if they change the ads",
        "repliedAt": null,
        "replyContent": null,
        "reviewCreatedVersion": "1.0.4",
        "reviewId": "2a9bda90-bec1-4d21-9117-6005b7d9a413",
        "score": 1,
        "thumbsUpCount": 0,
        "userImage": "https://play-lh.googleusercontent.com/a/ACg8ocJpLDZTj9LrWzdczp2LUNzT-N70j61bptrx8ounyyWS=mo",
        "userName": "Justin Davis"
    },
    {
        "appVersion": "1.0.4",
        "at": "2023-09-15 11:40:10",
        "content": "Really fun game! The only problem I'm having is that I have open all three beginning shops and I need to be level 6 to unlock the helicopter. I'm need just two more experience points to level up. How do I earn those if I've already unlocked everything? Please help!",
        "repliedAt": null,
        "replyContent": null,
        "reviewCreatedVersion": "1.0.4",
        "reviewId": "7cdea34a-88bd-46bf-b4d6-4619a0cba167",
        "score": 3,
        "thumbsUpCount": 11,
        "userImage": "https://play-lh.googleusercontent.com/a-/ALV-UjVLV_TSoOqUZUol5E5PBD4-EDK-HalqiucRqCQPBFt-mzw9",
        "userName": "Derek Hodeaux"
    },
    {
        "appVersion": "1.0.4",
        "at": "2023-09-15 07:39:28",
        "content": "Good game but can't get to level 11 and open the new business up cause there's nothing more to do and no way to get more stars to earn them but it gets fuzzy from time to time as well",
        "repliedAt": null,
        "replyContent": null,
        "reviewCreatedVersion": "1.0.4",
        "reviewId": "b8ddac24-e82b-45c5-992f-5926712c831e",
        "score": 4,
        "thumbsUpCount": 10,
        "userImage": "https://play-lh.googleusercontent.com/a/ACg8ocLARgQTqWQx4jmA7DiAMt69H7MNblplkl_6xNqruUgp=mo",
        "userName": "kimberly aguiar"
    },
    {
        "appVersion": "1.0.4",
        "at": "2023-09-15 05:12:47",
        "content": "Fun game \ud83c\udfae right here to play \u25b6\ufe0f.",
        "repliedAt": null,
        "replyContent": null,
        "reviewCreatedVersion": "1.0.4",
        "reviewId": "4968f3fe-fe98-497f-8cc6-d251ac5b5104",
        "score": 5,
        "thumbsUpCount": 0,
        "userImage": "https://play-lh.googleusercontent.com/a/ACg8ocL0v1Ai3eVL3cXVBc0vJiwt9OAJIpkTfN-FLp3KNGSHOw=mo",
        "userName": "Shaun Moore"
    },
    {
        "appVersion": "1.0.3",
        "at": "2023-09-14 07:10:01",
        "content": "I love the game",
        "repliedAt": null,
        "replyContent": null,
        "reviewCreatedVersion": "1.0.3",
        "reviewId": "5596700a-9c5a-4b2d-a868-ffaa5e509501",
        "score": 5,
        "thumbsUpCount": 0,
        "userImage": "https://play-lh.googleusercontent.com/a-/ALV-UjWu1PuRxDJCZG_7YCT56hq9NhC7Zeca24LvjY_NZJdpr70",
        "userName": "Shidell Ivy"
    },
    {
        "appVersion": "1.0.3",
        "at": "2023-09-12 03:02:24",
        "content": "I don't like forced ads.",
        "repliedAt": null,
        "replyContent": null,
        "reviewCreatedVersion": "1.0.3",
        "reviewId": "2ca029d5-32c1-4f6c-9093-e785fe25c68b",
        "score": 1,
        "thumbsUpCount": 0,
        "userImage": "https://play-lh.googleusercontent.com/a/ACg8ocIzZXdz5HeW6iMYscV1V6c-BxT4cc6u18PcKUkRtkkb=mo",
        "userName": "Brandon BP"
    },
    {
        "appVersion": "1.0.3",
        "at": "2023-09-10 20:41:05",
        "content": "good",
        "repliedAt": null,
        "replyContent": null,
        "reviewCreatedVersion": "1.0.3",
        "reviewId": "a574330a-54e1-4132-80e4-d2ce8edce1d7",
        "score": 5,
        "thumbsUpCount": 0,
        "userImage": "https://play-lh.googleusercontent.com/a-/ALV-UjUgMCjTp5jz7KAp-Dxx_FYK0N1049vdqaPhGfwsAf6o294",
        "userName": "Stephanie woodworth"
    },
    {
        "appVersion": "1.0.3",
        "at": "2023-09-10 12:44:57",
        "content": "It's not all that as the demo made it out to be. As I downloaded the game and got into the game, Well it's boring. It's not really much to do. It's real slow \ud83d\udc0c .",
        "repliedAt": null,
        "replyContent": null,
        "reviewCreatedVersion": "1.0.3",
        "reviewId": "439fefdd-634f-4e83-83ee-181371eed841",
        "score": 1,
        "thumbsUpCount": 3,
        "userImage": "https://play-lh.googleusercontent.com/a-/ALV-UjXrleNVTv4ImuNPcFi4UO0MnHPDKh2tlbPUOfDyTwU6tekW",
        "userName": "MEMORABLE MOMENTS"
    },
    {
        "appVersion": "1.0.3",
        "at": "2023-09-08 04:57:06",
        "content": "good game",
        "repliedAt": null,
        "replyContent": null,
        "reviewCreatedVersion": "1.0.3",
        "reviewId": "5c9ed484-b6dd-4f2f-8362-f1a5cc742c9d",
        "score": 5,
        "thumbsUpCount": 0,
        "userImage": "https://play-lh.googleusercontent.com/a-/ALV-UjVKLL7Q7av9Ztlo88z73b1RerojLklyVmma6CK8F8MJf2Y",
        "userName": "Earl Jr Roberts"
    },
    {
        "appVersion": "1.0.3",
        "at": "2023-09-08 02:47:52",
        "content": "Like the game, unfortunately at the coffee shop the game froze up. Nothing I can do...uninstalled.",
        "repliedAt": null,
        "replyContent": null,
        "reviewCreatedVersion": "1.0.3",
        "reviewId": "0b48af01-d340-4a83-90f9-927eba13cfb8",
        "score": 2,
        "thumbsUpCount": 0,
        "userImage": "https://play-lh.googleusercontent.com/a/ACg8ocLdNUyRqcC4hJVF2u8nLtzoDy17dZo1RWAkBslnkuev=mo",
        "userName": "Daisy"
    },
    {
        "appVersion": null,
        "at": "2023-09-07 02:08:16",
        "content": "I love it",
        "repliedAt": null,
        "replyContent": null,
        "reviewCreatedVersion": null,
        "reviewId": "6da5acad-43e3-4d1b-a4b1-b49880d61c33",
        "score": 5,
        "thumbsUpCount": 1,
        "userImage": "https://play-lh.googleusercontent.com/a-/ALV-UjXhEexDDyY9WkIs4J-oRzKYU1C95rOo2O48gnsnd2wJyTo",
        "userName": "Beth Ewers"
    },
    {
        "appVersion": "1.0.3",
        "at": "2023-09-06 08:16:06",
        "content": "fun game",
        "repliedAt": null,
        "replyContent": null,
        "reviewCreatedVersion": "1.0.3",
        "reviewId": "592a84cd-2e89-4339-b302-d4341fb3c8c5",
        "score": 5,
        "thumbsUpCount": 0,
        "userImage": "https://play-lh.googleusercontent.com/a/ACg8ocLuEyY8sUKr3vurMRvRn3xngyKMvB3hJVTIUg8T3uHk=mo",
        "userName": "Siaheed Dunlap"
    },
    {
        "appVersion": "1.0.3",
        "at": "2023-09-03 00:42:38",
        "content": "I REALLY LUV THIS GAME!!!!",
        "repliedAt": null,
        "replyContent": null,
        "reviewCreatedVersion": "1.0.3",
        "reviewId": "fc8409e4-0eb7-4b93-871e-5618d1f6bebd",
        "score": 5,
        "thumbsUpCount": 0,
        "userImage": "https://play-lh.googleusercontent.com/a-/ALV-UjUQpqbxoDHnwJSO-nSGS_tO6fmrLTHrlF2Lst2hsDLgfQ",
        "userName": "Emly Kinney"
    },
    {
        "appVersion": "1.0.3",
        "at": "2023-08-31 19:55:32",
        "content": "nice",
        "repliedAt": null,
        "replyContent": null,
        "reviewCreatedVersion": "1.0.3",
        "reviewId": "489d21be-d734-4a8a-a287-66acfe93d1c9",
        "score": 5,
        "thumbsUpCount": 0,
        "userImage": "https://play-lh.googleusercontent.com/a-/ALV-UjXNuVszD3tk2-aTPpvPPLHE2C2cP5aFr9oL8nboyG_5Rw",
        "userName": "Jasmaine Monger"
    },
    {
        "appVersion": null,
        "at": "2023-08-30 19:57:53",
        "content": "Wow \ud83d\udc4c",
        "repliedAt": null,
        "replyContent": null,
        "reviewCreatedVersion": null,
        "reviewId": "6d0ccb1d-a5a9-40f7-8466-89e4f0b62c34",
        "score": 5,
        "thumbsUpCount": 0,
        "userImage": "https://play-lh.googleusercontent.com/a-/ALV-UjXNAvwrao7M5hzkaF1hC3V9bcvPOnZ-4C2LGtnDecTDbA",
        "userName": "Sam Danielewicz"
    },
    {
        "appVersion": "1.0.3",
        "at": "2023-08-29 11:26:59",
        "content": "goood game",
        "repliedAt": null,
        "replyContent": null,
        "reviewCreatedVersion": "1.0.3",
        "reviewId": "0d3691f0-7cb0-46de-9811-bbb49fbe34c8",
        "score": 5,
        "thumbsUpCount": 0,
        "userImage": "https://play-lh.googleusercontent.com/a-/ALV-UjWuZI9Jds1SyBb7jM9nF6rwyKPYigp2V8-2hgIK-y2mEg",
        "userName": "Mostafa Shafaeyan"
    },
    {
        "appVersion": "1.0.3",
        "at": "2023-08-28 16:42:33",
        "content": "Paid for no ads!!! Still have ads!!! Why???!!",
        "repliedAt": null,
        "replyContent": null,
        "reviewCreatedVersion": "1.0.3",
        "reviewId": "9f9376e9-e5ce-40ab-b415-42f77b016fde",
        "score": 1,
        "thumbsUpCount": 6,
        "userImage": "https://play-lh.googleusercontent.com/a-/ALV-UjXwuYqhsFEcA6ISYwt6ByxKyur53-kpsX3RzDffn3Khawo",
        "userName": "Chevy Malone"
    },
    {
        "appVersion": "1.0.3",
        "at": "2023-08-27 09:40:45",
        "content": "I would have given more stars...but I paid for \"NO ADS \" and I'm still getting ads!!! This is not good business practice if you want people to play and enjoy your games!",
        "repliedAt": null,
        "replyContent": null,
        "reviewCreatedVersion": "1.0.3",
        "reviewId": "027bf98c-4912-4dc9-99b0-31b4a96abecf",
        "score": 2,
        "thumbsUpCount": 22,
        "userImage": "https://play-lh.googleusercontent.com/a-/ALV-UjU6crxniRJH-pXtoHCvBuF5sH9UKtHunJeFTWvnhIfRsEM",
        "userName": "LaDonna Bugg"
    },
    {
        "appVersion": "1.0.3",
        "at": "2023-08-25 13:17:46",
        "content": "asked in the first few seconds of the game gets you one star.",
        "repliedAt": null,
        "replyContent": null,
        "reviewCreatedVersion": "1.0.3",
        "reviewId": "914d79d0-b20c-4f4f-815a-eab73ae3659f",
        "score": 1,
        "thumbsUpCount": 1,
        "userImage": "https://play-lh.googleusercontent.com/a/ACg8ocI1QEnUJjp_OBa9SFZiie7WlbthCRjosC65ZTmGguuO=mo",
        "userName": "Nathan Marrero"
    },
    {
        "appVersion": null,
        "at": "2023-08-24 17:50:03",
        "content": "my mission now is make one million dollars that could take several months but nothing else to do in the game",
        "repliedAt": null,
        "replyContent": null,
        "reviewCreatedVersion": null,
        "reviewId": "fb8b7f97-a7e3-4d02-9726-f5fd73e8f17a",
        "score": 2,
        "thumbsUpCount": 1,
        "userImage": "https://play-lh.googleusercontent.com/a-/ALV-UjWp2704lcQLgjkJJx1Ni1T258ei-frT5MUCxA7RvmE0vgo",
        "userName": "danny Cobb"
    },
    {
        "appVersion": null,
        "at": "2023-08-23 17:58:47",
        "content": "great game",
        "repliedAt": null,
        "replyContent": null,
        "reviewCreatedVersion": null,
        "reviewId": "c9308497-2ba8-48c9-9b00-98c771a3708a",
        "score": 5,
        "thumbsUpCount": 0,
        "userImage": "https://play-lh.googleusercontent.com/a-/ALV-UjU7n82Ltlm72sTTBf95l8EHLc2ciPixtye1ABRDvRZWYqqp",
        "userName": "Sean Westbrook"
    },
    {
        "appVersion": "1.0.3",
        "at": "2023-08-20 23:48:11",
        "content": "Good \ud83d\udc4d\ud83d\udc4d\ud83d\udc4d\ud83d\udc4d\ud83d\udc4d\ud83d\udc4d\ud83d\udc4d\ud83d\ude0a\ud83d\ude0a\ud83d\ude0a\ud83d\ude0a\ud83d\ude0a\ud83d\ude0a",
        "repliedAt": null,
        "replyContent": null,
        "reviewCreatedVersion": "1.0.3",
        "reviewId": "a33941ad-5247-4dcf-be47-339b53e1b479",
        "score": 5,
        "thumbsUpCount": 0,
        "userImage": "https://play-lh.googleusercontent.com/a/ACg8ocKLEiS0m7RaIku65n5ss2KAl2fHcYFoXFwtZak39Fy3=mo",
        "userName": "Antonio"
    },
    {
        "appVersion": "1.0.3",
        "at": "2023-08-20 20:23:11",
        "content": "Fun",
        "repliedAt": null,
        "replyContent": null,
        "reviewCreatedVersion": "1.0.3",
        "reviewId": "b159170a-e021-44c7-bf76-5e63f67ae5d7",
        "score": 5,
        "thumbsUpCount": 0,
        "userImage": "https://play-lh.googleusercontent.com/a/ACg8ocIG6TfNw2BGcxaZ5_4oE1TRf5P6dTWPO0FSpWIJZElB=mo",
        "userName": "Justin Hruskocy"
    },
    {
        "appVersion": "1.0.3",
        "at": "2023-08-19 13:42:21",
        "content": "it a good game but one problem the graphics are real fuzzy and it not my device I am surprised a game called business dude and only three businesses I can only own there malls,computers stores, grocery store home improvement stores you could add to the game and so much more",
        "repliedAt": null,
        "replyContent": null,
        "reviewCreatedVersion": "1.0.3",
        "reviewId": "4dd2ac3b-5129-4918-985e-5c115bf38ca7",
        "score": 2,
        "thumbsUpCount": 8,
        "userImage": "https://play-lh.googleusercontent.com/a-/ALV-UjUyHP2yUOb9vTmMRnR1iPYhPy8zDw6MGls3vSaLmN1D",
        "userName": "RAINBOWBOI 2525"
    },
    {
        "appVersion": "1.0.3",
        "at": "2023-08-19 05:32:12",
        "content": "Fun game",
        "repliedAt": null,
        "replyContent": null,
        "reviewCreatedVersion": "1.0.3",
        "reviewId": "26e7c354-0723-4f06-89df-1de2fb3bb750",
        "score": 5,
        "thumbsUpCount": 0,
        "userImage": "https://play-lh.googleusercontent.com/a/ACg8ocKSvD60XwLqpDsmGzghcL-g_ivlHNbyaWmhngJSljb1=mo",
        "userName": "Diana & Ken Trojan"
    },
    {
        "appVersion": "1.0.3",
        "at": "2023-08-18 16:30:46",
        "content": "There is no explanation of how to play the game, no instructions whatsoever! Leaving You wondering What to do & how! It's not cool. 1 Stars, my opinion. If fixed, I may try again. Graphics are great.",
        "repliedAt": null,
        "replyContent": null,
        "reviewCreatedVersion": "1.0.3",
        "reviewId": "f10877f1-5499-4365-915e-afbf7e77be22",
        "score": 1,
        "thumbsUpCount": 6,
        "userImage": "https://play-lh.googleusercontent.com/a-/ALV-UjUdhjsYizptquY41GGW3n-85HeSqLA61bSmwOhBRHoIzBA",
        "userName": "Candie Richie"
    },
    {
        "appVersion": "1.0.3",
        "at": "2023-08-12 20:50:57",
        "content": "I paid for no ads but im still getting ads!",
        "repliedAt": null,
        "replyContent": null,
        "reviewCreatedVersion": "1.0.3",
        "reviewId": "11a55e52-99bb-4323-8ab4-bf1f8f3b6d73",
        "score": 2,
        "thumbsUpCount": 5,
        "userImage": "https://play-lh.googleusercontent.com/a-/ALV-UjUs76aDXBVxoO-V3uXTgpyZ45KekO-IJXhsU0GiQqPlFDo",
        "userName": "Aqua sky Blue"
    },
    {
        "appVersion": "1.0.3",
        "at": "2023-08-12 10:55:42",
        "content": "Great game",
        "repliedAt": null,
        "replyContent": null,
        "reviewCreatedVersion": "1.0.3",
        "reviewId": "65b5c22e-e21e-4d23-b9f9-8d4bf26bd72e",
        "score": 5,
        "thumbsUpCount": 0,
        "userImage": "https://play-lh.googleusercontent.com/a-/ALV-UjWdZtJDw8sbxqehaDUzhDhpClgI4r2qYQEZ_LTsD9pF8nI",
        "userName": "Faw Lankford (Faw)"
    },
    {
        "appVersion": "1.0.3",
        "at": "2023-08-11 11:00:23",
        "content": "I love the graphics and the storyline is brilliant",
        "repliedAt": null,
        "replyContent": null,
        "reviewCreatedVersion": "1.0.3",
        "reviewId": "2996d670-c026-4c6f-bf89-081407252218",
        "score": 5,
        "thumbsUpCount": 1,
        "userImage": "https://play-lh.googleusercontent.com/a-/ALV-UjWeG1-IPhnUGhQJ_3xeSWl-kjcooILEiN-rleaYk45AP2A",
        "userName": "Latoyakey Sanders"
    },
    {
        "appVersion": "1.0.3",
        "at": "2023-08-11 00:30:49",
        "content": "I would have given it a better rating if there were no pop-up ads. I didn't mind watching ads. There were plenty of reasons to watch ads for upgrades. There are only a few locations. Before I knew it I was done.",
        "repliedAt": null,
        "replyContent": null,
        "reviewCreatedVersion": "1.0.3",
        "reviewId": "0ea6dc6c-745b-424b-9ac8-f8b2ae2bc85c",
        "score": 3,
        "thumbsUpCount": 3,
        "userImage": "https://play-lh.googleusercontent.com/a-/ALV-UjXXHR7m2JEHYc0T09rD5-gZsKI6tNTkwgkBA0GSofViO5o",
        "userName": "K Ronnie"
    },
    {
        "appVersion": "1.0.3",
        "at": "2023-08-08 11:01:08",
        "content": "This game is too cute please make more game",
        "repliedAt": null,
        "replyContent": null,
        "reviewCreatedVersion": "1.0.3",
        "reviewId": "b72aa5dd-321f-484d-9422-cbed3bcaaf21",
        "score": 4,
        "thumbsUpCount": 1,
        "userImage": "https://play-lh.googleusercontent.com/a/ACg8ocLS3-vCUvvk0RxWad9q-_Ew69RDXuMofKsZ4AZrelZ-=mo",
        "userName": "arlette anthony"
    }
]