[
    {
        "appVersion": "1.0.0",
        "at": "2023-11-11 14:16:52",
        "content": "Worst one time only worst",
        "repliedAt": null,
        "replyContent": null,
        "reviewCreatedVersion": "1.0.0",
        "reviewId": "92f6bf8b-7a96-4063-8283-e8bfab3a9d14",
        "score": 1,
        "thumbsUpCount": 0,
        "userImage": "https://play-lh.googleusercontent.com/a/ACg8ocIaAwUOpdCi5txIqKQjNr3nb9REJisRcSjmylTPtzBf=mo",
        "userName": "Vignesh Vignesh"
    },
    {
        "appVersion": "1.0.0",
        "at": "2023-11-07 00:58:41",
        "content": "All of the codes are wrong",
        "repliedAt": null,
        "replyContent": null,
        "reviewCreatedVersion": "1.0.0",
        "reviewId": "9d63acb1-4279-49fd-837c-7b6f722dbaca",
        "score": 1,
        "thumbsUpCount": 0,
        "userImage": "https://play-lh.googleusercontent.com/a-/ALV-UjX8QhxjNKgKaF-ftkH_bi8MoEyS0T2CVQzgJhI5LojlPlc",
        "userName": "Dushan T Jayasundara"
    },
    {
        "appVersion": "1.0.0",
        "at": "2023-11-06 18:10:13",
        "content": "Good app",
        "repliedAt": null,
        "replyContent": null,
        "reviewCreatedVersion": "1.0.0",
        "reviewId": "84824d1e-d1af-4d62-99c3-eee1670ef4e0",
        "score": 5,
        "thumbsUpCount": 0,
        "userImage": "https://play-lh.googleusercontent.com/a/ACg8ocLwTRkCBNbpYyRSNm3abK-9NOqiuQGXwqaFY9PPHmly=mo",
        "userName": "ahmad md"
    },
    {
        "appVersion": "1.0.0",
        "at": "2023-10-02 02:13:59",
        "content": "All codes are invalid",
        "repliedAt": null,
        "replyContent": null,
        "reviewCreatedVersion": "1.0.0",
        "reviewId": "224bd8aa-82f6-4d45-a3f9-83ad93f2d250",
        "score": 1,
        "thumbsUpCount": 0,
        "userImage": "https://play-lh.googleusercontent.com/a-/ALV-UjVBSXl7i9NU3MooEhZAOXenRFoRkMJ47gKhFr63jU4ov28",
        "userName": "Dan Emil"
    },
    {
        "appVersion": "1.0.0",
        "at": "2023-09-23 07:00:42",
        "content": "I uninstalled it because every crypto box code, all this while, was not recognized by BINANCE.",
        "repliedAt": null,
        "replyContent": null,
        "reviewCreatedVersion": "1.0.0",
        "reviewId": "7d93ca22-88f9-45ad-991b-2aa9c69657be",
        "score": 1,
        "thumbsUpCount": 0,
        "userImage": "https://play-lh.googleusercontent.com/a-/ALV-UjUpPd2Ad0WPF6G1DOMAAL8HyvhftVhUj2uyQZa9BC_5CA",
        "userName": "Christopher Ejiogu"
    },
    {
        "appVersion": "1.0.0",
        "at": "2023-09-15 12:31:44",
        "content": "Not working",
        "repliedAt": null,
        "replyContent": null,
        "reviewCreatedVersion": "1.0.0",
        "reviewId": "22acb8e1-d5a8-45a7-9f72-5d464d1dd349",
        "score": 1,
        "thumbsUpCount": 0,
        "userImage": "https://play-lh.googleusercontent.com/a/ACg8ocKlSAF4xpuTQp_ItVL-6QPTC9HxF5juqAf8n3lQGv5S=mo",
        "userName": "M/ SR"
    },
    {
        "appVersion": null,
        "at": "2023-08-26 04:24:03",
        "content": "Approved \ud83d\udc4d\ud83d\udc4d\ud83d\udc4d\ud83d\udc4d\ud83d\udc4d\ud83d\udc4d\ud83d\udc4d",
        "repliedAt": null,
        "replyContent": null,
        "reviewCreatedVersion": null,
        "reviewId": "d11bdfa0-4f55-40d3-b55f-3d1f12dbf7d0",
        "score": 5,
        "thumbsUpCount": 0,
        "userImage": "https://play-lh.googleusercontent.com/a-/ALV-UjXBkNZDt4VG6bpf9jJsxH_TBNs9tVQSFbW_iP6oib_xzaY",
        "userName": "Yani Ardiyanto"
    }
]