[
    {
        "appVersion": "1.0",
        "at": "2023-06-15 22:19:11",
        "content": "very nice app i like it.but ad is more",
        "repliedAt": null,
        "replyContent": null,
        "reviewCreatedVersion": "1.0",
        "reviewId": "7d28111c-186e-4d86-83db-2f7a026281b2",
        "score": 5,
        "thumbsUpCount": 0,
        "userImage": "https://play-lh.googleusercontent.com/a/ACg8ocLcZ0ZTeQwxFroyqWyKh-dFZ1loLSYXErxfLSN22bzD=mo",
        "userName": "suleman ahmed"
    },
    {
        "appVersion": null,
        "at": "2023-04-13 06:58:42",
        "content": "Very nice",
        "repliedAt": null,
        "replyContent": null,
        "reviewCreatedVersion": null,
        "reviewId": "ed9981aa-8730-415d-980f-fece9978f17d",
        "score": 5,
        "thumbsUpCount": 0,
        "userImage": "https://play-lh.googleusercontent.com/a-/ALV-UjXMtm10DLzlC2C5RzuvlktHhMie66U4yTum1ooE0DTd2jw",
        "userName": "Mussa Shaban"
    }
]