[
    {
        "appVersion": "1.3.2",
        "at": "2023-05-19 10:43:51",
        "content": "great so far",
        "repliedAt": "2023-05-19 23:53:17",
        "replyContent": "Hi, is there something we can do to get 5 stars? Please let us know at vorevo.apps@gmail.com.",
        "reviewCreatedVersion": "1.3.2",
        "reviewId": "04fb8efc-65cf-4d91-86fe-cd103a517477",
        "score": 4,
        "thumbsUpCount": 0,
        "userImage": "https://play-lh.googleusercontent.com/a-/ALV-UjUBpPHOFzs0O97MWuKO5WeO8GVRO78o1fJvvpS2P7KuvQ",
        "userName": "Justina \u201ckafute\u201d mathias"
    },
    {
        "appVersion": "1.3.2",
        "at": "2023-03-21 12:39:09",
        "content": "good",
        "repliedAt": "2023-03-23 02:48:28",
        "replyContent": "Thanks for the 5 star rating. Hope you continue to using our app. If you have any feedback or suggestions, please write to us at vorevo.apps@gmail.com. We would love to hear from you!",
        "reviewCreatedVersion": "1.3.2",
        "reviewId": "b528b96a-e234-4d4a-875e-f569f0d19021",
        "score": 5,
        "thumbsUpCount": 1,
        "userImage": "https://play-lh.googleusercontent.com/a-/ALV-UjVOvNrXNuia6xO42y2-zjqza30z5t-e5VCtsGfUvMNI",
        "userName": "Eillilezabath Ngwa"
    }
]