[
    {
        "appVersion": "1.0.0",
        "at": "2023-07-03 20:35:11",
        "content": "For now, im giving it 1 star why? 1. You have to start it manually every 6hrs. 2. You have to reach 1 ETH for withdrawals that mean 25,000 points, and it makes 50 points per hr BUT some how now it ONLY does 100 points of 6hrs that make it harder to reach the number of points in reasonable time fir withdrawal. If it is not going to be fixed soon I'm gonna uninstall it and leave the one 1.",
        "repliedAt": null,
        "replyContent": null,
        "reviewCreatedVersion": "1.0.0",
        "reviewId": "006f9db2-9b6b-473c-869c-9d111a035bdd",
        "score": 1,
        "thumbsUpCount": 0,
        "userImage": "https://play-lh.googleusercontent.com/a-/ALV-UjX_RHBX7wBzS26_nZA3m8eHmuBUeHywh87o2ZuqLRWh3do",
        "userName": "sonia sophie ataunna"
    },
    {
        "appVersion": "1.0.0",
        "at": "2023-05-23 17:56:29",
        "content": "\ud83d\ude20\ud83d\ude20\ud83d\ude20",
        "repliedAt": null,
        "replyContent": null,
        "reviewCreatedVersion": "1.0.0",
        "reviewId": "4674e644-ab6d-4edf-a2e0-fbb413832fd7",
        "score": 1,
        "thumbsUpCount": 0,
        "userImage": "https://play-lh.googleusercontent.com/a-/ALV-UjXfAdMZGucdE7dMSeEuTXwoYL7bgyaZ9qXCeT10fxkUK2w",
        "userName": "Rafi Uddin Osmani 1"
    },
    {
        "appVersion": "1.0.0",
        "at": "2023-04-04 15:19:04",
        "content": "Nice mainig aap amejig h ji ok thanks \ud83d\ude4f\ud83d\udc95\ud83d\udc95\ud83d\udc4d\ud83d\udc4d",
        "repliedAt": null,
        "replyContent": null,
        "reviewCreatedVersion": "1.0.0",
        "reviewId": "a81ffaeb-24b9-4695-ae3d-5f0627fc7312",
        "score": 5,
        "thumbsUpCount": 0,
        "userImage": "https://play-lh.googleusercontent.com/a/ACg8ocK6JOFCt0xWZbroaw68Pl3mBxpLBwQsT5cg8jRG7Ud6=mo",
        "userName": "Gagan Kumar"
    },
    {
        "appVersion": "1.0.0",
        "at": "2023-03-19 10:34:05",
        "content": "It was worth my time to delete, to let yall know it's proof of stake! 1star.. And this Google apps is loaded with deceit.",
        "repliedAt": null,
        "replyContent": null,
        "reviewCreatedVersion": "1.0.0",
        "reviewId": "c10524fb-b723-4cf6-83a9-6c25b42040c5",
        "score": 1,
        "thumbsUpCount": 0,
        "userImage": "https://play-lh.googleusercontent.com/a/ACg8ocLtjQ9S1RmYQDGIHkzE_fsEbTpfY5mvZgvGHiySIu2C=mo",
        "userName": "Carl Dupont"
    },
    {
        "appVersion": "1.0.0",
        "at": "2023-03-16 07:21:18",
        "content": "I will give 5star if i confarm withdrawal successful",
        "repliedAt": null,
        "replyContent": null,
        "reviewCreatedVersion": "1.0.0",
        "reviewId": "5b8c0b49-dddb-4db4-831a-866fe6840b42",
        "score": 1,
        "thumbsUpCount": 1,
        "userImage": "https://play-lh.googleusercontent.com/a-/ALV-UjUq_pVr54f0UKpN0D8rOvxR7AwOGhga3RsB9IPFswMHuQ0",
        "userName": "Qusim ojulari"
    }
]