[
    {
        "appVersion": "1.2",
        "at": "2023-11-10 12:24:02",
        "content": "Fix your graphics I can't see anything \ud83d\ude44",
        "repliedAt": null,
        "replyContent": null,
        "reviewCreatedVersion": "1.2",
        "reviewId": "4f82c1aa-f402-4b36-b551-2f555be6503a",
        "score": 1,
        "thumbsUpCount": 0,
        "userImage": "https://play-lh.googleusercontent.com/a-/ALV-UjWpBUDyG4BZ6mXic1D1E0cerjo9lJ4wViJpWRA50NQ-2GQ",
        "userName": "Njabulo Wandile"
    },
    {
        "appVersion": null,
        "at": "2023-10-24 01:47:56",
        "content": "Uzaib",
        "repliedAt": null,
        "replyContent": null,
        "reviewCreatedVersion": null,
        "reviewId": "ed8f06eb-52b4-430a-9d59-bb15770eb97e",
        "score": 1,
        "thumbsUpCount": 0,
        "userImage": "https://play-lh.googleusercontent.com/a/ACg8ocIiC7EZfJiB2C5M3NdcqyfxJ8vFDXUC_5-9UInUsk_l=mo",
        "userName": "Tanveer Shah"
    },
    {
        "appVersion": null,
        "at": "2023-10-20 18:01:08",
        "content": "Good",
        "repliedAt": null,
        "replyContent": null,
        "reviewCreatedVersion": null,
        "reviewId": "8b90d42f-e215-41cf-b932-73165e9c4c28",
        "score": 5,
        "thumbsUpCount": 0,
        "userImage": "https://play-lh.googleusercontent.com/a/ACg8ocIVy5jLZ0XOYa7BG3mKHSmqet8Zx7nNfRdB0kdRokFL=mo",
        "userName": "Steven Ngaujah"
    },
    {
        "appVersion": null,
        "at": "2023-10-12 06:38:21",
        "content": "Download hi mat karo",
        "repliedAt": null,
        "replyContent": null,
        "reviewCreatedVersion": null,
        "reviewId": "2f0f19c0-fb31-4629-92d1-af63f8218fa8",
        "score": 1,
        "thumbsUpCount": 0,
        "userImage": "https://play-lh.googleusercontent.com/a-/ALV-UjVCpMcXtFN5d1tJ57Ur8GFLqioE8ZQ6CECS6O3t1FR09VQ",
        "userName": "Aman Mishra"
    },
    {
        "appVersion": "1.2",
        "at": "2023-10-05 04:39:23",
        "content": "Bahut acchi game Hai acchi aani chahie Ek Aur",
        "repliedAt": null,
        "replyContent": null,
        "reviewCreatedVersion": "1.2",
        "reviewId": "d247dbaf-3158-4ae2-a7e8-154f7d632be3",
        "score": 5,
        "thumbsUpCount": 0,
        "userImage": "https://play-lh.googleusercontent.com/a/ACg8ocKa5wOn7AIQWCu9QR-358xYna5eZC8vXnhAAI0iPDTR=mo",
        "userName": "Naresh Sharma"
    },
    {
        "appVersion": null,
        "at": "2023-10-03 02:44:07",
        "content": "Ok game",
        "repliedAt": null,
        "replyContent": null,
        "reviewCreatedVersion": null,
        "reviewId": "f2146cf5-339f-469f-80d0-1a8fbc664ba0",
        "score": 5,
        "thumbsUpCount": 0,
        "userImage": "https://play-lh.googleusercontent.com/a/ACg8ocJC6rjWjlJoYznO_ZhbYoQdn-iIg546hNdVPMrJaJ54=mo",
        "userName": "Remar Abellana"
    },
    {
        "appVersion": null,
        "at": "2023-09-29 09:10:39",
        "content": "great game i know",
        "repliedAt": null,
        "replyContent": null,
        "reviewCreatedVersion": null,
        "reviewId": "61d57b13-2974-435f-8455-5d6c5351d34d",
        "score": 5,
        "thumbsUpCount": 0,
        "userImage": "https://play-lh.googleusercontent.com/a/ACg8ocKUvlwBtbBGSIUybe2Z9SqOxiYP4X2C3GfE1IMTDt6X=mo",
        "userName": "Ludricka Nytjie"
    },
    {
        "appVersion": null,
        "at": "2023-07-08 17:00:49",
        "content": "Nk shah",
        "repliedAt": null,
        "replyContent": null,
        "reviewCreatedVersion": null,
        "reviewId": "27832c48-20be-4b46-9f89-a811f3d56555",
        "score": 5,
        "thumbsUpCount": 0,
        "userImage": "https://play-lh.googleusercontent.com/a-/ALV-UjWi99wbUnYljG4nvHI4Q-rz7aDgJR2xKTka8neYvTTU-Bw",
        "userName": "Imran Shah"
    },
    {
        "appVersion": "1.2",
        "at": "2023-07-01 09:12:53",
        "content": "Shiva sarkar",
        "repliedAt": null,
        "replyContent": null,
        "reviewCreatedVersion": "1.2",
        "reviewId": "8d02a957-a544-4ebf-a0bb-eb3f6e0d22d8",
        "score": 5,
        "thumbsUpCount": 0,
        "userImage": "https://play-lh.googleusercontent.com/a-/ALV-UjWom0n3qzIqIuqm0_VElhDYz_X8xRHoj5x6pInqZQbKdG4",
        "userName": "Shiba Sarkar"
    },
    {
        "appVersion": "1.2",
        "at": "2023-04-09 15:27:59",
        "content": "kuma kwenye game",
        "repliedAt": null,
        "replyContent": null,
        "reviewCreatedVersion": "1.2",
        "reviewId": "b5a76e3a-d6f7-49c4-9d1b-4df3f86789f2",
        "score": 5,
        "thumbsUpCount": 3,
        "userImage": "https://play-lh.googleusercontent.com/a-/ALV-UjWMYb80XAJKJt7jwwh39a2eSaU6ftJ79_h6oMMZaNYHOw",
        "userName": "Ephel Kalanje"
    },
    {
        "appVersion": "1.2",
        "at": "2023-03-30 19:02:58",
        "content": "Can't see the roads or any of the controls",
        "repliedAt": null,
        "replyContent": null,
        "reviewCreatedVersion": "1.2",
        "reviewId": "0c156666-f741-4ab1-ad74-37ddc35b9fd7",
        "score": 1,
        "thumbsUpCount": 4,
        "userImage": "https://play-lh.googleusercontent.com/a/ACg8ocJqVPKw-fynKKaHiTQiJp13cAm3PGb2S3916QyJV_kw=mo",
        "userName": "Rashid Davis"
    },
    {
        "appVersion": null,
        "at": "2023-03-21 22:29:33",
        "content": "\u1019\u102d\u102f\u1000\u103a\u1010\u101a\u103a",
        "repliedAt": null,
        "replyContent": null,
        "reviewCreatedVersion": null,
        "reviewId": "18229dd7-164d-40c6-8bf1-69d89b9992eb",
        "score": 1,
        "thumbsUpCount": 0,
        "userImage": "https://play-lh.googleusercontent.com/a/ACg8ocKG8OQt8pn95oTwIP6npmKJ3cn6fRu6vBkf7swgvRBz=mo",
        "userName": "Shinshinlay409 Shinshinlay"
    },
    {
        "appVersion": null,
        "at": "2023-01-03 01:28:30",
        "content": "M. Sameer jutt",
        "repliedAt": null,
        "replyContent": null,
        "reviewCreatedVersion": null,
        "reviewId": "478dcef1-db96-459d-847d-298bb790e031",
        "score": 5,
        "thumbsUpCount": 0,
        "userImage": "https://play-lh.googleusercontent.com/a/ACg8ocK6iMMW7stbr3ZvRRpi1nvMWCCbspIw1AlzWkwzqDTZ5Q=mo",
        "userName": "Fyyaz Cheema"
    },
    {
        "appVersion": null,
        "at": "2022-12-29 11:04:40",
        "content": "\u0baa\u0bcb\u0b9f\u0bcd\u0b9f \u0baa\u0bb2\u0bcd\u0bb2\u0bbe\u0bb2\u0bcd \u0b8e\u0ba9\u0bcd\u0ba9 \u0b95\u0bbf\u0bb4\u0bbf\u0b9a\u0bcd\u0b9a\u0bbf\u0b9f\u0bc1\u0bb5\u0ba9\u0bcd",
        "repliedAt": null,
        "replyContent": null,
        "reviewCreatedVersion": null,
        "reviewId": "6008ca7a-b047-4f7c-8f11-462837930500",
        "score": 1,
        "thumbsUpCount": 0,
        "userImage": "https://play-lh.googleusercontent.com/a-/ALV-UjUCynoBy9-BtXjoTZO_Wo2fLJgIJ-_myvhd61uJqorwyw",
        "userName": "Arunachalam"
    },
    {
        "appVersion": "1.0",
        "at": "2022-12-29 10:38:39",
        "content": "Game graphics is no good \ud83d\ude0a",
        "repliedAt": null,
        "replyContent": null,
        "reviewCreatedVersion": "1.0",
        "reviewId": "84232efb-335f-42c0-a523-882490257551",
        "score": 2,
        "thumbsUpCount": 0,
        "userImage": "https://play-lh.googleusercontent.com/a-/ALV-UjVXzFUN3tSbR0Vj85JsgTikhOne2j362uvw4EfV0_EZtUw",
        "userName": "UMESH \u201cUmesh\u201d MOKASHE"
    },
    {
        "appVersion": null,
        "at": "2022-12-28 08:07:13",
        "content": "Havy truck d",
        "repliedAt": null,
        "replyContent": null,
        "reviewCreatedVersion": null,
        "reviewId": "967f77a1-d01b-448c-8576-ee90ae4e969e",
        "score": 5,
        "thumbsUpCount": 0,
        "userImage": "https://play-lh.googleusercontent.com/a/ACg8ocIJ13RhVqB0k1Tb8Ubfgrx2PwZXLbky8ZxCENGuXUa4=mo",
        "userName": "Himachal tarak Tarak"
    },
    {
        "appVersion": "1.0",
        "at": "2022-12-21 17:15:00",
        "content": "This game is the worst game ever, the picture i when was different from what i saw in game",
        "repliedAt": null,
        "replyContent": null,
        "reviewCreatedVersion": "1.0",
        "reviewId": "3efc13d4-5d74-47c9-b23a-e6c9ff4ea0a8",
        "score": 1,
        "thumbsUpCount": 0,
        "userImage": "https://play-lh.googleusercontent.com/a/ACg8ocKAOm_wvanJ-Kx3tGKdbhvVgOEx7uJiY7N-jQjlxc4S=mo",
        "userName": "Damifogo Bernard-Roy"
    },
    {
        "appVersion": null,
        "at": "2022-12-20 12:34:16",
        "content": "Good game",
        "repliedAt": "2022-12-21 01:30:00",
        "replyContent": "We are pleased that you enjoyed the app. If there is anything we can do for you, just let us know at offroadstudio25@gmail.com! Have a wonderful day!",
        "reviewCreatedVersion": null,
        "reviewId": "15865875-5571-43c4-84e9-fa5f3d304027",
        "score": 5,
        "thumbsUpCount": 0,
        "userImage": "https://play-lh.googleusercontent.com/a/ACg8ocLku-2sWOO2Lf-A60ysOgXQY_GPLH5wcWiHpMlpH4tD=mo",
        "userName": "Prathamesh Kolhe"
    },
    {
        "appVersion": "1.0",
        "at": "2022-12-15 11:29:01",
        "content": "It's is very bad game don't wast your data",
        "repliedAt": null,
        "replyContent": null,
        "reviewCreatedVersion": "1.0",
        "reviewId": "33bcf100-589c-4693-8768-5f76c33d8821",
        "score": 1,
        "thumbsUpCount": 0,
        "userImage": "https://play-lh.googleusercontent.com/a/ACg8ocJRCpetNCLbQkxwaED_1coH1-VuuJqCi7_hXH_k6Rdu=mo",
        "userName": "Sujatha Sujatha"
    },
    {
        "appVersion": "1.0",
        "at": "2022-12-11 06:42:51",
        "content": "Havent played yet",
        "repliedAt": null,
        "replyContent": null,
        "reviewCreatedVersion": "1.0",
        "reviewId": "1a103262-e9b9-4c76-86b6-65e72ec761f1",
        "score": 5,
        "thumbsUpCount": 0,
        "userImage": "https://play-lh.googleusercontent.com/a/ACg8ocKe3TAOXddaq5kyhgKTnArt_9tDwN4p8pFt5uJ-1TQF=mo",
        "userName": "John Karunye"
    },
    {
        "appVersion": null,
        "at": "2022-12-08 00:43:20",
        "content": "Fine",
        "repliedAt": null,
        "replyContent": null,
        "reviewCreatedVersion": null,
        "reviewId": "95146233-cacb-41d3-8988-38b565514467",
        "score": 4,
        "thumbsUpCount": 0,
        "userImage": "https://play-lh.googleusercontent.com/a-/ALV-UjWyB0NkpBI4_9FeVxupZRQTAVEuJYX2JzjQz2iQFr-eLg",
        "userName": "Victor Sakwa"
    },
    {
        "appVersion": "1.0",
        "at": "2022-12-07 07:00:28",
        "content": "Worst game ever",
        "repliedAt": null,
        "replyContent": null,
        "reviewCreatedVersion": "1.0",
        "reviewId": "82cd272f-6c6e-41aa-8807-749a2057fc37",
        "score": 1,
        "thumbsUpCount": 0,
        "userImage": "https://play-lh.googleusercontent.com/a/ACg8ocKl1IL1snOofa05DEgq05BbZNc_PQ8vhxPoFa6S1Mv6=mo",
        "userName": "ben maina"
    },
    {
        "appVersion": null,
        "at": "2022-11-29 11:36:28",
        "content": "I love it",
        "repliedAt": null,
        "replyContent": null,
        "reviewCreatedVersion": null,
        "reviewId": "53375b3a-c6e6-4040-a85e-7f31a41e4113",
        "score": 5,
        "thumbsUpCount": 0,
        "userImage": "https://play-lh.googleusercontent.com/a-/ALV-UjUhpzKiZU2uPWjFPgFWr8CsrupELes2FdKL40mLGDFg_w",
        "userName": "Candido Peralta"
    },
    {
        "appVersion": null,
        "at": "2022-11-24 14:08:14",
        "content": "Jj",
        "repliedAt": null,
        "replyContent": null,
        "reviewCreatedVersion": null,
        "reviewId": "ac80e132-995d-4ad2-9935-8121fc35354e",
        "score": 5,
        "thumbsUpCount": 0,
        "userImage": "https://play-lh.googleusercontent.com/a/ACg8ocLUD86EbvMQNTknImQc0WBaRSLYxr-5jDw4oB0Cgv-N=mo",
        "userName": "Yotam Banda"
    },
    {
        "appVersion": null,
        "at": "2022-11-20 10:45:31",
        "content": "Vary vary poor bakyack",
        "repliedAt": null,
        "replyContent": null,
        "reviewCreatedVersion": null,
        "reviewId": "09d3a512-7344-47d0-9a9c-2d5d34168873",
        "score": 5,
        "thumbsUpCount": 0,
        "userImage": "https://play-lh.googleusercontent.com/a-/ALV-UjWZRj0VdvlIU76Fd0mQXIwNPL6m5L3jGWljpw0G9Zx5Vio",
        "userName": "Nek mohammad Khan"
    },
    {
        "appVersion": null,
        "at": "2022-11-13 19:57:27",
        "content": "Worst",
        "repliedAt": null,
        "replyContent": null,
        "reviewCreatedVersion": null,
        "reviewId": "7f7c3ce2-eb6e-49fa-a4d7-de398c26e727",
        "score": 1,
        "thumbsUpCount": 0,
        "userImage": "https://play-lh.googleusercontent.com/a/ACg8ocLe2CgqaXKWHqksAQqhrl4IN66_a4wibomSfrK43M9Pyg=mo",
        "userName": "Jay Chandran"
    },
    {
        "appVersion": "1.0",
        "at": "2022-11-07 18:03:50",
        "content": "It's a waste of time bad graphics and its not at all what it looks like in photos",
        "repliedAt": null,
        "replyContent": null,
        "reviewCreatedVersion": "1.0",
        "reviewId": "8d8a026d-7fad-4f3d-b1e9-58503a6f96a4",
        "score": 1,
        "thumbsUpCount": 93,
        "userImage": "https://play-lh.googleusercontent.com/a/ACg8ocKA7DlWNRl2uCYncaT9pzMCxOLWpTQIyXlsZBt7icunnQ=mo",
        "userName": "Randall Samuels"
    },
    {
        "appVersion": null,
        "at": "2022-10-20 09:03:52",
        "content": "Scads to get to see the new season in which case of an attack and I 88888 88 or email us 270 or email this e-mail address is for the yegs8dfsbs and a few others are not 830 or email yrs old Trafford jgvvb cnu8ground 70 million 88th on Friday and the rest 3 years old Trafford centre in a bit 63. KOIL is",
        "repliedAt": null,
        "replyContent": null,
        "reviewCreatedVersion": null,
        "reviewId": "1b7ed19f-7b81-4fe2-99f7-c271d387cdf9",
        "score": 1,
        "thumbsUpCount": 1,
        "userImage": "https://play-lh.googleusercontent.com/a/ACg8ocIJn2N1VKDLuvQ8SNecAqjrvjjCZvceRiprOxz-h6zU=mo",
        "userName": "Mushtiq Wani"
    },
    {
        "appVersion": null,
        "at": "2022-10-18 07:50:44",
        "content": "This game is bad or not \ud83d\udead",
        "repliedAt": null,
        "replyContent": null,
        "reviewCreatedVersion": null,
        "reviewId": "8b2a9bb5-4545-46a0-a152-8619b413e119",
        "score": 5,
        "thumbsUpCount": 1,
        "userImage": "https://play-lh.googleusercontent.com/a/ACg8ocJa8l4HK77WW29_oj_8TKkwfqb1ZWXZxXBBssjA-1_w=mo",
        "userName": "Gurunath Kale"
    },
    {
        "appVersion": null,
        "at": "2022-10-15 10:27:46",
        "content": "CJ",
        "repliedAt": null,
        "replyContent": null,
        "reviewCreatedVersion": null,
        "reviewId": "32977e78-682b-402a-8590-e50b507a5297",
        "score": 5,
        "thumbsUpCount": 0,
        "userImage": "https://play-lh.googleusercontent.com/a-/ALV-UjVK3wCV6WYnruCJeGteQxoC8bk7JkW1scyseenhSkKnYtk",
        "userName": "Rukhmani Rukhamni"
    },
    {
        "appVersion": null,
        "at": "2022-10-08 02:30:00",
        "content": "Tha good game for all people",
        "repliedAt": null,
        "replyContent": null,
        "reviewCreatedVersion": null,
        "reviewId": "6e9f1eae-f29f-48e9-a34f-9d70e25dbebd",
        "score": 5,
        "thumbsUpCount": 0,
        "userImage": "https://play-lh.googleusercontent.com/a/ACg8ocIcdVwO_2BHnaOmJN8qYagqpf4dmOoi1ocYJn4ZCGmb=mo",
        "userName": "Moses Zamokwakhe"
    },
    {
        "appVersion": "1.0",
        "at": "2022-10-06 04:21:05",
        "content": "Boring game",
        "repliedAt": null,
        "replyContent": null,
        "reviewCreatedVersion": "1.0",
        "reviewId": "6bb4637d-9dec-4210-94bf-8932362e4b05",
        "score": 1,
        "thumbsUpCount": 0,
        "userImage": "https://play-lh.googleusercontent.com/a-/ALV-UjXSikgu_QU9pPy5Kpi-HMcqNOUG6dl4IO5OAtUHE7Vw8tc",
        "userName": "John Maina"
    },
    {
        "appVersion": null,
        "at": "2022-10-02 11:09:56",
        "content": "This is very good game \ud83d\ude18\ud83d\ude0d\ud83d\ude02",
        "repliedAt": null,
        "replyContent": null,
        "reviewCreatedVersion": null,
        "reviewId": "39d7956d-cd7f-4c69-9915-99bb72a8e957",
        "score": 5,
        "thumbsUpCount": 2,
        "userImage": "https://play-lh.googleusercontent.com/a/ACg8ocItRUI-IUExkCKYuNC1HauC68XKu5g7cmVBfb6M-8lt=mo",
        "userName": "Ekta"
    },
    {
        "appVersion": "1.0",
        "at": "2022-09-24 00:30:36",
        "content": "Good game play",
        "repliedAt": null,
        "replyContent": null,
        "reviewCreatedVersion": "1.0",
        "reviewId": "54b0f3ad-5dc6-4e3f-8264-5aadf38714f0",
        "score": 5,
        "thumbsUpCount": 1,
        "userImage": "https://play-lh.googleusercontent.com/a/ACg8ocIQUSNyg5Il28FsUTN1gTFotDmS_Aib5Gs_rMulMBiq=mo",
        "userName": "Umama Riaz"
    },
    {
        "appVersion": null,
        "at": "2022-09-06 15:14:48",
        "content": "The game is bag",
        "repliedAt": "2022-09-07 01:29:00",
        "replyContent": "Hello,\nWe are sorry that you do not like the game but we thank you for your feedback. Our future updates will improve the game for you.",
        "reviewCreatedVersion": null,
        "reviewId": "0076e824-61fa-4890-9907-2a8cb7d79cdb",
        "score": 2,
        "thumbsUpCount": 0,
        "userImage": "https://play-lh.googleusercontent.com/a/ACg8ocKtatMsbc57de2JzSdbQwJNs_Eisz4Q25L_-wD1F6a6=mo",
        "userName": "Ivan Hutchinson"
    },
    {
        "appVersion": null,
        "at": "2022-09-04 15:23:29",
        "content": "Nice game",
        "repliedAt": null,
        "replyContent": null,
        "reviewCreatedVersion": null,
        "reviewId": "67a04495-deae-4838-b935-0bdc36359dc9",
        "score": 5,
        "thumbsUpCount": 0,
        "userImage": "https://play-lh.googleusercontent.com/a/ACg8ocKyW4g-gUZRjbwRNaUKEHqIeKGXH0K8iWbMekWEUKnd=mo",
        "userName": "Reno Testing"
    },
    {
        "appVersion": null,
        "at": "2022-09-04 05:56:34",
        "content": "S1",
        "repliedAt": null,
        "replyContent": null,
        "reviewCreatedVersion": null,
        "reviewId": "ce8d1fb3-a954-4590-980c-32bcf48c116d",
        "score": 5,
        "thumbsUpCount": 0,
        "userImage": "https://play-lh.googleusercontent.com/a/ACg8ocLLlyolAJD1xlENC6KaT-LLqssuvSX0Ow6_R8baO_sS=mo",
        "userName": "Kim Abdul"
    },
    {
        "appVersion": null,
        "at": "2022-09-03 21:27:27",
        "content": "Good game",
        "repliedAt": "2022-09-05 00:15:06",
        "replyContent": "We're very happy that you like our game. Thank you for your review. If you have any suggestions to help us improve, please let us know at offroadstudio25@gmail.com\n",
        "reviewCreatedVersion": null,
        "reviewId": "4dac4629-0ab7-47d5-b374-4963b7ca1c1e",
        "score": 5,
        "thumbsUpCount": 1,
        "userImage": "https://play-lh.googleusercontent.com/a/ACg8ocJ4_AG5vsyBe8xNB1Ryh0D5Q8rJ6lzXrXzlsHxR9qvJ=mo",
        "userName": "Jade Damons"
    },
    {
        "appVersion": null,
        "at": "2022-09-03 09:42:38",
        "content": "I like it",
        "repliedAt": "2022-09-05 00:16:10",
        "replyContent": "We're very happy that you like our game. Thank you for your review. If you have any suggestions to help us improve, please let us know at offroadstudio25@gmail.com\n",
        "reviewCreatedVersion": null,
        "reviewId": "087adbab-71b2-4a57-a91e-485d99232c5a",
        "score": 5,
        "thumbsUpCount": 5,
        "userImage": "https://play-lh.googleusercontent.com/a/ACg8ocLHAzNgGZ7Npbw-sInOGQ2aIMl66k_tnocU7PSx9j8d=mo",
        "userName": "Niklaas Koopmam"
    },
    {
        "appVersion": null,
        "at": "2022-09-02 05:57:31",
        "content": "its fake",
        "repliedAt": null,
        "replyContent": null,
        "reviewCreatedVersion": null,
        "reviewId": "5dca19a6-5ba5-4425-b415-249af772f81f",
        "score": 1,
        "thumbsUpCount": 0,
        "userImage": "https://play-lh.googleusercontent.com/a/ACg8ocL92pS4tfiUvegB4sROJ5IHLIngGcAIXIal4LmXblbK=mo",
        "userName": "coco mandin"
    },
    {
        "appVersion": null,
        "at": "2022-09-02 05:50:39",
        "content": "I love you game Very very nice game",
        "repliedAt": null,
        "replyContent": null,
        "reviewCreatedVersion": null,
        "reviewId": "ee3aea05-70d8-405c-85d3-50f59596d7bb",
        "score": 5,
        "thumbsUpCount": 1,
        "userImage": "https://play-lh.googleusercontent.com/a/ACg8ocKoNPSI1zy_tjS7HcVgoIcCAmzGmGLEz6pmMUvGuOvb=mo",
        "userName": "Hassan Raza"
    },
    {
        "appVersion": null,
        "at": "2022-08-29 16:37:58",
        "content": "Osam gme",
        "repliedAt": "2022-08-30 00:21:21",
        "replyContent": "We're very happy that you like our game. Thank you for your review. If you have any suggestion to help us improve, please let us know at offroadstudio25@gmail.com",
        "reviewCreatedVersion": null,
        "reviewId": "b6834a3c-df38-4084-a616-462284fa28f9",
        "score": 5,
        "thumbsUpCount": 0,
        "userImage": "https://play-lh.googleusercontent.com/a/ACg8ocIqjGNnJBIMcOVBR1k9mjWWqe3s2ZGdP7SDJwlJNVgp=mo",
        "userName": "Amna Inam"
    },
    {
        "appVersion": null,
        "at": "2022-08-11 02:05:25",
        "content": "Best game",
        "repliedAt": "2022-08-11 02:39:16",
        "replyContent": "Thank you. We are happy to know you like it. Please do check out our other games.",
        "reviewCreatedVersion": null,
        "reviewId": "6c2681f5-4a35-4578-88c3-5941861eeb6b",
        "score": 5,
        "thumbsUpCount": 1,
        "userImage": "https://play-lh.googleusercontent.com/a/ACg8ocI-7aw8ZR-Exso142WBnwRq5nAvG73HiprRCZbDR-No=mo",
        "userName": "John Maclerwn"
    },
    {
        "appVersion": null,
        "at": "2022-02-01 07:55:28",
        "content": "Happy",
        "repliedAt": null,
        "replyContent": null,
        "reviewCreatedVersion": null,
        "reviewId": "ac76086e-d330-4038-a4c1-6d6c1f503bf0",
        "score": 5,
        "thumbsUpCount": 3,
        "userImage": "https://play-lh.googleusercontent.com/a-/ALV-UjUK6TLKfzP8kx6q9Nno6cvNSqPFkKNCBllwLsPbQqhoTEI",
        "userName": "Cyril Dayon"
    },
    {
        "appVersion": null,
        "at": "2021-12-19 05:03:35",
        "content": "Soooo bad. Useless game",
        "repliedAt": null,
        "replyContent": null,
        "reviewCreatedVersion": null,
        "reviewId": "5c73521e-d354-4ca4-b9e1-ddfbe252838c",
        "score": 1,
        "thumbsUpCount": 4,
        "userImage": "https://play-lh.googleusercontent.com/a-/ALV-UjUX6RNpNgip73hx63DkMxLhiXeJd4Sa206pzT52RmuR8sSH",
        "userName": "Aakash Menon"
    },
    {
        "appVersion": "1.0",
        "at": "2021-08-21 10:40:20",
        "content": "Offroad trul driving is an amazing game. I realy like this game.",
        "repliedAt": null,
        "replyContent": null,
        "reviewCreatedVersion": "1.0",
        "reviewId": "80bef411-68ed-4905-84bb-53be8ac5dddf",
        "score": 5,
        "thumbsUpCount": 12,
        "userImage": "https://play-lh.googleusercontent.com/a/ACg8ocKzk_viFjJgcjJAUjJEVCfW-x2aXxX7RDoOh7XTIt_h=mo",
        "userName": "Dale Styein"
    },
    {
        "appVersion": null,
        "at": "2021-08-16 09:05:24",
        "content": "Offroad Truck Driving Simulator is amazing branding new game only for you , i love this game . Try it and don't forget to share with your fellows.",
        "repliedAt": null,
        "replyContent": null,
        "reviewCreatedVersion": null,
        "reviewId": "8f34a7b8-9634-4170-a5a9-fc6ff54a3682",
        "score": 5,
        "thumbsUpCount": 168,
        "userImage": "https://play-lh.googleusercontent.com/a/ACg8ocJ-QLlb7JoVON7vfOezTRbJjSQus3NBw9Dk3hZmhgy_=mo",
        "userName": "thomas charlies"
    },
    {
        "appVersion": "1.0",
        "at": "2021-08-11 17:07:19",
        "content": "Good time pass game ever",
        "repliedAt": null,
        "replyContent": null,
        "reviewCreatedVersion": "1.0",
        "reviewId": "9f134676-535c-4f98-ac4e-b35b4ca159e9",
        "score": 5,
        "thumbsUpCount": 2,
        "userImage": "https://play-lh.googleusercontent.com/a-/ALV-UjXKSGme_2mOCab0F63GCR3EJN9hu_IShX9BxOWlbf_OBfk",
        "userName": "Pro Adz"
    },
    {
        "appVersion": null,
        "at": "2021-08-11 08:10:12",
        "content": "Super game",
        "repliedAt": null,
        "replyContent": null,
        "reviewCreatedVersion": null,
        "reviewId": "9adb4cb9-7d4b-4edb-adc1-10c8fda23b12",
        "score": 5,
        "thumbsUpCount": 2,
        "userImage": "https://play-lh.googleusercontent.com/a/ACg8ocLb-uoMfmtmjQ6ZVSS9ufOVFNVK-ei2nMdhrUBFOUPm=mo",
        "userName": "Roshini Randeniya"
    },
    {
        "appVersion": null,
        "at": "2021-07-15 08:58:23",
        "content": "Super",
        "repliedAt": null,
        "replyContent": null,
        "reviewCreatedVersion": null,
        "reviewId": "8f512c60-26ba-4ff8-b757-c57c9e61591e",
        "score": 1,
        "thumbsUpCount": 2,
        "userImage": "https://play-lh.googleusercontent.com/a/ACg8ocJz7ghrr1cPxNmtG93NqeKhAkk7ab2LxcIPq7jZtdk=mo",
        "userName": "Uday Naik"
    },
    {
        "appVersion": "1.0",
        "at": "2021-07-15 03:15:23",
        "content": "Uninstalled in 3mins. The graphics sucks. Too many Ads. Too greedy.",
        "repliedAt": null,
        "replyContent": null,
        "reviewCreatedVersion": "1.0",
        "reviewId": "83d23bf9-a3b6-47df-9ccd-445556aed6c2",
        "score": 1,
        "thumbsUpCount": 132,
        "userImage": "https://play-lh.googleusercontent.com/a-/ALV-UjXmjdDs_aQ3Dd5UFsCSDMSUVl9qVuaq8JSOYbFFeVKeaZ41",
        "userName": "Abhinay M"
    },
    {
        "appVersion": "1.0",
        "at": "2021-07-08 13:55:24",
        "content": "No interior's , control is bad , speed very slow ,toque very low",
        "repliedAt": null,
        "replyContent": null,
        "reviewCreatedVersion": "1.0",
        "reviewId": "f672dcb2-a1b8-4a16-94f7-b8187292d1ea",
        "score": 1,
        "thumbsUpCount": 167,
        "userImage": "https://play-lh.googleusercontent.com/a-/ALV-UjU8ac7arc5yOeyPS_qOU8AAt7HhKKfGJ1poiVCuelUVug",
        "userName": "Jackson Kamizi"
    }
]