[
    {
        "appVersion": "1.4.7",
        "at": "2023-11-13 14:30:13",
        "content": "90% of the pictures that I try to create come out looking. Nothing like what I wanted",
        "repliedAt": null,
        "replyContent": null,
        "reviewCreatedVersion": "1.4.7",
        "reviewId": "667d217c-9e42-48e4-b7c1-d9ff5873277d",
        "score": 1,
        "thumbsUpCount": 0,
        "userImage": "https://play-lh.googleusercontent.com/a/ACg8ocLz0RAP1l30Wb5hxHcKRGZfDnr9Vs-xwOy-Zy_IXktr=mo",
        "userName": "Robert Gross"
    },
    {
        "appVersion": null,
        "at": "2023-10-25 06:43:02",
        "content": "Not the best, but good lil app if you want something simple! Also the prompts are almost unlimited! And there's no ads\ud83d\udc96\u263a\ufe0f\u263a\ufe0f\u263a\ufe0fGood app <3",
        "repliedAt": null,
        "replyContent": null,
        "reviewCreatedVersion": null,
        "reviewId": "49459182-eb97-41d0-b8c1-96cf11744628",
        "score": 4,
        "thumbsUpCount": 0,
        "userImage": "https://play-lh.googleusercontent.com/a/ACg8ocJyn7jvH-xIEzE_Pc_LjBLWJTHMAwG2V2yds4AgrJ8N=mo",
        "userName": "sister sister"
    },
    {
        "appVersion": "1.4.8",
        "at": "2023-10-22 08:15:58",
        "content": "Terrible app!",
        "repliedAt": null,
        "replyContent": null,
        "reviewCreatedVersion": "1.4.8",
        "reviewId": "4bbccab2-e9a3-4d44-aa0b-016eebcaed43",
        "score": 1,
        "thumbsUpCount": 0,
        "userImage": "https://play-lh.googleusercontent.com/a/ACg8ocKQIfAClrzQ__YrYU-jTsD6ad5rWEOYu7qLrZMu6cOO=mo",
        "userName": "Tara Waikasi"
    },
    {
        "appVersion": null,
        "at": "2023-10-12 02:18:22",
        "content": "I've recently used their online version and I was going to click the like, 30 dollar version, it then pulled 288.00 out of my babk account and when I emailed and contacted them, I received no word from them. Please don't risk your bank accounts for this. Not worth it. Also, should add, it took my money but gave me NO benefits.",
        "repliedAt": "2023-10-31 00:48:45",
        "replyContent": "You can contact our official email support@aitubo.ai if you have any questions, we will solve them for you.",
        "reviewCreatedVersion": null,
        "reviewId": "eca1e86a-eec0-44b3-9ffe-b1497263b3c8",
        "score": 1,
        "thumbsUpCount": 0,
        "userImage": "https://play-lh.googleusercontent.com/a-/ALV-UjX0CnW93Q9xc8gB7ZoUZkapjK3pbdJc-TXi-FNRlwtJ",
        "userName": "aja franklin"
    },
    {
        "appVersion": "1.4.6",
        "at": "2023-10-04 22:58:39",
        "content": "Love using this app. Great way to get ideas for characters for my story. However, I now have a problem. Updated the game today, and now any time I open it, it tells me I have a network issue when I have wifi. It used to not do this, but since I updated it, I can't even use it. Please fix this. Edit: Now they removed one of my favorite styles and changed how it works. Please revert it back to how it was prior to this massive update.",
        "repliedAt": "2023-09-26 07:25:18",
        "replyContent": "Your feedback has been received. We are sorry for bringing you a bad experience. Can you send us a screenshot of the problem via our email address: support@aitubo.ai? This makes it easier for us to solve your problem.",
        "reviewCreatedVersion": "1.4.6",
        "reviewId": "2e8db4f7-411f-402e-a874-b63b7197efe5",
        "score": 3,
        "thumbsUpCount": 8,
        "userImage": "https://play-lh.googleusercontent.com/a-/ALV-UjXDbKSm7TxorNYKTCDfJe6Lk3PeFExwPRIsUWTUbVeoe7M",
        "userName": "Alice The Angel"
    },
    {
        "appVersion": "1.4.6",
        "at": "2023-10-02 03:23:00",
        "content": "Horrible",
        "repliedAt": null,
        "replyContent": null,
        "reviewCreatedVersion": "1.4.6",
        "reviewId": "7a1265a1-4ba3-4a0b-9f50-e1d16c9ae9c1",
        "score": 1,
        "thumbsUpCount": 0,
        "userImage": "https://play-lh.googleusercontent.com/a-/ALV-UjVIUrIl6VyzNrQkP_xqB25u1JJ47i7kOd3P6xE4UnymFw",
        "userName": "B I G Biscuit"
    },
    {
        "appVersion": "1.4.6",
        "at": "2023-10-01 23:41:52",
        "content": "Love it",
        "repliedAt": null,
        "replyContent": null,
        "reviewCreatedVersion": "1.4.6",
        "reviewId": "2fbf4372-3eb6-4011-9bd1-f92a7cf57d2f",
        "score": 5,
        "thumbsUpCount": 0,
        "userImage": "https://play-lh.googleusercontent.com/a-/ALV-UjWP3cPAObCFBtSRuVpyu2VgFAdkot2bzdCV5_Mc6vyzODA",
        "userName": "Rod"
    },
    {
        "appVersion": "1.4.6",
        "at": "2023-10-01 09:26:25",
        "content": "It's good but they should make it so you don't have to upgrade to get NSFW content but make it so you have to upgrade to get more mechanic's",
        "repliedAt": null,
        "replyContent": null,
        "reviewCreatedVersion": "1.4.6",
        "reviewId": "b70f1d32-fedf-4adf-ae75-9feb8914ca66",
        "score": 4,
        "thumbsUpCount": 0,
        "userImage": "https://play-lh.googleusercontent.com/a/ACg8ocIDz3D1c5QwQoFWPHX7p7o8kr6D2FHsa5SXPBTcW8bg=mo",
        "userName": "Liam Duck"
    },
    {
        "appVersion": "1.4.6",
        "at": "2023-09-30 08:30:51",
        "content": "Great all around",
        "repliedAt": null,
        "replyContent": null,
        "reviewCreatedVersion": "1.4.6",
        "reviewId": "11364b72-2420-447a-8376-da147420e365",
        "score": 5,
        "thumbsUpCount": 0,
        "userImage": "https://play-lh.googleusercontent.com/a-/ALV-UjXPA-ib856kdGK7Jg1umx6LwQgwoX_DTFtJkp8MfsZ-vUw",
        "userName": "michael \u201cDraco\u201d wagner"
    },
    {
        "appVersion": "1.4.6",
        "at": "2023-09-29 16:52:12",
        "content": "For paying attention only",
        "repliedAt": null,
        "replyContent": null,
        "reviewCreatedVersion": "1.4.6",
        "reviewId": "1ff37e55-3c2c-4320-affa-30f5fe1373ee",
        "score": 1,
        "thumbsUpCount": 0,
        "userImage": "https://play-lh.googleusercontent.com/a-/ALV-UjXmLisCqPlZPcmquOEzXdjxnsAo9vvf7rXbuMZqBqpUhg",
        "userName": "saametalishah \u0635\u0627\u0645\u062a\u0639\u0644\u06cc\u0634\u0627\u0647"
    },
    {
        "appVersion": "1.4.6",
        "at": "2023-09-29 02:39:27",
        "content": "Klee with a glock",
        "repliedAt": null,
        "replyContent": null,
        "reviewCreatedVersion": "1.4.6",
        "reviewId": "04a72a34-9f87-4cac-90c3-bc91571b325d",
        "score": 3,
        "thumbsUpCount": 0,
        "userImage": "https://play-lh.googleusercontent.com/a-/ALV-UjWtuVUYSlfDRArz9kcuOvlThJCMvDDDW5u5p-6EJNw8vg",
        "userName": "Randomcat 69"
    },
    {
        "appVersion": null,
        "at": "2023-09-28 19:43:44",
        "content": "Poor",
        "repliedAt": null,
        "replyContent": null,
        "reviewCreatedVersion": null,
        "reviewId": "74b877d4-2bf0-414f-bf50-d29fc5a4ea93",
        "score": 1,
        "thumbsUpCount": 0,
        "userImage": "https://play-lh.googleusercontent.com/a-/ALV-UjUq3KKX5sTgMohWbHBH89v_iklNefFA1FwpaQgpqwHlaik",
        "userName": "B3njam1n K"
    },
    {
        "appVersion": "1.4.4",
        "at": "2023-09-28 17:50:52",
        "content": "Terrible app, completely useless",
        "repliedAt": null,
        "replyContent": null,
        "reviewCreatedVersion": "1.4.4",
        "reviewId": "72d38830-3565-420b-8e63-9eae227f00f7",
        "score": 1,
        "thumbsUpCount": 0,
        "userImage": "https://play-lh.googleusercontent.com/a-/ALV-UjVMWWTt9W0_4-TMPP6PY8f53_zvdW3PNrOF7YFEi7wA0Q",
        "userName": "Gedgemondo :D"
    },
    {
        "appVersion": null,
        "at": "2023-09-27 11:15:10",
        "content": ">100$ per year ? 5$ per week?? No thanks, most of the features are taken from other A.I engines. No standing out features that could change my mind to pay for this.",
        "repliedAt": null,
        "replyContent": null,
        "reviewCreatedVersion": null,
        "reviewId": "31c692e1-9453-4707-9167-5b802b4f2333",
        "score": 2,
        "thumbsUpCount": 0,
        "userImage": "https://play-lh.googleusercontent.com/a/ACg8ocKlsldlFUvWRAUIn1yNZDKIedTBKkCEOTYnza2q9ND6UA=mo",
        "userName": "Elmeri Anderson"
    },
    {
        "appVersion": "1.4.4",
        "at": "2023-09-25 20:49:52",
        "content": "It was good until it wasn't whenever I try to log into my account it says invalid memory address. And since it only used Gmail for some reason I can't log in.However when it did work it was amazing and it always worked properly.so if I can get my account back it would be a easy 5 stars",
        "repliedAt": "2023-09-26 07:26:46",
        "replyContent": "The problem you mentioned has been fixed. You can try to log in again. If there is any problem, you can promptly report it to our official email support@aitubo.ai. Thank you for your support.",
        "reviewCreatedVersion": "1.4.4",
        "reviewId": "c938e009-e457-48d4-b970-d52bdb832137",
        "score": 3,
        "thumbsUpCount": 0,
        "userImage": "https://play-lh.googleusercontent.com/a/ACg8ocIRtL2v7iIfgMWbj2FgHKkkjQVh3HLHvwH0neGoYom8=mo",
        "userName": "pro playz"
    },
    {
        "appVersion": "1.4.4",
        "at": "2023-09-24 10:56:56",
        "content": "This is the best app I could find after having downloaded about 10 useless ones. It works perfectly and doesn't inflict you with annoying ads.",
        "repliedAt": null,
        "replyContent": null,
        "reviewCreatedVersion": "1.4.4",
        "reviewId": "4e4c04f8-2f89-4a0f-b424-881404f56800",
        "score": 5,
        "thumbsUpCount": 1,
        "userImage": "https://play-lh.googleusercontent.com/a/ACg8ocJjNMsuYoffI07KjhA7o4j05p-PB_NE-Csc19f6VLEk=mo",
        "userName": "Gideon Borges"
    },
    {
        "appVersion": "1.4.4",
        "at": "2023-09-24 08:16:01",
        "content": "Need both to pay, and far too many login barriers to use. A product should be created to be used by the consumer, not to impede him from using it",
        "repliedAt": null,
        "replyContent": null,
        "reviewCreatedVersion": "1.4.4",
        "reviewId": "1ede9165-d0a9-405c-8819-a7f95cb46008",
        "score": 1,
        "thumbsUpCount": 2,
        "userImage": "https://play-lh.googleusercontent.com/a-/ALV-UjW1vYzQNVoPHbCb4B7oc31HMQcXuZXNon7jgwmUWa3okDQ",
        "userName": "Chaotic Neutral Giraffe"
    },
    {
        "appVersion": "1.4.4",
        "at": "2023-09-22 09:02:32",
        "content": "W fr",
        "repliedAt": null,
        "replyContent": null,
        "reviewCreatedVersion": "1.4.4",
        "reviewId": "e1f19b3b-d3d8-4e35-a1b2-5728ac1fc13b",
        "score": 5,
        "thumbsUpCount": 0,
        "userImage": "https://play-lh.googleusercontent.com/a-/ALV-UjX2Md8ZanwZ5xiuyaqjVW7-iOgdpq2m5_ZudZPyg5QSO1U",
        "userName": "whps"
    },
    {
        "appVersion": null,
        "at": "2023-09-21 02:06:35",
        "content": "This is one of the best apps I used this ai app is mind blowing check it out you will be satisfied.5stars Straight up thank you ai Richard Zicari 5 Stars",
        "repliedAt": null,
        "replyContent": null,
        "reviewCreatedVersion": null,
        "reviewId": "2e749c66-843c-4197-92a2-7abb89fc99ed",
        "score": 5,
        "thumbsUpCount": 1,
        "userImage": "https://play-lh.googleusercontent.com/a/ACg8ocI5IUzt_5NHT-Zn_2bxzH2kLFy29dhGnNgCjpRp_soi=mo",
        "userName": "Richard"
    },
    {
        "appVersion": "1.4.0",
        "at": "2023-09-15 07:29:46",
        "content": "does exactly what it says it does very IMPRESSED after using a fee apps this is great also great for a few FREE images so you can try before you buy GREAT APP SO FAR",
        "repliedAt": null,
        "replyContent": null,
        "reviewCreatedVersion": "1.4.0",
        "reviewId": "c3544b4a-fbde-4331-b09b-68a84f872aa4",
        "score": 5,
        "thumbsUpCount": 0,
        "userImage": "https://play-lh.googleusercontent.com/a-/ALV-UjXAZCrZrB0RSZpUIOnkq5yeUgvJo_bqJTwE4Cc_KsTNZO4",
        "userName": "Ryan S"
    },
    {
        "appVersion": "1.3.9",
        "at": "2023-09-13 14:48:35",
        "content": "This is a trash app I put in one prompt and it took 16 minutes of loading on top of that it didn't even generate that infact it was nowhere near even generating anything",
        "repliedAt": "2023-09-15 06:12:25",
        "replyContent": "Thank you for your feedback. We have fixed the problem you mentioned. You can download the latest version and use it.",
        "reviewCreatedVersion": "1.3.9",
        "reviewId": "a9d8990d-04e8-4178-bf69-0145a5844693",
        "score": 1,
        "thumbsUpCount": 1,
        "userImage": "https://play-lh.googleusercontent.com/a-/ALV-UjXFF0Bw-IEM6S7ttJZPQSl3N3KT6ITdAB-sE7B8Imnl",
        "userName": "Warthog Dude"
    },
    {
        "appVersion": "1.3.8",
        "at": "2023-09-13 12:42:11",
        "content": "Like it so far",
        "repliedAt": null,
        "replyContent": null,
        "reviewCreatedVersion": "1.3.8",
        "reviewId": "b84195f8-0b9f-4b95-b4de-c00ce8f74124",
        "score": 5,
        "thumbsUpCount": 0,
        "userImage": "https://play-lh.googleusercontent.com/a/ACg8ocJIQYCiTIpeATpn_mDxQEFhRScRW0F6H9C1at2YnsUy=mo",
        "userName": "Chris Bashaw"
    },
    {
        "appVersion": "1.3.8",
        "at": "2023-09-12 12:58:41",
        "content": "They bribe you to create an account saying you'll get 50 free points daily but never pay out. Edit; I can't figure out how to log out? If it works ill change to 5 stars :) Edit #2 I updated and got 50 pants :D if I don't come back tomorrow and change this back to 3 that means they paid out.",
        "repliedAt": "2023-09-09 01:42:30",
        "replyContent": "Hello. We have fixed the problem you reported. You can experience it. You can also contact our official email: support@aitubo.ai. Send your email and we can compensate you with a certain number of points.",
        "reviewCreatedVersion": "1.3.8",
        "reviewId": "6ed97581-f78f-4ed5-b67b-d145658e5ca0",
        "score": 5,
        "thumbsUpCount": 0,
        "userImage": "https://play-lh.googleusercontent.com/a/ACg8ocKpjcssMb2r3qbso5kVU5YXhPy_iIv_gWECNABu4wFS=mo",
        "userName": "Tasha Allstott"
    },
    {
        "appVersion": "1.3.8",
        "at": "2023-09-12 06:30:04",
        "content": "The generate button didn't generate any images. It just redirects you to the payment page. I'm not going to pay for an app that I can't try before I buy. @ devs: Yes! I logged in!",
        "repliedAt": "2023-09-12 04:33:56",
        "replyContent": "Hello. Have you logged in to our app? After you log in, we will issue you 50 points, which can be used for free art creation. If you encounter any problems during this process, you can give our official Send detailed information to support@aitubo.ai so that we can have a clearer understanding of your problem.",
        "reviewCreatedVersion": "1.3.8",
        "reviewId": "cda0c086-347f-4cc4-865b-37516630526c",
        "score": 1,
        "thumbsUpCount": 4,
        "userImage": "https://play-lh.googleusercontent.com/a/ACg8ocJ4OGm0BvqhbdjDbraxg03OvSKUq84jJY-W6SullMnk=mo",
        "userName": "Jake W"
    },
    {
        "appVersion": "1.3.8",
        "at": "2023-09-10 07:30:55",
        "content": "Super",
        "repliedAt": "2023-09-11 00:13:52",
        "replyContent": "Thank you for your support. Our products will continue to be optimized and upgraded to bring you a better creative experience.",
        "reviewCreatedVersion": "1.3.8",
        "reviewId": "199be06f-7a76-445b-a09e-3fa091fc779f",
        "score": 5,
        "thumbsUpCount": 0,
        "userImage": "https://play-lh.googleusercontent.com/a/ACg8ocKyV8e4PVifNGFoWB45rI7lTcpKfLHXSZwFHBFN7u_E=mo",
        "userName": "Lakshya Chhari"
    },
    {
        "appVersion": "1.3.8",
        "at": "2023-09-09 21:07:06",
        "content": "Still limited to beautiful women ai art.",
        "repliedAt": "2023-09-11 00:12:30",
        "replyContent": "Thank you for your feedback. We will add more general models in the future to support more types of artistic creation. You are welcome to experience it when the time comes.",
        "reviewCreatedVersion": "1.3.8",
        "reviewId": "010c8826-9b33-4dd0-a5ef-8de5fa4d9b98",
        "score": 5,
        "thumbsUpCount": 0,
        "userImage": "https://play-lh.googleusercontent.com/a-/ALV-UjXdSS0qy8fusZTwI_J5HbzYsZAz_oGiVMnT-g_J5YohWm8",
        "userName": "husain mohd"
    },
    {
        "appVersion": "1.3.8",
        "at": "2023-09-09 01:54:56",
        "content": "Thanks for fixing ISSUE of opening MINE pics, they all load now! Thank you! 1) This is a great app overall, & creates better art interpretations than similar apps. 2) FREE trial is really good. Glitches get fixed. 3) after deleting a photo from your gallery it takes you back to the top of Gallery not to where you just were again. 4) Could you add Swipe left & right to scroll thru MINE images once you opened one fully pls? (Not back to gallery page.) 5. It sometimes ignores negative prompts.",
        "repliedAt": "2023-09-07 05:10:44",
        "replyContent": "Thank you for your support. We have given your feedback on your suggestions and requirements. The requirements are currently being scheduled. We will update them later. Stay tuned!",
        "reviewCreatedVersion": "1.3.8",
        "reviewId": "5fe49b9a-05f1-41f5-956a-1eaabefdc5ee",
        "score": 4,
        "thumbsUpCount": 8,
        "userImage": "https://play-lh.googleusercontent.com/a-/ALV-UjVtNbx5JjhUNTB8NgPGhLAQ7VfWBgsHaKtTkwUZb1rTOdY",
        "userName": "Brenda"
    },
    {
        "appVersion": "1.3.5",
        "at": "2023-09-05 20:21:12",
        "content": "Worst app time taken and useless",
        "repliedAt": "2023-09-07 05:09:17",
        "replyContent": "Hello. You can send your problems and suggestions to support@aitubo.ai. This is our official email. We will solve your problems for you.",
        "reviewCreatedVersion": "1.3.5",
        "reviewId": "8d46341b-53fc-4903-8c4f-e930d934fc6e",
        "score": 1,
        "thumbsUpCount": 0,
        "userImage": "https://play-lh.googleusercontent.com/a-/ALV-UjUwXHtzB0UjMKvcl4Ajz2Utbd-wFpAfdBYWCzYtiroueLye",
        "userName": "SUNITA KASHYAP"
    },
    {
        "appVersion": "1.3.5",
        "at": "2023-09-05 00:03:40",
        "content": "Generates the best fictional cities",
        "repliedAt": null,
        "replyContent": null,
        "reviewCreatedVersion": "1.3.5",
        "reviewId": "6ae4c1ff-5b63-412e-8407-5eb71f7e7b67",
        "score": 5,
        "thumbsUpCount": 0,
        "userImage": "https://play-lh.googleusercontent.com/a-/ALV-UjWjJ1XSoTlBdel8GwYDWkRGzYhpwRsWI7d-V9MO9vOjq5sj",
        "userName": "Tony Phillips (Tony Entertainment)"
    },
    {
        "appVersion": "1.3.5",
        "at": "2023-08-31 22:39:36",
        "content": "Good so far!",
        "repliedAt": null,
        "replyContent": null,
        "reviewCreatedVersion": "1.3.5",
        "reviewId": "a2c96f53-5a74-484e-8e71-99c41a6f96b5",
        "score": 5,
        "thumbsUpCount": 0,
        "userImage": "https://play-lh.googleusercontent.com/a/ACg8ocK7ullk6IcpWJ5g-ptQ53iCITSdj7DBs9ZWdYaK5eOk=mo",
        "userName": "Larry C. Landers"
    },
    {
        "appVersion": "1.3.4",
        "at": "2023-08-30 15:50:14",
        "content": "I couldnt get the app to work long enough to finish an image. Uninstalled. *** Not many free to use filters. Most filters are locked for the pay tier. I completely understand we live in an ad revenue model and the goal is to force users to get the pay version. ***",
        "repliedAt": "2023-09-07 05:01:41",
        "replyContent": "At present, our application supports you to create for free. You can get free credits to generate the artwork you want. In future versions, we will provide more trial opportunities. You are welcome to experience it.",
        "reviewCreatedVersion": "1.3.4",
        "reviewId": "eb1cf408-1906-4d6e-a423-6c41dce196bc",
        "score": 3,
        "thumbsUpCount": 11,
        "userImage": "https://play-lh.googleusercontent.com/a-/ALV-UjU5knK80Wr-b0ASZHI5csgQY5tEM_mNbGKNgpkMnQpVdBs",
        "userName": "Spiffy Shorts"
    },
    {
        "appVersion": null,
        "at": "2023-08-30 11:25:28",
        "content": "i tried entering the prompt so I tried being really specific on what I wanted, a cute Huntlow picture from the owl house. It kept giving me random photos and the looked nothing like Willow or Hunter, even though I described them in Detail.",
        "repliedAt": "2023-09-07 05:07:01",
        "replyContent": "Hello, we have released the latest version. You can update it to create better works.",
        "reviewCreatedVersion": null,
        "reviewId": "fd835f82-d262-408a-9893-36779e7aa3cc",
        "score": 1,
        "thumbsUpCount": 1,
        "userImage": "https://play-lh.googleusercontent.com/a-/ALV-UjWFP7Fc_y5SzzjJgpJ2kgLUray6BBE1fbxzSlOle-djaqI",
        "userName": "Ziva Ernst"
    },
    {
        "appVersion": "1.3.0",
        "at": "2023-08-20 09:40:18",
        "content": "This is a very good app, and I am considering upgrading. However, I would like to know if there is a search bar to look up various things in the community section. If there isn't, please consider installing one.",
        "repliedAt": "2023-09-07 05:25:15",
        "replyContent": "Thank you for your support. We have given feedback on your suggestions and requirements. The requirements are currently being scheduled. We will add this feature later. Stay tuned!",
        "reviewCreatedVersion": "1.3.0",
        "reviewId": "34f456a1-025f-4c0e-95af-44dd5aa0fac6",
        "score": 5,
        "thumbsUpCount": 0,
        "userImage": "https://play-lh.googleusercontent.com/a-/ALV-UjWMcTob0DVEp-iYyi-Px2jjfFG20B5lV3repaP-D8pdNNo",
        "userName": "John Latino"
    },
    {
        "appVersion": "1.3.0",
        "at": "2023-08-19 07:00:06",
        "content": "Not bad",
        "repliedAt": null,
        "replyContent": null,
        "reviewCreatedVersion": "1.3.0",
        "reviewId": "58d10a98-9167-4791-b1c4-d528c7809a67",
        "score": 5,
        "thumbsUpCount": 0,
        "userImage": "https://play-lh.googleusercontent.com/a-/ALV-UjXlnzJz92L85yDWpTFAm5veFkTA-lT-UJkTUwOOew0MVg",
        "userName": "Moloto Mahloane"
    },
    {
        "appVersion": "1.3.0",
        "at": "2023-08-18 06:33:57",
        "content": "I have hundreds of Norman Rockwell paintings of Halloween this app is the best!!!!!! I had rendered 3 images of Milla jovovich as Vampirella I was just three images one was NSFW how can I see that last image",
        "repliedAt": "2023-09-07 07:28:00",
        "replyContent": "Thank you for your support. We have received your suggestions. We will optimize this issue in future versions. Stay tuned!",
        "reviewCreatedVersion": "1.3.0",
        "reviewId": "a915b1aa-77ff-45e5-9f24-1f32019aaddd",
        "score": 5,
        "thumbsUpCount": 0,
        "userImage": "https://play-lh.googleusercontent.com/a-/ALV-UjUgD6Bmt7xdxNUZtlf-0W6M9G2TFFHPYT27mMn5jcAhbU4",
        "userName": "Jeremy Powell"
    },
    {
        "appVersion": "1.3.0",
        "at": "2023-08-16 01:47:39",
        "content": "The nsfw filter seems to be too sensitive, some that should not be nsfw are marked as it. With how many generations you get per day I'd really prefer if there was a way to watch an ad to get more generations",
        "repliedAt": "2023-09-07 05:32:30",
        "replyContent": "We have received your suggestions. In future versions, we will provide more opportunities for free creation. You are welcome to experience it.",
        "reviewCreatedVersion": "1.3.0",
        "reviewId": "58bf637c-0b18-40a8-8687-41f3a97893b5",
        "score": 3,
        "thumbsUpCount": 1,
        "userImage": "https://play-lh.googleusercontent.com/a-/ALV-UjVvckb-QJIdAhkj6gDJXcxM4cIsNVEuqF_KKv-aljmSrQ",
        "userName": "Austin Schmuck"
    },
    {
        "appVersion": "1.3.0",
        "at": "2023-08-15 01:20:03",
        "content": "Good app! Will generate nearly anything you can imagine, granted sometimes a girl will have 3 arms or something but, when it works it is great and for free it can't be beat.",
        "repliedAt": null,
        "replyContent": null,
        "reviewCreatedVersion": "1.3.0",
        "reviewId": "d94eb354-8463-4b61-a226-5edd400ff5bb",
        "score": 5,
        "thumbsUpCount": 3,
        "userImage": "https://play-lh.googleusercontent.com/a/ACg8ocK67-V5Glwim2tyq99HApQGwLJpfSHnFHFWcaq8Kg-2=mo",
        "userName": "Ryan Rose"
    },
    {
        "appVersion": "1.2.8",
        "at": "2023-08-12 07:17:04",
        "content": "Goat",
        "repliedAt": null,
        "replyContent": null,
        "reviewCreatedVersion": "1.2.8",
        "reviewId": "18218b1e-d214-4a9d-9a43-a09f1303b287",
        "score": 5,
        "thumbsUpCount": 0,
        "userImage": "https://play-lh.googleusercontent.com/a-/ALV-UjXokPIBKXKHX6ByonKSvHqCf6p86EggX5cKzbSoy6VxlaI",
        "userName": "Weird Rabbit"
    },
    {
        "appVersion": "1.2.8",
        "at": "2023-08-10 19:23:39",
        "content": "DO NOT USE NOT WORTH FREE! Poor promt to image results hyper restricted and counter helpful nsfw detection that just days no-no word change prompt and when you have no words that stand out as nsfw it becomes guess the word for 8 hours.",
        "repliedAt": "2023-09-07 07:19:28",
        "replyContent": "Thank you for your feedback. However, we hope to understand your questions and ideas more clearly, which will help us optimize our products better. You can describe your questions in detail and send feedback to our official email: support@aitubo.ai. We are very happy to answer for you.",
        "reviewCreatedVersion": "1.2.8",
        "reviewId": "39f0b04a-ea8a-410e-9867-2a10dbdc4584",
        "score": 1,
        "thumbsUpCount": 2,
        "userImage": "https://play-lh.googleusercontent.com/a-/ALV-UjUoM6ry7gNMrv2jjV4TdmjnBAr7YXZ6Wd0mUuZP4aOrYA",
        "userName": "dragonjaj"
    },
    {
        "appVersion": "1.2.8",
        "at": "2023-08-10 07:46:51",
        "content": "I was enjoying NSFW but you ruined the moment",
        "repliedAt": "2023-09-07 05:35:51",
        "replyContent": "Hello. You can download our latest version for creation.",
        "reviewCreatedVersion": "1.2.8",
        "reviewId": "37564a79-9a6e-4e09-ad9d-8ddc837a9a0e",
        "score": 1,
        "thumbsUpCount": 0,
        "userImage": "https://play-lh.googleusercontent.com/a-/ALV-UjUmcNeXNg6_9blscXgtNQZUUxpUeX4fqyqcJyHXqedOLLs",
        "userName": "thediamondblocker 912"
    },
    {
        "appVersion": "1.2.8",
        "at": "2023-08-07 20:51:25",
        "content": "Will not generate a single image without signing in. Uninstalled immediately.",
        "repliedAt": "2023-09-07 05:44:25",
        "replyContent": "We have received your feedback. We will improve your questions in the future and provide you with more trial opportunities.",
        "reviewCreatedVersion": "1.2.8",
        "reviewId": "d1afcc15-2d33-4fbf-b7a3-0a12976f2da0",
        "score": 1,
        "thumbsUpCount": 1,
        "userImage": "https://play-lh.googleusercontent.com/a/ACg8ocJQMl5EZZ3tt2MxJ83dUl4JhfFng3Tx9P-WJY03xLuW=mo",
        "userName": "Kate Penner"
    },
    {
        "appVersion": null,
        "at": "2023-08-03 17:36:55",
        "content": "Easy to use and creates beautiful art even if sometimes it's a little funky lol",
        "repliedAt": null,
        "replyContent": null,
        "reviewCreatedVersion": null,
        "reviewId": "886619e2-8044-4d29-9a77-acb4cb1d7a5d",
        "score": 5,
        "thumbsUpCount": 0,
        "userImage": "https://play-lh.googleusercontent.com/a-/ALV-UjWSmLeT3AFBG5JuNcct0jtqoe6XELTI8pBljzWyoCJt2KY",
        "userName": "Sara Phillips"
    },
    {
        "appVersion": "1.2.7",
        "at": "2023-08-03 15:02:36",
        "content": "The function to have it generate an image by reference does not work at all taking absolutely no reference from the original image and generating random images",
        "repliedAt": "2023-09-07 05:41:05",
        "replyContent": "Hi, we released the latest version. You can update it. It will help you to make art better.",
        "reviewCreatedVersion": "1.2.7",
        "reviewId": "9f84df7e-700b-4bd1-ad83-54df1575f4f0",
        "score": 1,
        "thumbsUpCount": 2,
        "userImage": "https://play-lh.googleusercontent.com/a-/ALV-UjWvG5IjDzIn6bqXswhXpDOKwxueryKd3EXRXKa83IpvMLM",
        "userName": "Cozysnowman22"
    },
    {
        "appVersion": "1.2.7",
        "at": "2023-08-01 08:34:43",
        "content": "Is good",
        "repliedAt": null,
        "replyContent": null,
        "reviewCreatedVersion": "1.2.7",
        "reviewId": "d7373c33-77d2-4eb6-990f-ee3fed63320c",
        "score": 4,
        "thumbsUpCount": 1,
        "userImage": "https://play-lh.googleusercontent.com/a/ACg8ocI1ofyE1zUpmKl0G2tFhCxQ0zWKssxP8PxIdd7zC1X1=mo",
        "userName": "Eduardo Montes"
    },
    {
        "appVersion": "1.2.6",
        "at": "2023-07-28 06:55:21",
        "content": "Don't show Video Diffusion in your ads if the app doesn't even have a video Diffusion function.",
        "repliedAt": null,
        "replyContent": null,
        "reviewCreatedVersion": "1.2.6",
        "reviewId": "1408985e-7fe9-4e71-bd7d-da55e5ad173b",
        "score": 1,
        "thumbsUpCount": 4,
        "userImage": "https://play-lh.googleusercontent.com/a-/ALV-UjUNoFqEgxP_QJ6WNQenWR-jMsFEda2WkczZ4At58AApxco",
        "userName": "Fabian Remie (GAGO)"
    },
    {
        "appVersion": "1.2.6",
        "at": "2023-07-26 00:08:38",
        "content": "You should give free trial firstly.",
        "repliedAt": "2023-09-07 05:38:21",
        "replyContent": "At present, our application supports you to create for free. You can get free credits to generate the artwork you want. In future versions, we will provide more trial opportunities. You are welcome to experience it.",
        "reviewCreatedVersion": "1.2.6",
        "reviewId": "33ec4891-9f6d-4689-a649-fcca4f3f2c8c",
        "score": 1,
        "thumbsUpCount": 0,
        "userImage": "https://play-lh.googleusercontent.com/a/ACg8ocK98yapYUJ57D3VttgA4oS2UqajkMoMqTQAhgqkE-JQ=mo",
        "userName": "Nyi Lay"
    },
    {
        "appVersion": "1.2.6",
        "at": "2023-07-25 14:40:22",
        "content": "Nsfw is petty",
        "repliedAt": "2023-09-07 05:37:43",
        "replyContent": "Hello. You can download our latest version for creation.",
        "reviewCreatedVersion": "1.2.6",
        "reviewId": "63b6fe16-ee5d-4b3b-87fc-1cd57312fc24",
        "score": 1,
        "thumbsUpCount": 0,
        "userImage": "https://play-lh.googleusercontent.com/a-/ALV-UjUN2Lp1L9lU6jDTfJoA1ivw3pL5lfVDa2sj2FnQegEMpHu_",
        "userName": "Rocky Diaz"
    },
    {
        "appVersion": "1.2.4",
        "at": "2023-07-21 02:22:49",
        "content": "Can only do EXTREMELY GENERAL prompts",
        "repliedAt": null,
        "replyContent": null,
        "reviewCreatedVersion": "1.2.4",
        "reviewId": "a89a2e0e-edf8-454e-ab37-3baa7837b7f5",
        "score": 2,
        "thumbsUpCount": 0,
        "userImage": "https://play-lh.googleusercontent.com/a-/ALV-UjWR1ZEiZZXQFORFUKzXzLubU75JbKEdHvZExeyXToeoDm0",
        "userName": "Gavin \u201cRouka\u201d Robinson"
    },
    {
        "appVersion": "1.2.4",
        "at": "2023-07-21 00:28:43",
        "content": "Theres a ton of art generators that dont require you to be signed into a google account or pay money just to try it out so this app if fishy and until it changes those two things all I can give is 1 star",
        "repliedAt": "2023-09-07 05:45:30",
        "replyContent": "We have received your feedback. We will make improvements to your questions in the future.",
        "reviewCreatedVersion": "1.2.4",
        "reviewId": "bd6ce8f0-9a90-4052-bfc2-4e6a52d92a52",
        "score": 1,
        "thumbsUpCount": 7,
        "userImage": "https://play-lh.googleusercontent.com/a/ACg8ocI0O6mHP6H5mHc43YpsGlR4tKbNVw5oH4SaCjpwMh5Q=mo",
        "userName": "saygerow"
    },
    {
        "appVersion": null,
        "at": "2023-07-20 11:58:27",
        "content": "ridiculously predatory in its monetization. there's a hundred apps doing the same thing for less money (and data-harvesting)",
        "repliedAt": "2023-09-07 07:40:50",
        "replyContent": "At present, our application supports you to create for free. You can get free credits to generate the artwork you want. In future versions, we will provide more trial opportunities. You are welcome to experience it.",
        "reviewCreatedVersion": null,
        "reviewId": "4cd4ba92-5eb3-4ea3-a1ca-14204ccf556e",
        "score": 1,
        "thumbsUpCount": 2,
        "userImage": "https://play-lh.googleusercontent.com/a-/ALV-UjWBW4pXjBULUnOMdNYlM9IzSpXl4BG9KseTRoh9shhRBleK",
        "userName": "thanaGogical"
    },
    {
        "appVersion": null,
        "at": "2023-07-20 10:16:04",
        "content": "Looks like some cool models. The ad said free AI generation, there isn't even a trial or starter credits. It's expensive compared to other good ai generators.",
        "repliedAt": "2023-09-07 05:48:22",
        "replyContent": "At present, our application supports you to create for free. You can get free credits to generate the artwork you want. At the same time, our products It will also be revised later. The subsequent product pages will be more concise and easy to use. We believe you will have a better experience.",
        "reviewCreatedVersion": null,
        "reviewId": "302d3c12-a507-403b-9b3a-2bede9f44c13",
        "score": 2,
        "thumbsUpCount": 0,
        "userImage": "https://play-lh.googleusercontent.com/a-/ALV-UjUguNp6HV1kZf0rTmuAZgaAEyZNGiwRuOCiQt_Yb57JK98",
        "userName": "Kyle Horton"
    },
    {
        "appVersion": "1.2.4",
        "at": "2023-07-17 18:57:34",
        "content": "Ok",
        "repliedAt": null,
        "replyContent": null,
        "reviewCreatedVersion": "1.2.4",
        "reviewId": "936caedc-f383-4836-a28e-81260e0c6292",
        "score": 5,
        "thumbsUpCount": 1,
        "userImage": "https://play-lh.googleusercontent.com/a/ACg8ocLfEX_O8Ywdt0_tW-WmSk183kgZLKw5MCKGjF69LgZH=mo",
        "userName": "peace Harmony"
    },
    {
        "appVersion": "1.2.4",
        "at": "2023-07-17 13:17:19",
        "content": "This app is so cool",
        "repliedAt": null,
        "replyContent": null,
        "reviewCreatedVersion": "1.2.4",
        "reviewId": "08a5cae1-05f2-434e-8f35-478b4a49f34c",
        "score": 5,
        "thumbsUpCount": 1,
        "userImage": "https://play-lh.googleusercontent.com/a-/ALV-UjUeu2TN35KBv4SLN-EnywpwlUu2WzTutn8Qw4CCtLKu2fc",
        "userName": "THE PACKINATOR"
    },
    {
        "appVersion": "1.2.4",
        "at": "2023-07-13 22:45:14",
        "content": "Good apps",
        "repliedAt": null,
        "replyContent": null,
        "reviewCreatedVersion": "1.2.4",
        "reviewId": "3deb7379-9a33-416c-a977-7ee53dcf9542",
        "score": 5,
        "thumbsUpCount": 1,
        "userImage": "https://play-lh.googleusercontent.com/a-/ALV-UjWXBag-AqMZCFFJYAblrhVmx4S3mlO62AhuXuhuWnrymQ",
        "userName": "Eddy Sudarno"
    },
    {
        "appVersion": null,
        "at": "2023-07-03 17:45:01",
        "content": "Doesn't work properly and must purchase",
        "repliedAt": "2023-09-07 05:54:16",
        "replyContent": "We have fixed the problem you mentioned. You can download the latest version and experience it.",
        "reviewCreatedVersion": null,
        "reviewId": "605363f0-c6eb-44f6-9672-3a9f2b8eeae4",
        "score": 1,
        "thumbsUpCount": 0,
        "userImage": "https://play-lh.googleusercontent.com/a-/ALV-UjVcZsO7eC1nCNcg6VTY3mwGitb6FG8eTCM9hlEc0TFD-Q",
        "userName": "Mahmoud Fekry"
    },
    {
        "appVersion": null,
        "at": "2023-07-03 11:27:19",
        "content": "Complete scam. Doesn't give you good instructions on how to use but as soon as you click something they want you to pay 4.99 a week. Never even let me make one picture. Totally not worth it.",
        "repliedAt": "2023-09-07 05:53:52",
        "replyContent": "At present, our application supports you to create for free. You can get free credits to generate the artwork you want. In future versions, we will provide more trial opportunities. You are welcome to experience it.",
        "reviewCreatedVersion": null,
        "reviewId": "a6f17486-8f0d-47a4-804c-2df9bdee9783",
        "score": 1,
        "thumbsUpCount": 3,
        "userImage": "https://play-lh.googleusercontent.com/a/ACg8ocLuWzBM2cKC65WYTrIxewYrJypcm6t-HSCqcFK1chcI=mo",
        "userName": "Matty Ice"
    },
    {
        "appVersion": null,
        "at": "2023-06-01 20:36:42",
        "content": "Can't login,pls fix.",
        "repliedAt": "2023-09-07 05:50:06",
        "replyContent": "We have fixed the problem you mentioned. You can download the latest version and experience it.",
        "reviewCreatedVersion": null,
        "reviewId": "a18e0ef5-10b2-4a0f-891d-1526183a85b7",
        "score": 1,
        "thumbsUpCount": 0,
        "userImage": "https://play-lh.googleusercontent.com/a/ACg8ocK_g_p471NfLrbDkNAno7q7Yg4zxGXPiYpkaXaC72zC=mo",
        "userName": "zyrus Trix"
    },
    {
        "appVersion": "1.0.0",
        "at": "2023-05-30 10:33:40",
        "content": "The app is always crashing,it is not opening,please fix it.",
        "repliedAt": "2023-09-07 05:49:57",
        "replyContent": "We have fixed the problem you mentioned. You can download the latest version and experience it.",
        "reviewCreatedVersion": "1.0.0",
        "reviewId": "bfb010c8-1ac5-46ea-aa7d-a7a704458b0e",
        "score": 2,
        "thumbsUpCount": 3,
        "userImage": "https://play-lh.googleusercontent.com/a/ACg8ocKPAeC4-Tx3n9d14P7BWdxcxJMOeSGS2oXht2uCIEFj=mo",
        "userName": "zhyrussia"
    }
]