[
    {
        "appVersion": "1.4",
        "at": "2023-11-08 23:21:49",
        "content": "Open",
        "repliedAt": null,
        "replyContent": null,
        "reviewCreatedVersion": "1.4",
        "reviewId": "52a90d2e-ae49-4655-9f95-b103af13eee9",
        "score": 5,
        "thumbsUpCount": 0,
        "userImage": "https://play-lh.googleusercontent.com/a-/ALV-UjWYtLV2Y8y9OjSnjNIUcrCISkdS-VEvvS4OHGmqDvEAAEk",
        "userName": "Reloaded breackdown Services"
    },
    {
        "appVersion": "1.4",
        "at": "2023-11-04 12:48:23",
        "content": "This app is very useful for me and I am giving it a five \u2b50\u2b50\u2b50\u2b50star rating",
        "repliedAt": null,
        "replyContent": null,
        "reviewCreatedVersion": "1.4",
        "reviewId": "2086a896-bfa2-43d2-ac91-dd2adff7464e",
        "score": 5,
        "thumbsUpCount": 0,
        "userImage": "https://play-lh.googleusercontent.com/a/ACg8ocJ-yNb9rvMVq2B1vN8LmX_ObRI9I7HZmzyvPad6ii8k=mo",
        "userName": "Roomi Roomi"
    },
    {
        "appVersion": "1.4",
        "at": "2023-11-01 12:21:36",
        "content": "Perfect",
        "repliedAt": null,
        "replyContent": null,
        "reviewCreatedVersion": "1.4",
        "reviewId": "49042ee2-5504-47e0-9eb1-c8e20da08100",
        "score": 5,
        "thumbsUpCount": 0,
        "userImage": "https://play-lh.googleusercontent.com/a/ACg8ocKRABrCIGEZKWmCC1pmNgdlrN6XgdfaapkxZwzasKjB=mo",
        "userName": "Maxwell Kora"
    },
    {
        "appVersion": "1.4",
        "at": "2023-10-20 10:46:23",
        "content": "Don't have much to say but simply the best app",
        "repliedAt": null,
        "replyContent": null,
        "reviewCreatedVersion": "1.4",
        "reviewId": "1c7a87e3-9313-414f-9865-dc158a8b5dc5",
        "score": 5,
        "thumbsUpCount": 0,
        "userImage": "https://play-lh.googleusercontent.com/a/ACg8ocIM-PxDlNQujWxp4VH4eMboBYq8LZkHEUOJw57RLGI5=mo",
        "userName": "Lord Malvern"
    },
    {
        "appVersion": null,
        "at": "2023-10-11 15:01:37",
        "content": "Awesome",
        "repliedAt": null,
        "replyContent": null,
        "reviewCreatedVersion": null,
        "reviewId": "b4a1fe35-05cf-4f69-9bcf-d1a94ec1f93f",
        "score": 5,
        "thumbsUpCount": 0,
        "userImage": "https://play-lh.googleusercontent.com/a-/ALV-UjXo9t1j6PJgqZ40ZtBaYcDRc5DudVER6-knnfoPUrGarA",
        "userName": "Cindy Peterson"
    },
    {
        "appVersion": "1.3",
        "at": "2023-07-12 15:24:41",
        "content": "Good gps",
        "repliedAt": null,
        "replyContent": null,
        "reviewCreatedVersion": "1.3",
        "reviewId": "11166031-693a-430e-af9d-78f035e4cd8a",
        "score": 4,
        "thumbsUpCount": 0,
        "userImage": "https://play-lh.googleusercontent.com/a-/ALV-UjUjidB9O0sAKk9VHXfpsLlHEXxHEQEyxYNxEa_BIyY71w4",
        "userName": "Abeid Elias"
    },
    {
        "appVersion": "1.3",
        "at": "2023-06-03 07:41:20",
        "content": "Superb",
        "repliedAt": null,
        "replyContent": null,
        "reviewCreatedVersion": "1.3",
        "reviewId": "10f9e2f4-dca4-4998-b439-608689d4ab37",
        "score": 5,
        "thumbsUpCount": 0,
        "userImage": "https://play-lh.googleusercontent.com/a/ACg8ocJmfOzit0w8063t0lYH2oMBVi0xHxEs7rmT7OFTqHvs=mo",
        "userName": "George Sanchez"
    },
    {
        "appVersion": "1.3",
        "at": "2023-05-31 04:00:19",
        "content": "Good, nice",
        "repliedAt": null,
        "replyContent": null,
        "reviewCreatedVersion": "1.3",
        "reviewId": "b9989bf2-631e-472a-b8b1-fa7ef7615e1a",
        "score": 5,
        "thumbsUpCount": 0,
        "userImage": "https://play-lh.googleusercontent.com/a/ACg8ocIJQas1kucbemrYA9ydEYdvP6rGVxj-YuYHQ479H1ZG=mo",
        "userName": "Gongax Gongax13"
    },
    {
        "appVersion": "1.3",
        "at": "2023-05-22 12:32:06",
        "content": "Excellent app",
        "repliedAt": null,
        "replyContent": null,
        "reviewCreatedVersion": "1.3",
        "reviewId": "aa505b1b-9e2c-44f5-b153-1911972bd40d",
        "score": 5,
        "thumbsUpCount": 1,
        "userImage": "https://play-lh.googleusercontent.com/a/ACg8ocKn_E6TB2QCnaBBZQP_-ckm5M4-qLkd4R8vQHNMcus-=mo",
        "userName": "Shyam Silwal"
    },
    {
        "appVersion": "1.3",
        "at": "2023-05-17 23:03:30",
        "content": "Good",
        "repliedAt": null,
        "replyContent": null,
        "reviewCreatedVersion": "1.3",
        "reviewId": "d6652de4-ec63-4231-a590-b29bacb65725",
        "score": 5,
        "thumbsUpCount": 0,
        "userImage": "https://play-lh.googleusercontent.com/a-/ALV-UjXaAL250U-kjbK2KjF38beok52xjd83cacHp-Ur-3wRQVQ",
        "userName": "Khuram Jafri (Jon Jafri)"
    },
    {
        "appVersion": "1.3",
        "at": "2023-05-16 17:56:34",
        "content": "I am Lord Godaz Smith Wright, i run an Internet TV Channel \"Godaz TV\". This App is perfect and accurate.",
        "repliedAt": null,
        "replyContent": null,
        "reviewCreatedVersion": "1.3",
        "reviewId": "c4c44cd7-1eb6-4c54-823d-85aead9237dd",
        "score": 5,
        "thumbsUpCount": 4,
        "userImage": "https://play-lh.googleusercontent.com/a-/ALV-UjWhAI8oKwYM5VsBaYpr9hIyIEyfpyPW8Hos7dCq_7SL974",
        "userName": "GODAZ WRIGHT"
    },
    {
        "appVersion": "1.3",
        "at": "2023-05-10 09:20:17",
        "content": "This app is very useful for me and i personally recommend this app to everyone. She is the best route finder.",
        "repliedAt": null,
        "replyContent": null,
        "reviewCreatedVersion": "1.3",
        "reviewId": "6444830d-d5fe-48f3-a2ab-45f1146888c1",
        "score": 5,
        "thumbsUpCount": 5,
        "userImage": "https://play-lh.googleusercontent.com/a-/ALV-UjUw3A-qYll-qhsB901NfJJCrmpQ3dH-XwTJ40plBrkFUmo",
        "userName": "Zain butt"
    },
    {
        "appVersion": "1.3",
        "at": "2023-05-09 10:20:22",
        "content": "Very helpful",
        "repliedAt": null,
        "replyContent": null,
        "reviewCreatedVersion": "1.3",
        "reviewId": "da467838-cc06-41aa-9946-95a05f82a084",
        "score": 5,
        "thumbsUpCount": 0,
        "userImage": "https://play-lh.googleusercontent.com/a/ACg8ocIgT-yLj7evgkwCKgI_5e3Gq7fd7Onx8tKaqBeqiMLp=mo",
        "userName": "Abdul Ghafoor"
    },
    {
        "appVersion": "1.1",
        "at": "2023-04-17 15:27:10",
        "content": "Very effective way to just find location through this live traffic & GPS maps",
        "repliedAt": null,
        "replyContent": null,
        "reviewCreatedVersion": "1.1",
        "reviewId": "7aeb649f-4f0c-446c-8082-6b843ff3b395",
        "score": 5,
        "thumbsUpCount": 4,
        "userImage": "https://play-lh.googleusercontent.com/a-/ALV-UjW_g6Xjq5OI0_qjxvWfRwj6lQSDbuiUCCWYzlt5sJdbSAI",
        "userName": "Mudassar Ali"
    }
]