[
    {
        "appVersion": null,
        "at": "2023-03-12 11:07:35",
        "content": "Your game doesn't want me to download it so people don't download this game it will waste your data",
        "repliedAt": null,
        "replyContent": null,
        "reviewCreatedVersion": null,
        "reviewId": "fdc5ab18-fdd1-450a-94a5-604743db4f60",
        "score": 1,
        "thumbsUpCount": 0,
        "userImage": "https://play-lh.googleusercontent.com/a/ACg8ocIfo8snoK_DBrmERmSiEIoJXdG6jEUq7Hy-PiyHbwfP=mo",
        "userName": "Yamkela Tiego"
    }
]