[
    {
        "appVersion": "1.0.1",
        "at": "2023-11-20 14:29:17",
        "content": "What a great app! This app is really very easy to use, You can try this awesome app. This android app provides easy tips, This app's features are amazing, A big thanks for this app. I am impressed with the simplicity and effectiveness of this app. Very useful for me and features are amazing in this app.",
        "repliedAt": null,
        "replyContent": null,
        "reviewCreatedVersion": "1.0.1",
        "reviewId": "fed55450-ccb4-4c57-aa6c-2c5a1ee11a48",
        "score": 5,
        "thumbsUpCount": 0,
        "userImage": "https://play-lh.googleusercontent.com/a-/ALV-UjWgxYNO8u6rTDyK48v_62pTxSh9rw8gcJjwNtfFmOSu3rDK",
        "userName": "V\u026a\u1d0b\u1d00s \u1d1b\u029c\u1d07 \ua730\u026a\u0262\u029c\u1d1b\u1d07\u0280"
    },
    {
        "appVersion": null,
        "at": "2023-11-20 12:31:06",
        "content": "Not too difficult to install this app like other apps. It is an amazing app. If you want to make your work the secret this app is perfect for you. This fabulous phone number app makes my work more exciting. It is an interesting app i have ever seen. This is a very helpful and useful app. Easy to understand this awesome app.",
        "repliedAt": null,
        "replyContent": null,
        "reviewCreatedVersion": null,
        "reviewId": "5127ff25-7327-43bf-a8be-bf2199737cff",
        "score": 5,
        "thumbsUpCount": 0,
        "userImage": "https://play-lh.googleusercontent.com/a-/ALV-UjWjTHWtf3P9jPNkC9gUcq18g8ecn1OXuiH-iDsjxmU9mg",
        "userName": "Diksha Kumari"
    },
    {
        "appVersion": null,
        "at": "2023-11-20 12:27:57",
        "content": "This app can not disappoint you, i'm sure. Because i use this app many times. My mom uses this app every day. No one app can be better than this amazing phone number.",
        "repliedAt": null,
        "replyContent": null,
        "reviewCreatedVersion": null,
        "reviewId": "1e7304a6-3572-46ff-b3b9-2dd6701b6f07",
        "score": 5,
        "thumbsUpCount": 0,
        "userImage": "https://play-lh.googleusercontent.com/a-/ALV-UjWKmxygS-O9yBc0Iu-bT4oSxYwBtFNjKf06CYowSrvs9g",
        "userName": "Vishal Nigam"
    },
    {
        "appVersion": "1.0.1",
        "at": "2023-11-20 12:14:18",
        "content": "Omg. A great app. All trick are fabulous app in this app. It is a cool app. Highly useful app for everyone. I am very happy after using this app. I used many other apps but I have never seen an app like this app. This is so simple and helpful. I'm loving this wonderful app. This is a great working app. This app has nice and useful features. A nice app ever use for everyone. I am very happy using it.",
        "repliedAt": null,
        "replyContent": null,
        "reviewCreatedVersion": "1.0.1",
        "reviewId": "be850d06-61ec-4cf7-9877-d5008e5f3de0",
        "score": 5,
        "thumbsUpCount": 0,
        "userImage": "https://play-lh.googleusercontent.com/a/ACg8ocIS433yV8JLofjwV9bd86fehGQOgJLtGtnyhjl3aWr7=mo",
        "userName": "Hhji Fgi"
    },
    {
        "appVersion": "1.0.1",
        "at": "2023-11-20 12:12:44",
        "content": "I want everyone to definitely install this mind-blowing phone mobile tracker because it fully safe for locate my numbers location. I am big fan of this wonderful app .",
        "repliedAt": null,
        "replyContent": null,
        "reviewCreatedVersion": "1.0.1",
        "reviewId": "7ab13299-a74b-4a96-8637-32a5733d81fe",
        "score": 5,
        "thumbsUpCount": 0,
        "userImage": "https://play-lh.googleusercontent.com/a/ACg8ocJ1jaQoO5VIny6tOhZkj2MC7PWAi9FP4zqs-u8ZNbvc=mo",
        "userName": "tribhuanvery nice Singh"
    },
    {
        "appVersion": "1.0.1",
        "at": "2023-11-20 11:46:09",
        "content": "This is a fast-working app. It is an excellent phone number app. Its features make it my favorite app. Thank you for this fantastic app. I am confident it never disappointed anyone. If you want to perfect the work just install this wonderful mobile tracker app i am sure you are satisfied with it. This app is filled with lots of brilliant features.",
        "repliedAt": null,
        "replyContent": null,
        "reviewCreatedVersion": "1.0.1",
        "reviewId": "99e7741e-d4e5-4081-b9e7-7a56a3ab39ae",
        "score": 5,
        "thumbsUpCount": 0,
        "userImage": "https://play-lh.googleusercontent.com/a/ACg8ocLwAQRAxpinHvjhx-AZLUGy4Z25auXakVINZsouv-u5=mo",
        "userName": "Arsh"
    },
    {
        "appVersion": "1.0.1",
        "at": "2023-11-20 07:55:18",
        "content": "Fabulous working app. This app gives a fantastic trick or treat for the phone. I am impressed with its working way. I like all about this app. I hope you try it.",
        "repliedAt": null,
        "replyContent": null,
        "reviewCreatedVersion": "1.0.1",
        "reviewId": "1b56ddc6-7ed1-4452-9fa0-484c4b9a5d3e",
        "score": 5,
        "thumbsUpCount": 0,
        "userImage": "https://play-lh.googleusercontent.com/a/ACg8ocIn5s_dp7p9IWDT6G4pqGQh74dCT2fSFwTpL-r3chCX=mo",
        "userName": "khalil Rahman"
    },
    {
        "appVersion": "1.0.1",
        "at": "2023-11-20 03:58:00",
        "content": "An excellent experience with this app. A big thanks for this app to the developer. This app's features are really impressive. The google tricks section was very useful for me. This app is really awesome, I am really very happy to use this amazing app. It has many features that I really want. Best app ever.",
        "repliedAt": null,
        "replyContent": null,
        "reviewCreatedVersion": "1.0.1",
        "reviewId": "2677e0a8-8e49-45d0-8df0-38c46e395ae7",
        "score": 5,
        "thumbsUpCount": 0,
        "userImage": "https://play-lh.googleusercontent.com/a/ACg8ocL4_G4CJPWuqPEyaXd4GbrMTYVHtqPBfHzNJRBc5qZF=mo",
        "userName": "Mohd Amaan"
    },
    {
        "appVersion": "1.0.1",
        "at": "2023-11-19 22:50:38",
        "content": "Wow. I am amazed by its features. I have no worries about my mobile after using this brilliant app. In this app, Unlock hidden features with secret codes.",
        "repliedAt": null,
        "replyContent": null,
        "reviewCreatedVersion": "1.0.1",
        "reviewId": "245b1862-e722-4181-95cf-ffa2b91f0b13",
        "score": 5,
        "thumbsUpCount": 0,
        "userImage": "https://play-lh.googleusercontent.com/a/ACg8ocLb545gs6AIAvGHL5T18yfSbgw_smPuq1UjZORysQLc=mo",
        "userName": "Pathik Mondal"
    },
    {
        "appVersion": "1.0.1",
        "at": "2023-11-19 21:16:03",
        "content": "This app has offered me a great experience, I am highly impressed with this app. I was looking for an app to help me with hidden call recorder, this app is very useful for me.",
        "repliedAt": null,
        "replyContent": null,
        "reviewCreatedVersion": "1.0.1",
        "reviewId": "a8d2ee9c-1210-42cd-975a-0487a4ae1c65",
        "score": 5,
        "thumbsUpCount": 0,
        "userImage": "https://play-lh.googleusercontent.com/a-/ALV-UjUxMIpP-IAeVSPV_6SNmpbBmXOj9yRG1lXgRp2s09lBJzk",
        "userName": "Ranjeet Chorasiya"
    },
    {
        "appVersion": "1.0.1",
        "at": "2023-11-19 19:48:48",
        "content": "I can't express how much I appreciate this wonderful app. I am so glad I found it. If you want to your phone's hidden features, you should try this amazing app. This app is really attractive, Thank you for creating such a helpful app. Very intresting features available in this app, I love this superb app.",
        "repliedAt": null,
        "replyContent": null,
        "reviewCreatedVersion": "1.0.1",
        "reviewId": "001ed9a7-8320-49e1-9894-bad3ee78e616",
        "score": 5,
        "thumbsUpCount": 0,
        "userImage": "https://play-lh.googleusercontent.com/a/ACg8ocI2w0esahai_cN1SDtvSFJug6UdHypv_d_IqyGYNJ-j=mo",
        "userName": "Sujit Pandit"
    },
    {
        "appVersion": "1.0.1",
        "at": "2023-11-19 19:46:12",
        "content": "I want to everyone use this mind-blowing app and Explore mobile tricks and hidden settings. Installed this superb I am sure you are satisfied with it. A nice app. I can special thanks to the creators for making this fantastic app. I love it because this app is fully trustable. Keep up the great work.",
        "repliedAt": null,
        "replyContent": null,
        "reviewCreatedVersion": "1.0.1",
        "reviewId": "30d41425-f3fe-4862-adc3-5772ea4f3a35",
        "score": 5,
        "thumbsUpCount": 0,
        "userImage": "https://play-lh.googleusercontent.com/a-/ALV-UjWJ1ja_nK9q27jlRchVYNlPAWCh-CAHge8Kr10Tss0oRt4",
        "userName": "CRAZY GAMING KILLER LITE"
    },
    {
        "appVersion": "1.0.1",
        "at": "2023-11-18 23:38:04",
        "content": "This app has a fabulous hidden call recorder feature. I enjoy the variety of features available. It Works like a dream. A great app I have ever used. I am so thankful for this app. This app works perfectly and accurately. This is the first app I've been happy with. A nice and easy-to-use app. Try it guys.",
        "repliedAt": null,
        "replyContent": null,
        "reviewCreatedVersion": "1.0.1",
        "reviewId": "43f665b5-9289-447b-a329-94d933c35ed2",
        "score": 5,
        "thumbsUpCount": 0,
        "userImage": "https://play-lh.googleusercontent.com/a-/ALV-UjVn34DWwB0wjW4hfS88ssMaGGrHdSkkSMgCShyf1x0G4Q",
        "userName": "Sanjay kumar Kasera"
    },
    {
        "appVersion": "1.0.1",
        "at": "2023-11-18 21:21:01",
        "content": "I have no worries about my mobile after using this wonderful app. I am so glad I use this app. Thanks for this brilliant app. I will give it 5 stars because this app makes my work perfect without any problems. Lots of good options to choose from. This fantastic app never disappointed anyone. Thumbs up for this app.",
        "repliedAt": null,
        "replyContent": null,
        "reviewCreatedVersion": "1.0.1",
        "reviewId": "022d00b1-c875-4a77-8f0f-953c25b9b443",
        "score": 5,
        "thumbsUpCount": 0,
        "userImage": "https://play-lh.googleusercontent.com/a/ACg8ocIMap0NfI82UmN-nhRybj_9BgBerY5xXnS0i1bPiq3K=mo",
        "userName": "Bina verma Bina kumari"
    },
    {
        "appVersion": "1.0.1",
        "at": "2023-11-18 20:37:31",
        "content": "Simple and effective. Highly recommended to anyone looking for a great app. Mobile Code Trick for Android has made my android experience is amazing, Definitely the Best app in my opinion, and very easy to use. This app features are really impressive and very easy to use. I am fully satisfied with this app, Truly amazing app.",
        "repliedAt": null,
        "replyContent": null,
        "reviewCreatedVersion": "1.0.1",
        "reviewId": "ab4ff12f-461f-47f4-8eb8-15f90670e79c",
        "score": 5,
        "thumbsUpCount": 0,
        "userImage": "https://play-lh.googleusercontent.com/a-/ALV-UjXnlxMZOBz4HmbJ5JfZNhrV2tANyOLWZsieg_fZbb8r3kc",
        "userName": "Nil Ratan Lenka"
    },
    {
        "appVersion": null,
        "at": "2023-11-18 15:55:01",
        "content": "I highly recommend it to everyone. Awesome experience with this app, Try this app once. I finally understood the trick meaning and had a fantastic experience doing it.",
        "repliedAt": null,
        "replyContent": null,
        "reviewCreatedVersion": null,
        "reviewId": "88c2efa6-9e18-42f5-a46d-71c681ad272d",
        "score": 5,
        "thumbsUpCount": 0,
        "userImage": "https://play-lh.googleusercontent.com/a-/ALV-UjUByGuY_PIhL2OFeHTKiZVEzKb6UyBUjzarlo1Ha_LOqw",
        "userName": "Mukund Kumar"
    },
    {
        "appVersion": "1.0.1",
        "at": "2023-11-18 09:47:32",
        "content": "An awesome app indeed. This app is very useful for me, You can download this app. This app helps if there is secret information in this app, I love this app and very easy to use.",
        "repliedAt": null,
        "replyContent": null,
        "reviewCreatedVersion": "1.0.1",
        "reviewId": "0ab19a0a-e058-408e-bb50-4ab58a003132",
        "score": 5,
        "thumbsUpCount": 0,
        "userImage": "https://play-lh.googleusercontent.com/a/ACg8ocJL944rEXAl6SBISiZG5VjmN82xz5q2j6QlwDFLvg6W=mo",
        "userName": "Akash Jhakas"
    },
    {
        "appVersion": "1.0.1",
        "at": "2023-11-17 22:02:20",
        "content": "Keep up, the great work. I have a nice experience with this fantastic app. All hidden tricks and codes are available in this app. I like this brilliant app very much. Its features work very well and smoothly for everyone. I am happy to have this superb app. I want to everyone download this app. It is an awesome app.",
        "repliedAt": null,
        "replyContent": null,
        "reviewCreatedVersion": "1.0.1",
        "reviewId": "61e117ce-c1f2-4491-979f-c90803745613",
        "score": 5,
        "thumbsUpCount": 0,
        "userImage": "https://play-lh.googleusercontent.com/a-/ALV-UjWwn8prqs5JDPBa3heL9sxNvT4W1_bt6mLlq7YWXZGL-D0",
        "userName": "sangita jana"
    },
    {
        "appVersion": "1.0.1",
        "at": "2023-11-17 18:23:56",
        "content": "The different types of features make this fantastic app more interesting. Easy to navigate. This app works perfectly as a mobile tracker. I have a good experience with it.",
        "repliedAt": null,
        "replyContent": null,
        "reviewCreatedVersion": "1.0.1",
        "reviewId": "79e2d16f-e0ef-4245-92c0-7a952a01d163",
        "score": 5,
        "thumbsUpCount": 0,
        "userImage": "https://play-lh.googleusercontent.com/a-/ALV-UjUwEATcJVbhMc2Hlk-y2lvNDR3MzH2tFMs9ZUCgZe1DcI4",
        "userName": "Ankur Kumar"
    },
    {
        "appVersion": "1.0.1",
        "at": "2023-11-17 08:01:05",
        "content": "This android app is very amazing and very easy to use. I am so grateful to the developers for making this app. The app runs smoothly. This app is excellent in every way, Keep up the good work and this app is truly awesome and very easy to use. I am so glad I found this fabulous app, Excellent app, no doubt.",
        "repliedAt": null,
        "replyContent": null,
        "reviewCreatedVersion": "1.0.1",
        "reviewId": "eb36de92-4ec9-4e41-8411-3a0101db0399",
        "score": 5,
        "thumbsUpCount": 0,
        "userImage": "https://play-lh.googleusercontent.com/a-/ALV-UjXs77-tD7GlydxYnopqNAs8nxh8lUqpyXnd0hEoK5z3lw",
        "userName": "Mukesh Kumar"
    },
    {
        "appVersion": "1.0.1",
        "at": "2023-11-17 07:50:28",
        "content": "The best app I've ever used. This app is damn perfect for everyone and very easy to use. This app explores my phone's hidden features. Amazing app works so smoothly.",
        "repliedAt": null,
        "replyContent": null,
        "reviewCreatedVersion": "1.0.1",
        "reviewId": "6636caa2-31e0-4cc3-adc2-1b05deac6959",
        "score": 5,
        "thumbsUpCount": 0,
        "userImage": "https://play-lh.googleusercontent.com/a/ACg8ocI8ioEGZfB5xSJnK-E2cYVAvnksfON3LXqiOkl31He7=mo",
        "userName": "Anish Kumar"
    },
    {
        "appVersion": "1.0.1",
        "at": "2023-11-16 21:43:17",
        "content": "In this wonderful app, the hidden calculator feature helps me a lot. Ye app sabke liye bhot helpful hai. Mujhe lagta hai ki sabko iska istemal karna chaiye.",
        "repliedAt": null,
        "replyContent": null,
        "reviewCreatedVersion": "1.0.1",
        "reviewId": "f25a4724-aa5f-4c3c-921f-708778f66987",
        "score": 5,
        "thumbsUpCount": 0,
        "userImage": "https://play-lh.googleusercontent.com/a/ACg8ocIMlDrX2Jgb9p40Ba5JWDm5CbpTdUm2fIAJmBGtal1q=mo",
        "userName": "Subrata Manna"
    },
    {
        "appVersion": "1.0.1",
        "at": "2023-11-16 14:25:46",
        "content": "The app runs smoothly, I use it every day and it never disappoints. Best app ever. Such an awesome experience with this app. You should try this app. It's like a personal guide to your phone. This app's features are really wonderful, Overall a very satisfying app. It's a Brilliant app with Fabulous functionalities.",
        "repliedAt": null,
        "replyContent": null,
        "reviewCreatedVersion": "1.0.1",
        "reviewId": "f28b309f-52c4-4f7d-bbf2-990c7be45304",
        "score": 5,
        "thumbsUpCount": 0,
        "userImage": "https://play-lh.googleusercontent.com/a/ACg8ocIE4w511g13-BnuYo2VCzIu3gF6XPpXlDawItRiOpkv=mo",
        "userName": "Evil Queen"
    },
    {
        "appVersion": "1.0.1",
        "at": "2023-11-16 12:21:33",
        "content": "Thumbs up for this good app. I want everyone to use this mind-blowing app. I am sure you never regret it. This fantastic app helps to hidden figures. I want to everyone use this app and Access phone information and details. Good job done by whoever made this app. Such a wonderful app I have ever used.",
        "repliedAt": null,
        "replyContent": null,
        "reviewCreatedVersion": "1.0.1",
        "reviewId": "635f2e1b-4420-41e7-b8f1-a64d3f14c464",
        "score": 5,
        "thumbsUpCount": 0,
        "userImage": "https://play-lh.googleusercontent.com/a-/ALV-UjVGr6nHFw11OL3cHAQax5lAwfvcN3SKaKw1uXugnA61Uow",
        "userName": "Jhuma Shil"
    },
    {
        "appVersion": "1.0.1",
        "at": "2023-11-16 09:24:43",
        "content": "This fabulous app doing good work. In this app, hidden call recorder features help me a lot. Iss app ko use karne ke baad mujhe kisi aur app ki jarurat nahi hai kyuki isme wo sab kuch jo mujhe chaiye tha. A nice and enjoyable experience after using this app. So far, the most excellent app I've used.",
        "repliedAt": null,
        "replyContent": null,
        "reviewCreatedVersion": "1.0.1",
        "reviewId": "d6d38653-4d79-4369-91ac-17f851d7e18c",
        "score": 5,
        "thumbsUpCount": 0,
        "userImage": "https://play-lh.googleusercontent.com/a-/ALV-UjWTARR6F8X-mFdxNg2oLCiC3HaODsk1QR0B-r4rT5BNYg",
        "userName": "Sunny short video"
    },
    {
        "appVersion": null,
        "at": "2023-11-16 09:00:21",
        "content": "This mind-blowing app gives perfect and easy tips for mobile. It is an amazing app. This app is very important to me. I like this brilliant app so much. I want everyone to install this wonderful app because easy to install this app without any issues. Its features work perfectly and smoothly for everyone. I try many other apps but this is one of my favorite app. This app deserves definitely 5 stars.",
        "repliedAt": null,
        "replyContent": null,
        "reviewCreatedVersion": null,
        "reviewId": "43e5fec8-701a-481a-bf56-ad5ad9fd8330",
        "score": 5,
        "thumbsUpCount": 0,
        "userImage": "https://play-lh.googleusercontent.com/a/ACg8ocKDMoPBcAl9hURB7fbLpJNVBuhF8AvUOm9x0KgP26Am=mo",
        "userName": "Jahir Hussain"
    },
    {
        "appVersion": "1.0.1",
        "at": "2023-11-15 22:44:23",
        "content": "No other apps can be better than this wonderful app. A great app. This app is filled with awesome options. Hands up for this app. I am happy with this app.",
        "repliedAt": null,
        "replyContent": null,
        "reviewCreatedVersion": "1.0.1",
        "reviewId": "5d192c5f-7a15-4113-a441-24bca4ea4b83",
        "score": 5,
        "thumbsUpCount": 0,
        "userImage": "https://play-lh.googleusercontent.com/a-/ALV-UjXmuCXBS-ZsOIuUiIG48azA5UOPcuiDmiim5mC0cNYWqco",
        "userName": "Sandeep Sharma"
    },
    {
        "appVersion": "1.0.1",
        "at": "2023-11-15 21:41:25",
        "content": "I am very happy to use this app's features, It makes everything easy. Thanks for this app. I tried out this app for my mobile, and it was a fantastic experience. This app is the world's best app I have ever seen. This app is Perfect for everyone. Thank you very much developers for making this awesome app.",
        "repliedAt": null,
        "replyContent": null,
        "reviewCreatedVersion": "1.0.1",
        "reviewId": "fc0fa19a-5ab4-42c7-8bbe-10fa753a0a5a",
        "score": 5,
        "thumbsUpCount": 0,
        "userImage": "https://play-lh.googleusercontent.com/a-/ALV-UjXWWWLAKCfKaGyHOwbqPJztixldTv7diGQ39wb6Z1BVKQ",
        "userName": "Karan Prajapati Tulbul"
    },
    {
        "appVersion": "1.0.1",
        "at": "2023-11-15 21:33:15",
        "content": "Definitely recommend this app, I Will Give It 5 Stars. Very simple to use this stunning app. This app helps the hidden castle, An awesome app indeed.",
        "repliedAt": null,
        "replyContent": null,
        "reviewCreatedVersion": "1.0.1",
        "reviewId": "d8d103bb-58c7-49a2-a0e1-4b9b143d1d7d",
        "score": 5,
        "thumbsUpCount": 0,
        "userImage": "https://play-lh.googleusercontent.com/a-/ALV-UjWWfRkXB88Dkfb5oNN0WUg4PnJ2hPgSrHdaUxztNzZKutE",
        "userName": "Pintu Saha"
    },
    {
        "appVersion": "1.0.1",
        "at": "2023-11-15 16:37:18",
        "content": "The developers are brilliant for creating such a fabulous app. This app is simply awesome. It has mind-blowing features and very easy to use. I can't express how much I appreciate this wonderful app. It has truly improved my phone experience. It's so realistic with superb features, you should download this amazing app.",
        "repliedAt": null,
        "replyContent": null,
        "reviewCreatedVersion": "1.0.1",
        "reviewId": "d196908f-2334-43cf-bc2e-c7eb689f6a49",
        "score": 5,
        "thumbsUpCount": 0,
        "userImage": "https://play-lh.googleusercontent.com/a-/ALV-UjXmx0GyO3KIVUIhj3Bp4YdnzBVP5CpY0aat7RzXyBijUGU",
        "userName": "Salma Khan"
    },
    {
        "appVersion": "1.0.1",
        "at": "2023-11-15 10:37:17",
        "content": "Such an amazing app for everyone. This app works wonderfully for my expectations. hidden calculator is the best feature of this app. I appreciate this app.",
        "repliedAt": null,
        "replyContent": null,
        "reviewCreatedVersion": "1.0.1",
        "reviewId": "f0eb55ac-ffda-43bf-9c32-e054a45c4994",
        "score": 5,
        "thumbsUpCount": 0,
        "userImage": "https://play-lh.googleusercontent.com/a/ACg8ocIYMGpnHJ6JnGrMMedabfp8DJgacFl4GTrYFoPVeqkj8g=mo",
        "userName": "Kailash Kumar"
    },
    {
        "appVersion": null,
        "at": "2023-11-15 05:24:57",
        "content": "This app has offered me a great experience, Truly an amazing app for everyone. I finally understood the android definition thanks to this app. This app has offered me a great experience, This app's features are really impressive. Thank you very much developers for making this amazing app. I honestly recommend it.",
        "repliedAt": null,
        "replyContent": null,
        "reviewCreatedVersion": null,
        "reviewId": "70377f72-4c77-42e8-bcf3-5e5ec2bf669f",
        "score": 5,
        "thumbsUpCount": 0,
        "userImage": "https://play-lh.googleusercontent.com/a/ACg8ocL0g7zSyvSmbQTnTUg78QuGriIcjzi5jZcFArbU2_tO=mo",
        "userName": "Abhishek Singh"
    },
    {
        "appVersion": null,
        "at": "2023-11-14 09:36:37",
        "content": "The developers have done a brilliant job with this app. Had a great experience using it. This app has greatly improved my experience with android. This app is so simple to use, It has everything I need and more. Highly recommended to anyone looking for a great app. This app is honestly outstanding, Thank you for creating such a helpful tool. I am so impressed by its performance and very easy to use.",
        "repliedAt": null,
        "replyContent": null,
        "reviewCreatedVersion": null,
        "reviewId": "2021d82e-7240-4fbe-8c58-e782d0316d94",
        "score": 5,
        "thumbsUpCount": 0,
        "userImage": "https://play-lh.googleusercontent.com/a/ACg8ocJQfeXFTLcXImlGhrZ0yZzhRePvO6OIRawUKpO4dDo=mo",
        "userName": "Sahabaj Khan"
    },
    {
        "appVersion": "1.0.1",
        "at": "2023-11-14 04:53:07",
        "content": "It is very convenient and easy to use. I use this app every day for my phone's secret codes. This app is really good and well-made. I'm totally satisfied with this app.",
        "repliedAt": null,
        "replyContent": null,
        "reviewCreatedVersion": "1.0.1",
        "reviewId": "9fad87aa-f566-4480-9a5c-f9cf16adffb2",
        "score": 5,
        "thumbsUpCount": 0,
        "userImage": "https://play-lh.googleusercontent.com/a-/ALV-UjXDphaxvoZoC6lPT_eLSZn-_YA7WpruOQZogx55xv5BCko",
        "userName": "Chandan Biswal"
    },
    {
        "appVersion": "1.0.1",
        "at": "2023-11-13 22:55:09",
        "content": "There is honestly no better app of its type, It has many features that I really want. This app explores the trick meaning for me, I can't express how much I appreciate this wonderful app. I am amazed at how well this app works, The functionality of this app is brilliant. It has awesome features and very easy to use this app.",
        "repliedAt": null,
        "replyContent": null,
        "reviewCreatedVersion": "1.0.1",
        "reviewId": "998d7cc1-459e-4756-b8c2-7b92f065b90b",
        "score": 5,
        "thumbsUpCount": 0,
        "userImage": "https://play-lh.googleusercontent.com/a/ACg8ocIjrUhBx72wDq6baoTHByPQ_Ov6kfkJWkbhN2eIMOZP=mo",
        "userName": "Bipin Bihari Sharma"
    },
    {
        "appVersion": "1.0.1",
        "at": "2023-11-13 21:27:15",
        "content": "hidden optical illusions are the best in this app. I want to everyone install this amazing app. I am so glad I found this app. I do not need to use any other apps after using this app. Everyone can easily install this app without any issues. I try many other apps but this app touches my heart. I hope you try it.",
        "repliedAt": null,
        "replyContent": null,
        "reviewCreatedVersion": "1.0.1",
        "reviewId": "737987a3-2070-4ec7-b3e5-4ac79cd8303c",
        "score": 5,
        "thumbsUpCount": 0,
        "userImage": "https://play-lh.googleusercontent.com/a/ACg8ocLJnszfK7ytQE7tRhCpVpSL4AIMNKmNLL_mVcfJ52XG=mo",
        "userName": "Pradeep Kumar"
    },
    {
        "appVersion": "1.0.1",
        "at": "2023-11-13 11:05:17",
        "content": "This app is user-friendly and very easy to use. It's exceeded my expectations in every way. The hidden call recorder feature is mind-blowing and very easy to use.",
        "repliedAt": null,
        "replyContent": null,
        "reviewCreatedVersion": "1.0.1",
        "reviewId": "87b18b48-dd1d-42e5-9838-a972413aabcf",
        "score": 5,
        "thumbsUpCount": 0,
        "userImage": "https://play-lh.googleusercontent.com/a/ACg8ocJNEM180xKF3uIVeLWbpLgW3JoAGubpfWnPe2r89fgN=mo",
        "userName": "Neeraj Kumar"
    },
    {
        "appVersion": "1.0.1",
        "at": "2023-11-11 21:26:48",
        "content": "I can ensure that this app will not disappoint you. You can download this wonderful app. I am thoroughly satisfied with its performance. This app has exceeded my expectations. The app explores mobile secret features. This is the most wonderful app I have ever installed. This app is really very easy to use.",
        "repliedAt": null,
        "replyContent": null,
        "reviewCreatedVersion": "1.0.1",
        "reviewId": "a86d5bee-19ec-4065-ad67-411904a7040f",
        "score": 5,
        "thumbsUpCount": 0,
        "userImage": "https://play-lh.googleusercontent.com/a-/ALV-UjUqhIuJXdklao8KDnkYIfLt3LY1MVRe-VbDuoWNl_qqC9g",
        "userName": "Akshaya kumar Behera"
    },
    {
        "appVersion": "1.0.1",
        "at": "2023-11-11 21:25:34",
        "content": "I had my doubts about understanding android, but this app helped me. It's a truly amazing app and very easy to use. Thank you so much guys for making this awesome app.",
        "repliedAt": null,
        "replyContent": null,
        "reviewCreatedVersion": "1.0.1",
        "reviewId": "48d9af3b-b248-47ba-8b43-1e7993d78392",
        "score": 5,
        "thumbsUpCount": 0,
        "userImage": "https://play-lh.googleusercontent.com/a-/ALV-UjV9WJfOw0M5T6gDfEXzC2GZUZkVD3aLNxzt1QFmcf1sWbY",
        "userName": "Subrat Behera"
    },
    {
        "appVersion": "1.0.1",
        "at": "2023-11-10 22:50:32",
        "content": "I have a great experience with this wonderful app. This app fulfilled my all needs. If you want to trick or treat on your mobile this app is perfect. It is all the things in this app that I want. This is the best app. This is one of my favorite apps. This is a very good app for daily use. Such a nice app.",
        "repliedAt": null,
        "replyContent": null,
        "reviewCreatedVersion": "1.0.1",
        "reviewId": "d7cc5602-bad4-4f66-811f-4174e1146b43",
        "score": 5,
        "thumbsUpCount": 0,
        "userImage": "https://play-lh.googleusercontent.com/a-/ALV-UjW23wPsuBZqDUfqZCadsMGYTp1fLVDe70AYTX8S-Rx0pKQ",
        "userName": "Anand Patel"
    },
    {
        "appVersion": "1.0.1",
        "at": "2023-11-10 09:37:06",
        "content": "Amazing phone apps, It is so unique. it's good and I would definitely recommend it to anyone. I am satisfied to this app.",
        "repliedAt": null,
        "replyContent": null,
        "reviewCreatedVersion": "1.0.1",
        "reviewId": "6520058b-2d44-473b-b60d-b8fe865d59bc",
        "score": 5,
        "thumbsUpCount": 0,
        "userImage": "https://play-lh.googleusercontent.com/a-/ALV-UjUXQwgRyloAymyxuXbteR4j1vdrfCW77ytzYRE9HuTwCg",
        "userName": "Sridhara Pusti"
    },
    {
        "appVersion": "1.0.1",
        "at": "2023-11-10 05:46:06",
        "content": "One of the best apps I have ever seen. easy tips in this mind-blowing app. Thank you for making this wonderful app. This superb app is smooth. This app has become an integral part of my phone. This cool app works fast and well. Everything is perfect in this app. I have never seen an app like this app.",
        "repliedAt": null,
        "replyContent": null,
        "reviewCreatedVersion": "1.0.1",
        "reviewId": "e15f0a81-90b9-4d03-8bdd-68184a340bea",
        "score": 5,
        "thumbsUpCount": 0,
        "userImage": "https://play-lh.googleusercontent.com/a-/ALV-UjXLRFbrYBS6dEoSSblyBJ5EkbEboX0LDZjvX4zoYVEskXk",
        "userName": "Maheswar Majhi"
    },
    {
        "appVersion": "1.0.1",
        "at": "2023-11-10 02:14:10",
        "content": "what is a fabulous app for android. I used many other apps this app is one of my favorite apps. Iss app me bahot achaa functions hai. I appreciate it.",
        "repliedAt": null,
        "replyContent": null,
        "reviewCreatedVersion": "1.0.1",
        "reviewId": "aea93891-cf05-49d1-85b8-6576072e0d8c",
        "score": 1,
        "thumbsUpCount": 0,
        "userImage": "https://play-lh.googleusercontent.com/a/ACg8ocKiWwrXlM-urT8V1wdsPf7q8MKbvMmRsrmWlZeo1Tnj=mo",
        "userName": "Md Faruk"
    },
    {
        "appVersion": "1.0.1",
        "at": "2023-11-09 10:36:41",
        "content": "Op",
        "repliedAt": null,
        "replyContent": null,
        "reviewCreatedVersion": "1.0.1",
        "reviewId": "f2f015f8-ee7e-4767-b1de-dafdf2d59758",
        "score": 5,
        "thumbsUpCount": 0,
        "userImage": "https://play-lh.googleusercontent.com/a-/ALV-UjUbQ3lvXQFI4Dy7vNvYXajIVd4rtBUBFSgEUQpUK6_wtbo",
        "userName": "GHANASHYAM MEHER"
    },
    {
        "appVersion": "1.0.1",
        "at": "2023-11-08 21:50:54",
        "content": "This app is very helpful. This app gives useful tips for mobile. Easy to install and use this app without any problems. I am fully satisfied after using this mind-blowing app. I will give it 5 stars. I can thank the creators for this brilliant app. Mujhe jo chaiye tha wo sab is app me hai. Thumbs up for this app.",
        "repliedAt": null,
        "replyContent": null,
        "reviewCreatedVersion": "1.0.1",
        "reviewId": "ccff84a3-e921-45a0-ae6d-810bd3f78270",
        "score": 5,
        "thumbsUpCount": 0,
        "userImage": "https://play-lh.googleusercontent.com/a/ACg8ocL1Apt1Kd-Aln9FtGoHOA4oq5zCsLZ6dMlJsHQF1k9v=mo",
        "userName": "SK MURSALIM"
    },
    {
        "appVersion": "1.0.1",
        "at": "2023-11-08 10:12:45",
        "content": "Perfect app. This is a cool app. I was looking for an app like this app. Keep it up, guys. It the perfect app for knowing the meaning of tricks. I love this app.",
        "repliedAt": null,
        "replyContent": null,
        "reviewCreatedVersion": "1.0.1",
        "reviewId": "f95cfc9a-212c-4a51-b4b8-dfd0acdd3a0e",
        "score": 5,
        "thumbsUpCount": 0,
        "userImage": "https://play-lh.googleusercontent.com/a-/ALV-UjV22IRFyNGpFj6IwmHxFT1JqSR2TdNFfYvYDjVRelEj79s",
        "userName": "Tejas Ram"
    },
    {
        "appVersion": "1.0.1",
        "at": "2023-11-08 09:02:17",
        "content": "A nice app. It is an awesome app. This app is useful for phone hidden settings. I can't believe how superb work this app is. Such a wonderful app for everyone. Everyone can simply install and use this app without any problems. It really helps me a lot. This is a fantastic app. I give bravo to the makers for making it. I fully trust this brilliant app. This app makes my work more perfect. Try it guys.",
        "repliedAt": null,
        "replyContent": null,
        "reviewCreatedVersion": "1.0.1",
        "reviewId": "4941c40a-69f4-43dd-92b4-92ecc521c26e",
        "score": 5,
        "thumbsUpCount": 0,
        "userImage": "https://play-lh.googleusercontent.com/a-/ALV-UjUMovdikpIeEvxVZMb8LcNptu-LYqes0tl4trxl0fQlzPI",
        "userName": "Akhil Sinha"
    },
    {
        "appVersion": "1.0.1",
        "at": "2023-11-08 05:53:05",
        "content": "It gave me the perfect experience of what I downloaded it for. Absolutely a wonderful app. I am so impressed by its performance, Everyone should get this app. It has many options. I can't express how much this app has improved my android experience. This app explores my phone's hidden features. I can't express how much I appreciate this wonderful app. The features are mind-blowing, Really awesome app.",
        "repliedAt": null,
        "replyContent": null,
        "reviewCreatedVersion": "1.0.1",
        "reviewId": "5620fa4a-de9b-4bc6-a258-1987329f63ca",
        "score": 5,
        "thumbsUpCount": 0,
        "userImage": "https://play-lh.googleusercontent.com/a-/ALV-UjVf4F73tFkeNp9ocpggKyUgWXJrts-6p3raikpZID3ZqcU",
        "userName": "Binod Pandit"
    },
    {
        "appVersion": "1.0.1",
        "at": "2023-11-08 02:08:16",
        "content": "Definitely, one of my favorite apps because everything is there that I was searching. I want everyone to leave any other apps and use this cool app I am sure you are happy with it.",
        "repliedAt": null,
        "replyContent": null,
        "reviewCreatedVersion": "1.0.1",
        "reviewId": "edda00c0-ece0-43f9-b697-c2a3863ea776",
        "score": 5,
        "thumbsUpCount": 0,
        "userImage": "https://play-lh.googleusercontent.com/a-/ALV-UjW-pK-flLAJO2wUiUBNln8GuC0wxBq40rymVq9Fsf1Nkg",
        "userName": "VIKAS SAINI"
    },
    {
        "appVersion": "1.0.1",
        "at": "2023-11-07 22:12:42",
        "content": "Great experience with this app. It\u2019s an attractive app and easy to use, Highly recommended. Highly recommended for those who love to explore their android device, Me sach me impress hu ye app se, I am very happy to use this app features. I like this app. The app features are very impressive. I like this app a lot.",
        "repliedAt": null,
        "replyContent": null,
        "reviewCreatedVersion": "1.0.1",
        "reviewId": "96798769-72ba-46ce-a3a1-43c46ce7677e",
        "score": 5,
        "thumbsUpCount": 0,
        "userImage": "https://play-lh.googleusercontent.com/a/ACg8ocIWchi0ZXAsEkzSyV6LVXNRHsD9JwmHMhrhZSkbfQAg=mo",
        "userName": "Neha Patel"
    },
    {
        "appVersion": "1.0.1",
        "at": "2023-11-07 21:57:36",
        "content": "Thank you for creating it. This app's features are really impressive and very easy to use. The easy tips in this app have improved how I use my android, It gives me the perfect experience of what I downloaded it for. I am really impressed with this app. I recommend this app for everyone to use this app.",
        "repliedAt": null,
        "replyContent": null,
        "reviewCreatedVersion": "1.0.1",
        "reviewId": "748be326-c06b-40b0-a63b-6ff327e48388",
        "score": 5,
        "thumbsUpCount": 0,
        "userImage": "https://play-lh.googleusercontent.com/a/ACg8ocJ0zrDtF66QPnaEE7LvvkEoRG8UORcZQ7GO_sZJlm3q=mo",
        "userName": "Tapas ff"
    },
    {
        "appVersion": "1.0.1",
        "at": "2023-11-07 16:19:47",
        "content": "Best app ever. I really love to use this app. I have been searching for an app that can explain the trick behind android in a simple way, and I got this app.",
        "repliedAt": null,
        "replyContent": null,
        "reviewCreatedVersion": "1.0.1",
        "reviewId": "643149dd-42be-49a7-a9d6-032066850c96",
        "score": 5,
        "thumbsUpCount": 0,
        "userImage": "https://play-lh.googleusercontent.com/a/ACg8ocIFkmA333dtL_pRld_qI4Dsdvu8BT9fnQ7PAevs8hyD=mo",
        "userName": "Zainab malik"
    },
    {
        "appVersion": "1.0.1",
        "at": "2023-11-06 12:20:59",
        "content": "Super easy to use and is exactly what I was looking for, Thank you for making it easy for me. It's good for everything it does, I love this app it's got everything you need and it's easy to use. Everyone should get this app. This app helps me explore hidden castle. It offers a Wonderful experience with its Fantastic features, I love this app features. The developers have done a fantastic job. Definitely the Best app in my opinion.",
        "repliedAt": null,
        "replyContent": null,
        "reviewCreatedVersion": "1.0.1",
        "reviewId": "654a21f4-d520-40bc-a0db-517069614bfe",
        "score": 5,
        "thumbsUpCount": 0,
        "userImage": "https://play-lh.googleusercontent.com/a-/ALV-UjX6-3qegCS--kJtG_NRUIvkirgLgZiUCSAiVw201gONUCSV",
        "userName": "Ainul Khan"
    },
    {
        "appVersion": "1.0.1",
        "at": "2023-11-06 04:28:30",
        "content": "Bravo. I like this mind-blowing app so much. After using this fabulous app I can easily make my phone code without any problems. I am so glad I found this best app. After using this brilliant app I can easily complete my work with perfections. If you want to good app this app is the perfect for you. I appreciate it.",
        "repliedAt": "2023-11-06 04:42:50",
        "replyContent": "Thank you very much. Keep using our mobile tracker app :)",
        "reviewCreatedVersion": "1.0.1",
        "reviewId": "4d6754cd-2f52-4913-9a08-c2a450f55343",
        "score": 5,
        "thumbsUpCount": 0,
        "userImage": "https://play-lh.googleusercontent.com/a-/ALV-UjVyBMDhhzmJbggCvZdT0BEM4AesIU3_6seY2F-pxp_XNw",
        "userName": "Mr Sumit Gaming"
    },
    {
        "appVersion": "1.0.1",
        "at": "2023-11-06 04:06:56",
        "content": "I have no right words to express my gratitude for this superb app. I highly recommend it. Many useful hidden tricks in this brilliant app. I hope you try it.",
        "repliedAt": "2023-11-06 04:42:15",
        "replyContent": "Thank you for downloading our mobile tracker app! We will keep working on it!",
        "reviewCreatedVersion": "1.0.1",
        "reviewId": "e321da4e-8cf5-47a9-a1a6-a0f11c3cf304",
        "score": 5,
        "thumbsUpCount": 0,
        "userImage": "https://play-lh.googleusercontent.com/a/ACg8ocLEUNWQw4id2ouETZ4oz9fgI6ORKTZlOVkdDitNfcoY=mo",
        "userName": "Varsha Singh"
    },
    {
        "appVersion": null,
        "at": "2023-11-03 21:55:08",
        "content": "I like to use this app for trick or treat to mobile. The best thing about this app is easy to understand. Try it guys I am sure you are satisfied to use it.",
        "repliedAt": "2023-11-06 04:40:24",
        "replyContent": "Hi, thank you very much for your feedback on this mobile tracker app.",
        "reviewCreatedVersion": null,
        "reviewId": "31c7a91e-6df6-4b82-b893-d77b5f2fc21b",
        "score": 5,
        "thumbsUpCount": 0,
        "userImage": "https://play-lh.googleusercontent.com/a-/ALV-UjWUOxirdjvLIDO96ZcpuBQVHTshLYAAuX5xEyiXla4VcQ",
        "userName": "Anand Raj"
    },
    {
        "appVersion": "1.0.1",
        "at": "2023-11-03 21:44:19",
        "content": "I am impressed with the secret history feature of this fantastic app. Everything in this app is what I want. It is a unique app I have ever seen. Useful app.",
        "repliedAt": "2023-11-06 04:40:02",
        "replyContent": "Hi, Thanks for your feedback. We are continuously working on adding more features to our mobile tracker app to make your experience better.",
        "reviewCreatedVersion": "1.0.1",
        "reviewId": "326efd7e-4b09-4111-be69-dd298e06034a",
        "score": 5,
        "thumbsUpCount": 1,
        "userImage": "https://play-lh.googleusercontent.com/a/ACg8ocJPGRUq8rODCUUvtBcv_9cpjVknQAq_KGNtERMCFkrL=mo",
        "userName": "Bipin Pal"
    },
    {
        "appVersion": "1.0.1",
        "at": "2023-11-01 10:28:38",
        "content": "easy tricks and tips in this wonderful app. This app is a great gem. I am impressed with all about this mind-blowing app. All features are fantastic in this app. The simplicity of this amazing app is what makes it stand out. I have never seen an app like this app. I am happy with this app. Thumbs up for this app.",
        "repliedAt": "2023-11-02 11:40:10",
        "replyContent": "Thank you for your encouraging words.",
        "reviewCreatedVersion": "1.0.1",
        "reviewId": "5d8ab60a-97e0-4abd-891e-cd61bbbd3228",
        "score": 5,
        "thumbsUpCount": 0,
        "userImage": "https://play-lh.googleusercontent.com/a-/ALV-UjULk9KAtpPyR-IbGspuknR2gO2ryFJLkEfKvutQMd2qeL0",
        "userName": "SHEKH VASIM"
    },
    {
        "appVersion": "1.0.1",
        "at": "2023-11-01 10:12:20",
        "content": "This app is really good. It's a wonderful app that deserves five stars, A cool app indeed. This is the most wonderful app I have ever installed. I recommended this to all try it once. I am happy with this app and the secret code is very useful for me. thank you very much for making an amazing app. Good app overall.",
        "repliedAt": "2023-11-02 11:39:29",
        "replyContent": "Thank you very much. Keep using our mobile tracker app :)",
        "reviewCreatedVersion": "1.0.1",
        "reviewId": "93f742de-b357-4eb8-9db8-0bf3ac7acc96",
        "score": 5,
        "thumbsUpCount": 0,
        "userImage": "https://play-lh.googleusercontent.com/a-/ALV-UjX9F3jTFZk7X3kD4IF0zhh26fzMk7rC3qOdFu7RaHOS6A4",
        "userName": "Lucky Kushwaha"
    },
    {
        "appVersion": "1.0.1",
        "at": "2023-11-01 03:12:21",
        "content": "No complaints about this amazing app. I was looking for such an amazing app. In this app, I use the hidden call recorder feature every day. 5 stars for it.",
        "repliedAt": "2023-11-02 11:32:17",
        "replyContent": "Hi, thank you very much for your feedback.",
        "reviewCreatedVersion": "1.0.1",
        "reviewId": "acf48e5d-9c8f-4d62-b83e-b18b55238aaf",
        "score": 5,
        "thumbsUpCount": 0,
        "userImage": "https://play-lh.googleusercontent.com/a-/ALV-UjXMm3y9ZCBPCON7EGjV6DMdLiiCDZA8dYevizGnnApuSPw",
        "userName": "Subho Mondal"
    },
    {
        "appVersion": "1.0.1",
        "at": "2023-10-31 09:36:55",
        "content": "This is an excellent working app. I do not need to use any other apps after using it. I recommend this amazing app. Such a fantastic app. This app provides superb and easy tips for mobile. It exceeds my all expectations and needs. I am impressed with its working way. Lots of thanks for this cool app.",
        "repliedAt": "2023-11-02 11:34:01",
        "replyContent": "Thank you very much. Keep using our app :)",
        "reviewCreatedVersion": "1.0.1",
        "reviewId": "cd21509d-f2cf-4a81-ac4d-8c0a240b212f",
        "score": 5,
        "thumbsUpCount": 0,
        "userImage": "https://play-lh.googleusercontent.com/a-/ALV-UjWIMFthgSoJrxz1sOPmf-KpxmfhzjhYNA5V-jMXZll4UOM",
        "userName": "Sandesh pal Choudhary"
    },
    {
        "appVersion": null,
        "at": "2023-10-31 09:35:48",
        "content": "It works smoothly and is very user-friendly, I love this app. It explained the trick or treat, You can try this amazing app. I was amazed at the android device manager features it offered. The developers have done a brilliant job with this app. I have appreciated the app and am grateful for all the developers.",
        "repliedAt": "2023-11-02 11:34:21",
        "replyContent": "Thank you for your encouraging words.",
        "reviewCreatedVersion": null,
        "reviewId": "031265e0-74c5-4fcd-8d1f-37aec052a728",
        "score": 5,
        "thumbsUpCount": 0,
        "userImage": "https://play-lh.googleusercontent.com/a-/ALV-UjVRsTpZcKpcdzBJCIpCZG3KbRdMlkFuvwZB0gUXmG1c",
        "userName": "ROYAL GAMER"
    },
    {
        "appVersion": null,
        "at": "2023-10-31 09:30:06",
        "content": "This app's features are very impressive and amazing. I honestly recommend it. I have tried many apps, but this app is the best. I can't believe how good it is.",
        "repliedAt": "2023-11-02 11:34:41",
        "replyContent": "Thank you for downloading our mobile tracker app! We will keep working on it!",
        "reviewCreatedVersion": null,
        "reviewId": "c43efacf-bb3f-47f3-ac30-3fab941e72e0",
        "score": 5,
        "thumbsUpCount": 1,
        "userImage": "https://play-lh.googleusercontent.com/a/ACg8ocLSBAQwCrras6enla7yugusWTSWRYd1Mq7ZwYu9Ugh3=mo",
        "userName": "BIDYA DEVI"
    },
    {
        "appVersion": null,
        "at": "2023-10-19 01:28:59",
        "content": "With this app, you can discover secrets on your phone you never knew existed. I now actually know my phone. Its really useful.",
        "repliedAt": "2023-11-02 11:36:47",
        "replyContent": "Thank you for downloading our mobile tracker app! We will keep working on it!",
        "reviewCreatedVersion": null,
        "reviewId": "ce9b2f6a-d797-493f-91fd-e80273632afd",
        "score": 5,
        "thumbsUpCount": 2,
        "userImage": "https://play-lh.googleusercontent.com/a/ACg8ocLjex4ZURX-CgMtWRhUz-gTXDkHH5--h9YGJ6IOVD1rjg=mo",
        "userName": "Soni Kumari"
    },
    {
        "appVersion": "1.0.1",
        "at": "2023-10-04 00:43:05",
        "content": "Nice application",
        "repliedAt": null,
        "replyContent": null,
        "reviewCreatedVersion": "1.0.1",
        "reviewId": "bd3ac2a0-e203-4b66-916e-fa7a48487763",
        "score": 5,
        "thumbsUpCount": 1,
        "userImage": "https://play-lh.googleusercontent.com/a/ACg8ocI2MkI098awsg37BqUQNWB1OJQTJzmC-csZSkPEOS90=mo",
        "userName": "yogesh pachare"
    }
]