[
    {
        "appVersion": "1.2",
        "at": "2023-11-16 16:16:52",
        "content": "Refer code please.",
        "repliedAt": "2023-11-16 16:19:08",
        "replyContent": "Dear user the refer code is admin. If you still facing problem to create account please email us at freelitecoinreward@gmail.com.",
        "reviewCreatedVersion": "1.2",
        "reviewId": "2cead56f-4ad1-407d-a130-484bc4f79771",
        "score": 1,
        "thumbsUpCount": 0,
        "userImage": "https://play-lh.googleusercontent.com/a-/ALV-UjWZ89LoMVoVVv_FZcsdzJ8ap-iemFJu0SDoTVSyL6oxTc4",
        "userName": "Koko Lamin"
    },
    {
        "appVersion": null,
        "at": "2023-11-12 11:16:06",
        "content": "Very legit app..just wish you guys had play time offer so we can earn more",
        "repliedAt": "2023-11-14 16:50:57",
        "replyContent": "Thanks for your kind feedback. We would consider it seriously in future updates. If you have any suggestions or questions, please feel free to contact us at freelitecoinreward@gmail.com.",
        "reviewCreatedVersion": null,
        "reviewId": "c030b036-faac-4ad7-b402-9adc342fb30a",
        "score": 5,
        "thumbsUpCount": 0,
        "userImage": "https://play-lh.googleusercontent.com/a/ACg8ocJ7B79omcBST5Nqw9M8KxeAf8Tb4MwVLDmFdplvlIHw=mo",
        "userName": "Angela Seria"
    },
    {
        "appVersion": null,
        "at": "2023-11-10 00:35:33",
        "content": "Waste time",
        "repliedAt": "2023-11-10 07:08:21",
        "replyContent": "Dear User,\nWe are sorry that we didn't meet your expectations. Please let us know what we can do to improve. Drop us an email at freelitecoinreward@gmail.com and we will definitely try to resolve the issue.",
        "reviewCreatedVersion": null,
        "reviewId": "8dc578f8-d296-46a7-a6a5-2192e6be7476",
        "score": 1,
        "thumbsUpCount": 0,
        "userImage": "https://play-lh.googleusercontent.com/a-/ALV-UjX2bUnKPCq1Xoqc96whoSD_WGyxmTG_5zgdfwMMNkwOVg",
        "userName": "MR. RENDEL"
    },
    {
        "appVersion": "1.2",
        "at": "2023-11-06 08:06:57",
        "content": "The interface is really good but it is a new app, and I just started new, I hope they pay me but for now lemme give them a 5 star but if they disappoint I am changing it",
        "repliedAt": "2023-11-07 04:06:16",
        "replyContent": "Thanks for your love. If you have any questions, please contact us at freelitecoinreward@gmail.com.",
        "reviewCreatedVersion": "1.2",
        "reviewId": "bbcbda3a-17ca-4a08-9d7d-3a98748328ba",
        "score": 5,
        "thumbsUpCount": 0,
        "userImage": "https://play-lh.googleusercontent.com/a/ACg8ocIej4hmnkMPqDhdGtLOaE4RIv-zwCab6E6LC-PVNSby=mo",
        "userName": "Justin Chimuanya"
    },
    {
        "appVersion": "1.2",
        "at": "2023-10-19 06:43:04",
        "content": "thanks \ud83d\udc4d I will give more \u2b50 after I confirmed the withdraw",
        "repliedAt": "2023-10-24 14:40:42",
        "replyContent": "Thank you for your review",
        "reviewCreatedVersion": "1.2",
        "reviewId": "8d27191e-d321-40b9-872c-edb611c2bcff",
        "score": 3,
        "thumbsUpCount": 1,
        "userImage": "https://play-lh.googleusercontent.com/a-/ALV-UjXY6OAyvKB826SWbochX1YfcahAW3s4xLywkqEHWpyLPA",
        "userName": "Ibraim Hammed"
    },
    {
        "appVersion": "1.2",
        "at": "2023-10-11 20:19:12",
        "content": "The issue seems to be fixed thanks for responding so promptly. Upon first successful withdrawal I will bump the rating again.",
        "repliedAt": "2023-10-11 16:36:34",
        "replyContent": "Dear user, please make sure your internet connection is strong. This kind of error appear when internet connection is slow. If you still face the issue, please email us at freelitecoinreward@gmail.com.",
        "reviewCreatedVersion": "1.2",
        "reviewId": "257d32b2-e87e-4d99-a18e-6df41b484a7e",
        "score": 3,
        "thumbsUpCount": 1,
        "userImage": "https://play-lh.googleusercontent.com/a/ACg8ocLGefu8BqXUOWd1UtaxdAUCLA-i7-5c9KOnIjtk8IlU=mo",
        "userName": "Devin Harvey"
    },
    {
        "appVersion": null,
        "at": "2023-09-11 20:08:34",
        "content": "phishing. Account can be registered instantly but logging in is impossible. Phishing and nothing else.",
        "repliedAt": "2023-09-11 20:11:14",
        "replyContent": "Hi, we apologize for this. Please send us your concern at freelitecoinreward@gmail.com along with the screenshot of the error you receive. This will be handled with utmost priority.",
        "reviewCreatedVersion": null,
        "reviewId": "43d27142-828c-42be-bbae-2766b5b3e605",
        "score": 1,
        "thumbsUpCount": 1,
        "userImage": "https://play-lh.googleusercontent.com/a-/ALV-UjXa0dbG1aww-LSCUc5lrhUz2O1PTnJ5idB4rQGBRzJlsjY",
        "userName": "bhwolf"
    },
    {
        "appVersion": "1.2",
        "at": "2023-09-04 06:55:25",
        "content": "Legit, work fairly smoothly.",
        "repliedAt": "2023-09-04 06:56:44",
        "replyContent": "Thanks for your review! Please recommend our app to your friends, and don\u2019t hesitate to shoot us a note at freelitecoinreward@gmail.com if you have any questions.",
        "reviewCreatedVersion": "1.2",
        "reviewId": "ad669f00-dcc0-421f-9bdf-6c5eb8ceb322",
        "score": 5,
        "thumbsUpCount": 1,
        "userImage": "https://play-lh.googleusercontent.com/a/ACg8ocLvHIlktDTUKjdM_lI3-towhYyA9wGL4N65WIZQzhVU=mo",
        "userName": "olajire olawole"
    },
    {
        "appVersion": "1.2",
        "at": "2023-08-13 15:23:11",
        "content": "Very nice app \u263a\ufe0f love this\ud83e\udd29",
        "repliedAt": "2023-08-13 15:27:55",
        "replyContent": "Dear User, thanks for your support.",
        "reviewCreatedVersion": "1.2",
        "reviewId": "415f108c-645b-4cce-85d4-6b8d3ff89182",
        "score": 5,
        "thumbsUpCount": 1,
        "userImage": "https://play-lh.googleusercontent.com/a-/ALV-UjWh5WNjGAQfyWXUhMR2EwtKU_6ZQAokBk2gL_YH2Qk_RBo",
        "userName": "Soikoth Islam"
    },
    {
        "appVersion": "1.2",
        "at": "2023-08-13 15:18:53",
        "content": "good paying",
        "repliedAt": "2023-08-13 15:27:28",
        "replyContent": "Thanks for your review! Please recommend our app to your friends.\nAll problem has been resolved. Now anyone can register.",
        "reviewCreatedVersion": "1.2",
        "reviewId": "785f6680-85ec-4977-9ee3-b9780dba261b",
        "score": 5,
        "thumbsUpCount": 0,
        "userImage": "https://play-lh.googleusercontent.com/a-/ALV-UjU9nOgf3D6Sd4CisTctKP1vmB658LQsBcKLvCQt7O7zVQ",
        "userName": "Vertzz LifeAfter"
    },
    {
        "appVersion": "1.0",
        "at": "2023-08-07 17:40:24",
        "content": "Nice \ud83d\udc4d\ud83d\udc4d",
        "repliedAt": "2023-08-07 17:42:08",
        "replyContent": "We appreciate the feedback! Please let us know how we can earn your 5 star rating!",
        "reviewCreatedVersion": "1.0",
        "reviewId": "7c9f175b-1b72-4ccf-9e23-5ae78b444ecb",
        "score": 3,
        "thumbsUpCount": 0,
        "userImage": "https://play-lh.googleusercontent.com/a-/ALV-UjV8jZbhw1GBdelmErGhJEGb6ygnd4Cr-Bv5csUxiDkB_w",
        "userName": "Regan Oriala"
    }
]