[
    {
        "appVersion": "4.3.7",
        "at": "2023-10-26 06:23:08",
        "content": "Great idea bit finicky",
        "repliedAt": null,
        "replyContent": null,
        "reviewCreatedVersion": "4.3.7",
        "reviewId": "0daa2a7d-80a1-46c5-a92b-372cead39a3e",
        "score": 3,
        "thumbsUpCount": 0,
        "userImage": "https://play-lh.googleusercontent.com/a-/ALV-UjX0R2nlq5aRFz9Z3oUGoDQDPsJm_9dLlyP9YuIAIWcdnOQ",
        "userName": "Conan Mackey"
    },
    {
        "appVersion": null,
        "at": "2023-05-09 05:40:38",
        "content": "so God!",
        "repliedAt": null,
        "replyContent": null,
        "reviewCreatedVersion": null,
        "reviewId": "000fd17e-b63a-44d6-a7d3-d054731d705f",
        "score": 5,
        "thumbsUpCount": 0,
        "userImage": "https://play-lh.googleusercontent.com/a-/ALV-UjV_ZSnpCiK-Oo2_ibJAqgjC2ZAWxwRQjQcyFmoXGojRHU8",
        "userName": "Felicia Finaru"
    },
    {
        "appVersion": "4.1.7",
        "at": "2023-05-09 05:39:32",
        "content": "is this tiktok I forgot what it like uh",
        "repliedAt": null,
        "replyContent": null,
        "reviewCreatedVersion": "4.1.7",
        "reviewId": "8f291094-4fd7-4790-9f8c-3643dd61e937",
        "score": 5,
        "thumbsUpCount": 1,
        "userImage": "https://play-lh.googleusercontent.com/a/ACg8ocI2yzmxJgfQkqsBj-nd3KhFHYL5dJa3s-tP82Y89a3k3J8=mo",
        "userName": "Abigail Beckett"
    },
    {
        "appVersion": "4.1.3",
        "at": "2022-11-30 17:38:09",
        "content": "Mup naoise marley suiii\u00ecii",
        "repliedAt": null,
        "replyContent": null,
        "reviewCreatedVersion": "4.1.3",
        "reviewId": "c41295f9-a8a0-4c58-802f-5b1f0788c872",
        "score": 5,
        "thumbsUpCount": 1,
        "userImage": "https://play-lh.googleusercontent.com/a-/ALV-UjUvh_vQDc63lBEOnZCCRzB3Y0GJeUcROKk8iMeCVBoj_ZA",
        "userName": "I\u2019m shook"
    },
    {
        "appVersion": null,
        "at": "2022-10-25 06:29:08",
        "content": "Real",
        "repliedAt": null,
        "replyContent": null,
        "reviewCreatedVersion": null,
        "reviewId": "36b988c6-169b-4500-8f05-a1d4768c0911",
        "score": 5,
        "thumbsUpCount": 1,
        "userImage": "https://play-lh.googleusercontent.com/a-/ALV-UjX4m4MVjfam9qZebcZvXfYcbTzbaBKOFXjkznelR9adr0c",
        "userName": "Alex"
    },
    {
        "appVersion": "4.0.8",
        "at": "2022-10-11 06:12:47",
        "content": "I love love love love love love love love love love this app \u2764 \ud83d\udc96 \u2665 \ud83d\udc93 \ud83d\udc95 \ud83d\udc97 \u2764",
        "repliedAt": null,
        "replyContent": null,
        "reviewCreatedVersion": "4.0.8",
        "reviewId": "7faa5caa-d681-435f-bde2-b759ff9260d5",
        "score": 5,
        "thumbsUpCount": 0,
        "userImage": "https://play-lh.googleusercontent.com/a-/ALV-UjW6ZXrZ6F5U-nju0Hz6S99bsxcPF_lpaTDNwfYoE3Hb0Ig",
        "userName": "Cian O'Rourke"
    },
    {
        "appVersion": "4.0.2",
        "at": "2022-09-16 06:03:42",
        "content": "Game",
        "repliedAt": null,
        "replyContent": null,
        "reviewCreatedVersion": "4.0.2",
        "reviewId": "573a5ba8-78c3-4033-a556-f15344e4119a",
        "score": 5,
        "thumbsUpCount": 1,
        "userImage": "https://play-lh.googleusercontent.com/a/ACg8ocKZjMLdyuhwnixDcuA9W_BpR05UeWK5jw83i_rW1q2K=mo",
        "userName": "Cathal C"
    },
    {
        "appVersion": "4.0.2",
        "at": "2022-09-15 11:10:53",
        "content": "Veeeeeeery good",
        "repliedAt": null,
        "replyContent": null,
        "reviewCreatedVersion": "4.0.2",
        "reviewId": "4c81a9f7-bac3-4564-927f-716c8b13dbb9",
        "score": 5,
        "thumbsUpCount": 1,
        "userImage": "https://play-lh.googleusercontent.com/a/ACg8ocKjNGQxesI74z8DRvz7lJCtETCjRl1UKeuDePUi1YAN=mo",
        "userName": "Declan Walsh"
    },
    {
        "appVersion": "4.0.2",
        "at": "2022-09-14 07:19:19",
        "content": "Insanity",
        "repliedAt": null,
        "replyContent": null,
        "reviewCreatedVersion": "4.0.2",
        "reviewId": "9d47d9c1-e69b-491a-8e08-5896114a1a8a",
        "score": 5,
        "thumbsUpCount": 1,
        "userImage": "https://play-lh.googleusercontent.com/a-/ALV-UjWTRGokUHX0TNg52hMw20ZArjua80WiwuVOJ1b1sKRqSaXs",
        "userName": "Leo Glendon (Voyd)"
    },
    {
        "appVersion": "3.7.9",
        "at": "2022-02-17 17:21:45",
        "content": "Fantastic app, my kids loved and it was an excellent learning tool.",
        "repliedAt": null,
        "replyContent": null,
        "reviewCreatedVersion": "3.7.9",
        "reviewId": "21938051-4fcb-4a7b-9220-a6c7d4260c33",
        "score": 5,
        "thumbsUpCount": 4,
        "userImage": "https://play-lh.googleusercontent.com/a/ACg8ocJaN65K-QDFIAhQCP6btkkyL04-7bXKqzwrT1SXxLCK=mo",
        "userName": "Patrick Lynch"
    },
    {
        "appVersion": "3.7.9",
        "at": "2022-02-17 16:31:40",
        "content": "Great app. I showed it my undergrads who really enjoyed using it!",
        "repliedAt": null,
        "replyContent": null,
        "reviewCreatedVersion": "3.7.9",
        "reviewId": "0e46dd17-2f3a-4915-8c64-4cd383d9c793",
        "score": 5,
        "thumbsUpCount": 4,
        "userImage": "https://play-lh.googleusercontent.com/a/ACg8ocILcnX0DfEVSzHQGuGUWkOqKYIWaFvXl4vQkKiMID2q=mo",
        "userName": "Eimear Mc Nerney"
    },
    {
        "appVersion": "2.6",
        "at": "2021-09-23 10:41:06",
        "content": "The AR experience is fantastic! Makes it a fun engaging way to learn.",
        "repliedAt": null,
        "replyContent": null,
        "reviewCreatedVersion": "2.6",
        "reviewId": "1d24a4e8-0056-4edc-9d7c-7bfdfe9c53e4",
        "score": 5,
        "thumbsUpCount": 3,
        "userImage": "https://play-lh.googleusercontent.com/a-/ALV-UjVYNMLpU8s134h8pcCqf13Om00iqZPfKSJP7ynraUIKTRw",
        "userName": "Ethan David"
    }
]