[
    {
        "appVersion": "1.3.11",
        "at": "2023-11-15 01:57:49",
        "content": "good",
        "repliedAt": null,
        "replyContent": null,
        "reviewCreatedVersion": "1.3.11",
        "reviewId": "9206b8f4-0092-43bb-9647-316e41db8e62",
        "score": 5,
        "thumbsUpCount": 0,
        "userImage": "https://play-lh.googleusercontent.com/a/ACg8ocLoNljBojSPrwh5-h-pKOPmvGSa1zNYNeN3PmgUz0eH=mo",
        "userName": "Brian Mwiti"
    },
    {
        "appVersion": "1.3.11",
        "at": "2023-11-03 15:52:24",
        "content": "good app",
        "repliedAt": "2023-11-06 23:58:01",
        "replyContent": "Thanks for the 5 star rating. Hope you continue to use our app. If you have any feedback or suggestions, please write to us at vorevo.apps@gmail.com. We would love to hear from you!",
        "reviewCreatedVersion": "1.3.11",
        "reviewId": "ff9dc7e8-2f17-4df8-9ea6-39bd0e782177",
        "score": 5,
        "thumbsUpCount": 0,
        "userImage": "https://play-lh.googleusercontent.com/a/ACg8ocKPrjvGnT5Z9-Hku36bASDYaNHIZpt2kBAJNL7adq-8=mo",
        "userName": "Tafadzwa Makimeni"
    },
    {
        "appVersion": "1.3.11",
        "at": "2023-10-30 17:38:17",
        "content": "very Good Im so Happy Of Use This App",
        "repliedAt": "2023-11-06 23:58:33",
        "replyContent": "Thanks for the 5 star rating. Hope you continue to use our app. If you have any feedback or suggestions, please write to us at vorevo.apps@gmail.com. We would love to hear from you!",
        "reviewCreatedVersion": "1.3.11",
        "reviewId": "37a5b0e5-a809-4494-a544-fe2854de3900",
        "score": 5,
        "thumbsUpCount": 1,
        "userImage": "https://play-lh.googleusercontent.com/a/ACg8ocJC6XxbHG04tPPHg_gHSJRg_mgpAmmtXr9JvRdDK7F6=mo",
        "userName": "DramaRadical. prbla"
    },
    {
        "appVersion": null,
        "at": "2023-10-30 13:23:00",
        "content": "Nice",
        "repliedAt": "2023-11-06 23:58:26",
        "replyContent": "Thanks for the 5 star rating. Hope you continue to use our app. If you have any feedback or suggestions, please write to us at vorevo.apps@gmail.com. We would love to hear from you!",
        "reviewCreatedVersion": null,
        "reviewId": "b4940bd0-1b49-4a62-b07f-32366d60e1e9",
        "score": 5,
        "thumbsUpCount": 0,
        "userImage": "https://play-lh.googleusercontent.com/a/ACg8ocKUjNABgEAJ_qGf8L3HZ5KkohjzFWXmlC8pwR92mpZR=mo",
        "userName": "Moses Janet"
    },
    {
        "appVersion": null,
        "at": "2023-10-29 12:56:34",
        "content": "handsome boys gang",
        "repliedAt": "2023-11-06 23:58:19",
        "replyContent": "Thanks for the 5 star rating. Hope you continue to use our app. If you have any feedback or suggestions, please write to us at vorevo.apps@gmail.com. We would love to hear from you!",
        "reviewCreatedVersion": null,
        "reviewId": "7f5f0b63-4ba7-4caa-bacd-3be84e86bb79",
        "score": 5,
        "thumbsUpCount": 0,
        "userImage": "https://play-lh.googleusercontent.com/a/ACg8ocLfLaGPD46wtYypeVkxjD2tOGPODei1gsSW6feEFraU=mo",
        "userName": "Edwards Linda"
    },
    {
        "appVersion": null,
        "at": "2023-10-22 13:47:43",
        "content": "How this works done but it the best application ever to be seen",
        "repliedAt": "2023-10-23 07:13:04",
        "replyContent": "Thanks for your review! Please recommend our app to your friends, and don\u2019t hesitate to shoot us a note at vorevo.apps@gmail.com if you have any questions.",
        "reviewCreatedVersion": null,
        "reviewId": "1542bf10-5f1e-4868-8d90-a07896e52c8f",
        "score": 5,
        "thumbsUpCount": 0,
        "userImage": "https://play-lh.googleusercontent.com/a/ACg8ocIpcBLR9nYdA_kIx8ANsoml_OxrWGSeLigLKw_NHCdr=mo",
        "userName": "Hether chivasa"
    },
    {
        "appVersion": null,
        "at": "2023-10-11 07:40:27",
        "content": "Great app",
        "repliedAt": "2023-10-23 07:12:34",
        "replyContent": "Thank you very much. Keep using our app :)",
        "reviewCreatedVersion": null,
        "reviewId": "aa950e60-ab4b-45c1-be9d-356be51b0bae",
        "score": 5,
        "thumbsUpCount": 0,
        "userImage": "https://play-lh.googleusercontent.com/a/ACg8ocIE_S9zyV3rJ7IiF5DvI673XLCAlb2O7WGZ-1p_UwGC=mo",
        "userName": "Cliff Mutemeri"
    },
    {
        "appVersion": "1.3.9",
        "at": "2023-10-09 14:27:40",
        "content": "good",
        "repliedAt": "2023-10-23 07:12:13",
        "replyContent": "Thanks for the review. If you like our app, would you mind rating us 5 stars? That would be very encouraging for us.",
        "reviewCreatedVersion": "1.3.9",
        "reviewId": "ec35c01f-72b8-4069-aea5-b9d6070d1c99",
        "score": 2,
        "thumbsUpCount": 0,
        "userImage": "https://play-lh.googleusercontent.com/a/ACg8ocKDicR_UeGg8lmdHq-37JabZ2yV6lM4rDU0X3KFdp7e=mo",
        "userName": "Abass Kanu"
    },
    {
        "appVersion": "1.3.9",
        "at": "2023-10-08 18:05:08",
        "content": "good",
        "repliedAt": "2023-10-23 07:13:45",
        "replyContent": "Hi, if you like the app, could you please give us more stars?",
        "reviewCreatedVersion": "1.3.9",
        "reviewId": "12907ace-88d3-4e9b-b6b3-a0366491f598",
        "score": 1,
        "thumbsUpCount": 0,
        "userImage": "https://play-lh.googleusercontent.com/a/ACg8ocIg0WDjI9qgmzWFhzRUnJDX-A5Hr0-_OMsGb2WZNlRV=mo",
        "userName": "Odlin Ysama"
    },
    {
        "appVersion": null,
        "at": "2023-10-02 09:19:42",
        "content": "all",
        "repliedAt": "2023-10-03 12:26:43",
        "replyContent": "Thanks for the 5 star rating. Hope you continue to use our app. If you have any feedback or suggestions, please write to us at vorevo.apps@gmail.com. We would love to hear from you!",
        "reviewCreatedVersion": null,
        "reviewId": "46d811ae-f431-4ea6-93a6-52fcfbf08e34",
        "score": 5,
        "thumbsUpCount": 0,
        "userImage": "https://play-lh.googleusercontent.com/a/ACg8ocJa6geiQdMuVaH0hlYkMspeFRfCFCdyejWHNEyYn7jf=mo",
        "userName": "Gideon Armoh"
    },
    {
        "appVersion": "1.3.9",
        "at": "2023-09-23 08:24:12",
        "content": "it really good",
        "repliedAt": "2023-09-26 07:08:17",
        "replyContent": "Thanks for your review! Please recommend our app to your friends, and don\u2019t hesitate to shoot us a note at vorevo.apps@gmail.com if you have any questions.",
        "reviewCreatedVersion": "1.3.9",
        "reviewId": "f97c0ba1-68c8-40b0-9201-2139f8f88492",
        "score": 5,
        "thumbsUpCount": 7,
        "userImage": "https://play-lh.googleusercontent.com/a-/ALV-UjVDMsk7jI7aXwl9h6jcNlBGqV7J2l-spZtny2t5mQ12LQ",
        "userName": "Godzilla King"
    },
    {
        "appVersion": "1.3.9",
        "at": "2023-09-22 09:38:13",
        "content": "good",
        "repliedAt": "2023-09-26 07:08:23",
        "replyContent": "Thanks for your review! Please recommend our app to your friends, and don\u2019t hesitate to shoot us a note at vorevo.apps@gmail.com if you have any questions.",
        "reviewCreatedVersion": "1.3.9",
        "reviewId": "60bcf86b-543a-4794-a763-57e168e11897",
        "score": 5,
        "thumbsUpCount": 0,
        "userImage": "https://play-lh.googleusercontent.com/a/ACg8ocIjPHDMX8XFGueOtDbd97h9ZLZSUQj1tJwLEqWhSSiv=mo",
        "userName": "tshepang Ratau"
    },
    {
        "appVersion": "1.3.9",
        "at": "2023-09-21 12:58:49",
        "content": "k-nou poissonerie",
        "repliedAt": "2023-09-26 07:08:27",
        "replyContent": "Thanks for your review! Please recommend our app to your friends, and don\u2019t hesitate to shoot us a note at vorevo.apps@gmail.com if you have any questions.",
        "reviewCreatedVersion": "1.3.9",
        "reviewId": "812cd788-07c9-4327-8dd8-cbb97b37bf1d",
        "score": 5,
        "thumbsUpCount": 0,
        "userImage": "https://play-lh.googleusercontent.com/a/ACg8ocKdQFwj7KOhjBCMjKfW2N6N6F7CKhTEto2BaSA6wiEd=mo",
        "userName": "Knou Poissonerie"
    },
    {
        "appVersion": "1.3.9",
        "at": "2023-09-19 10:18:53",
        "content": "good",
        "repliedAt": "2023-09-26 07:08:35",
        "replyContent": "Thanks for your review! Please recommend our app to your friends, and don\u2019t hesitate to shoot us a note at vorevo.apps@gmail.com if you have any questions.",
        "reviewCreatedVersion": "1.3.9",
        "reviewId": "1394aa6d-05c8-4b2c-9375-8d89a40e026a",
        "score": 5,
        "thumbsUpCount": 0,
        "userImage": "https://play-lh.googleusercontent.com/a/ACg8ocIS-Pa4GEW4V6VMy23lZGy6l0Lb5UobbzZ_lIuwoj_U=mo",
        "userName": "Khonde Patrick"
    },
    {
        "appVersion": null,
        "at": "2023-09-03 08:40:17",
        "content": "It's a cool app",
        "repliedAt": "2023-09-05 19:38:58",
        "replyContent": "Thanks for your review! Please recommend our app to your friends, and don\u2019t hesitate to shoot us a note at vorevo.apps@gmail.com if you have any questions.",
        "reviewCreatedVersion": null,
        "reviewId": "b12020b2-a17b-4c46-ac49-2ee3f6b09b25",
        "score": 5,
        "thumbsUpCount": 0,
        "userImage": "https://play-lh.googleusercontent.com/a/ACg8ocLDgeexCX2C2A0AJEBYoPi2JBYstglGit9E1Z6-J4v7=mo",
        "userName": "Nelson Chamisa"
    },
    {
        "appVersion": "1.3.9",
        "at": "2023-08-24 16:45:22",
        "content": "nice",
        "repliedAt": "2023-08-27 04:10:44",
        "replyContent": "Thanks for the review. If you like our app, would you mind rating us 5 stars? That would be very encouraging for us.",
        "reviewCreatedVersion": "1.3.9",
        "reviewId": "fc3aced1-a43f-466f-911a-2e2d30c14d2d",
        "score": 3,
        "thumbsUpCount": 0,
        "userImage": "https://play-lh.googleusercontent.com/a/ACg8ocJOo_-iY37BT8GIT_8vS9R_A7gUljy_6BVZHlCuWVLW=mo",
        "userName": "Omobolanle Adetunji"
    },
    {
        "appVersion": "1.3.9",
        "at": "2023-08-14 07:59:32",
        "content": "perfect",
        "repliedAt": "2023-08-15 09:28:54",
        "replyContent": "Thanks for taking out time to rate us. It really helps us to keep going and delivering the best :)",
        "reviewCreatedVersion": "1.3.9",
        "reviewId": "b1e56c65-7317-4209-899f-79372a93e0bb",
        "score": 5,
        "thumbsUpCount": 0,
        "userImage": "https://play-lh.googleusercontent.com/a-/ALV-UjU0Rlu6sB2KIYB2q6FR31En010knxx2FT_LkVCIQoLagA",
        "userName": "Nderitu Macharia"
    },
    {
        "appVersion": "1.3.9",
        "at": "2023-08-11 10:07:18",
        "content": "atleast",
        "repliedAt": "2023-08-15 09:29:34",
        "replyContent": "Thanks for taking out time to rate us. It really helps us to keep going and delivering the best :)",
        "reviewCreatedVersion": "1.3.9",
        "reviewId": "58568eaa-82e3-43da-8d27-8a693fb99b2d",
        "score": 5,
        "thumbsUpCount": 0,
        "userImage": "https://play-lh.googleusercontent.com/a/ACg8ocLiAbCoLyH2YDIO9cnjcYwoyEUVNIjwAPu47fdMlmTb=mo",
        "userName": "Weston Sakala"
    },
    {
        "appVersion": null,
        "at": "2023-08-01 07:52:15",
        "content": "this app is the best",
        "repliedAt": "2023-08-05 18:34:06",
        "replyContent": "Thanks for taking out time to rate us. It really helps us to keep going and delivering the best :)",
        "reviewCreatedVersion": null,
        "reviewId": "57f546ae-5132-436c-9119-45f705a1195d",
        "score": 5,
        "thumbsUpCount": 0,
        "userImage": "https://play-lh.googleusercontent.com/a/ACg8ocLSNOE0USl_3a_JQwF8pTRTV_xrzDSyXg42DavTkZrI=mo",
        "userName": "Opio Andrew"
    },
    {
        "appVersion": "1.3.9",
        "at": "2023-07-24 06:32:44",
        "content": "nice",
        "repliedAt": "2023-07-28 01:44:02",
        "replyContent": "Thanks for the 5 star rating. Hope you continue to use our app. If you have any feedback or suggestions, please write to us at vorevo.apps@gmail.com. We would love to hear from you!",
        "reviewCreatedVersion": "1.3.9",
        "reviewId": "d0a00cdf-5c1d-4b4d-8bcd-cd4de6b1a70d",
        "score": 5,
        "thumbsUpCount": 0,
        "userImage": "https://play-lh.googleusercontent.com/a/ACg8ocJclaB_5Hq5GRzSyuw-46ErpxNUGP3_pZsBvlE9VXRW=mo",
        "userName": "Godswill Onyebuchi"
    },
    {
        "appVersion": "1.3.8",
        "at": "2023-07-05 16:24:12",
        "content": "WoW",
        "repliedAt": "2023-07-12 18:44:19",
        "replyContent": "Thanks for the review. If you like our app, would you mind rating us 5 stars? That would be very encouraging for us.",
        "reviewCreatedVersion": "1.3.8",
        "reviewId": "127433ce-fccd-4e8b-9731-6527782723f5",
        "score": 2,
        "thumbsUpCount": 0,
        "userImage": "https://play-lh.googleusercontent.com/a/ACg8ocJe85jbzdSdwGWsd1kqo8OEttpcXQSHW05gH7uUML_Z=mo",
        "userName": "wayden Matthews"
    },
    {
        "appVersion": "1.3.8",
        "at": "2023-07-02 16:57:38",
        "content": "SABAH",
        "repliedAt": "2023-07-05 10:40:10",
        "replyContent": "Hi, can you please provide details so that we know the reason for the low rating. This will help our team to improve our app and serve you better. Looking forward for your response. You can also reach out to vorevo.apps@gmail.com.",
        "reviewCreatedVersion": "1.3.8",
        "reviewId": "00da04a0-a4d1-447d-b5af-24b04ee4d45e",
        "score": 1,
        "thumbsUpCount": 0,
        "userImage": "https://play-lh.googleusercontent.com/a/ACg8ocLBk7gW_lgzDMXHhAjPEAe4jcNemrMrjusgtIbIiV32=mo",
        "userName": "Mensah Sarbah"
    },
    {
        "appVersion": "1.3.7",
        "at": "2023-06-22 21:03:23",
        "content": "nicee",
        "repliedAt": "2023-06-26 18:08:41",
        "replyContent": "Thank you very much. Keep using our app :)",
        "reviewCreatedVersion": "1.3.7",
        "reviewId": "b2b37235-5fc3-4df1-8757-9589e15042dc",
        "score": 5,
        "thumbsUpCount": 0,
        "userImage": "https://play-lh.googleusercontent.com/a-/ALV-UjXf0Tr3PSYGsWSZtEDR-RY-uuAAVf7jjBC_KW41Hh-foKiv",
        "userName": "Bazil Olkin"
    },
    {
        "appVersion": "1.3.7",
        "at": "2023-06-20 11:18:43",
        "content": "tik",
        "repliedAt": "2023-06-21 17:21:18",
        "replyContent": "Thanks for the 5 star rating. Hope you continue to enjoy reading news on our app. If you have any feedback or suggestions, please write to us at vorevo.apps@gmail.com. We would love to hear from you!",
        "reviewCreatedVersion": "1.3.7",
        "reviewId": "7198d3d6-f4d1-4012-a6ee-5c1c4cbbb748",
        "score": 5,
        "thumbsUpCount": 0,
        "userImage": "https://play-lh.googleusercontent.com/a-/ALV-UjVRfQJr7WTxbPHGnPKHq6jkYdTRwQnQ_Ieu7uz_91-ELQ",
        "userName": "Basangwa Morris Mark"
    },
    {
        "appVersion": "1.3.7",
        "at": "2023-06-18 05:19:20",
        "content": "very cool",
        "repliedAt": "2023-06-19 18:12:38",
        "replyContent": "Dear friend, we are really glad that you like our app. Your support and voice are very important to us.",
        "reviewCreatedVersion": "1.3.7",
        "reviewId": "710238f2-8177-4399-b8ae-2854777c0735",
        "score": 5,
        "thumbsUpCount": 0,
        "userImage": "https://play-lh.googleusercontent.com/a-/ALV-UjVOk-kOrxryzLQvYeHE-aSESPxvJ5D3pWS5he3qPGoS_Cw",
        "userName": "Edwin Mwangi"
    },
    {
        "appVersion": "1.3.7",
        "at": "2023-06-15 19:13:18",
        "content": "very good",
        "repliedAt": "2023-06-19 18:13:12",
        "replyContent": "Thank you! If you enjoy using the app, please rate us 5 stars. It would encourage us to continue improving the app!",
        "reviewCreatedVersion": "1.3.7",
        "reviewId": "5703bf41-3281-4e3d-ba85-5154fbaf1e2b",
        "score": 4,
        "thumbsUpCount": 0,
        "userImage": "https://play-lh.googleusercontent.com/a/ACg8ocJ_pr1iNMDvVqpQP1QF5Ybck57UUNvsiUH7DbNxFHMf=mo",
        "userName": "Angela Esau"
    },
    {
        "appVersion": "1.3.7",
        "at": "2023-06-08 08:54:35",
        "content": "nice cuts",
        "repliedAt": "2023-06-09 18:05:16",
        "replyContent": "Thank you very much. Keep using our app :)",
        "reviewCreatedVersion": "1.3.7",
        "reviewId": "e1fa15e0-5ba2-4ab7-94d8-5264d10da524",
        "score": 5,
        "thumbsUpCount": 0,
        "userImage": "https://play-lh.googleusercontent.com/a-/ALV-UjVKq7DUpin_jZcXsY6ivK96mU8su7cd411jNNjn8rMHeA",
        "userName": "Luckson Kanonda"
    },
    {
        "appVersion": "1.3.7",
        "at": "2023-06-08 05:39:09",
        "content": "good to see an barb",
        "repliedAt": "2023-06-09 18:05:32",
        "replyContent": "We are pleased that you enjoyed the app. If there is anything we can do for you, just let us know at vorevo.apps@gmail.com!\nHave a wonderful day!",
        "reviewCreatedVersion": "1.3.7",
        "reviewId": "02dc2099-4a14-4e5c-a8b2-dac9068d52b4",
        "score": 5,
        "thumbsUpCount": 5,
        "userImage": "https://play-lh.googleusercontent.com/a/ACg8ocIkbhyvKFdjEM9NLILllMorKVFN7_mpN42KaAogWdHI=mo",
        "userName": "Bankole Azeez"
    },
    {
        "appVersion": "1.3.7",
        "at": "2023-05-30 03:04:06",
        "content": "young money",
        "repliedAt": "2023-06-03 19:47:55",
        "replyContent": "Hi, can you please provide details so that we know the reason for the low rating. This will help our team to improve our app and serve you better. Looking forward for your response. You can also reach out to vorevo.apps@gmail.com.",
        "reviewCreatedVersion": "1.3.7",
        "reviewId": "f2457077-e1eb-44c8-a15b-41b76e6bceef",
        "score": 1,
        "thumbsUpCount": 0,
        "userImage": "https://play-lh.googleusercontent.com/a-/ALV-UjWohak8ntyykTtQlKdDQh-q_brOFPzbjrE9YwvHWJzLSqY",
        "userName": "Alawode Idowu"
    },
    {
        "appVersion": null,
        "at": "2023-05-26 17:52:08",
        "content": "Wow nice app and very Helpful",
        "repliedAt": "2023-06-03 19:48:16",
        "replyContent": "Thank you very much. Keep using our app :)",
        "reviewCreatedVersion": null,
        "reviewId": "a43b977d-d093-4083-9a12-571e21939430",
        "score": 5,
        "thumbsUpCount": 0,
        "userImage": "https://play-lh.googleusercontent.com/a/ACg8ocKu5iN5nreFyYGWdupzdl46U47VSSC9FsoAMYXxPHXR=mo",
        "userName": "Bwalya Gilbert Fresher"
    },
    {
        "appVersion": "1.3.7",
        "at": "2023-05-08 11:10:58",
        "content": "good app",
        "repliedAt": "2023-05-10 19:40:28",
        "replyContent": "Thanks for the 5 star rating. Hope you continue to use our app. If you have any feedback or suggestions, please write to us at vorevo.apps@gmail.com. We would love to hear from you!",
        "reviewCreatedVersion": "1.3.7",
        "reviewId": "c01151d9-1636-4035-bf8b-5a01a1c3e614",
        "score": 5,
        "thumbsUpCount": 0,
        "userImage": "https://play-lh.googleusercontent.com/a/ACg8ocLAzSEXzxRGBPRQ1xyet90SfwsXYbBo05hpruTdoJ-z=mo",
        "userName": "Maodo Sow"
    },
    {
        "appVersion": "1.3.7",
        "at": "2023-05-07 09:59:57",
        "content": "Maxwell Hnedribks",
        "repliedAt": "2023-05-10 19:41:24",
        "replyContent": "Hi, can you please provide details so that we know the reason for the low rating. This will help our team to improve our app and serve you better. Looking forward for your response. You can also reach out to vorevo.apps@gmail.com.",
        "reviewCreatedVersion": "1.3.7",
        "reviewId": "b90a350a-92f0-4fe8-92c7-6dffb9955c6d",
        "score": 1,
        "thumbsUpCount": 0,
        "userImage": "https://play-lh.googleusercontent.com/a/ACg8ocJfMCtkhcJGNDd7dZPvmSCC4Ki99Q0iAQvQsi1eC4Xg=mo",
        "userName": "Maxwell Hendricks"
    },
    {
        "appVersion": "1.3.7",
        "at": "2023-04-21 11:17:41",
        "content": "This app is lit",
        "repliedAt": "2023-04-22 03:13:33",
        "replyContent": "Thanks for taking out time to rate us. It really helps us to keep going and delivering the best :)",
        "reviewCreatedVersion": "1.3.7",
        "reviewId": "6fc1ea41-eee8-4978-8959-486c1aebb811",
        "score": 5,
        "thumbsUpCount": 0,
        "userImage": "https://play-lh.googleusercontent.com/a-/ALV-UjUrTiVokGCw4f2Fut1KGNSa48duHS7dAqwsWXAUTHf_-Q",
        "userName": "Travis State"
    },
    {
        "appVersion": "1.3.7",
        "at": "2023-04-19 14:32:07",
        "content": "It contains nice haircuts",
        "repliedAt": "2023-04-19 17:56:40",
        "replyContent": "Thank you very much. Keep using our app :)",
        "reviewCreatedVersion": "1.3.7",
        "reviewId": "4d016c49-8604-4505-8082-654545f2d883",
        "score": 5,
        "thumbsUpCount": 2,
        "userImage": "https://play-lh.googleusercontent.com/a/ACg8ocIFwQF7obMRWKngAfNfg6URJEK7Xl-ezMms5Jkjb4w=mo",
        "userName": "Peter Mwaba"
    },
    {
        "appVersion": "1.3.7",
        "at": "2023-04-19 10:39:46",
        "content": "kusan",
        "repliedAt": "2023-04-19 17:57:17",
        "replyContent": "Dear User, thanks for your review. If you like the app, please encourage us with 5\u2605 : )",
        "reviewCreatedVersion": "1.3.7",
        "reviewId": "cfe0a0f0-2d3a-4243-85a9-a35e8c81cf0f",
        "score": 1,
        "thumbsUpCount": 0,
        "userImage": "https://play-lh.googleusercontent.com/a/ACg8ocLsJb8FBsQOnE2H0KXrQsgq4nNr7bpU4Njsu7AaF6Hw=mo",
        "userName": "Lagget Baidoo"
    },
    {
        "appVersion": null,
        "at": "2023-04-11 17:58:00",
        "content": "Thanks for it",
        "repliedAt": "2023-04-12 03:33:52",
        "replyContent": "You are welcome and thank you very much for the 5 star rating. Keep using our app :)",
        "reviewCreatedVersion": null,
        "reviewId": "b94f890a-9c01-460e-8c83-883a1b843f45",
        "score": 5,
        "thumbsUpCount": 0,
        "userImage": "https://play-lh.googleusercontent.com/a/ACg8ocKvXnWgwWS-GQDDMN2d4qXt65t7pAgLm2N-BWd3msZr=mo",
        "userName": "praise praise"
    },
    {
        "appVersion": "1.3.7",
        "at": "2023-04-11 04:58:45",
        "content": "I'm a barber",
        "repliedAt": "2023-04-12 03:32:41",
        "replyContent": "Thanks for the 5 star rating! Please recommend our app to your friends, and don\u2019t hesitate to shoot us a note at vorevo.apps@gmail.com if you have any questions.",
        "reviewCreatedVersion": "1.3.7",
        "reviewId": "3e910476-69dc-4e7f-b2f8-18d41a7095c4",
        "score": 5,
        "thumbsUpCount": 0,
        "userImage": "https://play-lh.googleusercontent.com/a/ACg8ocKbL7-48ElmkwZEz-s0ydf2aH9-CH-xjbnCIvMqV64=mo",
        "userName": "Afrika Mothudi"
    },
    {
        "appVersion": "1.3.7",
        "at": "2023-03-29 06:27:44",
        "content": "it is a remarkable app, just what I needed.",
        "repliedAt": "2023-03-29 11:35:29",
        "replyContent": "Thank you very much. Keep using our app :)",
        "reviewCreatedVersion": "1.3.7",
        "reviewId": "76c4c428-2791-46a7-b58d-31963f0ea0eb",
        "score": 5,
        "thumbsUpCount": 19,
        "userImage": "https://play-lh.googleusercontent.com/a/ACg8ocLvTLjeydfhcdwdXlHReMV9gIyN43IdV0ZAjPuV8FPO=mo",
        "userName": "IDEMUDIA ESEOSA ALEX"
    },
    {
        "appVersion": null,
        "at": "2023-03-22 06:19:22",
        "content": "its nice\ud83d\ude09",
        "repliedAt": "2023-03-23 02:44:30",
        "replyContent": "Dear User, thanks for your support. If you like the app, please encourage us with 5\u2605 : )\n",
        "reviewCreatedVersion": null,
        "reviewId": "c79dcae8-03ac-4c2f-97ef-880b3e0e1716",
        "score": 4,
        "thumbsUpCount": 0,
        "userImage": "https://play-lh.googleusercontent.com/a/ACg8ocIT2zXgZJYJG-2d43N6L1CYvtgMHvfPWzS3FEqNTgKe=mo",
        "userName": "Depuo Pule"
    },
    {
        "appVersion": "1.3.7",
        "at": "2023-03-17 00:07:14",
        "content": "good",
        "repliedAt": "2023-03-23 02:45:13",
        "replyContent": "Thanks for the 5 star rating. Hope you continue to using our app. If you have any feedback or suggestions, please write to us at vorevo.apps@gmail.com. We would love to hear from you!",
        "reviewCreatedVersion": "1.3.7",
        "reviewId": "d80cd26e-04fc-4e49-af51-ddd786f565d1",
        "score": 5,
        "thumbsUpCount": 0,
        "userImage": "https://play-lh.googleusercontent.com/a/ACg8ocKxVqXRy7LxrgeMGElf2-7OeILXumggrXHfl8pLMinA=mo",
        "userName": "Emmanuella"
    },
    {
        "appVersion": null,
        "at": "2023-03-10 18:53:48",
        "content": "Watch out for the best app",
        "repliedAt": "2023-03-10 19:22:59",
        "replyContent": "Thank you very much. Keep using our app :)",
        "reviewCreatedVersion": null,
        "reviewId": "8a2c4a67-c2d6-4ba7-8f2a-0dc920dc56a4",
        "score": 5,
        "thumbsUpCount": 0,
        "userImage": "https://play-lh.googleusercontent.com/a/ACg8ocK9BIZNMnbcBykZzd0tPW1YuqnyMsTAmc43vpsB0TRW=mo",
        "userName": "Orekha Alleluyah"
    },
    {
        "appVersion": null,
        "at": "2023-03-08 15:40:06",
        "content": "This app is \ud83d\udc4d",
        "repliedAt": "2023-03-08 18:10:40",
        "replyContent": "Thank you! If you enjoy using the app, please rate us 5 stars. It would encourage us to continue improving the app!",
        "reviewCreatedVersion": null,
        "reviewId": "53d5595b-8964-4f95-a6b1-b3d76a191574",
        "score": 4,
        "thumbsUpCount": 0,
        "userImage": "https://play-lh.googleusercontent.com/a-/ALV-UjVTQ9OrnV57kgFKZLDfY39eU8wRqjMT90ecLSiYjtkMAg",
        "userName": "DJ GASTAR YASIN UG"
    },
    {
        "appVersion": "1.3.7",
        "at": "2023-02-21 16:47:07",
        "content": "nice",
        "repliedAt": "2023-02-21 19:01:57",
        "replyContent": "Thank you very much. Keep using our app :)",
        "reviewCreatedVersion": "1.3.7",
        "reviewId": "1ad998c4-4240-4810-babc-91be070e396b",
        "score": 5,
        "thumbsUpCount": 0,
        "userImage": "https://play-lh.googleusercontent.com/a-/ALV-UjVj7NJNCI0RH8Xo6LsZDWLtjiAOi055YU5DcPNBo6Pvwqs",
        "userName": "Raysizza comedian"
    },
    {
        "appVersion": null,
        "at": "2023-02-16 12:26:03",
        "content": "nice \ud83d\udc4d\ud83d\udc4d",
        "repliedAt": "2023-02-16 18:42:29",
        "replyContent": "Thanks for the 5 star rating. Hope you continue to enjoy our app. If you have any feedback or suggestions, please write to us at vorevo.apps@gmail.com. We would love to hear from you!",
        "reviewCreatedVersion": null,
        "reviewId": "e5617656-0c65-4aa6-9d7b-1d7aff41ec8e",
        "score": 5,
        "thumbsUpCount": 0,
        "userImage": "https://play-lh.googleusercontent.com/a-/ALV-UjVvW8qjH_Rhyc1MdZXO_MS0KAeh_gf7WJ8wKTHrEcfL3Dc",
        "userName": "Merci Katate"
    },
    {
        "appVersion": "1.3.7",
        "at": "2023-02-09 13:20:14",
        "content": "I love it \ud83d\ude0d",
        "repliedAt": "2023-02-09 18:37:38",
        "replyContent": "We care about your feelings and every little encouragement makes us better :) So, if you like this app, please consider giving us a 5-star rating. If you have any suggestions, please let us know at vorevo.apps@gmail.com.",
        "reviewCreatedVersion": "1.3.7",
        "reviewId": "037cedfa-dcf5-413d-a87b-785d9bab9db8",
        "score": 4,
        "thumbsUpCount": 1,
        "userImage": "https://play-lh.googleusercontent.com/a/ACg8ocKXpJKwdbrrawREODPB0jwioUtInBseS2WjI4gB3od9=mo",
        "userName": "Rebaone Aiseng Olerato"
    },
    {
        "appVersion": null,
        "at": "2023-02-07 16:42:50",
        "content": "Great app smooth helpful love it but does not have what i am looking for",
        "repliedAt": "2023-03-23 02:45:39",
        "replyContent": "Dear User, thanks for your support. If you like the app, please encourage us with 5\u2605 : )",
        "reviewCreatedVersion": null,
        "reviewId": "0b386a2d-3d7b-404e-bac0-986f68e7e9f7",
        "score": 4,
        "thumbsUpCount": 16,
        "userImage": "https://play-lh.googleusercontent.com/a/ACg8ocL5GwQZTgDK9QK0gKy6R_BUX2hyiVzwnWsyCgSJfHM=mo",
        "userName": "Beloved Mawoneka"
    },
    {
        "appVersion": null,
        "at": "2022-12-26 15:52:32",
        "content": "I think this app is good",
        "repliedAt": null,
        "replyContent": null,
        "reviewCreatedVersion": null,
        "reviewId": "89c8a6f6-f5d5-4527-8f89-b5521fa42e35",
        "score": 4,
        "thumbsUpCount": 3,
        "userImage": "https://play-lh.googleusercontent.com/a/ACg8ocLEJzXSB1y6sj270OGAD7OoW5qy1PrE9DYGHmW11N67=mo",
        "userName": "Cameron Simon"
    },
    {
        "appVersion": "1.3.1",
        "at": "2022-11-15 16:19:38",
        "content": "It's really good head styles and from 360 flat waves to cool braids",
        "repliedAt": null,
        "replyContent": null,
        "reviewCreatedVersion": "1.3.1",
        "reviewId": "5fe52046-a82a-4ef2-a2df-9332d96cc892",
        "score": 5,
        "thumbsUpCount": 27,
        "userImage": "https://play-lh.googleusercontent.com/a/ACg8ocKlul-NUFfMkf73N6ivX_nq-3x1EZ9zlLOmgssIvC_P=mo",
        "userName": "duduzile kheswa"
    }
]