[
    {
        "appVersion": null,
        "at": "2022-12-02 10:03:40",
        "content": "A.HARSNANA",
        "repliedAt": null,
        "replyContent": null,
        "reviewCreatedVersion": null,
        "reviewId": "2efa1838-8eb5-4b3d-b141-c014d983545e",
        "score": 5,
        "thumbsUpCount": 0,
        "userImage": "https://play-lh.googleusercontent.com/a/ACg8ocJ4XyE6lUuBpSNil-p7sTtU8hgFONIo5QsP88t9YpZT=mo",
        "userName": "cyril s,c,mahinda"
    },
    {
        "appVersion": null,
        "at": "2022-05-14 05:33:53",
        "content": "Vasu \ud83d\ude0d Dj. Tillu. \ud83d\udefc",
        "repliedAt": null,
        "replyContent": null,
        "reviewCreatedVersion": null,
        "reviewId": "c359f44e-6265-40ad-8319-2bbefa5f4b65",
        "score": 3,
        "thumbsUpCount": 0,
        "userImage": "https://play-lh.googleusercontent.com/a-/ALV-UjW_Ha0TieJRkl04jD9aeCgFZkqLG_Tb1wwOMAn3d3fGag",
        "userName": "balaraju balu"
    },
    {
        "appVersion": "1.0",
        "at": "2022-05-01 04:42:13",
        "content": "Is not good",
        "repliedAt": null,
        "replyContent": null,
        "reviewCreatedVersion": "1.0",
        "reviewId": "496e9c7b-8672-4d5b-ae4c-e7188511f995",
        "score": 2,
        "thumbsUpCount": 2,
        "userImage": "https://play-lh.googleusercontent.com/a-/ALV-UjUi9qpWP7Vo8wd2fo1dbfO50ixbYq4ey3Yxu_0MrpVnxg",
        "userName": "Surendra Singh jeena"
    },
    {
        "appVersion": "1.0",
        "at": "2022-04-07 16:24:34",
        "content": "I like the game",
        "repliedAt": null,
        "replyContent": null,
        "reviewCreatedVersion": "1.0",
        "reviewId": "cddc94ab-0456-4076-b6c1-2b5b77176333",
        "score": 5,
        "thumbsUpCount": 8,
        "userImage": "https://play-lh.googleusercontent.com/a/ACg8ocJJJo9vDNNFn8hxCb7rKmL6zP7DGz5mThVuNZT6tGSn=mo",
        "userName": "Sax yfm Mashifana"
    },
    {
        "appVersion": null,
        "at": "2022-03-13 10:48:39",
        "content": "excellent",
        "repliedAt": null,
        "replyContent": null,
        "reviewCreatedVersion": null,
        "reviewId": "966f56b4-fd6d-40a1-a6e3-fba2ff27a854",
        "score": 1,
        "thumbsUpCount": 0,
        "userImage": "https://play-lh.googleusercontent.com/a/ACg8ocKTUPbGfPrwinJldQPooxl18TwnkTVaqb0CEgH7V03V=mo",
        "userName": "Bikash Mahata"
    },
    {
        "appVersion": "1.0",
        "at": "2022-03-05 15:12:18",
        "content": "Best game",
        "repliedAt": null,
        "replyContent": null,
        "reviewCreatedVersion": "1.0",
        "reviewId": "73ff6c6a-b877-4c09-a58f-98534d137bd0",
        "score": 3,
        "thumbsUpCount": 1,
        "userImage": "https://play-lh.googleusercontent.com/a/ACg8ocK3EVVp25JpNOjO1zgsQ3cILLPdhpuctnjWdv9agRdO=mo",
        "userName": "Awais Awais"
    },
    {
        "appVersion": "1.0",
        "at": "2022-02-12 12:01:11",
        "content": "this game sucks",
        "repliedAt": null,
        "replyContent": null,
        "reviewCreatedVersion": "1.0",
        "reviewId": "1a4a8ecb-d359-4a99-8178-7a818b9af691",
        "score": 2,
        "thumbsUpCount": 13,
        "userImage": "https://play-lh.googleusercontent.com/a-/ALV-UjWE9dxlL9PL2mPG84dEykv5JhwYwQWFIC_WvbaoNAnBiqY",
        "userName": "Marina Panic"
    },
    {
        "appVersion": "1.0",
        "at": "2021-12-13 03:47:44",
        "content": "Good",
        "repliedAt": "2021-12-14 09:12:53",
        "replyContent": "thank you for your review, please give us five star rating? please let us know...",
        "reviewCreatedVersion": "1.0",
        "reviewId": "334da21d-1e9b-4e72-ba15-ba33de261de7",
        "score": 4,
        "thumbsUpCount": 0,
        "userImage": "https://play-lh.googleusercontent.com/a-/ALV-UjUoSL0TryryI4MKFxerzL1mjLsPf3Q0VC0UWtueE29QrQ",
        "userName": "Abhishek Mandal"
    },
    {
        "appVersion": null,
        "at": "2021-01-03 08:31:22",
        "content": "Kharab",
        "repliedAt": null,
        "replyContent": null,
        "reviewCreatedVersion": null,
        "reviewId": "89383270-6583-4368-bbbd-6ffcf9bd34b5",
        "score": 1,
        "thumbsUpCount": 0,
        "userImage": "https://play-lh.googleusercontent.com/a-/ALV-UjUnzagr67EFHA38_Z3cnX7C2q5ooS36egbGrqU2PvksgOM",
        "userName": "Kevi singh Ursewa"
    },
    {
        "appVersion": "1.0",
        "at": "2018-11-09 18:54:09",
        "content": "Dont like the virus like advertising",
        "repliedAt": null,
        "replyContent": null,
        "reviewCreatedVersion": "1.0",
        "reviewId": "bf31a49b-e16e-4834-b85c-9f38ce231754",
        "score": 1,
        "thumbsUpCount": 21,
        "userImage": "https://play-lh.googleusercontent.com/EGemoI2NTXmTsBVtJqk8jxF9rh8ApRWfsIMQSt2uE4OcpQqbFu7f7NbTK05lx80nuSijCz7sc3a277R67g",
        "userName": "A Google user"
    },
    {
        "appVersion": null,
        "at": "2018-10-29 14:23:40",
        "content": "VERY GOOD GAME",
        "repliedAt": null,
        "replyContent": null,
        "reviewCreatedVersion": null,
        "reviewId": "aa607400-91d0-419a-9d5a-f36be445d104",
        "score": 5,
        "thumbsUpCount": 9,
        "userImage": "https://play-lh.googleusercontent.com/EGemoI2NTXmTsBVtJqk8jxF9rh8ApRWfsIMQSt2uE4OcpQqbFu7f7NbTK05lx80nuSijCz7sc3a277R67g",
        "userName": "A Google user"
    },
    {
        "appVersion": null,
        "at": "2018-10-21 07:20:39",
        "content": "\u0906Ryan",
        "repliedAt": null,
        "replyContent": null,
        "reviewCreatedVersion": null,
        "reviewId": "563918ca-a360-4988-ab68-904522ae7fb9",
        "score": 5,
        "thumbsUpCount": 0,
        "userImage": "https://play-lh.googleusercontent.com/EGemoI2NTXmTsBVtJqk8jxF9rh8ApRWfsIMQSt2uE4OcpQqbFu7f7NbTK05lx80nuSijCz7sc3a277R67g",
        "userName": "A Google user"
    },
    {
        "appVersion": null,
        "at": "2018-08-07 17:07:42",
        "content": "well,i really like this game but please add some more machines",
        "repliedAt": null,
        "replyContent": null,
        "reviewCreatedVersion": null,
        "reviewId": "e999eb4b-1091-40a2-b9c9-575b7a646463",
        "score": 5,
        "thumbsUpCount": 4,
        "userImage": "https://play-lh.googleusercontent.com/EGemoI2NTXmTsBVtJqk8jxF9rh8ApRWfsIMQSt2uE4OcpQqbFu7f7NbTK05lx80nuSijCz7sc3a277R67g",
        "userName": "A Google user"
    },
    {
        "appVersion": null,
        "at": "2018-01-25 10:35:58",
        "content": "Abdulrafe",
        "repliedAt": null,
        "replyContent": null,
        "reviewCreatedVersion": null,
        "reviewId": "5f2efdae-8760-485e-a5fc-210aa420cae8",
        "score": 4,
        "thumbsUpCount": 3,
        "userImage": "https://play-lh.googleusercontent.com/EGemoI2NTXmTsBVtJqk8jxF9rh8ApRWfsIMQSt2uE4OcpQqbFu7f7NbTK05lx80nuSijCz7sc3a277R67g",
        "userName": "A Google user"
    },
    {
        "appVersion": "1.0",
        "at": "2018-01-11 13:57:58",
        "content": "Hated it...",
        "repliedAt": null,
        "replyContent": null,
        "reviewCreatedVersion": "1.0",
        "reviewId": "8f6f62be-ca47-4906-8e5a-dedac535bb64",
        "score": 1,
        "thumbsUpCount": 16,
        "userImage": "https://play-lh.googleusercontent.com/EGemoI2NTXmTsBVtJqk8jxF9rh8ApRWfsIMQSt2uE4OcpQqbFu7f7NbTK05lx80nuSijCz7sc3a277R67g",
        "userName": "A Google user"
    },
    {
        "appVersion": null,
        "at": "2017-11-22 17:03:25",
        "content": "Great job!",
        "repliedAt": null,
        "replyContent": null,
        "reviewCreatedVersion": null,
        "reviewId": "690ad405-1a92-445b-8727-eff36c7d87e0",
        "score": 5,
        "thumbsUpCount": 11,
        "userImage": "https://play-lh.googleusercontent.com/EGemoI2NTXmTsBVtJqk8jxF9rh8ApRWfsIMQSt2uE4OcpQqbFu7f7NbTK05lx80nuSijCz7sc3a277R67g",
        "userName": "A Google user"
    },
    {
        "appVersion": null,
        "at": "2017-11-15 10:34:19",
        "content": "Wonderful game",
        "repliedAt": null,
        "replyContent": null,
        "reviewCreatedVersion": null,
        "reviewId": "309055c5-09e5-44d6-a45c-37432f6d264d",
        "score": 5,
        "thumbsUpCount": 6,
        "userImage": "https://play-lh.googleusercontent.com/EGemoI2NTXmTsBVtJqk8jxF9rh8ApRWfsIMQSt2uE4OcpQqbFu7f7NbTK05lx80nuSijCz7sc3a277R67g",
        "userName": "A Google user"
    }
]