[
    {
        "appVersion": "1.1.2",
        "at": "2023-06-25 08:53:42",
        "content": "Simple",
        "repliedAt": null,
        "replyContent": null,
        "reviewCreatedVersion": "1.1.2",
        "reviewId": "a0d1b237-7825-49c3-acd0-f0cc76772854",
        "score": 5,
        "thumbsUpCount": 0,
        "userImage": "https://play-lh.googleusercontent.com/a-/ALV-UjVkaTn9VIuoqelqCjYIURgaEyPdLyuUPk0ld9bTSiuhfaI",
        "userName": "edward harahap"
    },
    {
        "appVersion": "1.1.2",
        "at": "2023-06-20 12:50:24",
        "content": "Had hard time uploading my card.",
        "repliedAt": null,
        "replyContent": null,
        "reviewCreatedVersion": "1.1.2",
        "reviewId": "f3f6f446-f26c-446f-9667-39ba2144933c",
        "score": 1,
        "thumbsUpCount": 0,
        "userImage": "https://play-lh.googleusercontent.com/a-/ALV-UjXMGnxZAdUTCrpmbI7uK9UfcMcArFVTL3qxrOzJLZY0lg",
        "userName": "Starlightexpress8780"
    },
    {
        "appVersion": "1.1.2",
        "at": "2023-06-18 13:17:50",
        "content": "This app is exactly what I'm looking for but I can't upload or take pictures so it's absolutely useless.",
        "repliedAt": null,
        "replyContent": null,
        "reviewCreatedVersion": "1.1.2",
        "reviewId": "d5827cd1-0db6-42de-9a6c-7331913c0cf1",
        "score": 1,
        "thumbsUpCount": 0,
        "userImage": "https://play-lh.googleusercontent.com/a/ACg8ocIVX3fQEAJU9Ofq8RQJFUmHjCvoqbN7cNeMZfluhPas=mo",
        "userName": "Joni Bliler"
    },
    {
        "appVersion": "1.1.2",
        "at": "2023-04-22 03:39:21",
        "content": "Unable to use camera for uploading a card",
        "repliedAt": null,
        "replyContent": null,
        "reviewCreatedVersion": "1.1.2",
        "reviewId": "cca1e907-b63f-4d35-b0e1-faaebc39d1b2",
        "score": 1,
        "thumbsUpCount": 0,
        "userImage": "https://play-lh.googleusercontent.com/a/ACg8ocIKx-1_3yVTenJJEcgI_dFG6S-sFXGjZ7kHFFu0sRmzBw=mo",
        "userName": "Aryan Gupta"
    },
    {
        "appVersion": "1.1.2",
        "at": "2023-04-07 07:46:21",
        "content": "Ads free doesn't work... Says I'm looking for an update that isn't there.",
        "repliedAt": null,
        "replyContent": null,
        "reviewCreatedVersion": "1.1.2",
        "reviewId": "d2a2ad96-9067-4607-945d-1847b00c4be9",
        "score": 1,
        "thumbsUpCount": 0,
        "userImage": "https://play-lh.googleusercontent.com/a-/ALV-UjWVePjm51i3jKSNzMrCjDNVjrzqxMZ0zejrbPy6xu6QjN4",
        "userName": "Alain Castonguay"
    },
    {
        "appVersion": "1.1.2",
        "at": "2023-03-29 16:41:33",
        "content": "No working",
        "repliedAt": null,
        "replyContent": null,
        "reviewCreatedVersion": "1.1.2",
        "reviewId": "c201baa7-563e-42b4-9844-6ee30bbde2bc",
        "score": 1,
        "thumbsUpCount": 0,
        "userImage": "https://play-lh.googleusercontent.com/a/ACg8ocI0YQ0dIUAaWdSuqePUntlPnWIXtzJUiRMCQDNjLRmR=mo",
        "userName": "Abdelghani Touka"
    },
    {
        "appVersion": "1.1.2",
        "at": "2023-02-23 09:30:00",
        "content": "Worst",
        "repliedAt": null,
        "replyContent": null,
        "reviewCreatedVersion": "1.1.2",
        "reviewId": "57050245-3585-4ca7-b64a-35e755a9c2c1",
        "score": 1,
        "thumbsUpCount": 0,
        "userImage": "https://play-lh.googleusercontent.com/a-/ALV-UjWaHirpHjnle01oRTGcF-wr_zd_2e3aLLtoIQMD_AZV564",
        "userName": "vikrant yadav"
    },
    {
        "appVersion": null,
        "at": "2023-02-04 21:58:14",
        "content": "It simply does not work",
        "repliedAt": null,
        "replyContent": null,
        "reviewCreatedVersion": null,
        "reviewId": "f646c16f-b105-4b0d-82c7-76fc01e9d657",
        "score": 1,
        "thumbsUpCount": 0,
        "userImage": "https://play-lh.googleusercontent.com/a-/ALV-UjW7E6psFeiAJYyiJuAiTP62jHrQz4nZr8Oq7ktAYHNCxSI",
        "userName": "Walid Chehab"
    },
    {
        "appVersion": "1.1.2",
        "at": "2022-11-11 00:38:57",
        "content": "Not working. To enter your Bdate you have to finger from 2022 by each month. 5 min to finger instead of type in is tooo much of a foreplay. Idiotic-dev",
        "repliedAt": null,
        "replyContent": null,
        "reviewCreatedVersion": "1.1.2",
        "reviewId": "68f2bf09-4142-4e5b-a79c-0bfc1afd12ec",
        "score": 1,
        "thumbsUpCount": 1,
        "userImage": "https://play-lh.googleusercontent.com/a-/ALV-UjWeS3CO__gRsUEGdxuINTBGAZ3HdqHWEyRFZadhPHv3bF2o",
        "userName": "Alexander Brusilovsky"
    },
    {
        "appVersion": "1.0.2",
        "at": "2022-10-05 11:46:59",
        "content": "Useless app..nothing works",
        "repliedAt": null,
        "replyContent": null,
        "reviewCreatedVersion": "1.0.2",
        "reviewId": "248d6037-1281-4cb2-92f4-38fc7dc194de",
        "score": 1,
        "thumbsUpCount": 0,
        "userImage": "https://play-lh.googleusercontent.com/a-/ALV-UjXfhprHkqBcM5fhmgymZWihCvGELolp5oKAfta7BH6T5A",
        "userName": "Shucchi Gupta"
    },
    {
        "appVersion": "1.1.2",
        "at": "2022-08-30 09:45:50",
        "content": "Nothing worked",
        "repliedAt": null,
        "replyContent": null,
        "reviewCreatedVersion": "1.1.2",
        "reviewId": "df70fbc8-b22b-4f8e-b56c-d73194fcd07c",
        "score": 1,
        "thumbsUpCount": 0,
        "userImage": "https://play-lh.googleusercontent.com/a/ACg8ocJeIousRil_SQZveGBU0viE9BMlpUJ2mpq6sTV-cIt_=mo",
        "userName": "Jerry Jones"
    },
    {
        "appVersion": null,
        "at": "2022-08-09 22:58:29",
        "content": "Camera doesn't work!! The app is useless",
        "repliedAt": null,
        "replyContent": null,
        "reviewCreatedVersion": null,
        "reviewId": "323f1547-218c-425c-bb5a-94dce1fc5e57",
        "score": 1,
        "thumbsUpCount": 0,
        "userImage": "https://play-lh.googleusercontent.com/a-/ALV-UjUND2P2uTSb7G21zW1bp2082DovSD3-Kvat1xftOtj1Vm93",
        "userName": "Heinz"
    },
    {
        "appVersion": "1.1.2",
        "at": "2022-07-16 02:59:59",
        "content": "Just wow... There is nothing to this app,and what is there, doesn't work. The camera won't even work..lol How am I even supposed to use this app with no camera? Uninstalled.",
        "repliedAt": null,
        "replyContent": null,
        "reviewCreatedVersion": "1.1.2",
        "reviewId": "83613e89-5190-4adb-9681-79dd61af0c17",
        "score": 1,
        "thumbsUpCount": 1,
        "userImage": "https://play-lh.googleusercontent.com/a-/ALV-UjWiN8tt--roy4Cjo03bsADrbXev-ujUBYf1Me3fyPwskJY",
        "userName": "Gene Stair"
    },
    {
        "appVersion": "1.1.2",
        "at": "2022-06-26 12:53:32",
        "content": "Card Holder Id card wallet is the best app of all holder app this is good working",
        "repliedAt": null,
        "replyContent": null,
        "reviewCreatedVersion": "1.1.2",
        "reviewId": "f7eb1a3f-bf62-4d03-8b0e-94c1ea42d11c",
        "score": 5,
        "thumbsUpCount": 0,
        "userImage": "https://play-lh.googleusercontent.com/a-/ALV-UjU6QnHCeeV3gdSClhOSJO6xLLpuYu26ZtI_K5CsONuq0Nk",
        "userName": "Farhan Malik"
    },
    {
        "appVersion": "1.1.2",
        "at": "2022-06-25 06:36:21",
        "content": "Card holder is one of the best app ever.i like this themes.thank you for such a great app",
        "repliedAt": null,
        "replyContent": null,
        "reviewCreatedVersion": "1.1.2",
        "reviewId": "7bb159a2-5f9f-439a-845c-3ca4f16e3361",
        "score": 5,
        "thumbsUpCount": 0,
        "userImage": "https://play-lh.googleusercontent.com/a/ACg8ocJJi5DEwrxJN-LkXYkCM_rXsLl4QAMOoPuLewKV18R1=mo",
        "userName": "Preety Zintaa"
    },
    {
        "appVersion": "1.1.2",
        "at": "2022-06-22 05:39:24",
        "content": "I'd card wallet . Card Holder is Amazing app I like and use it I recommend it",
        "repliedAt": null,
        "replyContent": null,
        "reviewCreatedVersion": "1.1.2",
        "reviewId": "3209dd77-8f62-49d9-bba7-b053c2216745",
        "score": 5,
        "thumbsUpCount": 0,
        "userImage": "https://play-lh.googleusercontent.com/a-/ALV-UjUeD5PJzJXI0I2FloJmVdEzgsfsDcSyOSLZoW4vsgo2eg",
        "userName": "Our News Beats"
    },
    {
        "appVersion": "1.1.2",
        "at": "2022-06-21 06:10:56",
        "content": "Great app excellent work card holder Id card wallet",
        "repliedAt": null,
        "replyContent": null,
        "reviewCreatedVersion": "1.1.2",
        "reviewId": "5705c799-0626-4eab-bbff-36bc1b996fe2",
        "score": 5,
        "thumbsUpCount": 0,
        "userImage": "https://play-lh.googleusercontent.com/a-/ALV-UjWwsuz58hAQt_pKJm-mWaOIkD0t532k7QS6CaKIlWhMBCU",
        "userName": "Ankit Nama"
    },
    {
        "appVersion": "1.1.2",
        "at": "2022-06-21 04:52:00",
        "content": "This app is very best and amazing.",
        "repliedAt": null,
        "replyContent": null,
        "reviewCreatedVersion": "1.1.2",
        "reviewId": "bb9a3f3b-824c-4611-8682-0a0dbed95e2c",
        "score": 5,
        "thumbsUpCount": 0,
        "userImage": "https://play-lh.googleusercontent.com/a/ACg8ocLigr16-DDpkGd6VfFzbvR0Ra_n4Nu32J2ds_aUpwCf=mo",
        "userName": "Muhammad Ammad"
    },
    {
        "appVersion": "1.1.2",
        "at": "2022-06-21 04:44:50",
        "content": "This is a great and wonderful card holder app.. great app I like it",
        "repliedAt": null,
        "replyContent": null,
        "reviewCreatedVersion": "1.1.2",
        "reviewId": "ba2a3319-ded6-47b2-8bec-65cd4925dc5b",
        "score": 5,
        "thumbsUpCount": 0,
        "userImage": "https://play-lh.googleusercontent.com/a/ACg8ocI9MVnvXBkW-jgztw9yUZtJ635Omm2i5rRWkMaZv7o=mo",
        "userName": "Ahmed Memon"
    },
    {
        "appVersion": "1.1.2",
        "at": "2022-06-21 03:58:10",
        "content": "Great app.i recomanded.",
        "repliedAt": null,
        "replyContent": null,
        "reviewCreatedVersion": "1.1.2",
        "reviewId": "f866b118-452e-4e66-a16b-8afc34f1996c",
        "score": 5,
        "thumbsUpCount": 0,
        "userImage": "https://play-lh.googleusercontent.com/a-/ALV-UjUzqQsOX_6G1lCFXNI-sb0OYB-Iwg7-nUEcy212436G8A",
        "userName": "Shahreen Fatima"
    },
    {
        "appVersion": "1.1.2",
        "at": "2022-06-21 00:44:27",
        "content": "Card Holder I'd card wallet very very interesting app I like and use it and speciall Thanks for Developer",
        "repliedAt": null,
        "replyContent": null,
        "reviewCreatedVersion": "1.1.2",
        "reviewId": "3e54eea5-4ddc-4bc0-9b5b-793b42ea3e25",
        "score": 5,
        "thumbsUpCount": 0,
        "userImage": "https://play-lh.googleusercontent.com/a/ACg8ocJKjQZeVL6p4K3EHw7F27BhlDYgJJM3Snk0KzpstRaP=mo",
        "userName": "Abber Ahmad"
    },
    {
        "appVersion": "1.1.2",
        "at": "2022-06-21 00:10:10",
        "content": "Card Holder - I'd card Holder is best application I like it",
        "repliedAt": null,
        "replyContent": null,
        "reviewCreatedVersion": "1.1.2",
        "reviewId": "bb2273af-9757-47e4-bb1e-d27d515bb9f7",
        "score": 5,
        "thumbsUpCount": 0,
        "userImage": "https://play-lh.googleusercontent.com/a/ACg8ocKKR69-vUf_XZV2eWDq5uG6Zx7JcvmHIy8iu5Ks9qZy=mo",
        "userName": "Sheesha Malik"
    },
    {
        "appVersion": "1.1.2",
        "at": "2022-06-20 14:49:05",
        "content": "Card Holder_Id card Wallet is very amazing app I use this app Thanks developer",
        "repliedAt": null,
        "replyContent": null,
        "reviewCreatedVersion": "1.1.2",
        "reviewId": "ac05d37a-86fd-461b-a890-d40797c03252",
        "score": 5,
        "thumbsUpCount": 0,
        "userImage": "https://play-lh.googleusercontent.com/a-/ALV-UjVOKXe-829p3OzqSyDE-C4f1ZOh48JHT1WFZZ0UbYAps5c",
        "userName": "Muhammad Adnan Aslam"
    },
    {
        "appVersion": null,
        "at": "2022-06-20 12:20:17",
        "content": "Wonderful app it is nice app I like it so much I downloaded it from the playstore",
        "repliedAt": null,
        "replyContent": null,
        "reviewCreatedVersion": null,
        "reviewId": "fb533f03-f3a1-4609-9e6b-de3095202864",
        "score": 5,
        "thumbsUpCount": 0,
        "userImage": "https://play-lh.googleusercontent.com/a/ACg8ocJ0vQW1GF5fzzVEWjLlzJFVHBA1lkX4fxxFdCVx3PbA=mo",
        "userName": "Anas Irfan"
    },
    {
        "appVersion": "1.1.2",
        "at": "2022-06-20 12:15:34",
        "content": "Card holder ID it is great app thank you very much for designing such a very useful app",
        "repliedAt": null,
        "replyContent": null,
        "reviewCreatedVersion": "1.1.2",
        "reviewId": "532138a4-60e9-44d2-a475-2339562dbf9f",
        "score": 5,
        "thumbsUpCount": 0,
        "userImage": "https://play-lh.googleusercontent.com/a/ACg8ocJHdREWpX01brHpHXFJksWDOjmlOwqklRIbhsfEX9U9=mo",
        "userName": "Khalil Kareem"
    },
    {
        "appVersion": "1.0.6",
        "at": "2022-05-24 07:15:30",
        "content": "this app is not user friendly, i cant edit or delete or rename groups. there is no backup and restore, there is no option to remove ads. i wish to improve",
        "repliedAt": null,
        "replyContent": null,
        "reviewCreatedVersion": "1.0.6",
        "reviewId": "8d50124d-13d5-4088-a801-aa0302bea020",
        "score": 3,
        "thumbsUpCount": 1,
        "userImage": "https://play-lh.googleusercontent.com/a-/ALV-UjX4WPQxPyJ0e6UpEyHWJE7VB2AHwwlNxI4UoubW41dutug",
        "userName": "Belal Swais"
    },
    {
        "appVersion": null,
        "at": "2022-04-02 07:40:52",
        "content": "Adds Are Ridiculous",
        "repliedAt": null,
        "replyContent": null,
        "reviewCreatedVersion": null,
        "reviewId": "cd96f505-ac3a-4a59-af48-624674364df8",
        "score": 1,
        "thumbsUpCount": 0,
        "userImage": "https://play-lh.googleusercontent.com/a-/ALV-UjUwvhFs177cBbVtPg6Q2-Y6_2cgeDn-Ppo-BA4VCLFHOg",
        "userName": "Perry Parmly"
    },
    {
        "appVersion": "1.0.5",
        "at": "2022-01-18 16:41:05",
        "content": "I can't crop the picture of my card. To add a photo I have take a picture of my card with my camera then edit that before I can put it into the program. I'd like to add a group like medical. And so many ad's, think I will keep looking.",
        "repliedAt": null,
        "replyContent": null,
        "reviewCreatedVersion": "1.0.5",
        "reviewId": "9d318b34-03d8-4c5f-9c43-1da093295595",
        "score": 3,
        "thumbsUpCount": 2,
        "userImage": "https://play-lh.googleusercontent.com/a-/ALV-UjVWvrW2h3ayUPV9gxvg1H7RhCfh3I5lO8YdrmtSIfrO2A",
        "userName": "Marlene Frisk"
    },
    {
        "appVersion": null,
        "at": "2021-12-27 02:32:51",
        "content": "this very nice and very cute application i application will reach me so all the subtleties of the message application are very nice very cute",
        "repliedAt": null,
        "replyContent": null,
        "reviewCreatedVersion": null,
        "reviewId": "cb3c56b9-defc-4598-b433-ba354dbfa9a1",
        "score": 5,
        "thumbsUpCount": 0,
        "userImage": "https://play-lh.googleusercontent.com/a/ACg8ocKuXLNWGAHvOHQQh5K3eI3q99qQvZ-OUki6-h82Ren-=mo",
        "userName": "Driverwed Am"
    },
    {
        "appVersion": null,
        "at": "2021-12-25 02:16:42",
        "content": "Card Holder Very Nice And Very Great Application Very Useful App",
        "repliedAt": null,
        "replyContent": null,
        "reviewCreatedVersion": null,
        "reviewId": "8b9347f8-2e83-494a-977a-07366927f607",
        "score": 5,
        "thumbsUpCount": 0,
        "userImage": "https://play-lh.googleusercontent.com/a/ACg8ocJVQIMe3v0j73sdCErzd0Gf5YDjSXBLueWzd_EGiLg5=mo",
        "userName": "DAVID MILLER afs"
    },
    {
        "appVersion": null,
        "at": "2021-12-25 00:36:23",
        "content": "Card Holder very best application i like it very much and very great application",
        "repliedAt": null,
        "replyContent": null,
        "reviewCreatedVersion": null,
        "reviewId": "67a71e4d-5d9e-4302-a6ae-7134ef009bb1",
        "score": 5,
        "thumbsUpCount": 0,
        "userImage": "https://play-lh.googleusercontent.com/a/ACg8ocKLKDrt4P5OWd5oSkk97DhEW53rfQ9ExQQRUFZQ_13b=mo",
        "userName": "Tum bin Aj"
    },
    {
        "appVersion": null,
        "at": "2021-12-23 02:11:21",
        "content": "Card holder this is a great and ful indvenchee application",
        "repliedAt": null,
        "replyContent": null,
        "reviewCreatedVersion": null,
        "reviewId": "8cd284c6-1c5f-4555-a609-21c5ed641102",
        "score": 5,
        "thumbsUpCount": 0,
        "userImage": "https://play-lh.googleusercontent.com/a-/ALV-UjWFX_njdS9_FvZnRksIOrpdtnhqjRkb91C7RYRoT38evA",
        "userName": "Chirag Boss"
    },
    {
        "appVersion": null,
        "at": "2021-12-22 06:01:03",
        "content": "card holder is very good working great use fms a lot my best application is wonderful and nice application",
        "repliedAt": null,
        "replyContent": null,
        "reviewCreatedVersion": null,
        "reviewId": "412f87e2-586d-41c2-afe7-4771329913f3",
        "score": 5,
        "thumbsUpCount": 0,
        "userImage": "https://play-lh.googleusercontent.com/a-/ALV-UjV2AXAvELl6J6XHOV1jAvctuzBrV61PxPlS-6qMdmWiBA",
        "userName": "Mr John PT"
    },
    {
        "appVersion": null,
        "at": "2021-12-22 01:10:18",
        "content": "Very nice application",
        "repliedAt": null,
        "replyContent": null,
        "reviewCreatedVersion": null,
        "reviewId": "4ac310ca-2382-4dbb-a90b-8f77d409b5bf",
        "score": 5,
        "thumbsUpCount": 0,
        "userImage": "https://play-lh.googleusercontent.com/a/ACg8ocLu0zkvCZifOQoCzQy0bHLpFpH4rH1lGqVD9CzB8IKt=mo",
        "userName": "Zindgi By king"
    },
    {
        "appVersion": null,
        "at": "2021-12-22 00:38:32",
        "content": "I'd card holder wallet is superb app I recommend you download this app and use",
        "repliedAt": null,
        "replyContent": null,
        "reviewCreatedVersion": null,
        "reviewId": "736950ff-9fbc-4d04-ace6-8c17308fd88f",
        "score": 5,
        "thumbsUpCount": 0,
        "userImage": "https://play-lh.googleusercontent.com/a/ACg8ocJkffO2mj30p5Kh-4VCFdFyopemAatkYOwdmrk5FffN=mo",
        "userName": "Tecno Pk"
    },
    {
        "appVersion": null,
        "at": "2021-12-21 03:05:56",
        "content": "Card Holder my favorite application i like it very much and very best application",
        "repliedAt": null,
        "replyContent": null,
        "reviewCreatedVersion": null,
        "reviewId": "bb97abcf-80ad-4cab-a5af-ebd6678bc08e",
        "score": 5,
        "thumbsUpCount": 1,
        "userImage": "https://play-lh.googleusercontent.com/a/ACg8ocLvm2J-cv611oHTB3RV2NkxlVJe-ilmquDYR1DBu9b-=mo",
        "userName": "Zanab Tvs"
    },
    {
        "appVersion": null,
        "at": "2021-12-20 05:38:32",
        "content": "Card holder ID card application is very good it is very useful application I am download and use application I like the application...",
        "repliedAt": null,
        "replyContent": null,
        "reviewCreatedVersion": null,
        "reviewId": "a890c21a-2957-41cb-9da5-20bcfc89e861",
        "score": 5,
        "thumbsUpCount": 0,
        "userImage": "https://play-lh.googleusercontent.com/a/ACg8ocIdAvH2_f9wrsTDlh9DfoD4lvws2EYDNYl1XZpr9nd7=mo",
        "userName": "Sun MK"
    },
    {
        "appVersion": null,
        "at": "2021-12-19 23:21:29",
        "content": "Card holder id is nice app I recommend it download this app and use this app is very easy to use and download ...",
        "repliedAt": null,
        "replyContent": null,
        "reviewCreatedVersion": null,
        "reviewId": "e3da9328-65b5-47a1-81c2-9860faf0ecc0",
        "score": 5,
        "thumbsUpCount": 0,
        "userImage": "https://play-lh.googleusercontent.com/a/ACg8ocIrJ-YLP6MPD33cTT6Gd-B56agxSaA8wkhAiRD1sV75=mo",
        "userName": "Oscar Md"
    },
    {
        "appVersion": null,
        "at": "2021-12-19 00:32:25",
        "content": "Card holder is very good appliction it is very famous applitcaion it is very wonderful application it is very nice application...",
        "repliedAt": null,
        "replyContent": null,
        "reviewCreatedVersion": null,
        "reviewId": "29616cb2-c5a6-4f79-90c5-72465d13cc38",
        "score": 5,
        "thumbsUpCount": 0,
        "userImage": "https://play-lh.googleusercontent.com/a-/ALV-UjXsnpI4G0qkw4vCSg4OEFY-_RlHIr50FVJe9bVcyjJ5QA",
        "userName": "femmas asrole rss"
    },
    {
        "appVersion": null,
        "at": "2021-12-18 02:16:30",
        "content": "This is very good application very great application wake me up everyday and every time very very great invention...",
        "repliedAt": null,
        "replyContent": null,
        "reviewCreatedVersion": null,
        "reviewId": "7e63b5e8-9798-4e45-8e53-533d23568592",
        "score": 5,
        "thumbsUpCount": 0,
        "userImage": "https://play-lh.googleusercontent.com/a-/ALV-UjUQ1VxGAMhbSafn5RiS6elaHSNxg1AZRxjMiyuTksymFw",
        "userName": "asgar asgar win"
    },
    {
        "appVersion": null,
        "at": "2021-12-18 01:58:52",
        "content": "card holder The application is very tremendous, the is used a lot, it is very easy to use, it is very easy to use i use a lot more than that ...",
        "repliedAt": null,
        "replyContent": null,
        "reviewCreatedVersion": null,
        "reviewId": "242beee3-56f7-4683-a65f-b2d582979213",
        "score": 5,
        "thumbsUpCount": 0,
        "userImage": "https://play-lh.googleusercontent.com/a-/ALV-UjUTLOFjOP3phAYlRaGTnui7YaUE1b5WploEIB-IuAjicA",
        "userName": "Mr Licky PT"
    },
    {
        "appVersion": null,
        "at": "2021-11-20 12:22:23",
        "content": "Lovely app",
        "repliedAt": null,
        "replyContent": null,
        "reviewCreatedVersion": null,
        "reviewId": "28fa0c49-8467-4c00-a528-be2787f025e5",
        "score": 5,
        "thumbsUpCount": 2,
        "userImage": "https://play-lh.googleusercontent.com/a/ACg8ocLvfacirC-xGVnItCYFPmgH44wiksITB8XCSSrOnlc=mo",
        "userName": "Jackly Ferndos IJ"
    },
    {
        "appVersion": null,
        "at": "2021-11-20 06:57:57",
        "content": "very helpful app",
        "repliedAt": null,
        "replyContent": null,
        "reviewCreatedVersion": null,
        "reviewId": "63e30e74-2edb-4ab5-9a42-c7b0a672a8b2",
        "score": 5,
        "thumbsUpCount": 1,
        "userImage": "https://play-lh.googleusercontent.com/a/ACg8ocLo1fwXOqZEmWsxW9Cpxe1h7tdBFaujqWnCaWK0noR1=mo",
        "userName": "neil ted"
    },
    {
        "appVersion": null,
        "at": "2021-11-19 11:45:56",
        "content": "Its vrry fantastic app",
        "repliedAt": null,
        "replyContent": null,
        "reviewCreatedVersion": null,
        "reviewId": "1fca03d5-611e-42b3-a18d-6805c7a443fc",
        "score": 5,
        "thumbsUpCount": 1,
        "userImage": "https://play-lh.googleusercontent.com/a/ACg8ocIeW8F-caSYjFx2fOxRj6I_xd4rTtCqouS0JhynqPc=mo",
        "userName": "Anderson Wilmson IJ"
    },
    {
        "appVersion": null,
        "at": "2021-11-18 12:44:08",
        "content": "very helpful app",
        "repliedAt": null,
        "replyContent": null,
        "reviewCreatedVersion": null,
        "reviewId": "d0216127-9a59-4da2-ae96-88d60ce3e52c",
        "score": 5,
        "thumbsUpCount": 2,
        "userImage": "https://play-lh.googleusercontent.com/a/ACg8ocIQwG7TU8dqz9iv-JClTLBiU-fvAfomT2w8V0X7pkQc=mo",
        "userName": "Rocky James"
    },
    {
        "appVersion": null,
        "at": "2021-11-18 11:35:47",
        "content": "it's really beautiful \ud83c\udf31\ud83d\udc4d\ud83c\udffc\ud83d\udc94\ud83d\udc4d\ud83c\udffb\ud83d\udc98\ud83d\udc9e\ud83d\udc4d\ud83c\udffe\ud83d\udc97\ud83d\udc95\ud83d\udc9f\ud83d\udc4d\ud83c\udffe\ud83c\udf34\ud83c\udf34\ud83d\udc94\ud83c\udf31\ud83c\udf32\ud83d\udc4d\ud83c\udffb\ud83d\udc98\ud83d\udc97\ud83d\udc95\ud83c\udf33\ud83d\udc93\ud83d\udc94\ud83d\udc4d\ud83c\udffb\ud83c\udf34\ud83d\udc4d\ud83c\udffb",
        "repliedAt": null,
        "replyContent": null,
        "reviewCreatedVersion": null,
        "reviewId": "b0659e42-e49e-4a2f-9a07-aaf2eb41e9cf",
        "score": 5,
        "thumbsUpCount": 2,
        "userImage": "https://play-lh.googleusercontent.com/a/ACg8ocJkbBFBrKtpJAKNgZfXGdWZigoF1WnwhOlzQwTiVgC6=mo",
        "userName": "Jeremy Weiner"
    },
    {
        "appVersion": null,
        "at": "2021-11-18 09:08:19",
        "content": "\uff61o\u25cb\u2606\ud83c\udf52\uff61\uff65\uff9f\u2661\uff9f\uff65\uff61\ud83c\udf53\uff61\uff65\uff9f\u2661\uff9f\uff65Best card holder with outstanding features. \uff61o\u25cb\u2606\ud83c\udf52\uff61\uff65\uff9f\u2661\uff9f\uff65\uff61\ud83c\udf53\uff61\uff65\uff9f\u2661\uff9f\uff65",
        "repliedAt": null,
        "replyContent": null,
        "reviewCreatedVersion": null,
        "reviewId": "d628f949-b7c1-4b7b-9a37-e677164f1f51",
        "score": 5,
        "thumbsUpCount": 4,
        "userImage": "https://play-lh.googleusercontent.com/a-/ALV-UjWHyg43gKVSOF1JHQd5Shk3PnFCdeDD4lDOofUzfmmagg",
        "userName": "The \u015ah\u00e4ll\u00f6ws"
    },
    {
        "appVersion": null,
        "at": "2021-11-17 11:29:22",
        "content": "Very great card holder app",
        "repliedAt": null,
        "replyContent": null,
        "reviewCreatedVersion": null,
        "reviewId": "f581ae23-410e-4af2-a58a-be1d7a68b7ca",
        "score": 5,
        "thumbsUpCount": 4,
        "userImage": "https://play-lh.googleusercontent.com/a/ACg8ocKhD3L1JJ1btD4dTAZkTXcYmeKSEuI0tcrAEbNmKg3c=mo",
        "userName": "Sonam S0ni"
    },
    {
        "appVersion": null,
        "at": "2021-11-17 06:01:44",
        "content": "Card Holder is a most popular and helpfull application.",
        "repliedAt": null,
        "replyContent": null,
        "reviewCreatedVersion": null,
        "reviewId": "1bead455-90c6-474d-8f32-80a94d95d226",
        "score": 5,
        "thumbsUpCount": 4,
        "userImage": "https://play-lh.googleusercontent.com/a-/ALV-UjUNDaVQGIDRQ9t6BaGN9DIgU6d4fpFXUg43amsI7G6V2g",
        "userName": "WS 444 A. M"
    },
    {
        "appVersion": null,
        "at": "2021-11-15 12:03:57",
        "content": "\ud83e\udd5c\ud83c\udf30\ud83c\udf5e\ud83e\udd50\ud83e\udd56\ud83e\uded3\ud83e\udd68\ud83e\udd6f\ud83c\udf54\ud83e\udd53 Advantageous \ud83e\uddc0\ud83e\uddc7\ud83e\udd5e\ud83c\udf5f\ud83c\udf55\ud83c\udf2d\ud83e\udd6a\ud83c\udf2e\ud83c\udf2f\ud83e\uded4\ud83e\udd59",
        "repliedAt": null,
        "replyContent": null,
        "reviewCreatedVersion": null,
        "reviewId": "3639af07-0040-4a4e-8e7f-c1e95757c0b3",
        "score": 5,
        "thumbsUpCount": 6,
        "userImage": "https://play-lh.googleusercontent.com/a-/ALV-UjXbiY-RTiJnZbHzi48CWrlOL8gmiGOuQpvzqv0wzPzsg8Q",
        "userName": "Indore Plants"
    },
    {
        "appVersion": null,
        "at": "2021-11-15 08:00:14",
        "content": "INCREDIBLE APP EVER.\u2642\ufe0f\u2640\ufe0f\u2642\ufe0f\u2640\ufe0f\u2642\ufe0f\u2640\ufe0f\u2642\ufe0f\u2640\ufe0f\u2642\ufe0f\u2640\ufe0f\u2642\ufe0f\u2640\ufe0f\u2640\ufe0f\u2642\ufe0f\u2640\ufe0f\u2642\ufe0f\u2640\ufe0f\u2642\ufe0f\u2640\ufe0f",
        "repliedAt": null,
        "replyContent": null,
        "reviewCreatedVersion": null,
        "reviewId": "8af94b1b-9780-4739-b4bc-571df4e72433",
        "score": 5,
        "thumbsUpCount": 8,
        "userImage": "https://play-lh.googleusercontent.com/a-/ALV-UjWTt6S7k_7EjQseIg5TewbBYX_o8zWFNm4RoLDHjzLl9Q",
        "userName": "Julie Walters"
    },
    {
        "appVersion": null,
        "at": "2021-11-14 15:06:27",
        "content": "Good platform.Excellent working.Amazing growing tool",
        "repliedAt": null,
        "replyContent": null,
        "reviewCreatedVersion": null,
        "reviewId": "ad397ed4-f87e-4df0-a513-473ebf24da92",
        "score": 5,
        "thumbsUpCount": 5,
        "userImage": "https://play-lh.googleusercontent.com/a/ACg8ocLyh1zdoMSaifXqekVfWVMy3CYB_djUCZouXxxdJxsC=mo",
        "userName": "Samina Tahir"
    },
    {
        "appVersion": null,
        "at": "2021-11-13 13:30:45",
        "content": "\ud83c\udf83\ud83c\udf84\ud83c\udf86\ud83c\udf87\ud83e\udde8\u2728 Exceptional \ud83c\udf88\ud83c\udf89\ud83c\udf8a\ud83c\udf8b\ud83c\udf8d\ud83c\udf90\ud83c\udf91",
        "repliedAt": null,
        "replyContent": null,
        "reviewCreatedVersion": null,
        "reviewId": "0b0aecaa-ac73-4639-bef9-5df42753dc0a",
        "score": 5,
        "thumbsUpCount": 6,
        "userImage": "https://play-lh.googleusercontent.com/a-/ALV-UjV2busvHP36NOjEFBr_eJNM-dIEZRsNGrLD3pB9Tn7VkA",
        "userName": "Golden Rain Rosemary"
    },
    {
        "appVersion": null,
        "at": "2021-11-13 09:57:25",
        "content": "This card holder is extremely amazing with multiple useful features.",
        "repliedAt": null,
        "replyContent": null,
        "reviewCreatedVersion": null,
        "reviewId": "1aafdbc3-e21b-42b8-9616-73c522373f4a",
        "score": 5,
        "thumbsUpCount": 6,
        "userImage": "https://play-lh.googleusercontent.com/a-/ALV-UjUe4aKIlMf7de1fOlVScTWH6eAUPROYjauK-EwvPSSMxA",
        "userName": "Anayah Allie"
    },
    {
        "appVersion": null,
        "at": "2021-11-13 03:51:55",
        "content": "Very interested application.",
        "repliedAt": null,
        "replyContent": null,
        "reviewCreatedVersion": null,
        "reviewId": "f0ddf55a-beac-42c3-ae10-4695f0eda46e",
        "score": 5,
        "thumbsUpCount": 5,
        "userImage": "https://play-lh.googleusercontent.com/a-/ALV-UjXy64iOSzoLhOveC0cFcBZTw9J1EBICD7fOs0dVA-0z",
        "userName": "Imran Khan A. M"
    },
    {
        "appVersion": null,
        "at": "2021-11-13 03:14:50",
        "content": "useful app",
        "repliedAt": null,
        "replyContent": null,
        "reviewCreatedVersion": null,
        "reviewId": "71aa1bbc-4d20-4fa6-91ab-226c78aa8c0f",
        "score": 5,
        "thumbsUpCount": 5,
        "userImage": "https://play-lh.googleusercontent.com/a/ACg8ocJoA856uHl3ggewKU-XCLX4YzAjLul2tTJRvMqjJ-3M=mo",
        "userName": "Huma Riaz"
    },
    {
        "appVersion": null,
        "at": "2021-11-12 14:20:10",
        "content": "\u26d4\ud83d\udeab\u26a0\ufe0f\u269b\u2721\u2638\u262a\ufe0f\u262e\ud83d\udd4e\ud83d\udd2f\u2648\u2649\u264a Marvellous \u264b\u264c\u26ce\u2653\u2652\u2651\u2650\u264f\u264e\u264d",
        "repliedAt": null,
        "replyContent": null,
        "reviewCreatedVersion": null,
        "reviewId": "75db4ea2-2b40-4da9-8b0b-87863d12547d",
        "score": 5,
        "thumbsUpCount": 6,
        "userImage": "https://play-lh.googleusercontent.com/a-/ALV-UjXar7h9BdoKcPuR8O4P6hq7H6yyAAbdQiBVjCG3lvuNaw",
        "userName": "Peter Marco"
    },
    {
        "appVersion": null,
        "at": "2021-11-12 11:10:50",
        "content": "\u2744\ud83c\udf08\u2744\ud83c\udf08\u2744 MAGNIFICENT \u2744\ud83c\udf08\u2744\ud83c\udf08\u2744",
        "repliedAt": null,
        "replyContent": null,
        "reviewCreatedVersion": null,
        "reviewId": "fddab087-36bf-49b5-835e-201095b1dcd0",
        "score": 5,
        "thumbsUpCount": 5,
        "userImage": "https://play-lh.googleusercontent.com/a-/ALV-UjWbOHAzFtHhDxRdUKsoYagumDM104SQT9Z86uEFfMElag",
        "userName": "47 M\u00ebt\u00ebrs \u0110own"
    },
    {
        "appVersion": null,
        "at": "2021-11-12 06:54:55",
        "content": "very useful app",
        "repliedAt": null,
        "replyContent": null,
        "reviewCreatedVersion": null,
        "reviewId": "16d76181-e8f6-4c97-9b85-23067be6e5e2",
        "score": 5,
        "thumbsUpCount": 4,
        "userImage": "https://play-lh.googleusercontent.com/a/ACg8ocJNClj7UutA4YWR40OF4D805rWIGlQ-ev-ZINPSmzQC=mo",
        "userName": "Aron Aaden"
    },
    {
        "appVersion": null,
        "at": "2021-11-11 13:33:53",
        "content": "Its very best app",
        "repliedAt": null,
        "replyContent": null,
        "reviewCreatedVersion": null,
        "reviewId": "c0611681-4776-4dad-ba1b-9a28ae769016",
        "score": 5,
        "thumbsUpCount": 4,
        "userImage": "https://play-lh.googleusercontent.com/a/ACg8ocJOIAa9UanSMr_kyeDiISKFev0bYyD-lTLm5qzwStte=mo",
        "userName": "Kaya Miles"
    },
    {
        "appVersion": null,
        "at": "2021-11-11 11:13:24",
        "content": "Card holder best good looking very loving and the best very well it is the best",
        "repliedAt": null,
        "replyContent": null,
        "reviewCreatedVersion": null,
        "reviewId": "1ccdceef-1181-4f25-9a9e-953bca06fbce",
        "score": 5,
        "thumbsUpCount": 4,
        "userImage": "https://play-lh.googleusercontent.com/a/ACg8ocIZjWCOsK9voPnYGlcDaBmE1Bry7ml2vTQR6DJZEgKc=mo",
        "userName": "Register solution Register solution"
    },
    {
        "appVersion": null,
        "at": "2021-11-11 05:42:59",
        "content": "This app is so good and easy in use.",
        "repliedAt": null,
        "replyContent": null,
        "reviewCreatedVersion": null,
        "reviewId": "60d10266-56b0-4c5e-ac98-a9ac57068ab4",
        "score": 5,
        "thumbsUpCount": 4,
        "userImage": "https://play-lh.googleusercontent.com/a-/ALV-UjWPT-xiXWRvSXFdXgnwEgbBDhvtxpT1qhZpwmn-lftsgQ",
        "userName": "Jahangir Khan A. M"
    },
    {
        "appVersion": null,
        "at": "2021-11-09 11:51:11",
        "content": "Its very amzing app",
        "repliedAt": null,
        "replyContent": null,
        "reviewCreatedVersion": null,
        "reviewId": "13026ca8-65be-4b5b-b8bd-78c968e3fb56",
        "score": 5,
        "thumbsUpCount": 4,
        "userImage": "https://play-lh.googleusercontent.com/a/ACg8ocKtxN_Yfrk3KCj47jx5mLI65_NkvD46mbu-uFCeUg13=mo",
        "userName": "Roy Taylor IJ"
    },
    {
        "appVersion": null,
        "at": "2021-11-09 11:04:10",
        "content": "Useful and interested app also like this app",
        "repliedAt": null,
        "replyContent": null,
        "reviewCreatedVersion": null,
        "reviewId": "54c5c291-eccb-4871-9a56-69def56585bb",
        "score": 5,
        "thumbsUpCount": 4,
        "userImage": "https://play-lh.googleusercontent.com/a/ACg8ocJnC2bQ5fAqNPk-Zz1Vx0tp3xN69oo3LYagB35o9PcC=mo",
        "userName": "Jackson"
    },
    {
        "appVersion": null,
        "at": "2021-11-09 10:09:41",
        "content": "Card holder application this is a really superb app",
        "repliedAt": null,
        "replyContent": null,
        "reviewCreatedVersion": null,
        "reviewId": "134e4004-de47-4b89-985c-484fae61fe5e",
        "score": 5,
        "thumbsUpCount": 4,
        "userImage": "https://play-lh.googleusercontent.com/a/ACg8ocJWGy-z9Gcb4tmd7SbeYDaYOuym80a_QWPcR-AdSTQK=mo",
        "userName": "My Family best"
    },
    {
        "appVersion": null,
        "at": "2021-11-08 15:26:27",
        "content": "Useful and love this app also superb app",
        "repliedAt": null,
        "replyContent": null,
        "reviewCreatedVersion": null,
        "reviewId": "9c09fecb-e6c6-492f-9005-e86c68dbd788",
        "score": 5,
        "thumbsUpCount": 2,
        "userImage": "https://play-lh.googleusercontent.com/a/ACg8ocLuFizsipbbd2TrgVWdUtvw6KQr52ASr3leh1Oeo0CZ=mo",
        "userName": "Remisn Robeer"
    },
    {
        "appVersion": null,
        "at": "2021-11-08 10:31:34",
        "content": "I have become a big fan of this out standing application",
        "repliedAt": null,
        "replyContent": null,
        "reviewCreatedVersion": null,
        "reviewId": "83a8c8d5-5854-4131-b718-270a5aa3c5d7",
        "score": 5,
        "thumbsUpCount": 2,
        "userImage": "https://play-lh.googleusercontent.com/a/ACg8ocJOUdMCKZ9hDHjiVMtR9QEqlbhfiy0Vrv7BmR1Y8sOt=mo",
        "userName": "Shaheen Club"
    },
    {
        "appVersion": null,
        "at": "2021-11-08 09:06:46",
        "content": "Its nice",
        "repliedAt": null,
        "replyContent": null,
        "reviewCreatedVersion": null,
        "reviewId": "c184f3bf-e15f-4138-a3c4-f88444ea44d0",
        "score": 5,
        "thumbsUpCount": 5,
        "userImage": "https://play-lh.googleusercontent.com/a-/ALV-UjUGMFZ3vaJJmeMQh0atUP39qtHZLVYY7i42aZ5TgNWpcg",
        "userName": "Kill Dill"
    },
    {
        "appVersion": null,
        "at": "2021-11-08 08:51:22",
        "content": "This is the best application",
        "repliedAt": null,
        "replyContent": null,
        "reviewCreatedVersion": null,
        "reviewId": "146176ac-4499-4ceb-b15b-6206f719931f",
        "score": 5,
        "thumbsUpCount": 5,
        "userImage": "https://play-lh.googleusercontent.com/a-/ALV-UjWXDzBksVAlJRH37wNcydNyIXbFoZcsgRSBZiazJNAv5A",
        "userName": "Qasim Sheikh"
    },
    {
        "appVersion": null,
        "at": "2021-11-07 14:56:25",
        "content": "Useful and interesting app Love This app",
        "repliedAt": null,
        "replyContent": null,
        "reviewCreatedVersion": null,
        "reviewId": "338dfc5f-9e5a-47eb-987e-c2f9dc2f7e62",
        "score": 5,
        "thumbsUpCount": 3,
        "userImage": "https://play-lh.googleusercontent.com/a/ACg8ocJ_saNoPXs2fxkALtdeTEDYIOxT0UWoWkyBAqas8HLg=mo",
        "userName": "Hert Harcker"
    },
    {
        "appVersion": null,
        "at": "2021-11-07 13:42:09",
        "content": "it's great you are",
        "repliedAt": null,
        "replyContent": null,
        "reviewCreatedVersion": null,
        "reviewId": "3bd8b41d-945c-4d3e-ad12-5967e49c5b46",
        "score": 5,
        "thumbsUpCount": 5,
        "userImage": "https://play-lh.googleusercontent.com/a/ACg8ocI8blvVVpQvPNVQRXGOu1ShGyfZmejN1cDWSgbzVEWp=mo",
        "userName": "Ava Megan"
    },
    {
        "appVersion": null,
        "at": "2021-11-07 07:51:06",
        "content": "Useful and superb app also love this app",
        "repliedAt": null,
        "replyContent": null,
        "reviewCreatedVersion": null,
        "reviewId": "9ee24089-c98d-4054-9af6-9ed72c8148d0",
        "score": 5,
        "thumbsUpCount": 2,
        "userImage": "https://play-lh.googleusercontent.com/a/ACg8ocLHCLcKpyQx97E6zBZbKRuwx2eqBl2N94A1LttSu7x6=mo",
        "userName": "Shane Watson"
    },
    {
        "appVersion": null,
        "at": "2021-11-07 07:32:50",
        "content": "\u0262\u0280\u1d07\u1d00\u1d1b \u1d00\u1d18\u1d18 \u1d21\u026a\u1d1b\u029c \u0280\u1d07\u1d0d\u1d00\u0280\u1d0b\u1d00\u0299\u029f\u1d07 \u0493\u1d07\u1d00\u1d1b\u1d1c\u0280\u1d07s.",
        "repliedAt": null,
        "replyContent": null,
        "reviewCreatedVersion": null,
        "reviewId": "ae787816-69c3-4a28-a61d-d31699695630",
        "score": 5,
        "thumbsUpCount": 2,
        "userImage": "https://play-lh.googleusercontent.com/a-/ALV-UjW2iQLz30nxiYLVFWjEO_rPhdblc6EScoeE5yT-YVSsAA",
        "userName": "Cate Middleton"
    },
    {
        "appVersion": null,
        "at": "2021-11-07 04:50:08",
        "content": "I'd card very exciting app",
        "repliedAt": null,
        "replyContent": null,
        "reviewCreatedVersion": null,
        "reviewId": "70a9001c-a751-4476-b2b5-31e497cc82fa",
        "score": 5,
        "thumbsUpCount": 2,
        "userImage": "https://play-lh.googleusercontent.com/a-/ALV-UjXKJer-YR-wctlDiRpsCi035VJWqb8Flbk_2gH3nMSCcA",
        "userName": "Allah diitaa jutt Allah diitta jutt"
    },
    {
        "appVersion": null,
        "at": "2021-11-07 04:01:30",
        "content": "Card holder application is great uts really work easily install from playstore",
        "repliedAt": null,
        "replyContent": null,
        "reviewCreatedVersion": null,
        "reviewId": "a66d3e5f-8c2f-42ec-8a05-ee283e037eda",
        "score": 5,
        "thumbsUpCount": 2,
        "userImage": "https://play-lh.googleusercontent.com/a/ACg8ocIPNVvbBAcWbPNIFE3WRnks6Qwdqt9eoZzKm8ESx5Jr=mo",
        "userName": "Pallas Blue"
    },
    {
        "appVersion": null,
        "at": "2021-11-06 11:22:54",
        "content": "Multifunctional and workable app.\ud83d\udc97\ud83d\udc9f\ud83d\udc9e\ud83d\udc96\ud83d\udc95\ud83d\udc94\ud83d\udc93",
        "repliedAt": null,
        "replyContent": null,
        "reviewCreatedVersion": null,
        "reviewId": "aceec8d6-41fb-4c4e-bd02-f2b9ff186fbe",
        "score": 5,
        "thumbsUpCount": 6,
        "userImage": "https://play-lh.googleusercontent.com/a-/ALV-UjUyizsFMCFk-O_iNZBfn0CaojNIi-pFM5kbeoduxuGg0g",
        "userName": "Daniel Stewart"
    },
    {
        "appVersion": null,
        "at": "2021-11-06 09:15:18",
        "content": "This is the best application",
        "repliedAt": null,
        "replyContent": null,
        "reviewCreatedVersion": null,
        "reviewId": "99a9a121-830b-487f-8137-cb4be53971c9",
        "score": 5,
        "thumbsUpCount": 3,
        "userImage": "https://play-lh.googleusercontent.com/a-/ALV-UjVnuQOTADuqjrbPi625aPjbecyFrroFqBM5l8hncHjTuA",
        "userName": "Usama Malik"
    },
    {
        "appVersion": null,
        "at": "2021-11-06 05:53:37",
        "content": "I'd card wallet is so amazing application.",
        "repliedAt": null,
        "replyContent": null,
        "reviewCreatedVersion": null,
        "reviewId": "5f71c7ce-2054-4a16-bafb-49fc862ef3e8",
        "score": 5,
        "thumbsUpCount": 1,
        "userImage": "https://play-lh.googleusercontent.com/a-/ALV-UjWwAkYgkLHrd8fJZSEunfTQmIIautZZQqc2CirRYXTtRA",
        "userName": "Gurya Mughal A. M"
    },
    {
        "appVersion": null,
        "at": "2021-11-06 02:45:29",
        "content": "it's a amazingapplication I really like it",
        "repliedAt": null,
        "replyContent": null,
        "reviewCreatedVersion": null,
        "reviewId": "7c4a85db-448e-4e32-bc49-0c02d6cdd4c3",
        "score": 5,
        "thumbsUpCount": 0,
        "userImage": "https://play-lh.googleusercontent.com/a/ACg8ocLMU72ZZTdklEbjmSVw8EryWsuzH0Skl8kO9ZYbRs5s=mo",
        "userName": "Nadir Shah"
    },
    {
        "appVersion": null,
        "at": "2021-11-05 15:07:41",
        "content": "This is the best application",
        "repliedAt": null,
        "replyContent": null,
        "reviewCreatedVersion": null,
        "reviewId": "9ce29710-26ab-4622-b949-85e5cb0a859d",
        "score": 5,
        "thumbsUpCount": 3,
        "userImage": "https://play-lh.googleusercontent.com/a-/ALV-UjWDwrb6mibtF2MJxmsrTjobfg0-S_L1F7ySpgMAVjaDRA",
        "userName": "Hanan Ahmad AAA"
    },
    {
        "appVersion": null,
        "at": "2021-11-05 06:24:21",
        "content": "This app is nice feature to used this app",
        "repliedAt": null,
        "replyContent": null,
        "reviewCreatedVersion": null,
        "reviewId": "2227736a-040f-474c-affa-515b7073ce3c",
        "score": 5,
        "thumbsUpCount": 0,
        "userImage": "https://play-lh.googleusercontent.com/a/ACg8ocLdqq9Jws4-kzyLvWUgi4BKw40cEQXwW9RTsbF6gt2v=mo",
        "userName": "I love PTI PTI"
    },
    {
        "appVersion": null,
        "at": "2021-11-05 05:52:53",
        "content": "Thank you so much! whomever made this wonderful app. Great job!\ud83d\ude18\ud83d\ude0d\ud83d\ude03\ud83d\ude0b\ud83d\ude0e\ud83d\ude09",
        "repliedAt": null,
        "replyContent": null,
        "reviewCreatedVersion": null,
        "reviewId": "dd0a7267-8272-45d7-8e82-c0e787487059",
        "score": 5,
        "thumbsUpCount": 5,
        "userImage": "https://play-lh.googleusercontent.com/a-/ALV-UjUmHsu7yuhN6e4YfGLeyDyXjtZMXmkw1VvlLxVpN2X48w",
        "userName": "Henry Cavill"
    },
    {
        "appVersion": null,
        "at": "2021-11-02 05:26:11",
        "content": "Good app good work so helpful",
        "repliedAt": null,
        "replyContent": null,
        "reviewCreatedVersion": null,
        "reviewId": "c7e609bb-d67c-42d9-9e80-6259da33e3d0",
        "score": 5,
        "thumbsUpCount": 1,
        "userImage": "https://play-lh.googleusercontent.com/a/ACg8ocIZWJOL8XCr9ZLwKc_nTLKufpcuWzGRvnZdZsERam1j=mo",
        "userName": "Ali Raza"
    },
    {
        "appVersion": "1.0.5",
        "at": "2021-10-31 23:57:22",
        "content": "Gud app. To save data .",
        "repliedAt": null,
        "replyContent": null,
        "reviewCreatedVersion": "1.0.5",
        "reviewId": "6c73ebee-7c00-49ac-b8b5-742c8a102afa",
        "score": 4,
        "thumbsUpCount": 1,
        "userImage": "https://play-lh.googleusercontent.com/a/ACg8ocIFFeU0_iBx6FrI-evSIMsBqoXNPmmyi1s3msuMCXGK=mo",
        "userName": "Ahmad Javed"
    },
    {
        "appVersion": null,
        "at": "2021-10-26 13:48:54",
        "content": "Awesome",
        "repliedAt": null,
        "replyContent": null,
        "reviewCreatedVersion": null,
        "reviewId": "64a6781d-91fc-4cdf-bac9-6349a24b4514",
        "score": 5,
        "thumbsUpCount": 1,
        "userImage": "https://play-lh.googleusercontent.com/a-/ALV-UjX24S1koIcoLYfR7SaFtZhqYw51pfKgmMkPi5tkAGlIHgA",
        "userName": "Sheher E Zaat"
    },
    {
        "appVersion": "1.0.5",
        "at": "2021-10-22 16:08:01",
        "content": "I like this app very much nice app \ud83d\udc4d\ud83d\udc4d",
        "repliedAt": null,
        "replyContent": null,
        "reviewCreatedVersion": "1.0.5",
        "reviewId": "3b231c6a-7387-40fe-bb59-8ac910253df2",
        "score": 5,
        "thumbsUpCount": 2,
        "userImage": "https://play-lh.googleusercontent.com/a/ACg8ocIu9TwLYBPLu3S88u1OpWiFRl83v2B4TwIAp76aE_k5=mo",
        "userName": "dua tariq"
    },
    {
        "appVersion": "1.0.5",
        "at": "2021-10-22 04:56:46",
        "content": "Umda",
        "repliedAt": null,
        "replyContent": null,
        "reviewCreatedVersion": "1.0.5",
        "reviewId": "3747b833-111c-45c0-9f26-0d5cbcadf94f",
        "score": 5,
        "thumbsUpCount": 1,
        "userImage": "https://play-lh.googleusercontent.com/a/ACg8ocIAlv_15Ke4O3uml9DjVuQt-_hATGlBCv9sqYB7nYMh=mo",
        "userName": "Sarwar Ali"
    },
    {
        "appVersion": "1.0.5",
        "at": "2021-10-21 18:03:41",
        "content": "Nice",
        "repliedAt": null,
        "replyContent": null,
        "reviewCreatedVersion": "1.0.5",
        "reviewId": "623ff765-0866-4518-9b91-79a1dd2553c1",
        "score": 5,
        "thumbsUpCount": 1,
        "userImage": "https://play-lh.googleusercontent.com/a-/ALV-UjW-qqHiiVoYJT1_QTsHgMwBzqRojzZ-SFCMeNDZ2xxrypE",
        "userName": "Bilal Khan"
    },
    {
        "appVersion": "1.0.5",
        "at": "2021-10-21 16:42:25",
        "content": "To many ads,",
        "repliedAt": null,
        "replyContent": null,
        "reviewCreatedVersion": "1.0.5",
        "reviewId": "9e9cb39f-94d3-4d58-b585-7bbbb8fb031c",
        "score": 1,
        "thumbsUpCount": 0,
        "userImage": "https://play-lh.googleusercontent.com/EGemoI2NTXmTsBVtJqk8jxF9rh8ApRWfsIMQSt2uE4OcpQqbFu7f7NbTK05lx80nuSijCz7sc3a277R67g",
        "userName": "A Google user"
    },
    {
        "appVersion": "1.0.5",
        "at": "2021-10-21 13:22:22",
        "content": "5 star this application great work",
        "repliedAt": null,
        "replyContent": null,
        "reviewCreatedVersion": "1.0.5",
        "reviewId": "c0b8ef6c-1ec7-4acc-b340-16831193b73e",
        "score": 5,
        "thumbsUpCount": 2,
        "userImage": "https://play-lh.googleusercontent.com/a/ACg8ocK2i_CoyCm6aQTIVadlD0YLfrhHGq3nIW-h6PBaHWHC=mo",
        "userName": "Asghar khral"
    },
    {
        "appVersion": "1.0.5",
        "at": "2021-10-21 07:56:27",
        "content": "Cool in use",
        "repliedAt": null,
        "replyContent": null,
        "reviewCreatedVersion": "1.0.5",
        "reviewId": "8f11649b-005d-45bb-b3e5-5c7668ac59e8",
        "score": 5,
        "thumbsUpCount": 1,
        "userImage": "https://play-lh.googleusercontent.com/a-/ALV-UjX5S3nfh57jOVRAIr5Eej9RAicBxpD7gJ1V1yRkg3eRVaE",
        "userName": "Ahsan Shahzad"
    },
    {
        "appVersion": "1.0.5",
        "at": "2021-10-21 05:36:58",
        "content": "Nice",
        "repliedAt": null,
        "replyContent": null,
        "reviewCreatedVersion": "1.0.5",
        "reviewId": "cf905d71-d933-4f2f-8494-de99c373e16d",
        "score": 5,
        "thumbsUpCount": 1,
        "userImage": "https://play-lh.googleusercontent.com/a/ACg8ocIAGw9HKo_gKemHanWpKCrmCefpJoJNzpnMvxuu9MYw=mo",
        "userName": "Hassan Nawaz"
    },
    {
        "appVersion": "1.0.5",
        "at": "2021-10-21 05:34:45",
        "content": "I love this app",
        "repliedAt": null,
        "replyContent": null,
        "reviewCreatedVersion": "1.0.5",
        "reviewId": "5a1dd1fc-dd40-47f1-81b6-9bf187698690",
        "score": 5,
        "thumbsUpCount": 1,
        "userImage": "https://play-lh.googleusercontent.com/a/ACg8ocJXw-Kzfy_1rZT4K4h0kRmjilQZhW0ZdSwoPvIZg0Ux=mo",
        "userName": "Arshman Ali"
    },
    {
        "appVersion": "1.0.5",
        "at": "2021-10-21 01:36:13",
        "content": "Great app.. I loved it\ud83d\udc4c",
        "repliedAt": null,
        "replyContent": null,
        "reviewCreatedVersion": "1.0.5",
        "reviewId": "b856ee28-532f-470a-83a3-943296dddce5",
        "score": 5,
        "thumbsUpCount": 2,
        "userImage": "https://play-lh.googleusercontent.com/a-/ALV-UjXVPNq7dON7LbyFj3gGsI4FVvSBRPx2AH_QHm7os65WBBQ",
        "userName": "Faiza Javaid"
    },
    {
        "appVersion": "1.0.5",
        "at": "2021-10-20 23:15:19",
        "content": "nice app",
        "repliedAt": null,
        "replyContent": null,
        "reviewCreatedVersion": "1.0.5",
        "reviewId": "ca55c115-1df0-4f1c-9791-1a90f61c18f9",
        "score": 5,
        "thumbsUpCount": 0,
        "userImage": "https://play-lh.googleusercontent.com/a-/ALV-UjU_wL2IBWeuXJXGie7bJDEgcITwccaYt2wyxIfnpjRY4b0",
        "userName": "Shahid Jamal Bettani"
    },
    {
        "appVersion": "1.0.5",
        "at": "2021-10-20 15:32:09",
        "content": "Very nice \ud83d\udc4d\ud83d\ude42\ud83d\ude42\ud83d\ude42",
        "repliedAt": null,
        "replyContent": null,
        "reviewCreatedVersion": "1.0.5",
        "reviewId": "968cf1ee-5947-430b-b1ac-5895d0d82b7f",
        "score": 1,
        "thumbsUpCount": 1,
        "userImage": "https://play-lh.googleusercontent.com/a-/ALV-UjU91GmxV7JibtJGt9L_bp73lO2RbEr9QeBU4_TX__lFiA",
        "userName": "mahmuna \u201cSHINING STAR\u201d unstopable UP"
    },
    {
        "appVersion": "1.0.5",
        "at": "2021-10-20 15:08:29",
        "content": "its amazing app",
        "repliedAt": null,
        "replyContent": null,
        "reviewCreatedVersion": "1.0.5",
        "reviewId": "b73e7ba2-b326-4e7f-b30a-e9304c4e17d5",
        "score": 5,
        "thumbsUpCount": 0,
        "userImage": "https://play-lh.googleusercontent.com/a-/ALV-UjWvZdCFYsuG2czUmhW4XI5wzhPpfm24RVgPUJBae7rogg",
        "userName": "Haziq Arham"
    },
    {
        "appVersion": null,
        "at": "2021-10-19 11:02:55",
        "content": "Wonderful app",
        "repliedAt": null,
        "replyContent": null,
        "reviewCreatedVersion": null,
        "reviewId": "f7498ff2-9d09-462b-992d-a2bddb78402f",
        "score": 5,
        "thumbsUpCount": 0,
        "userImage": "https://play-lh.googleusercontent.com/a/ACg8ocL06wD8xFqMLF9tquAx2W_--_NW7YJbZjXN3ZIN8b4J=mo",
        "userName": "Maria Abbasi"
    },
    {
        "appVersion": "1.0.5",
        "at": "2021-10-19 09:43:39",
        "content": "Awesome application",
        "repliedAt": null,
        "replyContent": null,
        "reviewCreatedVersion": "1.0.5",
        "reviewId": "59518ef0-7dd2-45f5-88ae-c52dc67e8d75",
        "score": 5,
        "thumbsUpCount": 0,
        "userImage": "https://play-lh.googleusercontent.com/a-/ALV-UjWoaCOGgtSrIWWYL-ovel44wwIQTyZQXTT3c5U259PfYw",
        "userName": "H.Q EDITX"
    },
    {
        "appVersion": null,
        "at": "2021-10-19 05:48:57",
        "content": "Card holder app help me to keep my all card at one place. It is a good app and easy to use",
        "repliedAt": null,
        "replyContent": null,
        "reviewCreatedVersion": null,
        "reviewId": "c468d2ce-bee0-4cfc-9fff-d687a88502cf",
        "score": 5,
        "thumbsUpCount": 0,
        "userImage": "https://play-lh.googleusercontent.com/a-/ALV-UjVjyxQ5RSxJfr3F5JDGvWPFUEy6Iph_qGxa3mKUIKlEDw",
        "userName": "Nayab Mehak"
    },
    {
        "appVersion": null,
        "at": "2021-10-16 10:39:02",
        "content": "Workable app\ud83d\udc4d\ud83d\ude0d\ud83d\ude00\ud83d\ude0e Thanks to developers.",
        "repliedAt": null,
        "replyContent": null,
        "reviewCreatedVersion": null,
        "reviewId": "0e6b6f6d-5942-4257-88a9-1fe01c6a01ad",
        "score": 5,
        "thumbsUpCount": 5,
        "userImage": "https://play-lh.googleusercontent.com/a-/ALV-UjX9uz_UKAU_m8wjrOfMAG030V8LGz6g4_NGtj505minIA",
        "userName": "Alina Foley"
    },
    {
        "appVersion": null,
        "at": "2021-10-16 04:32:00",
        "content": "Card holder I'd card is the wonderful app Card holder I'd card is the amazing app Card holder I'd card is the beautiful app",
        "repliedAt": null,
        "replyContent": null,
        "reviewCreatedVersion": null,
        "reviewId": "7e58dc08-8e6a-48ea-b53e-27aedebdbd17",
        "score": 5,
        "thumbsUpCount": 2,
        "userImage": "https://play-lh.googleusercontent.com/a/ACg8ocK1kplANtkYrHMQyEZAIQxh0OO-a0byQHNZ7iwsS-8G=mo",
        "userName": "Thomas Solanki"
    },
    {
        "appVersion": null,
        "at": "2021-10-15 14:42:00",
        "content": "Card holder is an nice service providing application.King of all other applications.Great working by developer",
        "repliedAt": null,
        "replyContent": null,
        "reviewCreatedVersion": null,
        "reviewId": "bb75a40e-76ac-4a8f-9c09-9cf1bd5c89b5",
        "score": 5,
        "thumbsUpCount": 2,
        "userImage": "https://play-lh.googleusercontent.com/a/ACg8ocIz3JADlnINiJL3jJWglWhsgI4qlFBWZLLoCP6UuOJM=mo",
        "userName": "Rehan Tahir"
    },
    {
        "appVersion": null,
        "at": "2021-10-13 08:12:48",
        "content": "Thanks for this amazing card holder\ud83d\udcaf\ud83d\udcaf\ud83d\udc4d\ud83d\udc4d\ud83d\udc4c\ud83d\udc4c.",
        "repliedAt": null,
        "replyContent": null,
        "reviewCreatedVersion": null,
        "reviewId": "e797a1aa-e56f-4aea-9f8d-e1af26c72786",
        "score": 5,
        "thumbsUpCount": 7,
        "userImage": "https://play-lh.googleusercontent.com/a-/ALV-UjUfycPGWeImKfN1sP_QmB8Ufo6kOYogNMG9eosLJJ0Ucw",
        "userName": "\u0110eep Bl\u00fce S\u00eba"
    },
    {
        "appVersion": null,
        "at": "2021-10-13 07:11:46",
        "content": "Card Holder ID Ballot Card Saving Apps $",
        "repliedAt": null,
        "replyContent": null,
        "reviewCreatedVersion": null,
        "reviewId": "6b0bd066-6722-4745-bce3-b327d9afaec9",
        "score": 5,
        "thumbsUpCount": 3,
        "userImage": "https://play-lh.googleusercontent.com/a/ACg8ocKFadRXwKPiYZiuFMpwOgZ2cgAv6V7Uhf9yuI-SiA_X=mo",
        "userName": "Olin Fil"
    },
    {
        "appVersion": null,
        "at": "2021-10-12 12:57:08",
        "content": "it was awesome",
        "repliedAt": null,
        "replyContent": null,
        "reviewCreatedVersion": null,
        "reviewId": "65a9746d-2d96-4bd7-8c83-f177891352f7",
        "score": 5,
        "thumbsUpCount": 2,
        "userImage": "https://play-lh.googleusercontent.com/a/ACg8ocJPeMyrBcQh7UbYOEVpuT4iXW-Wpq-o1yPeZaH9a6Tw=mo",
        "userName": "Mhon Gilbert IJ"
    },
    {
        "appVersion": null,
        "at": "2021-10-11 14:08:43",
        "content": "Its very usefull app",
        "repliedAt": null,
        "replyContent": null,
        "reviewCreatedVersion": null,
        "reviewId": "2160ce28-ae79-4eaf-9174-9fe376c115ed",
        "score": 5,
        "thumbsUpCount": 4,
        "userImage": "https://play-lh.googleusercontent.com/a/ACg8ocKvZGNJRKzSeucAbSKBF2GiZ_cDaEFhyGVUS5GuQSGP=mo",
        "userName": "Badden Eagan"
    },
    {
        "appVersion": null,
        "at": "2021-10-11 11:16:49",
        "content": "The dress to become a card holder ID card is very nice .",
        "repliedAt": null,
        "replyContent": null,
        "reviewCreatedVersion": null,
        "reviewId": "3a9b21a1-63d7-42ea-b4bd-7b2562978cc3",
        "score": 5,
        "thumbsUpCount": 4,
        "userImage": "https://play-lh.googleusercontent.com/a/ACg8ocJXXw2gFWbPNJHf_qcVbHxPd4VGfKMH26QfFq61DGFq=mo",
        "userName": "amir amir"
    },
    {
        "appVersion": null,
        "at": "2021-10-11 10:10:34",
        "content": "ADEQUATE AND WORKABLE.",
        "repliedAt": null,
        "replyContent": null,
        "reviewCreatedVersion": null,
        "reviewId": "e791579d-dd83-4cda-85b6-7b03ad18cba2",
        "score": 5,
        "thumbsUpCount": 7,
        "userImage": "https://play-lh.googleusercontent.com/a-/ALV-UjVNI-9PmtMd0MwRO7FA86DA0PEh6zL9s1H8EKD9Z_WD_g",
        "userName": "G\u00f6k\u00e7en Miray"
    },
    {
        "appVersion": null,
        "at": "2021-10-10 14:32:23",
        "content": "Card holder is an amazing application.Great interface.Easy to use.What am excellent working.Attractive interface",
        "repliedAt": null,
        "replyContent": null,
        "reviewCreatedVersion": null,
        "reviewId": "0e00c874-929f-405e-9115-06f5f7947db3",
        "score": 5,
        "thumbsUpCount": 4,
        "userImage": "https://play-lh.googleusercontent.com/a/ACg8ocLQEDiwkBOHdnrEEvrBujmCskEBk47_emXGq_ZyCW9N=mo",
        "userName": "Mian Arham"
    },
    {
        "appVersion": null,
        "at": "2021-10-08 12:05:00",
        "content": "Its very usefull app",
        "repliedAt": null,
        "replyContent": null,
        "reviewCreatedVersion": null,
        "reviewId": "98ffc4cf-75b6-400f-b661-5530736aa16c",
        "score": 5,
        "thumbsUpCount": 6,
        "userImage": "https://play-lh.googleusercontent.com/a/ACg8ocLZUSPZCP8NknGH8N-9bcJ7vVkoqbJVACtHk4I1hRDu=mo",
        "userName": "Ricky Cullam IJ"
    },
    {
        "appVersion": null,
        "at": "2021-10-06 11:40:21",
        "content": "Card holder is amazing app to store information you can access your information everywhere",
        "repliedAt": null,
        "replyContent": null,
        "reviewCreatedVersion": null,
        "reviewId": "dda70c86-9491-4cdd-b9a6-df6ab33f0fd8",
        "score": 5,
        "thumbsUpCount": 7,
        "userImage": "https://play-lh.googleusercontent.com/a-/ALV-UjWxW6RK5MQeeg1UtJzPphpUWGxROMnyxcAw4sezpkWikQ",
        "userName": "Masooma Shah Gee"
    },
    {
        "appVersion": null,
        "at": "2021-10-05 06:59:41",
        "content": "BRILLIANT AND OUTSTANDING FEATURES.\ud83d\ude0e\ud83d\ude02\ud83d\ude04\ud83d\ude0b\ud83d\ude18\ud83d\ude0d\ud83e\udd13\ud83d\ude1c",
        "repliedAt": null,
        "replyContent": null,
        "reviewCreatedVersion": null,
        "reviewId": "3682a97c-891d-4519-87cf-6f806f94df5b",
        "score": 5,
        "thumbsUpCount": 10,
        "userImage": "https://play-lh.googleusercontent.com/a-/ALV-UjX72w43oNjwq2Mub0qEj72P2e7Oo0cnrmdAiDRhwIleqQ",
        "userName": "\u0106ute \u00cbnger"
    },
    {
        "appVersion": "1.0.5",
        "at": "2021-10-04 06:56:51",
        "content": "Card holder id card is very interesting app i also using and install now \u263a\ufe0f\ud83d\ude0a\u263a\ufe0f\ud83d\ude0a\u263a\ufe0f",
        "repliedAt": null,
        "replyContent": null,
        "reviewCreatedVersion": "1.0.5",
        "reviewId": "5d2e0891-be39-4209-9d16-a69c782cb855",
        "score": 5,
        "thumbsUpCount": 8,
        "userImage": "https://play-lh.googleusercontent.com/a/ACg8ocK0jpTeV0gLn4vIbCfMRbugh245TwbRsU6kN3o4ARDA=mo",
        "userName": "Arashd Ali"
    },
    {
        "appVersion": null,
        "at": "2021-10-03 12:27:57",
        "content": "Card holder is an Good service for public.Lovely working progress.Dashing platform",
        "repliedAt": null,
        "replyContent": null,
        "reviewCreatedVersion": null,
        "reviewId": "c035213f-b053-4f0a-9028-181d0195aabf",
        "score": 5,
        "thumbsUpCount": 10,
        "userImage": "https://play-lh.googleusercontent.com/a/ACg8ocLioegmi7L2APPklgOGHqfNJfOrf0rCH1wYKDURTTF8=mo",
        "userName": "Muhammad Arham Tahir"
    },
    {
        "appVersion": null,
        "at": "2021-10-03 05:41:18",
        "content": "\ud83d\udc93\ud83d\udc9e\ud83d\udc94\ud83d\udc97\ud83d\udc95Very supportive \ud83d\udc93\ud83d\udc9e\ud83d\udc94\ud83d\udc97\ud83d\udc95",
        "repliedAt": null,
        "replyContent": null,
        "reviewCreatedVersion": null,
        "reviewId": "422603c4-35bc-4d37-9a25-b3e0009dfba9",
        "score": 5,
        "thumbsUpCount": 14,
        "userImage": "https://play-lh.googleusercontent.com/a-/ALV-UjXun3DzbTYi7laM5Vmyv44Y4oyOSsF-PBE5wU0ySoT_",
        "userName": "Margot Kidder"
    },
    {
        "appVersion": null,
        "at": "2021-08-22 17:29:57",
        "content": "Downloaded this app. It sent me in an endless Circle of putting in my pin and birth date. Never able to open the app. I uninstalled it and reinstalled , same thing.",
        "repliedAt": null,
        "replyContent": null,
        "reviewCreatedVersion": null,
        "reviewId": "80fd6928-b5b2-46c5-b14e-773b70cb9525",
        "score": 1,
        "thumbsUpCount": 0,
        "userImage": "https://play-lh.googleusercontent.com/a/ACg8ocI_PjmKAbwDRzxX3rzcjONQtYxICWzIMtaimjnc3Ikj=mo",
        "userName": "Bobbie Ann"
    },
    {
        "appVersion": "1.0.2",
        "at": "2021-08-09 15:32:18",
        "content": "I downloaded to use. Saw where the different cards are. If you can't spell simple words like employee or debit how can I trust you to keep my card safe. Deleting this app..",
        "repliedAt": null,
        "replyContent": null,
        "reviewCreatedVersion": "1.0.2",
        "reviewId": "8ab44a92-0a65-4515-bfbf-47dec456044b",
        "score": 1,
        "thumbsUpCount": 2,
        "userImage": "https://play-lh.googleusercontent.com/a/ACg8ocIMs_YdejFrxgdn4WBe_j7caPqsgsEMKPuh8gPTCjBd=mo",
        "userName": "Candy Dial"
    },
    {
        "appVersion": "1.0.2",
        "at": "2021-07-23 21:24:59",
        "content": "I love the design of the app and how it categorizes cards. But, as it has advertisements access inside the app I don't feel comfortable & secure putting my card details in it. I'm just going to uninstall the app for now but will see the app improvements in future. Hope that Card Holder team will fix this issues soon & make it more securely comfortable for users. Thank you",
        "repliedAt": null,
        "replyContent": null,
        "reviewCreatedVersion": "1.0.2",
        "reviewId": "6dc22ffb-caab-48a0-a3bd-b613e35215a1",
        "score": 1,
        "thumbsUpCount": 10,
        "userImage": "https://play-lh.googleusercontent.com/a/ACg8ocLJ4iAXTZxtdZoIUKT2OLD9Dce2tEOBuG_yAvZkdqEo=mo",
        "userName": "Shahnaz Zainab"
    },
    {
        "appVersion": "1.0.2",
        "at": "2021-07-10 04:16:54",
        "content": "Would be cool to upload to Google cloud",
        "repliedAt": null,
        "replyContent": null,
        "reviewCreatedVersion": "1.0.2",
        "reviewId": "5f33889e-0579-4591-92e0-2cff2f8ab8d6",
        "score": 4,
        "thumbsUpCount": 11,
        "userImage": "https://play-lh.googleusercontent.com/a-/ALV-UjWMG73PiABCryarlomH9SmK0e5bO6Duro3oWQyTXTCpgLM",
        "userName": "Brian Wylie"
    },
    {
        "appVersion": "1.0.2",
        "at": "2021-07-08 09:29:02",
        "content": "Card holder is the best app for your card . Its really amazing application.",
        "repliedAt": null,
        "replyContent": null,
        "reviewCreatedVersion": "1.0.2",
        "reviewId": "76bc19be-6a8d-4863-8709-8be6979fab42",
        "score": 5,
        "thumbsUpCount": 9,
        "userImage": "https://play-lh.googleusercontent.com/a-/ALV-UjWeKui_0AipL-6-TVwP5VSLpYeIqHc7XIFvVD9RLfRgGQ",
        "userName": "Surav Pal"
    },
    {
        "appVersion": "1.0.2",
        "at": "2021-07-08 08:36:12",
        "content": "Card holder Id card application really useful and smart. It's a modern and unique design I'd card that's great comfort for you.",
        "repliedAt": null,
        "replyContent": null,
        "reviewCreatedVersion": "1.0.2",
        "reviewId": "3e38dd84-d5cb-4b3e-a59f-7b0c0f874e3c",
        "score": 5,
        "thumbsUpCount": 27,
        "userImage": "https://play-lh.googleusercontent.com/a/ACg8ocLAVIQlwfCodOo7onkgQIqABROZxmLciyAqBJzu0PKJ=mo",
        "userName": "Zahid Nadeem"
    },
    {
        "appVersion": "1.0.2",
        "at": "2021-07-07 06:33:42",
        "content": "Card holder -id card wallet app is to good It help very much please all of u download it",
        "repliedAt": null,
        "replyContent": null,
        "reviewCreatedVersion": "1.0.2",
        "reviewId": "ee2f2225-0cc0-42ac-8da2-7644f5b14976",
        "score": 5,
        "thumbsUpCount": 6,
        "userImage": "https://play-lh.googleusercontent.com/a/ACg8ocKCv92cOStCV4oRn-DxY2Ajunq3k-_ExvcecI7n70SN=mo",
        "userName": "Sonu Kumar"
    },
    {
        "appVersion": "1.0.2",
        "at": "2021-07-01 11:56:57",
        "content": "Card Holder is outstanding app that help me to manage all your cards in one place...",
        "repliedAt": null,
        "replyContent": null,
        "reviewCreatedVersion": "1.0.2",
        "reviewId": "daf8c815-fc44-4bae-9ed2-43a988013320",
        "score": 5,
        "thumbsUpCount": 6,
        "userImage": "https://play-lh.googleusercontent.com/a-/ALV-UjVJVOCYyah5hclBxnRqM-UMpW1_oolZY4urDF7zJFrwaQ",
        "userName": "Adil Minhas"
    },
    {
        "appVersion": "1.0.2",
        "at": "2021-06-18 09:54:53",
        "content": "Adverts dominate. Frustrating, they have ruined a great app. Going to delete.",
        "repliedAt": null,
        "replyContent": null,
        "reviewCreatedVersion": "1.0.2",
        "reviewId": "246485a2-5590-4832-b8da-9d0369bc4bf5",
        "score": 2,
        "thumbsUpCount": 2,
        "userImage": "https://play-lh.googleusercontent.com/a-/ALV-UjUmdL9lesa0U3wi9p0K2aROMVY-SUf_L_MyAzThFXWmCA",
        "userName": "Robert Whyte"
    },
    {
        "appVersion": "1.0.2",
        "at": "2021-06-03 19:17:01",
        "content": "Card holder is amazing app to store information you can access your information everywhere id card wallet is really secure app",
        "repliedAt": null,
        "replyContent": null,
        "reviewCreatedVersion": "1.0.2",
        "reviewId": "59262a73-3139-4308-9a5c-eea45fb0d23a",
        "score": 5,
        "thumbsUpCount": 3,
        "userImage": "https://play-lh.googleusercontent.com/a-/ALV-UjXV-kf0bWEAYY2BQ1CkZSw7dXQWJPefjuj1OP5j668CUQ",
        "userName": "Sprinkle The Fragrance"
    },
    {
        "appVersion": "1.0.2",
        "at": "2021-06-03 11:15:23",
        "content": "Card holder and Id card wallet is best for your personal information and data you can access it anywhere.",
        "repliedAt": null,
        "replyContent": null,
        "reviewCreatedVersion": "1.0.2",
        "reviewId": "a4184cbb-6d40-4391-8771-39c14d5e03fc",
        "score": 5,
        "thumbsUpCount": 3,
        "userImage": "https://play-lh.googleusercontent.com/a/ACg8ocIDkfYBjjxLH5dRkHczMIDpC-F6eCD4THO4B9gZCWUf=mo",
        "userName": "Md Ashraful"
    },
    {
        "appVersion": "1.0.2",
        "at": "2021-06-03 10:35:09",
        "content": "Amazing card holder application for containing and managing most of your expenditures",
        "repliedAt": null,
        "replyContent": null,
        "reviewCreatedVersion": "1.0.2",
        "reviewId": "7e3ef553-6c1f-4a2f-acea-67a46bc40572",
        "score": 5,
        "thumbsUpCount": 2,
        "userImage": "https://play-lh.googleusercontent.com/a-/ALV-UjVuT9yLsFuSh7SwOsFx4l3qwMcCIMlwLFLJwc9Q2cVIUf8",
        "userName": "andi devol"
    },
    {
        "appVersion": "1.0.2",
        "at": "2021-06-02 07:59:47",
        "content": "Card holder is very useful app id card wallet is really secure and awesome",
        "repliedAt": null,
        "replyContent": null,
        "reviewCreatedVersion": "1.0.2",
        "reviewId": "002584ac-801a-4f5f-963c-02d52f8850de",
        "score": 5,
        "thumbsUpCount": 2,
        "userImage": "https://play-lh.googleusercontent.com/a-/ALV-UjVKO4shwbeTpUyJGgLRbBgmds9vOWbBXhDW4LBv5Wq49Q",
        "userName": "Sutanto C"
    },
    {
        "appVersion": "1.0.2",
        "at": "2021-06-01 12:16:18",
        "content": "Card holder is very usefull app on playstore.you can easily save all data like pictures, videos, messages and contacts etc in this app with password protection.app can b use as id card wallet.good job developers",
        "repliedAt": null,
        "replyContent": null,
        "reviewCreatedVersion": "1.0.2",
        "reviewId": "9c587735-69ad-458c-ae2a-677e5786ac8f",
        "score": 5,
        "thumbsUpCount": 51,
        "userImage": "https://play-lh.googleusercontent.com/a/ACg8ocKQfIIFdVFyUH6-R5-oeHKi3F1aJlEAFBqHyHk1dBay=mo",
        "userName": "Jhon Smith"
    },
    {
        "appVersion": "1.0.2",
        "at": "2021-05-31 01:27:02",
        "content": "Amazing Card holder and Id card wallet app. i like this app recomnded you\ud83d\udcaf\u2764\u2764\ud83d\udc4d\ud83d\udc4d",
        "repliedAt": null,
        "replyContent": null,
        "reviewCreatedVersion": "1.0.2",
        "reviewId": "88719cf9-7a5e-4ee7-99af-e9295fd53014",
        "score": 5,
        "thumbsUpCount": 2,
        "userImage": "https://play-lh.googleusercontent.com/a-/ALV-UjWRBsjQDybAmbBFBp7iRW85b9vVjBAr1kZBx6brH6_Y15Y",
        "userName": "Fahad Hassan"
    },
    {
        "appVersion": null,
        "at": "2021-05-30 09:21:44",
        "content": "Extremely beneficial app for saving credit card and ID card details online. It's very handy. It helps us not to forget card number everything and look for card all the time in purse.",
        "repliedAt": null,
        "replyContent": null,
        "reviewCreatedVersion": null,
        "reviewId": "4c153b13-f6bc-4650-9b05-ea936b818837",
        "score": 5,
        "thumbsUpCount": 3,
        "userImage": "https://play-lh.googleusercontent.com/a-/ALV-UjU_EYSVuWPbgAjhG3wwe_6InkRgDpZamgkqtpPgVRdhEg",
        "userName": "Khair Unnisa"
    },
    {
        "appVersion": "1.0.2",
        "at": "2021-05-30 07:18:48",
        "content": "Card holder id card wallet is one of the best app to catch my cards",
        "repliedAt": null,
        "replyContent": null,
        "reviewCreatedVersion": "1.0.2",
        "reviewId": "c4b535b6-6638-4f30-bbc9-2658ab704fcf",
        "score": 5,
        "thumbsUpCount": 2,
        "userImage": "https://play-lh.googleusercontent.com/a-/ALV-UjWXEAFeDbWg5n0rh_kul2n8E-D3DYWqvGlsd6AOtDzulKU",
        "userName": "Shanto Dhar"
    },
    {
        "appVersion": "1.0.2",
        "at": "2021-05-30 06:58:16",
        "content": "this card holder app is very awesome... its give the info about id card wallet..i like it very much",
        "repliedAt": null,
        "replyContent": null,
        "reviewCreatedVersion": "1.0.2",
        "reviewId": "6c8b6b51-ad10-4920-aff8-853607b73c6c",
        "score": 5,
        "thumbsUpCount": 4,
        "userImage": "https://play-lh.googleusercontent.com/a-/ALV-UjXiLDWb0snTTCvHWIKbrNCwC-ksfNwHmpovfRKPan-AHaw",
        "userName": "Muhammad Akasha"
    },
    {
        "appVersion": "1.0.2",
        "at": "2021-05-30 06:23:47",
        "content": "Card Holder is the best app for me to put all my card in this wallet app. I like their security system and it works fine. i recommed this app to everyone.",
        "repliedAt": null,
        "replyContent": null,
        "reviewCreatedVersion": "1.0.2",
        "reviewId": "df3407c1-6e5e-4d09-892b-0d6d4db48339",
        "score": 5,
        "thumbsUpCount": 1,
        "userImage": "https://play-lh.googleusercontent.com/a-/ALV-UjU_AXm1OGpQUfHKcuECfd0s61_QFUjBi_g40zRE80VR7Q",
        "userName": "Md. Tipu Sultan"
    },
    {
        "appVersion": "1.0.2",
        "at": "2021-05-30 05:45:50",
        "content": "Card holder and Id card wallet is best app for saving info ,it is fully secure",
        "repliedAt": null,
        "replyContent": null,
        "reviewCreatedVersion": "1.0.2",
        "reviewId": "878f60e3-4b0a-4e45-90f7-a4cb066938a0",
        "score": 5,
        "thumbsUpCount": 1,
        "userImage": "https://play-lh.googleusercontent.com/a-/ALV-UjWxZZlq3FzChmtZ4RHEXtjh-bFWcSXKkiENN9krWreUPkn5",
        "userName": "Technical Rana G"
    },
    {
        "appVersion": "1.0.2",
        "at": "2021-05-29 16:44:37",
        "content": "Card holder and Id card wallet use this wonderful app i like it and i have good experience with it 8 highl recommend it",
        "repliedAt": null,
        "replyContent": null,
        "reviewCreatedVersion": "1.0.2",
        "reviewId": "3205de42-5bfc-4fa8-ab93-75c14143c18a",
        "score": 5,
        "thumbsUpCount": 0,
        "userImage": "https://play-lh.googleusercontent.com/a/ACg8ocItLXH_wA9QuRmgJXIpx4IILZQMS3adsUtpmWNZEGJe=mo",
        "userName": "Muhammad Numan"
    },
    {
        "appVersion": "1.0.2",
        "at": "2021-05-29 13:17:50",
        "content": "Card holder and Id card wallet is so handy because it's better than to forgetting your cards or I'd wallet or any other piece of data that you have might in your wallet at home because they are always with you at your phone",
        "repliedAt": null,
        "replyContent": null,
        "reviewCreatedVersion": "1.0.2",
        "reviewId": "9a6d57fc-c8cd-48bc-92c1-aa05ba307dea",
        "score": 5,
        "thumbsUpCount": 62,
        "userImage": "https://play-lh.googleusercontent.com/a/ACg8ocJcBAFJc_yYGw-xCQgV_6vpTQssGgf5itbqV5vJU_F4=mo",
        "userName": "Ahmed Baloch"
    },
    {
        "appVersion": "1.0.2",
        "at": "2021-05-29 12:26:28",
        "content": "Card holder and Id card wallet is best for you. .. it can hold your I'd wallet it ..... it is really amazing app",
        "repliedAt": null,
        "replyContent": null,
        "reviewCreatedVersion": "1.0.2",
        "reviewId": "c2c894af-3cd5-4c85-bbbe-a377a716b7d3",
        "score": 5,
        "thumbsUpCount": 0,
        "userImage": "https://play-lh.googleusercontent.com/a-/ALV-UjWjX6kZ47iFKiLn4LyWZFD2vmViZ5zQd-axKnlxkzK2UQ",
        "userName": "Batistaa"
    },
    {
        "appVersion": "1.0.2",
        "at": "2021-05-28 09:05:41",
        "content": "Card holder - I'd card wallet is amazing app..",
        "repliedAt": null,
        "replyContent": null,
        "reviewCreatedVersion": "1.0.2",
        "reviewId": "3bd9c0a8-6b7c-403d-a982-45e8a4e6d65f",
        "score": 5,
        "thumbsUpCount": 0,
        "userImage": "https://play-lh.googleusercontent.com/a-/ALV-UjVuRe44UJi-8eUxhz_o59xeheBC9ZdnllgHCAO1CohC7g",
        "userName": "nisha rawat"
    },
    {
        "appVersion": "1.0.2",
        "at": "2021-05-22 08:19:58",
        "content": "This app is just like this app will help",
        "repliedAt": null,
        "replyContent": null,
        "reviewCreatedVersion": "1.0.2",
        "reviewId": "c06e6bec-8a1e-4145-bd1d-cb93a23c2c3d",
        "score": 5,
        "thumbsUpCount": 0,
        "userImage": "https://play-lh.googleusercontent.com/a-/ALV-UjUFvmFRhSsLQym3bd3-YusF9XOduR0yV7fTWrO835nduHI",
        "userName": "Harshilkumar kachhadiya"
    }
]