[
    {
        "appVersion": "1.0.0",
        "at": "2023-09-18 10:44:25",
        "content": "A+ 100%",
        "repliedAt": null,
        "replyContent": null,
        "reviewCreatedVersion": "1.0.0",
        "reviewId": "e72e8015-4538-487d-889a-a980fa58873a",
        "score": 5,
        "thumbsUpCount": 0,
        "userImage": "https://play-lh.googleusercontent.com/a/ACg8ocKZ9Muxy4NYcIc365__dH18fBeOIcjWRXxa0PYEn2Gb=mo",
        "userName": "Lj Flippin (Jerry)"
    },
    {
        "appVersion": null,
        "at": "2020-07-02 15:54:23",
        "content": "very good \ud83d\ude0a",
        "repliedAt": null,
        "replyContent": null,
        "reviewCreatedVersion": null,
        "reviewId": "e2f2a6f5-0bee-42eb-ba8e-00735a561cd4",
        "score": 5,
        "thumbsUpCount": 1,
        "userImage": "https://play-lh.googleusercontent.com/a-/ALV-UjXFKNm8wQ-f9LsQVU1woNYeEat9e-XnIQ_LVqwtVLHlRVs",
        "userName": "Max Sardido"
    },
    {
        "appVersion": "1.1",
        "at": "2018-08-14 08:19:23",
        "content": "THE SPEAKER TALKS TO MUCH.!!!.SHOW ME TECNIKS.!!.\ud83d\udc94\ud83d\udc4e..",
        "repliedAt": null,
        "replyContent": null,
        "reviewCreatedVersion": "1.1",
        "reviewId": "84764630-ef8c-4908-84e6-290b7100a2dc",
        "score": 2,
        "thumbsUpCount": 4,
        "userImage": "https://play-lh.googleusercontent.com/EGemoI2NTXmTsBVtJqk8jxF9rh8ApRWfsIMQSt2uE4OcpQqbFu7f7NbTK05lx80nuSijCz7sc3a277R67g",
        "userName": "A Google user"
    }
]