[
    {
        "appVersion": "1.5",
        "at": "2023-10-30 07:46:35",
        "content": "I said this is the first time doing anything like this",
        "repliedAt": null,
        "replyContent": null,
        "reviewCreatedVersion": "1.5",
        "reviewId": "85f5b649-ed13-44a0-803a-3e7ee61d9164",
        "score": 5,
        "thumbsUpCount": 0,
        "userImage": "https://play-lh.googleusercontent.com/a/ACg8ocKch2CJI7YXuS5y8U80tAHiezq2d8j6AL5-7ef-ymB3=mo",
        "userName": "Paul Howe"
    },
    {
        "appVersion": null,
        "at": "2023-09-08 15:46:46",
        "content": "Nice",
        "repliedAt": null,
        "replyContent": null,
        "reviewCreatedVersion": null,
        "reviewId": "811959c9-2afd-4c88-969b-dd89f8070938",
        "score": 5,
        "thumbsUpCount": 0,
        "userImage": "https://play-lh.googleusercontent.com/a/ACg8ocJvvcU4WMW0nIQXOEA9dEMQKD3nkXxYu-BRSix-VEEd=mo",
        "userName": "Shadrack Korang"
    },
    {
        "appVersion": null,
        "at": "2023-09-04 05:05:09",
        "content": "Didn't get time to try",
        "repliedAt": null,
        "replyContent": null,
        "reviewCreatedVersion": null,
        "reviewId": "0dab64eb-d780-4960-ad74-ea93a0ef91f8",
        "score": 1,
        "thumbsUpCount": 0,
        "userImage": "https://play-lh.googleusercontent.com/a-/ALV-UjWDu9tBt-Ah5bK8jchgSuy2TwqXuyB6CIgK6zTjAuJKLQ",
        "userName": "Kara LoveLess"
    },
    {
        "appVersion": "1.5",
        "at": "2023-08-31 03:58:31",
        "content": "Good",
        "repliedAt": null,
        "replyContent": null,
        "reviewCreatedVersion": "1.5",
        "reviewId": "358daa65-1e5b-4ae9-9f1a-ba6c475aa7fe",
        "score": 5,
        "thumbsUpCount": 0,
        "userImage": "https://play-lh.googleusercontent.com/a-/ALV-UjUqplyMUc6Fgc-c2YbDJkSn7C-iFI453qPBI6ZZ4Zt43g",
        "userName": "Gwenyaya Taurai"
    },
    {
        "appVersion": "1.8",
        "at": "2023-08-31 02:26:21",
        "content": "Very very good l love it",
        "repliedAt": null,
        "replyContent": null,
        "reviewCreatedVersion": "1.8",
        "reviewId": "d50796ec-6b48-4e4c-b9a7-2a32f8e5b017",
        "score": 5,
        "thumbsUpCount": 0,
        "userImage": "https://play-lh.googleusercontent.com/a-/ALV-UjXlGVwATUl1wX-Gd_hlnjRdQqLdbcmievVJyPQ1NUS6InQ",
        "userName": "Michael Namba"
    },
    {
        "appVersion": null,
        "at": "2023-08-29 21:54:30",
        "content": "Doesn't have the codes to cloud mobile or blu",
        "repliedAt": null,
        "replyContent": null,
        "reviewCreatedVersion": null,
        "reviewId": "791abe89-4bc2-4fe2-a0f3-78b70a389624",
        "score": 2,
        "thumbsUpCount": 0,
        "userImage": "https://play-lh.googleusercontent.com/a-/ALV-UjVtli2A7Cqb14uubBjxokA4pfciLA2lPTt-4-w-WUtwUkY",
        "userName": "amber Watts"
    },
    {
        "appVersion": "1.6",
        "at": "2023-08-23 18:19:12",
        "content": "Thank you so much",
        "repliedAt": null,
        "replyContent": null,
        "reviewCreatedVersion": "1.6",
        "reviewId": "0a339c7d-e1a8-43d0-81ea-74c08d867aab",
        "score": 4,
        "thumbsUpCount": 1,
        "userImage": "https://play-lh.googleusercontent.com/a-/ALV-UjV96JXJx4nTUTCsFxNLuxBVY-wW0-6ei7G20uZrhdKT1Ls",
        "userName": "sambo Gwandu"
    },
    {
        "appVersion": "1.5",
        "at": "2023-07-17 09:27:14",
        "content": "good likes",
        "repliedAt": null,
        "replyContent": null,
        "reviewCreatedVersion": "1.5",
        "reviewId": "44835e14-f898-4095-b6d1-0c5ec3456865",
        "score": 5,
        "thumbsUpCount": 0,
        "userImage": "https://play-lh.googleusercontent.com/a/ACg8ocKL2QMZrfDUnX5-41ioCajSfq932aDjc0yAQ3rLUxJ9=mo",
        "userName": "Wai Phyoe"
    },
    {
        "appVersion": null,
        "at": "2023-07-07 21:41:06",
        "content": "Like this",
        "repliedAt": null,
        "replyContent": null,
        "reviewCreatedVersion": null,
        "reviewId": "51a55328-f0c7-42fd-b580-b18033304728",
        "score": 5,
        "thumbsUpCount": 0,
        "userImage": "https://play-lh.googleusercontent.com/a-/ALV-UjUjxgBTl73He0y1ChkOn8heu2vClrIqPX0npowqlm6rIQY",
        "userName": "Khokan ali"
    },
    {
        "appVersion": "1.5",
        "at": "2023-07-03 18:51:13",
        "content": "Hides all the scam until the end",
        "repliedAt": null,
        "replyContent": null,
        "reviewCreatedVersion": "1.5",
        "reviewId": "54fa7e69-c0e7-44e7-9274-b5e3cce80715",
        "score": 1,
        "thumbsUpCount": 2,
        "userImage": "https://play-lh.googleusercontent.com/a-/ALV-UjUA3W1iwiYYgf3WQAMyWTN1pVnbz-mDreN_knerTvngEA",
        "userName": "martin calderon"
    },
    {
        "appVersion": "1.5",
        "at": "2023-06-14 19:41:09",
        "content": "The best",
        "repliedAt": null,
        "replyContent": null,
        "reviewCreatedVersion": "1.5",
        "reviewId": "d9124a00-543b-4a28-b039-fc60ecfeb5ad",
        "score": 5,
        "thumbsUpCount": 0,
        "userImage": "https://play-lh.googleusercontent.com/a/ACg8ocIsvq7dHbrNGpqGprP7cPQfyIa9Hs1q_p4o2J7y4vB5=mo",
        "userName": "Nuar Wal"
    },
    {
        "appVersion": null,
        "at": "2023-05-30 03:12:32",
        "content": "Have to pay to get code. Claims will send code with in 24 hours never got it.",
        "repliedAt": null,
        "replyContent": null,
        "reviewCreatedVersion": null,
        "reviewId": "b9e6d2ac-d65c-4681-8b0d-818c253e9708",
        "score": 1,
        "thumbsUpCount": 4,
        "userImage": "https://play-lh.googleusercontent.com/a-/ALV-UjWmROk6CRrr4CllaLXeIhqafZSrcJQLzX07YImA4pUKWtN-",
        "userName": "Tabitha Mann"
    },
    {
        "appVersion": "1.5",
        "at": "2023-05-16 10:18:30",
        "content": "It's garbage!",
        "repliedAt": null,
        "replyContent": null,
        "reviewCreatedVersion": "1.5",
        "reviewId": "49ec8fe5-4c26-43c9-b578-537affdb68a6",
        "score": 1,
        "thumbsUpCount": 1,
        "userImage": "https://play-lh.googleusercontent.com/a-/ALV-UjWI8-rbi-hf-8bQT5XavLNKjyYBtFoZsClgTPUuVM3bK5o",
        "userName": "Ricky G. Moore"
    },
    {
        "appVersion": "1.5",
        "at": "2023-03-10 06:42:05",
        "content": "Doesn't. Have my. Phone",
        "repliedAt": null,
        "replyContent": null,
        "reviewCreatedVersion": "1.5",
        "reviewId": "11512977-b2b2-46fd-ae79-fa8637bb9894",
        "score": 1,
        "thumbsUpCount": 1,
        "userImage": "https://play-lh.googleusercontent.com/a-/ALV-UjUSvfj3O9srumLQ3WeP5wvixbrupunpxfG7VklRwSN1CpOh",
        "userName": "Amanda Weakland"
    },
    {
        "appVersion": null,
        "at": "2023-03-10 02:54:53",
        "content": "I for got my code to my phone",
        "repliedAt": null,
        "replyContent": null,
        "reviewCreatedVersion": null,
        "reviewId": "c5e6727a-7a5d-4f5c-935b-01418900721e",
        "score": 5,
        "thumbsUpCount": 0,
        "userImage": "https://play-lh.googleusercontent.com/a-/ALV-UjU1XAMka8c6ZZdS9aN1FeXzTyitJyatf7ZwH0_sPTQBfQ",
        "userName": "Curtis Ross"
    },
    {
        "appVersion": null,
        "at": "2023-03-06 05:49:35",
        "content": "Said it was free and it's not",
        "repliedAt": null,
        "replyContent": null,
        "reviewCreatedVersion": null,
        "reviewId": "fa6e5d71-b5e5-47c6-a12e-fcf39d6636c0",
        "score": 1,
        "thumbsUpCount": 1,
        "userImage": "https://play-lh.googleusercontent.com/a-/ALV-UjUYVzyQqRjl_7E4g9ANCglygMpanGLObgvHDk8EXBfTsQ",
        "userName": "Robert Hernandez"
    },
    {
        "appVersion": "1.5",
        "at": "2023-02-12 01:27:21",
        "content": "Right \ud83d\udc4dI will call the office and the",
        "repliedAt": null,
        "replyContent": null,
        "reviewCreatedVersion": "1.5",
        "reviewId": "7b4e8819-0850-48d7-a0af-73c393b02c16",
        "score": 5,
        "thumbsUpCount": 0,
        "userImage": "https://play-lh.googleusercontent.com/a-/ALV-UjV1Y_6ZFXr0Dkwkz_GVG2mqLL3q1BiXtT9f_A11-Bw2awY",
        "userName": "Julia Martinez"
    },
    {
        "appVersion": "1.5",
        "at": "2023-02-10 17:20:43",
        "content": "They want more then the phone cost to unlock it \ud83d\ude33",
        "repliedAt": null,
        "replyContent": null,
        "reviewCreatedVersion": "1.5",
        "reviewId": "a1e34bdd-42de-47ff-8009-15e32a9b6d48",
        "score": 1,
        "thumbsUpCount": 9,
        "userImage": "https://play-lh.googleusercontent.com/a/ACg8ocJ5R1WTPyaxEDygrmdMGDB6LyQpkaM76JFo2skqfWiL=mo",
        "userName": "Charles Barrett"
    },
    {
        "appVersion": "1.5",
        "at": "2023-01-30 04:47:55",
        "content": "$234 for an old iphone se this is a joke",
        "repliedAt": null,
        "replyContent": null,
        "reviewCreatedVersion": "1.5",
        "reviewId": "536a37f6-ad70-431b-b1e5-c25835788244",
        "score": 1,
        "thumbsUpCount": 3,
        "userImage": "https://play-lh.googleusercontent.com/a-/ALV-UjU_zTmXdx8-ppLaNUNVfNgDRhXzk0eweQScXsXDlZSsHkM",
        "userName": "ALGM STONE"
    },
    {
        "appVersion": "1.5",
        "at": "2023-01-26 12:21:43",
        "content": "Useless mtf 0/10 Don't download!!",
        "repliedAt": null,
        "replyContent": null,
        "reviewCreatedVersion": "1.5",
        "reviewId": "e07b8560-f9ab-4158-8767-525e8de5e35f",
        "score": 1,
        "thumbsUpCount": 6,
        "userImage": "https://play-lh.googleusercontent.com/a-/ALV-UjWTPjRmCMcEFxsu5GDAs_s7WcqAb8yANWAGu1wLqekKfaQG",
        "userName": "M_Freeak_SA"
    },
    {
        "appVersion": null,
        "at": "2023-01-22 18:18:40",
        "content": "Do not waste your time with this app! It makes you watch ads and promises to unlock after you watch the ads and download free app. ITS A LIE! THEY ARE SCAMMERS!",
        "repliedAt": null,
        "replyContent": null,
        "reviewCreatedVersion": null,
        "reviewId": "d05752d1-a329-4028-a099-ea5c18582995",
        "score": 1,
        "thumbsUpCount": 8,
        "userImage": "https://play-lh.googleusercontent.com/a-/ALV-UjUsDyXdUNlEQrASXLnN_f5dJGJXuW5HqS4DwCrweK21fhA",
        "userName": "Vida Bonilla"
    }
]