[
    {
        "appVersion": "1.3.6",
        "at": "2023-08-13 05:41:37",
        "content": "they are more styles here",
        "repliedAt": "2023-08-15 09:46:50",
        "replyContent": "Hi, we are sorry that you did not enjoy the app as much. We will try to resolve the issue as soon as possible.",
        "reviewCreatedVersion": "1.3.6",
        "reviewId": "e6404b09-899a-4ad6-8ec6-81a0c9ec7305",
        "score": 1,
        "thumbsUpCount": 0,
        "userImage": "https://play-lh.googleusercontent.com/a-/ALV-UjWpPC7DdfX6oVLogjd6_2xhPGGaRnUPRbaxtc3qiA-q_g",
        "userName": "Innocent Makanyaire"
    },
    {
        "appVersion": "1.3.6",
        "at": "2023-08-03 08:06:51",
        "content": "it's really helps me..",
        "repliedAt": "2023-08-05 18:31:31",
        "replyContent": "Thanks for your review! Please recommend our app to your friends, and don\u2019t hesitate to shoot us a note at vorevo.apps@gmail.com if you have any questions.",
        "reviewCreatedVersion": "1.3.6",
        "reviewId": "5cfd02e3-ad04-4894-9621-fb720fafcabb",
        "score": 5,
        "thumbsUpCount": 1,
        "userImage": "https://play-lh.googleusercontent.com/a/ACg8ocI19gJzLijgQPA4BMz1x0jsuJsUD8_fDw-ojhUj97o7=mo",
        "userName": "Inkosinathi Sithole"
    },
    {
        "appVersion": "1.3.6",
        "at": "2023-07-28 10:34:25",
        "content": "good",
        "repliedAt": "2023-08-05 18:31:42",
        "replyContent": "Hi, if you like the app, could you please give us more stars?",
        "reviewCreatedVersion": "1.3.6",
        "reviewId": "50a5ed2a-4e5b-4d5b-ab17-8b6c3b5f9932",
        "score": 1,
        "thumbsUpCount": 0,
        "userImage": "https://play-lh.googleusercontent.com/a/ACg8ocKiAKCMC52oBITjTKN6FroaYrS4GHB_cobWIzS80AY9=mo",
        "userName": "Ricky Breeches"
    },
    {
        "appVersion": "1.3.6",
        "at": "2023-07-21 19:56:31",
        "content": "Hairstyle",
        "repliedAt": "2023-07-28 01:54:34",
        "replyContent": "Thank you for your review. Enjoy the app & keep supporting us :) If you have any feedback or suggestion, you could write to us at vorevo.apps@gmail.com. We would love to hear from you!",
        "reviewCreatedVersion": "1.3.6",
        "reviewId": "2275bbc7-69b1-4ee9-9f87-dbfaf7b1bf29",
        "score": 5,
        "thumbsUpCount": 1,
        "userImage": "https://play-lh.googleusercontent.com/a/ACg8ocJ82msw7O9HXb3-flfJtmnZEH3SCt015008_slcFdCH6Q=mo",
        "userName": "Surprise Mahlalela"
    },
    {
        "appVersion": "1.3.5",
        "at": "2023-07-02 09:07:06",
        "content": "morning",
        "repliedAt": "2023-07-02 09:42:35",
        "replyContent": "Thanks for the review. If you like our app, would you mind rating us 5 stars? That would be very encouraging for us.",
        "reviewCreatedVersion": "1.3.5",
        "reviewId": "db56b2f6-b5cc-435d-a82e-d8e3d1682258",
        "score": 1,
        "thumbsUpCount": 1,
        "userImage": "https://play-lh.googleusercontent.com/a/ACg8ocK6HyqcdjZj1RtyiHRERBy0l9lhUeuNSPC3iuDHRCQR=mo",
        "userName": "Wadzanai Ndhawana"
    },
    {
        "appVersion": null,
        "at": "2023-01-05 07:21:26",
        "content": "Don't bother to download this app",
        "repliedAt": "2023-01-05 10:15:50",
        "replyContent": "We are sad to know that your experience on the app was not satisfactory. Please share the black men hairstyles app issue with us at vorevo.apps@gmail.com and we will look into it at the earliest.",
        "reviewCreatedVersion": null,
        "reviewId": "1398748f-b5e3-4822-a1a7-bb23eb8ff0ab",
        "score": 1,
        "thumbsUpCount": 1,
        "userImage": "https://play-lh.googleusercontent.com/a/ACg8ocKPAqgnyGxyTVt-ZAPHOvrZfV2HjeK-bjkssHkZzjxI=mo",
        "userName": "Martin Male"
    },
    {
        "appVersion": "1.3.2",
        "at": "2023-01-02 19:55:22",
        "content": "its very nice",
        "repliedAt": "2023-04-15 23:14:03",
        "replyContent": "Thanks for taking out time to rate us. It really helps us to keep going and delivering the best :)",
        "reviewCreatedVersion": "1.3.2",
        "reviewId": "43727401-6536-4dec-9e41-ae768e25f670",
        "score": 5,
        "thumbsUpCount": 0,
        "userImage": "https://play-lh.googleusercontent.com/a/ACg8ocINtghVetAxW4asHzGpx-uSBC2a-gZ8LTWN-Q_gbz8H=mo",
        "userName": "Shoun Mboweni"
    },
    {
        "appVersion": null,
        "at": "2022-12-06 05:40:08",
        "content": "Love it",
        "repliedAt": "2023-04-15 23:14:20",
        "replyContent": "Thanks for your love. If you have any questions, please contact us at vorevo.apps@gmail.com.",
        "reviewCreatedVersion": null,
        "reviewId": "c4bf1e23-dd60-4e32-85ad-e1c9500d9f4e",
        "score": 5,
        "thumbsUpCount": 0,
        "userImage": "https://play-lh.googleusercontent.com/a/ACg8ocKs1dqXdN6kKMXmV6AHVMQ_5CjIkCngdl_yzQn15ijB=mo",
        "userName": "Mohammed Conteh"
    }
]