[
    {
        "appVersion": "1.3.3",
        "at": "2023-09-05 15:10:02",
        "content": "its not good but I like it",
        "repliedAt": "2023-09-05 18:42:39",
        "replyContent": "Thank you for the rating us. Kindly let us know what updates or changes you would like to see in our app, in order to give us a 5 Star rating. You could write to us vorevo.apps@gmail.com.",
        "reviewCreatedVersion": "1.3.3",
        "reviewId": "910102bf-5ae2-4d96-b01f-5cc3fa7e995b",
        "score": 3,
        "thumbsUpCount": 0,
        "userImage": "https://play-lh.googleusercontent.com/a/ACg8ocJvEuQsO8tcZBq8nRlVahGVPEuelIhx6oKkFa1BIyBX=mo",
        "userName": "Xhahbano Xazak"
    },
    {
        "appVersion": "1.3.3",
        "at": "2023-09-02 07:38:04",
        "content": "i love and i think other's should do too",
        "repliedAt": "2023-09-05 18:42:32",
        "replyContent": "Thank you for the rating us. Kindly let us know what updates or changes you would like to see in our app, in order to give us a 5 Star rating. You could write to us vorevo.apps@gmail.com.",
        "reviewCreatedVersion": "1.3.3",
        "reviewId": "a605319b-2a93-4f7b-8226-b11bbe97d40d",
        "score": 1,
        "thumbsUpCount": 0,
        "userImage": "https://play-lh.googleusercontent.com/a/ACg8ocIUtIEpMrXflNWBkyOvuqI36lG1Y_rsFnxQv31f1OP7=mo",
        "userName": "Fatou Jawo"
    },
    {
        "appVersion": "1.3.3",
        "at": "2023-09-01 15:57:50",
        "content": "not bad",
        "repliedAt": "2023-09-05 18:42:04",
        "replyContent": "Dear User,\nThank you for the rating us. Kindly let us know what updates or changes you would like to see in our app, in order to give us a 5 Star rating. You could write to us vorevo.apps@gmail.com.",
        "reviewCreatedVersion": "1.3.3",
        "reviewId": "66aa850b-e1e1-4909-9ebe-2d79d7f9cf2e",
        "score": 3,
        "thumbsUpCount": 0,
        "userImage": "https://play-lh.googleusercontent.com/a-/ALV-UjXm_lvMOYfqOSWKa8eNvRl3DeJ4Z8HdZr0nskK0744hBa0",
        "userName": "kataike namala"
    },
    {
        "appVersion": "1.3.3",
        "at": "2023-08-30 11:03:28",
        "content": "something fun too do on daily basis what I love too do",
        "repliedAt": "2023-09-05 18:42:19",
        "replyContent": "Thank you for your review! If you have any suggestions on how we could improve and enhance your user experience, please don't hesitate to share them with us.",
        "reviewCreatedVersion": "1.3.3",
        "reviewId": "12b54b5f-9a48-4935-9c67-81fb6c4cdfb2",
        "score": 5,
        "thumbsUpCount": 0,
        "userImage": "https://play-lh.googleusercontent.com/a/ACg8ocI7MOlbwTdQLGOk5lrX8-1k84R3RMvRGAbuDUn8kJuY=mo",
        "userName": "Karin Rvela"
    }
]