[
    {
        "appVersion": "1.6",
        "at": "2023-11-12 20:24:50",
        "content": "Great app",
        "repliedAt": null,
        "replyContent": null,
        "reviewCreatedVersion": "1.6",
        "reviewId": "f71f152e-0a38-4920-b8d3-d29831357f53",
        "score": 4,
        "thumbsUpCount": 0,
        "userImage": "https://play-lh.googleusercontent.com/a/ACg8ocJQPTBMH3nWI_5DdpfRH6NYYVZdhzGs112M6tKQZgSE=mo",
        "userName": "Lorenzo \u201cDUSTIE RU\u201d Jackson"
    },
    {
        "appVersion": null,
        "at": "2023-11-07 07:48:12",
        "content": "Good",
        "repliedAt": null,
        "replyContent": null,
        "reviewCreatedVersion": null,
        "reviewId": "49b15bb0-95d2-4ebf-9c82-66aa2f8394b1",
        "score": 5,
        "thumbsUpCount": 0,
        "userImage": "https://play-lh.googleusercontent.com/a-/ALV-UjWgjJEpd5vckGrE_YxJoZKuS_GBhaBrh3HRah624g7kVQ",
        "userName": "Sangam yaduvanshi 440"
    },
    {
        "appVersion": "1.6",
        "at": "2023-10-30 13:44:17",
        "content": "Supportive nice aap using worth it",
        "repliedAt": null,
        "replyContent": null,
        "reviewCreatedVersion": "1.6",
        "reviewId": "c2e86ca7-add2-4ec9-8c75-5bf7991fab25",
        "score": 5,
        "thumbsUpCount": 2,
        "userImage": "https://play-lh.googleusercontent.com/a/ACg8ocJ5b2CB6jyE1X3VNHEo5YweU1GQ9iiOXw1by0r_-z9k=mo",
        "userName": "Sagar (Sagar)"
    },
    {
        "appVersion": "1.6",
        "at": "2023-10-23 02:41:35",
        "content": "Problem's",
        "repliedAt": null,
        "replyContent": null,
        "reviewCreatedVersion": "1.6",
        "reviewId": "0407f351-0823-472c-8d9f-c7602be611a0",
        "score": 1,
        "thumbsUpCount": 0,
        "userImage": "https://play-lh.googleusercontent.com/a-/ALV-UjWYZDJCdiUDFLHWYuuxQzkoNFiJXyc_Yb8ZpL2NGtuWjnc",
        "userName": "OTNG NAVYGANG EGE X ART GANG MUSIC"
    },
    {
        "appVersion": "1.6",
        "at": "2023-10-22 06:21:57",
        "content": "I am really satisfied with this app. The email addresses are real. But unfortunately there are not to much brands on it. Hope the developers will add more brands.",
        "repliedAt": null,
        "replyContent": null,
        "reviewCreatedVersion": "1.6",
        "reviewId": "2ba454b5-a570-403d-93fc-603bd0f94835",
        "score": 4,
        "thumbsUpCount": 10,
        "userImage": "https://play-lh.googleusercontent.com/a-/ALV-UjX91XZOwIZwCN49gg2S9bp5_0lSpsMcUrc17curD0U2JU4",
        "userName": "Asadullah"
    },
    {
        "appVersion": null,
        "at": "2023-10-21 01:58:13",
        "content": "Nice \ud83d\udc4d\u2764\ufe0f",
        "repliedAt": null,
        "replyContent": null,
        "reviewCreatedVersion": null,
        "reviewId": "db9b9d5b-6704-4393-b2a0-1875ba7a14ea",
        "score": 5,
        "thumbsUpCount": 0,
        "userImage": "https://play-lh.googleusercontent.com/a-/ALV-UjUvWQ40yCwe807WYnLqjN6lZDtGfs6gJylHOvrD613kog",
        "userName": "All Entertainment"
    },
    {
        "appVersion": "1.6",
        "at": "2023-10-14 17:34:51",
        "content": "So far so good",
        "repliedAt": null,
        "replyContent": null,
        "reviewCreatedVersion": "1.6",
        "reviewId": "8e9a8548-36b4-4840-a7f6-722c475aa85e",
        "score": 5,
        "thumbsUpCount": 0,
        "userImage": "https://play-lh.googleusercontent.com/a/ACg8ocKmIQC13ZdFKtZmgsR3OEkXQnvd3uR0bjfVP8QjUot_=mo",
        "userName": "Israyel sizwe Sikhondze"
    },
    {
        "appVersion": null,
        "at": "2023-10-11 03:54:16",
        "content": "Umesh Yadav Umesh Yadav",
        "repliedAt": null,
        "replyContent": null,
        "reviewCreatedVersion": null,
        "reviewId": "f24f2a5c-28da-4e5f-9f6b-e4617cc70454",
        "score": 5,
        "thumbsUpCount": 0,
        "userImage": "https://play-lh.googleusercontent.com/a/ACg8ocLA_fEgpa8hlWiVKOLR-MrqtVaySUQDdrNl2yWSoclx=mo",
        "userName": "Umesh Yadav"
    },
    {
        "appVersion": "1.6",
        "at": "2023-10-09 11:09:19",
        "content": "For you options",
        "repliedAt": null,
        "replyContent": null,
        "reviewCreatedVersion": "1.6",
        "reviewId": "7fea879e-7edf-4f28-bcbd-1ff565c5532f",
        "score": 5,
        "thumbsUpCount": 0,
        "userImage": "https://play-lh.googleusercontent.com/a/ACg8ocIS07pXtFbLpsO7_7FoZ9OaJO8xV96T1VSlL3dVBO9L=mo",
        "userName": "Qumar Sajjad"
    },
    {
        "appVersion": "1.6",
        "at": "2023-09-21 13:05:21",
        "content": "I hope this app will be good but I don't use it yet",
        "repliedAt": null,
        "replyContent": null,
        "reviewCreatedVersion": "1.6",
        "reviewId": "5687f2fd-4a36-48d1-84ff-b8d1466db1c0",
        "score": 5,
        "thumbsUpCount": 4,
        "userImage": "https://play-lh.googleusercontent.com/a-/ALV-UjXIojCSxjI5I9mYP2b4H8JJPZuDiPpzVHPNce-8lMJpTw",
        "userName": "Nsikanabasi \u201cHumblizky\u201d Idio"
    },
    {
        "appVersion": null,
        "at": "2023-08-07 06:48:10",
        "content": "Good",
        "repliedAt": null,
        "replyContent": null,
        "reviewCreatedVersion": null,
        "reviewId": "ee13fd31-79f3-4c35-b54b-1aa05781e4f1",
        "score": 4,
        "thumbsUpCount": 2,
        "userImage": "https://play-lh.googleusercontent.com/a/ACg8ocL3RBrZJAkTR7RngCtr4mCozkMM81TvDLIFpdlS8GpM=mo",
        "userName": "jason jason"
    },
    {
        "appVersion": "1.4",
        "at": "2023-07-19 23:16:29",
        "content": "\u092c\u0947\u0915\u0930 \ud83d\ude2d\ud83e\udd15\ud83d\ude24\ud83d\ude24",
        "repliedAt": null,
        "replyContent": null,
        "reviewCreatedVersion": "1.4",
        "reviewId": "bdd374ad-72a0-480c-a454-3e57b33ca8d3",
        "score": 1,
        "thumbsUpCount": 1,
        "userImage": "https://play-lh.googleusercontent.com/a-/ALV-UjU4qEpU4fd-0Tnwhz7fo58BWgyWx8smkpujgioW415EnQ",
        "userName": "Ajay Kumardas"
    },
    {
        "appVersion": null,
        "at": "2023-07-18 03:01:57",
        "content": "My life \ud83e\udd70",
        "repliedAt": null,
        "replyContent": null,
        "reviewCreatedVersion": null,
        "reviewId": "2d21dad0-430e-45f9-be9e-7473f51c0a9a",
        "score": 5,
        "thumbsUpCount": 1,
        "userImage": "https://play-lh.googleusercontent.com/a-/ALV-UjWGhmfHBkVeUUUywWqZvj-uTaNPqZgyBK-YDykpX9Nckw",
        "userName": "Ihsan Ullah"
    },
    {
        "appVersion": "1.4",
        "at": "2023-06-17 07:37:47",
        "content": "Pretty good! I just sent out my first offer, and I'm surprised how well made the website is! Automaticly writes in the offer, simply leaving you to fill in certain bits.",
        "repliedAt": null,
        "replyContent": null,
        "reviewCreatedVersion": "1.4",
        "reviewId": "a2710155-4977-43cf-9871-a2645b897369",
        "score": 4,
        "thumbsUpCount": 14,
        "userImage": "https://play-lh.googleusercontent.com/a/ACg8ocJaEuWDPmw-BTE5icBc3xD63YyXkov4MHR1rrsxXHy5=mo",
        "userName": "Joseph Bassford"
    },
    {
        "appVersion": null,
        "at": "2023-06-04 23:09:50",
        "content": "Tiktok my acaount grow vairl",
        "repliedAt": null,
        "replyContent": null,
        "reviewCreatedVersion": null,
        "reviewId": "ecd02a83-d622-4813-90c9-79ef2b199806",
        "score": 5,
        "thumbsUpCount": 2,
        "userImage": "https://play-lh.googleusercontent.com/a/ACg8ocLKYtje7Mmw9HmYs_OMeWccr1tK0EACSSgxXbDM8NbZ=mo",
        "userName": "M Bakir"
    },
    {
        "appVersion": null,
        "at": "2023-06-02 22:56:04",
        "content": "Adil.ali",
        "repliedAt": null,
        "replyContent": null,
        "reviewCreatedVersion": null,
        "reviewId": "3163f876-2060-4997-b618-84f1f856b585",
        "score": 5,
        "thumbsUpCount": 0,
        "userImage": "https://play-lh.googleusercontent.com/a/ACg8ocLurrkKlnXWIoFok_chAtHkI7qVbM4Frp6RXimfBxpr=mo",
        "userName": "Adil Ali"
    },
    {
        "appVersion": "1.4",
        "at": "2023-04-21 07:54:49",
        "content": "Didn't get any response\ud83d\ude11\ud83d\ude11",
        "repliedAt": null,
        "replyContent": null,
        "reviewCreatedVersion": "1.4",
        "reviewId": "44986b5c-35ab-4104-968e-ef67362ef030",
        "score": 1,
        "thumbsUpCount": 2,
        "userImage": "https://play-lh.googleusercontent.com/a-/ALV-UjXq_ZV3cKkcsOqFHA7eDIjINc8pFo1MEo6Ct4mxdBaVfQo",
        "userName": "Emjingmut Shangpungz"
    },
    {
        "appVersion": "1.4",
        "at": "2023-03-27 12:28:25",
        "content": "Good",
        "repliedAt": null,
        "replyContent": null,
        "reviewCreatedVersion": "1.4",
        "reviewId": "249230bc-1b47-4d31-8c6a-a5038cc02d19",
        "score": 5,
        "thumbsUpCount": 0,
        "userImage": "https://play-lh.googleusercontent.com/a/ACg8ocKZbdxCLuFcFtpscOsdHDhL-A4qTLtK9y-1KarT46Om=mo",
        "userName": "Abdul latif"
    },
    {
        "appVersion": null,
        "at": "2023-03-25 07:38:37",
        "content": "Hello, Really want to promote your app. I've sent an email regarding it. Please contact there, waiting for your response \ud83d\ude4f",
        "repliedAt": null,
        "replyContent": null,
        "reviewCreatedVersion": null,
        "reviewId": "3b8d9488-fa17-4852-aa59-7aa0e40f5c76",
        "score": 5,
        "thumbsUpCount": 22,
        "userImage": "https://play-lh.googleusercontent.com/a-/ALV-UjUNj4imrPJb-seAjSmPJN2iu9p-4NhDuF0RiMiGAKnnqQc",
        "userName": "Pushpit Trehan"
    },
    {
        "appVersion": "1.4",
        "at": "2023-01-01 19:09:49",
        "content": "Ok so I put in my channel url wright. And when it is logged in it says I have 369 uploads 60k pluss subs 1.2 m views Now that's not wright and I don't understand what that's what it says I mean I wish that was the case but it's not can you explain what's going on please",
        "repliedAt": null,
        "replyContent": null,
        "reviewCreatedVersion": "1.4",
        "reviewId": "b895cb27-8ac2-4ac6-8a6e-903b3468151d",
        "score": 4,
        "thumbsUpCount": 5,
        "userImage": "https://play-lh.googleusercontent.com/a-/ALV-UjVT1OlY5p2hJCpHYBjv1Q_AIIofYezE_ZIIqN3Xd_Bp0j8",
        "userName": "TT3s Flag Or Brag"
    },
    {
        "appVersion": "1.2",
        "at": "2022-06-24 05:29:03",
        "content": "It is very good app to use easy to use very helpful for getting sponsor very helpful to find it",
        "repliedAt": null,
        "replyContent": null,
        "reviewCreatedVersion": "1.2",
        "reviewId": "055e49a8-96d3-4e53-80c8-56dff212354b",
        "score": 4,
        "thumbsUpCount": 13,
        "userImage": "https://play-lh.googleusercontent.com/a-/ALV-UjXI4S_hBLp44NkSBXq7_zW_ur0R827QLVB29ZhqgR18_N-w",
        "userName": "sarath s"
    },
    {
        "appVersion": null,
        "at": "2022-06-23 09:59:49",
        "content": "Force closes everytime only app to do so on my galaxy note plus",
        "repliedAt": "2022-07-17 02:32:14",
        "replyContent": "Hi, We are happy to let you know that we have fixed this bug in the latest update. Please make sure to update the app to the latest version for a crash free experience. We are happy to have you in our community.",
        "reviewCreatedVersion": null,
        "reviewId": "9c6c6fd8-d119-4381-9c42-667620cf934e",
        "score": 5,
        "thumbsUpCount": 2,
        "userImage": "https://play-lh.googleusercontent.com/a-/ALV-UjXP14kytuQY4WQdMRmCB1XzFCla39glKpeyT78osCNAnA",
        "userName": "Mr."
    },
    {
        "appVersion": "1.2",
        "at": "2022-06-15 05:29:17",
        "content": "Bad",
        "repliedAt": "2022-07-17 02:32:36",
        "replyContent": "Hi, We are happy to let you know that we have fixed this bug in the latest update. Please make sure to update the app to the latest version for a crash free experience. We are happy to have you in our community.",
        "reviewCreatedVersion": "1.2",
        "reviewId": "695d25b1-5d9d-4aab-867b-3e8902b75d48",
        "score": 1,
        "thumbsUpCount": 3,
        "userImage": "https://play-lh.googleusercontent.com/a-/ALV-UjW6azIgh87IE5-dGC2kiyWNeuyi0LJd0WrhG_rbOHBHhes",
        "userName": "Bhagaram Patel"
    },
    {
        "appVersion": "1.2",
        "at": "2022-06-11 02:32:59",
        "content": "The best app in market on this category.",
        "repliedAt": null,
        "replyContent": null,
        "reviewCreatedVersion": "1.2",
        "reviewId": "02ae6107-6080-4bba-ba38-f877fa71967e",
        "score": 5,
        "thumbsUpCount": 2,
        "userImage": "https://play-lh.googleusercontent.com/a/ACg8ocJPytMqxeW832qPRUyfR2sKdxbZ-HLKaqQsJdMR53Y6=mo",
        "userName": "sathya raj"
    },
    {
        "appVersion": "1.2",
        "at": "2022-06-03 21:46:46",
        "content": "Application doesn't open",
        "repliedAt": "2022-07-17 02:32:46",
        "replyContent": "Hi, We are happy to let you know that we have fixed this bug in the latest update. Please make sure to update the app to the latest version for a crash free experience. We are happy to have you in our community.",
        "reviewCreatedVersion": "1.2",
        "reviewId": "ca79c13d-9a1a-4223-bb52-edfb4ea41e2f",
        "score": 1,
        "thumbsUpCount": 1,
        "userImage": "https://play-lh.googleusercontent.com/a-/ALV-UjXb-iickDL2mFM2WcyhAdvXY6PwnvTNF52DfYiLA6jwmw",
        "userName": "Shahbaz Molla"
    },
    {
        "appVersion": "1.2",
        "at": "2022-06-03 11:33:41",
        "content": "App forces close every time you open it",
        "repliedAt": "2022-07-17 02:32:55",
        "replyContent": "Hi, We are happy to let you know that we have fixed this bug in the latest update. Please make sure to update the app to the latest version for a crash free experience. We are happy to have you in our community.",
        "reviewCreatedVersion": "1.2",
        "reviewId": "b26af72d-7f4c-4359-af35-1d15dd69d665",
        "score": 1,
        "thumbsUpCount": 3,
        "userImage": "https://play-lh.googleusercontent.com/a-/ALV-UjW0e8DhIBGC-giNsmtmIbaWpPR3n1qppAOa9p6GJqxB6Ww",
        "userName": "YGJB-T.V."
    }
]