[
    {
        "appVersion": "1.1.2",
        "at": "2023-09-15 15:19:00",
        "content": "No translation speech",
        "repliedAt": null,
        "replyContent": null,
        "reviewCreatedVersion": "1.1.2",
        "reviewId": "01074334-2b7f-492e-80f5-3ab95ca8aaf8",
        "score": 2,
        "thumbsUpCount": 9,
        "userImage": "https://play-lh.googleusercontent.com/a-/ALV-UjW6Y48yR-PYnR0AQLjqvMA9O_s8C1seu0qstlHf2Wa4_8Q",
        "userName": "Hamilton Hunter"
    },
    {
        "appVersion": "1.1.2",
        "at": "2023-09-09 23:13:55",
        "content": "It was not free to try. I gave paypal, got charged and could not use the app. It kept asking for subscription",
        "repliedAt": null,
        "replyContent": null,
        "reviewCreatedVersion": "1.1.2",
        "reviewId": "b8528973-4b21-4290-843b-877a06178762",
        "score": 1,
        "thumbsUpCount": 6,
        "userImage": "https://play-lh.googleusercontent.com/a-/ALV-UjWMAInl1oEE-B4JBf2kOwvq_fR_HEoRDWSqDdPwNzMiPGCB",
        "userName": "Yeis Useda"
    },
    {
        "appVersion": "1.1.2",
        "at": "2023-08-01 16:37:27",
        "content": "Stuck on opening screen. Not very useful installed",
        "repliedAt": null,
        "replyContent": null,
        "reviewCreatedVersion": "1.1.2",
        "reviewId": "6041e3c2-1a2c-4184-a120-33ce45e30e26",
        "score": 1,
        "thumbsUpCount": 15,
        "userImage": "https://play-lh.googleusercontent.com/a-/ALV-UjXPZuc-lI2T5WQUHo9VNmfi2IV8D8D69dzEIkmY308ztSE",
        "userName": "Tracie McCutchen"
    },
    {
        "appVersion": null,
        "at": "2023-06-13 15:02:21",
        "content": "I hate this app",
        "repliedAt": null,
        "replyContent": null,
        "reviewCreatedVersion": null,
        "reviewId": "b9280483-287b-4ffb-a0aa-0236531099a2",
        "score": 1,
        "thumbsUpCount": 4,
        "userImage": "https://play-lh.googleusercontent.com/a/ACg8ocIr3qP3ksSiT49edgKwqHMv8XtOGjuixBiY1Two0J3Q=mo",
        "userName": "tim puls"
    }
]