[
    {
        "appVersion": "1.0.3",
        "at": "2023-11-19 22:38:53",
        "content": "This app is good but I didn't received my payment from 3 weeks two withdraw request is still in pending",
        "repliedAt": null,
        "replyContent": null,
        "reviewCreatedVersion": "1.0.3",
        "reviewId": "2a2e82de-7793-4488-8948-b8fc86032508",
        "score": 1,
        "thumbsUpCount": 0,
        "userImage": "https://play-lh.googleusercontent.com/a/ACg8ocLsZlGhI0p4hKgLRgUvcUXm9EMjExpb6rZaGFNRPnKd=mo",
        "userName": "khan anis"
    },
    {
        "appVersion": "1.0.2",
        "at": "2023-11-18 21:45:37",
        "content": "fantastic app I give it 5 stars",
        "repliedAt": null,
        "replyContent": null,
        "reviewCreatedVersion": "1.0.2",
        "reviewId": "702c0293-b595-4349-8b6a-3b1dedd7618e",
        "score": 1,
        "thumbsUpCount": 0,
        "userImage": "https://play-lh.googleusercontent.com/a/ACg8ocJOkl0Qb16Rt8TW7igERaRw-BKAxnK4HpyuvEkohj1j=mo",
        "userName": "Jvicky57 Vic"
    },
    {
        "appVersion": "1.0.2",
        "at": "2023-11-17 15:49:39",
        "content": "I love this app",
        "repliedAt": null,
        "replyContent": null,
        "reviewCreatedVersion": "1.0.2",
        "reviewId": "2a123621-13c0-48a8-bf90-0a9eb88e9c61",
        "score": 5,
        "thumbsUpCount": 0,
        "userImage": "https://play-lh.googleusercontent.com/a/ACg8ocJ-ESUfFmKDSVtUvl5mvYryOppFWsujuzbbNcqvYihL=mo",
        "userName": "Abdulrahman Huzaifa"
    },
    {
        "appVersion": "1.0.2",
        "at": "2023-11-17 08:39:10",
        "content": "my withdraw no arrive.",
        "repliedAt": null,
        "replyContent": null,
        "reviewCreatedVersion": "1.0.2",
        "reviewId": "f40fb160-2ee9-4e52-ac04-5a8bd153a068",
        "score": 5,
        "thumbsUpCount": 0,
        "userImage": "https://play-lh.googleusercontent.com/a/ACg8ocLCR-ok4DZQTl8Tmb10jt_uIslHWIwrJmSv7dCrTonb=mo",
        "userName": "Ko Tun"
    },
    {
        "appVersion": "1.0.2",
        "at": "2023-11-14 12:59:34",
        "content": "Always loading. It's annoying and is always slow",
        "repliedAt": null,
        "replyContent": null,
        "reviewCreatedVersion": "1.0.2",
        "reviewId": "3965ac6e-d8c5-429e-b7fd-9f17f041c385",
        "score": 1,
        "thumbsUpCount": 0,
        "userImage": "https://play-lh.googleusercontent.com/a/ACg8ocKvbfIU6WuKyJ-SUg9oZUOWx_-QOSNHyErCuPouF8wn=mo",
        "userName": "Rhoda Fridah"
    },
    {
        "appVersion": "1.0.2",
        "at": "2023-11-14 10:02:12",
        "content": "nice",
        "repliedAt": null,
        "replyContent": null,
        "reviewCreatedVersion": "1.0.2",
        "reviewId": "7071f813-b5d3-4733-b260-f8cce6f7e4f6",
        "score": 3,
        "thumbsUpCount": 0,
        "userImage": "https://play-lh.googleusercontent.com/a-/ALV-UjU3o6A9HmsqfkuV1mpQPF7BSx3PNJTm2VIQROJmJDM_NL0",
        "userName": "monsuru oshinroluke"
    },
    {
        "appVersion": "1.0.2",
        "at": "2023-11-13 05:12:10",
        "content": "Valana does not pay",
        "repliedAt": null,
        "replyContent": null,
        "reviewCreatedVersion": "1.0.2",
        "reviewId": "bd0f6470-a756-4759-8f41-f8757f873f6e",
        "score": 5,
        "thumbsUpCount": 0,
        "userImage": "https://play-lh.googleusercontent.com/a-/ALV-UjVbCvDUOY3bc19A3ddZZ-WzasUiQxNAikxPF4E19_xa1R4",
        "userName": "MD Reon hasan"
    },
    {
        "appVersion": "1.0.2",
        "at": "2023-11-11 14:02:11",
        "content": "Fake app don't use it",
        "repliedAt": null,
        "replyContent": null,
        "reviewCreatedVersion": "1.0.2",
        "reviewId": "2062d7a1-0813-4db8-a7db-2169f7480663",
        "score": 1,
        "thumbsUpCount": 0,
        "userImage": "https://play-lh.googleusercontent.com/a/ACg8ocIiH83PBHI9OgA6j2ltol50DHWEBdRo7kbGyOtSiPtL=mo",
        "userName": "Nithu Nithu"
    },
    {
        "appVersion": "1.0.2",
        "at": "2023-11-11 05:51:05",
        "content": "Good",
        "repliedAt": null,
        "replyContent": null,
        "reviewCreatedVersion": "1.0.2",
        "reviewId": "123e0e09-a291-41d6-841f-30d4aedd73c9",
        "score": 4,
        "thumbsUpCount": 0,
        "userImage": "https://play-lh.googleusercontent.com/a-/ALV-UjX7b8uN906YkaRC9EgRS8nD_qbmgxMP7JY9R2RwC9_yKw",
        "userName": "Shakil Ahmed"
    },
    {
        "appVersion": "1.0.2",
        "at": "2023-11-06 20:43:49",
        "content": "Good app",
        "repliedAt": "2023-11-11 16:57:49",
        "replyContent": "We are pleased that you enjoyed the app.",
        "reviewCreatedVersion": "1.0.2",
        "reviewId": "3896ff84-368b-4acf-91ef-b636ec5befad",
        "score": 5,
        "thumbsUpCount": 0,
        "userImage": "https://play-lh.googleusercontent.com/a/ACg8ocLwTRkCBNbpYyRSNm3abK-9NOqiuQGXwqaFY9PPHmly=mo",
        "userName": "ahmad md"
    },
    {
        "appVersion": "1.0.2",
        "at": "2023-11-06 11:36:25",
        "content": "Not bad",
        "repliedAt": "2023-11-11 16:58:17",
        "replyContent": "Thank you so much for your encouraging star ratings!\n",
        "reviewCreatedVersion": "1.0.2",
        "reviewId": "2c7a1a80-dd57-4306-8ca5-8b14f5de2a7c",
        "score": 5,
        "thumbsUpCount": 0,
        "userImage": "https://play-lh.googleusercontent.com/a/ACg8ocKPbaI-84q7zyBWCXGH0cecX0xU_P61Jo6lBxSy5y9I=mo",
        "userName": "Marvellous Enyowara"
    },
    {
        "appVersion": null,
        "at": "2023-11-06 03:58:44",
        "content": "Withdrawal pending since last month...",
        "repliedAt": null,
        "replyContent": null,
        "reviewCreatedVersion": null,
        "reviewId": "0f7774da-6509-4502-965b-bb88e919bf2c",
        "score": 1,
        "thumbsUpCount": 0,
        "userImage": "https://play-lh.googleusercontent.com/a/ACg8ocLD3_1L1GrLhpnueaTNXzQlP51JVW0h_qDxFXkbyVA6=mo",
        "userName": "Sadiq Maigari Garba"
    },
    {
        "appVersion": "1.0.2",
        "at": "2023-11-06 00:54:21",
        "content": "Beware! Same dev stopped paying on their Solana faucet. I wouldn't waste my time!",
        "repliedAt": null,
        "replyContent": null,
        "reviewCreatedVersion": "1.0.2",
        "reviewId": "807008f7-b0a6-4b6b-b2d0-5bd3001b2dc5",
        "score": 1,
        "thumbsUpCount": 0,
        "userImage": "https://play-lh.googleusercontent.com/a-/ALV-UjUYq7bKFOdvMmt-gO0cwOBTQyhLwTx_6N8yooh_nJ6Hs8A",
        "userName": "Christopher B. Marshall"
    },
    {
        "appVersion": "1.0.2",
        "at": "2023-11-04 08:04:20",
        "content": "Cool app nice interface",
        "repliedAt": "2023-11-11 16:58:33",
        "replyContent": "Thanks for your review. Glad to see that you liked the game. We would love to get a 5 star rating from you. Do share with your friends and keep playing!",
        "reviewCreatedVersion": "1.0.2",
        "reviewId": "63c93fd7-6223-49d6-9aa9-d13c48ef7c5d",
        "score": 4,
        "thumbsUpCount": 0,
        "userImage": "https://play-lh.googleusercontent.com/a-/ALV-UjVxD5FZeYhwzZglFvqcHvxFRwPN2iW80uwkdhqeR2vSsw",
        "userName": "Esemitodje Kingsley"
    },
    {
        "appVersion": "1.0.2",
        "at": "2023-11-02 06:40:51",
        "content": "very good",
        "repliedAt": "2023-11-11 16:59:04",
        "replyContent": "Thanks for taking out time to rate us. It really helps us to keep going and delivering the best :)",
        "reviewCreatedVersion": "1.0.2",
        "reviewId": "fc1c18d5-3aef-4c00-b011-500040d8d8d8",
        "score": 5,
        "thumbsUpCount": 0,
        "userImage": "https://play-lh.googleusercontent.com/a-/ALV-UjXupmQiA4EU5e2tvY3ijlEjMll7tSfIWvOofnQ23COC3Q",
        "userName": "Nawaz Atik"
    },
    {
        "appVersion": "1.0.2",
        "at": "2023-11-01 21:33:18",
        "content": "but this app worst no withdrawal option to edit email or crpto address adding not available full white blank screen every change this update iam waiting",
        "repliedAt": "2023-09-22 00:49:45",
        "replyContent": "Hi,\nThanks for your feedback. We are continuously working on adding more features to our app to make your experience better.",
        "reviewCreatedVersion": "1.0.2",
        "reviewId": "e5e75178-4ac9-4845-b58e-fe9770b49c05",
        "score": 1,
        "thumbsUpCount": 1,
        "userImage": "https://play-lh.googleusercontent.com/a/ACg8ocKdHNg7hdiWATse_6b3jwcPHdImskNhlf7vYXdbzRd1PiM=mo",
        "userName": "somasekhar t"
    },
    {
        "appVersion": "1.0.2",
        "at": "2023-10-31 19:36:08",
        "content": "Very legit.",
        "repliedAt": null,
        "replyContent": null,
        "reviewCreatedVersion": "1.0.2",
        "reviewId": "cd933d55-3671-4a6b-8820-40f4788e770b",
        "score": 5,
        "thumbsUpCount": 0,
        "userImage": "https://play-lh.googleusercontent.com/a/ACg8ocJXkDEBfriXcmH6v3ytZYKARPyCzqpNTZ2WhhjebDkL=mo",
        "userName": "GOODLUCK U IRHIEMI"
    },
    {
        "appVersion": "1.0.2",
        "at": "2023-10-31 09:17:03",
        "content": "super app...platia ihned \ud83d\udc4c\ud83d\ude42",
        "repliedAt": "2023-08-28 13:43:06",
        "replyContent": "Thank you so much for your encouraging star ratings.",
        "reviewCreatedVersion": "1.0.2",
        "reviewId": "86d05b40-d98c-41e9-af4b-463ed3419e6b",
        "score": 5,
        "thumbsUpCount": 0,
        "userImage": "https://play-lh.googleusercontent.com/a-/ALV-UjVIjU9SZqc64mHhtj2Y8UJnhtp5tDFQIGyBr3fqcRbK-Zs",
        "userName": "Tom\u00e1\u0161 Reiter"
    },
    {
        "appVersion": "1.0.2",
        "at": "2023-10-30 07:00:11",
        "content": "Very nice crypto game\ud83d\udc4d\ud83d\udc4d\ud83d\udc4d\ud83d\udc4d",
        "repliedAt": "2023-11-11 16:59:54",
        "replyContent": "Thank you very much for your 5-star review!!!",
        "reviewCreatedVersion": "1.0.2",
        "reviewId": "4be64b39-1053-4474-bcf3-afd50456ab74",
        "score": 5,
        "thumbsUpCount": 0,
        "userImage": "https://play-lh.googleusercontent.com/a/ACg8ocKq0L6fO5SZqEjDfw49stco1T4P17dNSdeA6GrDRdD4=mo",
        "userName": "Zon Lay"
    },
    {
        "appVersion": "1.0.2",
        "at": "2023-10-30 01:22:23",
        "content": "Good App\ud83d\udc4d\ud83c\udf20",
        "repliedAt": "2023-11-11 17:00:23",
        "replyContent": "Thanks for the 5 star rating. Hope you continue to enjoy reading news on our app.",
        "reviewCreatedVersion": "1.0.2",
        "reviewId": "050f43b4-5e4a-4196-978b-78bc0cf46a53",
        "score": 5,
        "thumbsUpCount": 0,
        "userImage": "https://play-lh.googleusercontent.com/a-/ALV-UjUC-6kmkLLsyE-LhtmeizNjnmILJb2JbZj3CZ5o26VI4FY",
        "userName": "dilshan ekanayaka"
    },
    {
        "appVersion": "1.0.2",
        "at": "2023-10-29 17:25:35",
        "content": "It a very good app,I recommend it for everyone",
        "repliedAt": "2023-11-11 17:00:06",
        "replyContent": "We are pleased that you enjoyed the app.",
        "reviewCreatedVersion": "1.0.2",
        "reviewId": "f6ecbe12-d7f3-4b50-87ac-6392e63595d6",
        "score": 5,
        "thumbsUpCount": 0,
        "userImage": "https://play-lh.googleusercontent.com/a/ACg8ocIc6KH_xhDw3V4JcOdIvwinczHhgltQBxV6_-yNsS1b=mo",
        "userName": "isaac adeoye"
    },
    {
        "appVersion": "1.0.2",
        "at": "2023-10-29 13:10:05",
        "content": "Best way to earn litecoin for free. DOWNLOAD now and start earning.",
        "repliedAt": "2023-10-12 16:04:29",
        "replyContent": "Thanks for your review! Please recommend our app to your friends",
        "reviewCreatedVersion": "1.0.2",
        "reviewId": "85e3fffa-3a81-43bd-967b-81e14a54a21e",
        "score": 5,
        "thumbsUpCount": 0,
        "userImage": "https://play-lh.googleusercontent.com/a-/ALV-UjWJbrt7_Nk6Jm-9ygx-ADUgOFw4iYZCZ7Chc-OJOIi76g",
        "userName": "Edgar Martinez"
    },
    {
        "appVersion": "1.0.2",
        "at": "2023-10-28 16:19:37",
        "content": "Excitant it's work",
        "repliedAt": "2023-11-11 17:00:30",
        "replyContent": "Thank you for your support",
        "reviewCreatedVersion": "1.0.2",
        "reviewId": "efb77357-cf49-4b29-979f-5b1686098a71",
        "score": 5,
        "thumbsUpCount": 0,
        "userImage": "https://play-lh.googleusercontent.com/a-/ALV-UjUo4eeaEHaqPkRe1TnzRT_aWyvi2cUs7Vgl4DSFKdl0cX8",
        "userName": "Shimul Kibria"
    },
    {
        "appVersion": "1.0.2",
        "at": "2023-10-28 15:46:02",
        "content": "Cool and smart",
        "repliedAt": "2023-11-11 17:00:36",
        "replyContent": "Thanks for taking out time to rate us. It really helps us to keep going and delivering the best :)",
        "reviewCreatedVersion": "1.0.2",
        "reviewId": "b36852ca-40b5-46ca-ab26-a8f2c92224f1",
        "score": 5,
        "thumbsUpCount": 0,
        "userImage": "https://play-lh.googleusercontent.com/a-/ALV-UjXGmOmqeyE20t22Jf-rnkU9SHYmhReAyqqZ_CK9E7-org",
        "userName": "Mangituka NKololo"
    },
    {
        "appVersion": "1.0.2",
        "at": "2023-10-25 02:19:47",
        "content": "This is really great but I am yet to get the withdrawal i made since 14/10/2023. Please help and no one is saying something about this pending withdrawal problems.",
        "repliedAt": null,
        "replyContent": null,
        "reviewCreatedVersion": "1.0.2",
        "reviewId": "bf2b0482-7fb7-4e43-be42-b47b55f2bf65",
        "score": 5,
        "thumbsUpCount": 0,
        "userImage": "https://play-lh.googleusercontent.com/a-/ALV-UjUceoUW1yv2Do94RRyVGgkNAkrPH4W8ZSqfe3wk9LqTLxE",
        "userName": "Pwesh Ibeh"
    },
    {
        "appVersion": "1.0.2",
        "at": "2023-10-23 11:56:10",
        "content": "fantastic app",
        "repliedAt": null,
        "replyContent": null,
        "reviewCreatedVersion": "1.0.2",
        "reviewId": "2a6a9a6a-cfef-4803-9f61-03747b6a022c",
        "score": 3,
        "thumbsUpCount": 0,
        "userImage": "https://play-lh.googleusercontent.com/a/ACg8ocJFhPEB8k_9fLuiwwWCrHev3M48jbuQqB4PN56Fn8Mn=mo",
        "userName": "lucky dafe"
    },
    {
        "appVersion": "1.0.2",
        "at": "2023-10-21 05:16:15",
        "content": "It's good but very slow in loading and has loads of ads and after watching some you cannot be able to proceed with the mining, you must first exit the app and come back afresh",
        "repliedAt": null,
        "replyContent": null,
        "reviewCreatedVersion": "1.0.2",
        "reviewId": "7a9baf2c-fbce-48c8-9f4d-2dcbd82a91d1",
        "score": 3,
        "thumbsUpCount": 1,
        "userImage": "https://play-lh.googleusercontent.com/a-/ALV-UjXFKbCCOYm2UjT-1bb87Q7q5o2pMPzvakdkUpdXwgo12Q",
        "userName": "achochi abraham"
    },
    {
        "appVersion": "1.0.2",
        "at": "2023-10-19 14:06:44",
        "content": "good morning apps",
        "repliedAt": "2023-10-23 09:47:31",
        "replyContent": "Thank you so much for your encouraging star ratings!\n",
        "reviewCreatedVersion": "1.0.2",
        "reviewId": "e89b7327-6bd1-4c21-a520-00a2bd6f2255",
        "score": 5,
        "thumbsUpCount": 0,
        "userImage": "https://play-lh.googleusercontent.com/a-/ALV-UjWNAhRVFAC0h1GoxJF2nQQEt4YMTUitN-iJGUivLmMLKw",
        "userName": "Neharun Nesa"
    },
    {
        "appVersion": "1.0.2",
        "at": "2023-10-15 17:27:25",
        "content": "When I started using this app. It was quite legit. But I'm starting to have a doubt. Why will I send a withdrawal request since September 29 and till now it hasn't delivered?. I have 3 pending withdrawal request now. When those 3 successfully drop, I will change this rating.",
        "repliedAt": null,
        "replyContent": null,
        "reviewCreatedVersion": "1.0.2",
        "reviewId": "4672d5a7-95a6-4cee-ba27-ac7068727d02",
        "score": 2,
        "thumbsUpCount": 3,
        "userImage": "https://play-lh.googleusercontent.com/a-/ALV-UjXz0qU-QVcOtAgbE3NurA8kYRp1fhiE8RL2o2tudq3mDA",
        "userName": "Adeniyi Oluwaferanmi"
    },
    {
        "appVersion": "1.0.2",
        "at": "2023-10-15 09:38:59",
        "content": "wonderful project",
        "repliedAt": "2023-10-23 09:47:49",
        "replyContent": "Thank you for your support",
        "reviewCreatedVersion": "1.0.2",
        "reviewId": "f00781cd-9805-4a84-96e8-a13cb210726d",
        "score": 5,
        "thumbsUpCount": 0,
        "userImage": "https://play-lh.googleusercontent.com/a-/ALV-UjWnm3IMKRZitydQPpnU4eWLE-pi_vOfiqDDq3Zs-kfC6ZQ",
        "userName": "Royal Anthony"
    },
    {
        "appVersion": "1.0.2",
        "at": "2023-10-15 08:58:42",
        "content": "Nice",
        "repliedAt": "2023-10-23 09:48:09",
        "replyContent": "We are truly happy that you enjoyed our game. Thank you so much for your evaluation. Your praise will help us to create more interesting games.",
        "reviewCreatedVersion": "1.0.2",
        "reviewId": "23e9b924-2bf5-4e7c-b448-5ec012bb2966",
        "score": 5,
        "thumbsUpCount": 0,
        "userImage": "https://play-lh.googleusercontent.com/a-/ALV-UjWEYWMzwPy4NffjIWq_rjBwoYrbuZ_agMN-84GKFjsQLA",
        "userName": "Gansukh Khurlee"
    },
    {
        "appVersion": "1.0.2",
        "at": "2023-10-14 11:36:38",
        "content": "Unable to sign in",
        "repliedAt": null,
        "replyContent": null,
        "reviewCreatedVersion": "1.0.2",
        "reviewId": "2d8bd51b-156b-4447-8712-9cd24a347516",
        "score": 1,
        "thumbsUpCount": 0,
        "userImage": "https://play-lh.googleusercontent.com/a/ACg8ocI8XSmaiyRwxPjrYppQDqa_wYYk6DH1Y1FOl-oDXIas=mo",
        "userName": "Ch Manikanta"
    },
    {
        "appVersion": "1.0.2",
        "at": "2023-10-14 10:39:20",
        "content": "the app is good \ud83d\ude06\ud83d\ude06",
        "repliedAt": null,
        "replyContent": null,
        "reviewCreatedVersion": "1.0.2",
        "reviewId": "2038fdf7-355c-44fa-8e49-9232becb9105",
        "score": 3,
        "thumbsUpCount": 0,
        "userImage": "https://play-lh.googleusercontent.com/a/ACg8ocKz9zmIrB_0E3rjLtWOz8EQmvn9XBgHxoqts4wU3375=mo",
        "userName": "chijioke ukaegbu"
    },
    {
        "appVersion": "1.0.2",
        "at": "2023-10-11 07:06:56",
        "content": "I withdrew Litecoin but I have not received since 6th of this month.",
        "repliedAt": null,
        "replyContent": null,
        "reviewCreatedVersion": "1.0.2",
        "reviewId": "443f710e-c00a-47c8-a1d1-b8f4bc173779",
        "score": 2,
        "thumbsUpCount": 0,
        "userImage": "https://play-lh.googleusercontent.com/a-/ALV-UjVyJnqTMKeu-Anl2G4ZlNA_-lsdhO4fuhUHOU9cpA4cWg0",
        "userName": "Olufisayo Adeagbo"
    },
    {
        "appVersion": null,
        "at": "2023-10-08 22:46:45",
        "content": "Approved \ud83d\udc4d\ud83d\udc4d\ud83d\udc4d\ud83d\udc4d",
        "repliedAt": "2023-10-12 16:04:41",
        "replyContent": "Thank you for your support",
        "reviewCreatedVersion": null,
        "reviewId": "3d094685-5679-44f5-98b4-7e2282ceb787",
        "score": 5,
        "thumbsUpCount": 0,
        "userImage": "https://play-lh.googleusercontent.com/a/ACg8ocJx5HtRQnmVDLrrlFtDdZ1ggwQMMW-pBTtByMwse0wR=mo",
        "userName": "Yani Ardiyanto"
    },
    {
        "appVersion": "1.0.2",
        "at": "2023-10-08 07:16:18",
        "content": "my pending ltc why please solve my problem",
        "repliedAt": null,
        "replyContent": null,
        "reviewCreatedVersion": "1.0.2",
        "reviewId": "a7224d2f-8c12-40c8-8daf-bf1359d9dbac",
        "score": 1,
        "thumbsUpCount": 0,
        "userImage": "https://play-lh.googleusercontent.com/a-/ALV-UjVWoQ7axIt53pGCOW4Gyy2EKD3xELlMtY9yU5S7o2XX_Q",
        "userName": "sandhya rani behera"
    },
    {
        "appVersion": "1.0.2",
        "at": "2023-10-07 16:51:31",
        "content": "I made a withdrawal since 1/10/23 and still pending.",
        "repliedAt": null,
        "replyContent": null,
        "reviewCreatedVersion": "1.0.2",
        "reviewId": "74887c99-bba1-4f3e-ba57-deef8c77ed66",
        "score": 1,
        "thumbsUpCount": 0,
        "userImage": "https://play-lh.googleusercontent.com/a-/ALV-UjV-WNLR_WpyCvc5_pJJDemH_FKFFXRS1N5Lhc2Hdwfe8A0-",
        "userName": "JOANNA EBONYEM"
    },
    {
        "appVersion": "1.0.2",
        "at": "2023-10-06 06:01:07",
        "content": "I have been withdrawing from this app in many occasions but still pending for more than 72 hours as stated . How do I get my transaction?",
        "repliedAt": null,
        "replyContent": null,
        "reviewCreatedVersion": "1.0.2",
        "reviewId": "e0920afd-be7b-48dd-b7b1-b4e79cb7a058",
        "score": 1,
        "thumbsUpCount": 0,
        "userImage": "https://play-lh.googleusercontent.com/a-/ALV-UjVCGLhvDUsyHGH3EuXmbxu7hwYpu7oqfr73DuPlbIVw-oM",
        "userName": "etenung joseph okiri"
    },
    {
        "appVersion": "1.0.2",
        "at": "2023-10-05 15:38:38",
        "content": "good job! have received all my pending withdrawal thanks guys",
        "repliedAt": null,
        "replyContent": null,
        "reviewCreatedVersion": "1.0.2",
        "reviewId": "51bfc12a-ddc1-4dce-9619-0323bd29ba2d",
        "score": 5,
        "thumbsUpCount": 0,
        "userImage": "https://play-lh.googleusercontent.com/a/ACg8ocIgisf561buYlWjY_VWt0ca5tqyEdY-qKArYFecW8hL=mo",
        "userName": "Gina Benjamin"
    },
    {
        "appVersion": null,
        "at": "2023-10-02 08:12:26",
        "content": "Good application \ud83d\udcaf working",
        "repliedAt": "2023-10-03 13:16:12",
        "replyContent": "We are pleased that you enjoyed the app.",
        "reviewCreatedVersion": null,
        "reviewId": "ac998331-92bb-4b9e-b72a-b9d4d5211fb0",
        "score": 5,
        "thumbsUpCount": 0,
        "userImage": "https://play-lh.googleusercontent.com/a-/ALV-UjUq3haDc1BltNTWlf5NtFv1LMHRJVJgmPgkiL4eZeljudI",
        "userName": "Faizu and you"
    },
    {
        "appVersion": "1.0.2",
        "at": "2023-09-30 03:37:19",
        "content": "nice app but now withdraw",
        "repliedAt": null,
        "replyContent": null,
        "reviewCreatedVersion": "1.0.2",
        "reviewId": "ee330cc8-a151-4ab4-a743-83c4ebdb2aac",
        "score": 1,
        "thumbsUpCount": 0,
        "userImage": "https://play-lh.googleusercontent.com/a-/ALV-UjUkPMb-iDgKr2_Yt3OBeZwGz8wl086eZb5LVbNyA8KE2A",
        "userName": "Subrata Sarker"
    },
    {
        "appVersion": "1.0.2",
        "at": "2023-09-29 05:51:09",
        "content": "awesome",
        "repliedAt": "2023-10-01 04:47:09",
        "replyContent": "Thanks for taking out time to rate us. It really helps us to keep going and delivering the best :)",
        "reviewCreatedVersion": "1.0.2",
        "reviewId": "0795cfe8-b8c9-430d-861c-3c69635feff7",
        "score": 5,
        "thumbsUpCount": 0,
        "userImage": "https://play-lh.googleusercontent.com/a-/ALV-UjUDyH6vtFSrOuOFJU2QU5jMwOQWBzCQcZPEvSYQkcGr6sE",
        "userName": "Saheed Olatubosun Tv"
    },
    {
        "appVersion": "1.0.2",
        "at": "2023-09-28 07:00:19",
        "content": "Awesome \ud83d\udc4d this is legit!!",
        "repliedAt": "2023-10-01 04:47:47",
        "replyContent": "We are pleased that you enjoyed the app.",
        "reviewCreatedVersion": "1.0.2",
        "reviewId": "439ced41-4327-454b-b56f-ae51403eb6aa",
        "score": 5,
        "thumbsUpCount": 0,
        "userImage": "https://play-lh.googleusercontent.com/a/ACg8ocJ2gG4_lX8aetznkOqH8QHl_cvirLL2lOwnHqCIq8u7=mo",
        "userName": "Benjamin Reden"
    },
    {
        "appVersion": "1.0.2",
        "at": "2023-09-28 03:31:27",
        "content": "Great project!!!! This site is paying and very legit",
        "repliedAt": "2023-10-01 04:48:08",
        "replyContent": "We are pleased that you enjoyed the app.",
        "reviewCreatedVersion": "1.0.2",
        "reviewId": "70b4ffd4-7b81-4e3d-8e7e-73684da9e0d7",
        "score": 5,
        "thumbsUpCount": 0,
        "userImage": "https://play-lh.googleusercontent.com/a/ACg8ocIfmywlSZRitWQI789OpIGt69XLx2rAIHEHY8Mx9P6n=mo",
        "userName": "anuoluwa ademola"
    },
    {
        "appVersion": "1.0.2",
        "at": "2023-09-26 07:43:23",
        "content": "so far good",
        "repliedAt": "2023-09-27 14:28:46",
        "replyContent": "We appreciate the feedback! Please let us know how we can earn your 5 star rating!",
        "reviewCreatedVersion": "1.0.2",
        "reviewId": "41291c2b-30be-4e33-a227-de868ecdea86",
        "score": 3,
        "thumbsUpCount": 0,
        "userImage": "https://play-lh.googleusercontent.com/a/ACg8ocLBXOUj0ahrF0zHjNehT8mJwS1hQ9iwd89kNao0jMzQ=mo",
        "userName": "Malaman Sunnah TV"
    },
    {
        "appVersion": "1.0.2",
        "at": "2023-09-24 08:45:59",
        "content": "101% scam",
        "repliedAt": "2023-10-01 04:48:58",
        "replyContent": "Hi User, please contact us at mail so we can further assist you.\n",
        "reviewCreatedVersion": "1.0.2",
        "reviewId": "f71d6bf3-4a6a-4eea-bc4a-baf5ce9e98b8",
        "score": 1,
        "thumbsUpCount": 0,
        "userImage": "https://play-lh.googleusercontent.com/a/ACg8ocL81Nhc31jrOEgQi4PVSfNirvYRGrXaLqffs0Rrnow9=mo",
        "userName": "Ten Zin"
    },
    {
        "appVersion": "1.0.2",
        "at": "2023-09-20 19:24:36",
        "content": "Pending payment 1 week",
        "repliedAt": "2023-09-24 03:27:31",
        "replyContent": "Hi, we apologize for this. Please send us your concern at mail along with the screenshot of the error you receive. This will be handled with utmost priority",
        "reviewCreatedVersion": "1.0.2",
        "reviewId": "8ca2a816-7992-4051-8665-6d1d1ff29283",
        "score": 1,
        "thumbsUpCount": 0,
        "userImage": "https://play-lh.googleusercontent.com/a-/ALV-UjWi0-ock_Gull3kkcoq7fDDNabyc_61Iheglm63f18xXtI",
        "userName": "Dilshan Dabarera"
    },
    {
        "appVersion": "1.0.2",
        "at": "2023-09-20 17:04:53",
        "content": "It is a good rewarding app.",
        "repliedAt": "2023-09-22 00:50:34",
        "replyContent": "Dear User, we are happy to know that you found our app useful",
        "reviewCreatedVersion": "1.0.2",
        "reviewId": "0b57a931-9ba4-4965-93e4-3b25d8bca73d",
        "score": 5,
        "thumbsUpCount": 0,
        "userImage": "https://play-lh.googleusercontent.com/a-/ALV-UjUpPd2Ad0WPF6G1DOMAAL8HyvhftVhUj2uyQZa9BC_5CA",
        "userName": "Christopher Ejiogu"
    },
    {
        "appVersion": "1.0.2",
        "at": "2023-09-17 06:05:33",
        "content": "this app is legit",
        "repliedAt": "2023-09-22 00:51:00",
        "replyContent": "Thanks for your review! Please recommend our app to your friends",
        "reviewCreatedVersion": "1.0.2",
        "reviewId": "66593ff1-8107-4744-be90-937a6afa767a",
        "score": 5,
        "thumbsUpCount": 0,
        "userImage": "https://play-lh.googleusercontent.com/a-/ALV-UjUkZy7dx6JYu6v7uIsgKeP3oCQewMlIn0fZ4rKh4F-ackI",
        "userName": "MUHAMMAD BALA"
    },
    {
        "appVersion": "1.0.2",
        "at": "2023-09-16 18:05:46",
        "content": "that's good",
        "repliedAt": "2023-09-17 03:55:56",
        "replyContent": "We're very happy that you like our game. Be sure to give us more stars!",
        "reviewCreatedVersion": "1.0.2",
        "reviewId": "28ad4e20-80c6-4dce-b841-675d20f27198",
        "score": 1,
        "thumbsUpCount": 1,
        "userImage": "https://play-lh.googleusercontent.com/a-/ALV-UjXiHn1VTuUE0y_Ke4jOtq96m2krW1WcEZ_ii8d0VPNbDw",
        "userName": "Dear"
    },
    {
        "appVersion": "1.0.2",
        "at": "2023-09-16 09:12:58",
        "content": "nice app to earn litecoin.its realy goods",
        "repliedAt": "2023-09-17 03:56:20",
        "replyContent": "Hi, we are happy to know that you like our app. Please rate us 5 stars",
        "reviewCreatedVersion": "1.0.2",
        "reviewId": "311f6a14-bf85-4e67-b14f-78ba28804394",
        "score": 3,
        "thumbsUpCount": 0,
        "userImage": "https://play-lh.googleusercontent.com/a-/ALV-UjV0O8aDJnn6h9OBv_QUUpHH84Awie8NWj6my01r35n4fw",
        "userName": "K.A. BABU"
    },
    {
        "appVersion": "1.0.2",
        "at": "2023-09-15 16:22:49",
        "content": "interesting",
        "repliedAt": "2023-09-17 03:56:56",
        "replyContent": "Thank you for your review! If you have any suggestions on how we could improve and enhance your user experience, please don't hesitate to share them with us.",
        "reviewCreatedVersion": "1.0.2",
        "reviewId": "74e6d828-ad2e-4bb1-8007-83276068ea07",
        "score": 4,
        "thumbsUpCount": 0,
        "userImage": "https://play-lh.googleusercontent.com/a-/ALV-UjU1H_xLnZ3zb2xFtjRkawxVwydN8uIFbV1PXMM9aUZA8o0",
        "userName": "Suleiman Mukaila Adewumi"
    },
    {
        "appVersion": "1.0.2",
        "at": "2023-09-15 10:48:01",
        "content": "I HAVE COMPLETED THE WORK FOR FIRST WITHDRAW BUT NOT RECEIVE IT IS IN PENDING",
        "repliedAt": "2023-09-17 04:00:15",
        "replyContent": "due to some changes payment withdrow on hold. dont worry we will fix it",
        "reviewCreatedVersion": "1.0.2",
        "reviewId": "9b8609ec-3382-4c24-afba-a7cf9e297c53",
        "score": 1,
        "thumbsUpCount": 0,
        "userImage": "https://play-lh.googleusercontent.com/a-/ALV-UjWs-LGFSuwc57j_QqEM2AjOYYZT4TzGgbQUeqbYBzkDgps",
        "userName": "Shaman \u00c5L\u00ee"
    },
    {
        "appVersion": "1.0.2",
        "at": "2023-09-15 04:43:23",
        "content": "Nice",
        "repliedAt": "2023-09-17 03:57:10",
        "replyContent": "We are truly happy that you enjoyed our game. Thank you so much for your evaluation. Your praise will help us to create more interesting games.",
        "reviewCreatedVersion": "1.0.2",
        "reviewId": "ca5f78b3-6d47-495b-a45f-c0506094318a",
        "score": 5,
        "thumbsUpCount": 0,
        "userImage": "https://play-lh.googleusercontent.com/a/ACg8ocK1y3vklAzdfDoUf7sO6x0bD33htwsJwkNwVjTy2Lzv=mo",
        "userName": "Phani Babu"
    },
    {
        "appVersion": "1.0.2",
        "at": "2023-09-12 14:09:22",
        "content": "Litecoin Angel Faucet is the best",
        "repliedAt": null,
        "replyContent": null,
        "reviewCreatedVersion": "1.0.2",
        "reviewId": "7800d0d3-29ac-41b1-8b57-46b728463333",
        "score": 5,
        "thumbsUpCount": 0,
        "userImage": "https://play-lh.googleusercontent.com/a-/ALV-UjWGTJHZnNEYB3KBKGkuGYCmkQFbLM1PC4ASsII6F15cRw",
        "userName": "Bashiru Mohammad"
    },
    {
        "appVersion": "1.0.2",
        "at": "2023-09-11 11:38:27",
        "content": "I have made an LTC withdrawal in the amount of 0.000126 LTC on September 10 2023, until now my withdrawal has not been sent to my faucetpay address. I will change the assessment of this review when I have received the results of my withdrawal. Thanks",
        "repliedAt": null,
        "replyContent": null,
        "reviewCreatedVersion": "1.0.2",
        "reviewId": "381690e8-d9b1-48de-886a-33c6b281c507",
        "score": 1,
        "thumbsUpCount": 0,
        "userImage": "https://play-lh.googleusercontent.com/a-/ALV-UjXyIgG-bogktXE3V_S_SvOZgyTVJYrz_jGKeLV391zS_-c",
        "userName": "Arma Home Entertainment"
    },
    {
        "appVersion": "1.0.2",
        "at": "2023-09-11 08:22:39",
        "content": "No much talks, the app legit, everything dey functional,but ready to watch ads like watchman",
        "repliedAt": null,
        "replyContent": null,
        "reviewCreatedVersion": "1.0.2",
        "reviewId": "532b7bec-6bf5-4e5c-9d19-94f167964170",
        "score": 4,
        "thumbsUpCount": 1,
        "userImage": "https://play-lh.googleusercontent.com/a/ACg8ocIbHwd6lJNVyUuuqqbPRMv6BgJZI7eB00zaFtVjIWv7=mo",
        "userName": "Gabriel Ebube"
    },
    {
        "appVersion": "1.0.2",
        "at": "2023-09-04 15:19:09",
        "content": "Goood",
        "repliedAt": "2023-09-07 07:15:15",
        "replyContent": "Thanks for your review! Please recommend our app to your friends",
        "reviewCreatedVersion": "1.0.2",
        "reviewId": "d49dd2c5-a07c-4c44-8f84-5c3a6130991d",
        "score": 5,
        "thumbsUpCount": 0,
        "userImage": "https://play-lh.googleusercontent.com/a-/ALV-UjXaW38ioRX1U3_795x9IXfe0pbAO-lF6kVORQ7USmCvThw",
        "userName": "Kamal Bedir"
    },
    {
        "appVersion": "1.0.2",
        "at": "2023-09-04 10:55:32",
        "content": "great",
        "repliedAt": "2023-09-04 12:17:33",
        "replyContent": "Hello,\nThank you for your review. What can we do to get five stars? :)",
        "reviewCreatedVersion": "1.0.2",
        "reviewId": "432ef6b1-1618-45a6-9c20-dfab63a34eff",
        "score": 4,
        "thumbsUpCount": 0,
        "userImage": "https://play-lh.googleusercontent.com/a/ACg8ocLdiPLBq_fWwMenTvilerlURFqxrlmtOq8JW0jJN8Zz=mo",
        "userName": "Kwa Marcel"
    },
    {
        "appVersion": "1.0.2",
        "at": "2023-09-04 10:35:54",
        "content": "So far so good But why can not generated ref code?",
        "repliedAt": "2023-09-17 03:58:30",
        "replyContent": "our team is working on it\n",
        "reviewCreatedVersion": "1.0.2",
        "reviewId": "89512ee6-5db8-4dda-b0a4-8e5b8843da08",
        "score": 4,
        "thumbsUpCount": 0,
        "userImage": "https://play-lh.googleusercontent.com/a/ACg8ocKyVnnZQLJojXZ0qYXbs8KFgdSqmDUwaiHmHwkn5iiA=mo",
        "userName": "Tjiu ce Meng"
    },
    {
        "appVersion": "1.0.2",
        "at": "2023-09-03 14:57:23",
        "content": "\ud83d\ude0e",
        "repliedAt": "2023-09-03 16:21:11",
        "replyContent": "Thank you so much for your encouraging star ratings!\n",
        "reviewCreatedVersion": "1.0.2",
        "reviewId": "78e8d0a8-1522-41e8-aef9-09365ec44623",
        "score": 5,
        "thumbsUpCount": 0,
        "userImage": "https://play-lh.googleusercontent.com/a-/ALV-UjWxagdEiaM4JCU9odwAdHXUINztSjY0ukN6KeSOkyhdBGA",
        "userName": "David Gallagher"
    },
    {
        "appVersion": "1.0.2",
        "at": "2023-09-03 12:05:34",
        "content": "legit",
        "repliedAt": "2023-09-03 16:22:51",
        "replyContent": "We would like to thank you for using our online shopping platform.",
        "reviewCreatedVersion": "1.0.2",
        "reviewId": "a676fba3-b575-4fee-8901-3281b5df35e3",
        "score": 5,
        "thumbsUpCount": 0,
        "userImage": "https://play-lh.googleusercontent.com/a/ACg8ocL6gGTtrbaY2RfIX35cVZxHjzDNJwj1CfmzIIANTmo_=mo",
        "userName": "Michel Enago"
    },
    {
        "appVersion": "1.0.2",
        "at": "2023-09-02 14:14:17",
        "content": "I love this app it's so real",
        "repliedAt": "2023-09-03 16:22:03",
        "replyContent": "Thanks for your review! Please recommend our app to your friends.",
        "reviewCreatedVersion": "1.0.2",
        "reviewId": "3d87337f-833a-44d3-a010-2aac317678ee",
        "score": 5,
        "thumbsUpCount": 0,
        "userImage": "https://play-lh.googleusercontent.com/a-/ALV-UjU892WKRzGdYIwK5elSdNd7D6RCzsvcfoAvavU4KcwmrA",
        "userName": "Benedict"
    },
    {
        "appVersion": "1.0.2",
        "at": "2023-09-02 10:12:31",
        "content": "good \ud83d\udc4d\ud83c\udffb\ud83d\udc4d\ud83c\udffb\ud83d\udc4d\ud83c\udffb\ud83d\udc4d\ud83c\udffb",
        "repliedAt": "2023-09-03 16:22:13",
        "replyContent": "We are truly happy that you enjoyed our game. Thank you so much for your evaluation. Your praise will help us to create more interesting games.",
        "reviewCreatedVersion": "1.0.2",
        "reviewId": "80fe222f-0a5a-4328-b611-46438069697e",
        "score": 5,
        "thumbsUpCount": 0,
        "userImage": "https://play-lh.googleusercontent.com/a-/ALV-UjW8UxstCBk7VolzCwnjS_aez9GEpYEnpJT2nbkwb1U8YvE",
        "userName": "MOIN CHISHTI"
    },
    {
        "appVersion": "1.0.2",
        "at": "2023-08-29 10:50:51",
        "content": "Living in a dream",
        "repliedAt": "2023-08-31 12:37:35",
        "replyContent": "Glad you like it! :)",
        "reviewCreatedVersion": "1.0.2",
        "reviewId": "97c154ec-e514-4f81-8271-0e86f224e69b",
        "score": 5,
        "thumbsUpCount": 0,
        "userImage": "https://play-lh.googleusercontent.com/a/ACg8ocKwGSyRnRHwoc5XkRK0dYRBNI2RyX3zZJJI6GO-zY3X=mo",
        "userName": "OLAREWAJU SAMUEL ADEOLU"
    },
    {
        "appVersion": "1.0.2",
        "at": "2023-08-29 04:57:17",
        "content": "nice",
        "repliedAt": "2023-08-31 12:37:42",
        "replyContent": "We are truly happy that you enjoyed our game. Thank you so much for your evaluation. Your praise will help us to create more interesting games.",
        "reviewCreatedVersion": "1.0.2",
        "reviewId": "785efa37-9998-4d29-b2fb-3a021659ee4b",
        "score": 5,
        "thumbsUpCount": 0,
        "userImage": "https://play-lh.googleusercontent.com/a/ACg8ocLOjPDBmfluG-NcN6fTZKBB2Q6Xa0gH_CNCUSr_J73Z=mo",
        "userName": "Bidhan Majhe"
    },
    {
        "appVersion": null,
        "at": "2023-08-18 09:39:15",
        "content": "Approved \ud83d\udc4d\ud83d\udc4d\ud83d\udc4d\ud83d\udc4d\ud83d\udc4d\ud83d\udc4d\ud83d\udc4d\ud83d\udc4d",
        "repliedAt": "2023-08-21 01:32:51",
        "replyContent": "Thank you so much for your encouraging star ratings!",
        "reviewCreatedVersion": null,
        "reviewId": "f66f5b1c-acf1-445d-aeb5-b60402bc4967",
        "score": 5,
        "thumbsUpCount": 0,
        "userImage": "https://play-lh.googleusercontent.com/a-/ALV-UjXBkNZDt4VG6bpf9jJsxH_TBNs9tVQSFbW_iP6oib_xzaY",
        "userName": "Yani Ardiyanto"
    },
    {
        "appVersion": "1.0.1",
        "at": "2023-08-14 11:44:35",
        "content": "Best earn money app",
        "repliedAt": "2023-08-15 02:47:59",
        "replyContent": "Thank you so much for your encouraging star ratings!\n",
        "reviewCreatedVersion": "1.0.1",
        "reviewId": "a433c297-9077-4bb7-94cf-113cd0763ea0",
        "score": 5,
        "thumbsUpCount": 0,
        "userImage": "https://play-lh.googleusercontent.com/a/ACg8ocKPidjyAyODvqotRBw1Dd8zEAioBkbpWFebq6rn_-QG=mo",
        "userName": "Begaam Shaik"
    },
    {
        "appVersion": "1.0.1",
        "at": "2023-08-12 11:12:22",
        "content": "nice",
        "repliedAt": "2023-08-12 15:43:30",
        "replyContent": "We are truly happy that you enjoyed our game. Thank you so much for your evaluation. Your praise will help us to create more interesting games.",
        "reviewCreatedVersion": "1.0.1",
        "reviewId": "3e0623bf-e402-488f-a288-b05dd1aa022b",
        "score": 5,
        "thumbsUpCount": 0,
        "userImage": "https://play-lh.googleusercontent.com/a/ACg8ocIY4EcDlvRxwK9B3TBZIP9F36sVtxKR0j9A_NtuJ3E3=mo",
        "userName": "chiamaka josphine"
    },
    {
        "appVersion": "1.0.1",
        "at": "2023-08-11 05:21:39",
        "content": "good app",
        "repliedAt": "2023-08-12 15:43:40",
        "replyContent": "Dear User, we are glad you liked the app. We request you to give us a 5-star rating as it is the best encouragement for our team.",
        "reviewCreatedVersion": "1.0.1",
        "reviewId": "40f8dec8-b8e1-442a-a3dd-1d3a1d295896",
        "score": 4,
        "thumbsUpCount": 0,
        "userImage": "https://play-lh.googleusercontent.com/a-/ALV-UjXNGQLPWYNVslnMHW6SQZAHXhgtSDWkK9V0qx-UObLxFSY",
        "userName": "Rajan Rai"
    },
    {
        "appVersion": "1.0.1",
        "at": "2023-08-06 08:33:47",
        "content": "This app is 100percentage legit My payment received instant",
        "repliedAt": "2023-08-08 13:26:49",
        "replyContent": "Thanks for your review! Please recommend our app to your friends",
        "reviewCreatedVersion": "1.0.1",
        "reviewId": "35cbcb88-986b-458b-9cd4-452621f30f1e",
        "score": 5,
        "thumbsUpCount": 0,
        "userImage": "https://play-lh.googleusercontent.com/a/ACg8ocJhYTPtRn5owZZ3TToyHrrXmOzhmWeY9TgLKpdKkUV1=mo",
        "userName": "Hari Hari"
    },
    {
        "appVersion": "1.0.1",
        "at": "2023-08-06 04:46:50",
        "content": "Very bad app",
        "repliedAt": "2023-08-08 13:27:04",
        "replyContent": "Please let us know what you did not like about this game. We would like to improve the game for you",
        "reviewCreatedVersion": "1.0.1",
        "reviewId": "69d729fe-99b4-4a98-939f-9537a3f3ea99",
        "score": 1,
        "thumbsUpCount": 0,
        "userImage": "https://play-lh.googleusercontent.com/a-/ALV-UjXI0eVr_F7BQlS6r9irXZfEuyou9qeFyAMyG5-tgb0yO-M",
        "userName": "moh dz"
    },
    {
        "appVersion": "1.0.1",
        "at": "2023-08-02 07:04:08",
        "content": "Ill give 5 star for this new crypto app already recieve my pay out come out guys its totally free you can try it they had many crypto app eth solana pepe usdc",
        "repliedAt": "2023-08-01 09:51:32",
        "replyContent": "Thanks for your evaluation.",
        "reviewCreatedVersion": "1.0.1",
        "reviewId": "efe12e89-fa8f-4d97-a5c5-7b7866d9a15f",
        "score": 5,
        "thumbsUpCount": 0,
        "userImage": "https://play-lh.googleusercontent.com/a-/ALV-UjXna7ZD3f8XOVTz1yLhtOSNwMbkSDYeDyDfC8HP4P3ao7U",
        "userName": "Aaron Arman Dela cruz"
    }
]