[
    {
        "appVersion": "01.0.0.016",
        "at": "2023-10-02 03:29:55",
        "content": "Need improvement for local languages",
        "repliedAt": null,
        "replyContent": null,
        "reviewCreatedVersion": "01.0.0.016",
        "reviewId": "8047e374-349f-4184-b98f-7e4ec428c62f",
        "score": 3,
        "thumbsUpCount": 0,
        "userImage": "https://play-lh.googleusercontent.com/a-/ALV-UjUGsZ6tGPbGwl_oiMpsQvO0yFyXg3KV8svmjpyKboCC4kde",
        "userName": "Soumya Jana"
    },
    {
        "appVersion": "01.0.0.016",
        "at": "2023-09-11 06:42:45",
        "content": "This Keyboard INSULTS TsaLaGi (Cherokee) Language and Speech!",
        "repliedAt": null,
        "replyContent": null,
        "reviewCreatedVersion": "01.0.0.016",
        "reviewId": "00a1c05c-e09e-4de7-b4e2-8260004a109b",
        "score": 1,
        "thumbsUpCount": 0,
        "userImage": "https://play-lh.googleusercontent.com/a-/ALV-UjX65Fs5Moo5Im39iCqVsnBoHiTMbz1yessIgR618vFjEB8",
        "userName": "Heidi A Robinson (Spring A Hardy-Robinson)"
    },
    {
        "appVersion": "01.0.0.016",
        "at": "2023-09-05 01:55:04",
        "content": "\ud83d\udef0\ufe0f\ud83d\udce1\ud83d\udef0\ufe0f",
        "repliedAt": null,
        "replyContent": null,
        "reviewCreatedVersion": "01.0.0.016",
        "reviewId": "de348c1b-a303-4f8b-91bf-00e1fbf30de4",
        "score": 5,
        "thumbsUpCount": 0,
        "userImage": "https://play-lh.googleusercontent.com/a-/ALV-UjXfZUsBPIG5w-YY60R_ThAwF93DsfuHxEOU-tYM8ktupPgU",
        "userName": "Nicholas Guerrero"
    },
    {
        "appVersion": "01.0.0.016",
        "at": "2023-07-17 04:05:59",
        "content": "Need to improve size and more customisation",
        "repliedAt": null,
        "replyContent": null,
        "reviewCreatedVersion": "01.0.0.016",
        "reviewId": "013bd313-185c-4062-8d67-c2b79727d87e",
        "score": 3,
        "thumbsUpCount": 0,
        "userImage": "https://play-lh.googleusercontent.com/a-/ALV-UjVcHEuvdLgtaIH0e5SDGbCecCeEYBLsmGUHgQWspQMRGws",
        "userName": "Honey Dorana"
    },
    {
        "appVersion": null,
        "at": "2023-07-01 09:01:07",
        "content": "Third class app and of the most outdated and barebone keybord I see Improve it motorola From India..",
        "repliedAt": null,
        "replyContent": null,
        "reviewCreatedVersion": null,
        "reviewId": "fff7bed8-f989-4235-89fa-dce831446c83",
        "score": 1,
        "thumbsUpCount": 0,
        "userImage": "https://play-lh.googleusercontent.com/a-/ALV-UjVNPBrAwHhnvOg0-0mq4i2jX23yDbVrltoEpJ03lgRJbSc",
        "userName": "Life is Complicated"
    },
    {
        "appVersion": null,
        "at": "2023-06-14 10:18:29",
        "content": "Why is there not a regular English (American, oc) keyboard? I much rather use a Motorola keyboard than that piece of insubordinate, data-hogging flea(g)board. Inquiring minds want to know.",
        "repliedAt": null,
        "replyContent": null,
        "reviewCreatedVersion": null,
        "reviewId": "8670cf88-619e-4e0a-91ea-a1e40d63b240",
        "score": 1,
        "thumbsUpCount": 3,
        "userImage": "https://play-lh.googleusercontent.com/a/ACg8ocKPVuiANsE1faiBBpZPFWKxeWhmOZIgBKgDY5i_kNpm=mo",
        "userName": "User5001B"
    }
]