[
    {
        "appVersion": null,
        "at": "2023-09-07 20:10:07",
        "content": "Doesn't work. Instructions are clear but the functionality is nonexistent.",
        "repliedAt": null,
        "replyContent": null,
        "reviewCreatedVersion": null,
        "reviewId": "2aac0b1a-af67-4996-8db0-2ba6ccb3cdb8",
        "score": 1,
        "thumbsUpCount": 0,
        "userImage": "https://play-lh.googleusercontent.com/a-/ALV-UjVCakPM5vdvDC_MaDOqcylka8lgZ40etQWf3rFHx_2nysI",
        "userName": "Alex Almaguer (TheLegomaniac10)"
    },
    {
        "appVersion": null,
        "at": "2023-07-28 08:06:43",
        "content": "SIMPLE",
        "repliedAt": null,
        "replyContent": null,
        "reviewCreatedVersion": null,
        "reviewId": "ed15ebae-1139-4b49-a7c4-96d510c99f60",
        "score": 5,
        "thumbsUpCount": 1,
        "userImage": "https://play-lh.googleusercontent.com/a-/ALV-UjV1HhN28-DvL9bZHQ3FPuQtGjqtSqfzCecwMmqP44OdR-Q",
        "userName": "Oono 05"
    },
    {
        "appVersion": "1.2",
        "at": "2023-05-27 14:34:18",
        "content": "Ultimately anyone over 200 cm can't be displayed & people under 100 can't be either.",
        "repliedAt": null,
        "replyContent": null,
        "reviewCreatedVersion": "1.2",
        "reviewId": "e1b6c4b0-b7ea-4c72-98e6-5164c3c3e23a",
        "score": 1,
        "thumbsUpCount": 0,
        "userImage": "https://play-lh.googleusercontent.com/a-/ALV-UjWYnM1rBEulut4WtRsJiwynPUfO0GA0NeOc_wqlFs2-vm4",
        "userName": "Drguy ks"
    },
    {
        "appVersion": "1.2",
        "at": "2023-04-20 06:34:08",
        "content": "This is complete rubbish. Everytime I do the name and the cm it just loads up with an advertisement. Don't ever download this app, it's a scam and it might steal all your information. God I wish I could rate it a zero but it's not possible complete rubbish some why has please uninstall this app it's a scam!",
        "repliedAt": null,
        "replyContent": null,
        "reviewCreatedVersion": "1.2",
        "reviewId": "0153e97c-e480-40fe-88be-c21b41bc2395",
        "score": 1,
        "thumbsUpCount": 2,
        "userImage": "https://play-lh.googleusercontent.com/a/ACg8ocLwNp1yhyQcb9IvCRvb1PV7Suqjtv3-tYtPQrfWQP84=mo",
        "userName": "Efuluka Charles Kibangula"
    },
    {
        "appVersion": null,
        "at": "2023-03-07 05:21:14",
        "content": "\ud83e\udd22",
        "repliedAt": null,
        "replyContent": null,
        "reviewCreatedVersion": null,
        "reviewId": "062f2952-988e-4d5d-8bfc-85836b1bff21",
        "score": 1,
        "thumbsUpCount": 0,
        "userImage": "https://play-lh.googleusercontent.com/a/ACg8ocJyNRrYPdlL5xdmN6xsHwbJgxPmIka6-lsfSILxX8hj=mo",
        "userName": "Hanna Sullera"
    },
    {
        "appVersion": null,
        "at": "2023-02-17 14:33:24",
        "content": "Bad af",
        "repliedAt": null,
        "replyContent": null,
        "reviewCreatedVersion": null,
        "reviewId": "13fc0e06-7a6f-4567-b093-2cd17ef45590",
        "score": 1,
        "thumbsUpCount": 0,
        "userImage": "https://play-lh.googleusercontent.com/a/ACg8ocIGfSdsxMaiPemZEfAtEUwgiHkx5OFy6F06-OmhhSf-=mo",
        "userName": "Reham Morsi"
    }
]