[
    {
        "appVersion": "1.0.0",
        "at": "2023-11-03 18:06:35",
        "content": "Just getting back to it but definitely a good one.",
        "repliedAt": null,
        "replyContent": null,
        "reviewCreatedVersion": "1.0.0",
        "reviewId": "281034ad-e1f6-4e0a-8b16-3ad603bce685",
        "score": 5,
        "thumbsUpCount": 1,
        "userImage": "https://play-lh.googleusercontent.com/a-/ALV-UjUit_baLoq8lOzl-F9Qf2_wt-GZI9zV7MW8F1QeDDeou6s",
        "userName": "Kristopher S Mullins"
    },
    {
        "appVersion": "1.0.0",
        "at": "2023-09-01 11:48:11",
        "content": "I find this app supper easy to use. It has very supportive community. Really useful & unique ideas. It provides useful information. I got many benefits by using this app. Recommended from my side \ud83d\udc4d",
        "repliedAt": null,
        "replyContent": null,
        "reviewCreatedVersion": "1.0.0",
        "reviewId": "aeb29abb-0de2-4dd0-927e-3eed1ba4d524",
        "score": 5,
        "thumbsUpCount": 0,
        "userImage": "https://play-lh.googleusercontent.com/a/ACg8ocL0gdDHNVHf6GhN7HaRDQidahjiq2iRC3XV2r_kg90z=mo",
        "userName": "Abdul Hadi"
    },
    {
        "appVersion": "1.0.0",
        "at": "2023-09-01 11:02:17",
        "content": "Information based App. This app has a great community of helpful dads. Really useful for parenting and connecting fathers to their young ones. It provides lots of information and professional coaches. Recommended \ud83d\udc4d",
        "repliedAt": null,
        "replyContent": null,
        "reviewCreatedVersion": "1.0.0",
        "reviewId": "15411f9d-9d3e-4b3b-a832-8dda2c0a6353",
        "score": 5,
        "thumbsUpCount": 2,
        "userImage": "https://play-lh.googleusercontent.com/a/ACg8ocK_drECDYEMAVsMsDeb6yvSCsSkQYpKfV_U-P8Y1841=mo",
        "userName": "mansoor ch"
    },
    {
        "appVersion": "1.0.0",
        "at": "2023-08-31 23:40:18",
        "content": "Fatherly is a great app. This app helps in maintaining many things like parenting and your relationship with your children as a father. This app provides a platform to share tips, dad jokes and life as a dad. In this app, you can ask any question and get an answer within 48 hours. It is an amazing app and highly recommended...",
        "repliedAt": null,
        "replyContent": null,
        "reviewCreatedVersion": "1.0.0",
        "reviewId": "5fea4816-a3c9-4cea-91af-03be2317e018",
        "score": 5,
        "thumbsUpCount": 10,
        "userImage": "https://play-lh.googleusercontent.com/a/ACg8ocKqY5dVnMJriwXRmxjIppkzgiWFWLsMuynj_uUj13Fu=mo",
        "userName": "Sana Akhtar"
    },
    {
        "appVersion": "1.0.0",
        "at": "2023-08-31 21:37:08",
        "content": "This app is just a pack of awesome features for dads. It can help in parenting specially in father's. A father can get advice, tips and many more. It's main feature which I love the most is a father is guided from many ways like it provides vedios, articles, and podcasts. All these are related to father guidance and support. No doubt by this app a father can become a superhero to his child.",
        "repliedAt": null,
        "replyContent": null,
        "reviewCreatedVersion": "1.0.0",
        "reviewId": "f617ce69-b211-4b4a-8cfe-ee17de34459a",
        "score": 5,
        "thumbsUpCount": 9,
        "userImage": "https://play-lh.googleusercontent.com/a/ACg8ocIUpI1WZlHm7N-ikNbybkIE3ZpGhKU02t-jt2MiPv1C=mo",
        "userName": "Anayah Sarwar"
    },
    {
        "appVersion": "1.0.0",
        "at": "2023-08-31 17:06:33",
        "content": "Just got into fatherli and it's pretty cool. I like scrolling through the forum when I've got some down time. Met a couple of dads in my city through Dad Finder. Useful app for new dads like me.",
        "repliedAt": null,
        "replyContent": null,
        "reviewCreatedVersion": "1.0.0",
        "reviewId": "8d9859ab-f54d-41d5-84e8-e13a33f92c97",
        "score": 5,
        "thumbsUpCount": 1,
        "userImage": "https://play-lh.googleusercontent.com/a/ACg8ocLXXrHp5TlyFQdzwuQn9j5b7MhZInZYUH-HgUjHc3Nh=mo",
        "userName": "Azeem Sarwar"
    },
    {
        "appVersion": "1.0.0",
        "at": "2023-08-31 17:00:33",
        "content": "This app is a solid pick for anyone looking into parenting apps. I like the Dad Wiki for quick answers, and the blogs actually have good advice. Plus, you can win prizes, so that's a bonus.",
        "repliedAt": null,
        "replyContent": null,
        "reviewCreatedVersion": "1.0.0",
        "reviewId": "fa4ff8e5-f178-467d-a097-486ff10d2f85",
        "score": 5,
        "thumbsUpCount": 4,
        "userImage": "https://play-lh.googleusercontent.com/a/ACg8ocLSpxlgD6x0JP2m3VwcvER4oLaHZqsCDNnTXCcPIVOz=mo",
        "userName": "Fatima Sarwar"
    },
    {
        "appVersion": "1.0.0",
        "at": "2023-08-31 15:27:22",
        "content": "The Fatherli app is a great tool for fathers to stay connected with their children and strengthen their relationships. It allows fathers to track their children's location and ensure their safety. It also provides features for monitoring social media activity and promoting healthy online habits. It's a helpful app for fathers who want to be involved in their children's lives and build strong relationships with them. \ud83d\udc68\u200d\ud83d\udc67\ud83d\udc99",
        "repliedAt": null,
        "replyContent": null,
        "reviewCreatedVersion": "1.0.0",
        "reviewId": "53463973-413e-47b7-a7ea-c638381a38ce",
        "score": 5,
        "thumbsUpCount": 1,
        "userImage": "https://play-lh.googleusercontent.com/a/ACg8ocJRXIoEu9wgBuMql135KEQnaqgX1fa3gc9fNWqBrV8t=mo",
        "userName": "Fayez Ahmad"
    },
    {
        "appVersion": null,
        "at": "2023-08-16 00:18:45",
        "content": "On demand",
        "repliedAt": null,
        "replyContent": null,
        "reviewCreatedVersion": null,
        "reviewId": "6d72af64-b15c-46c2-8d99-d2c2fcc88462",
        "score": 1,
        "thumbsUpCount": 0,
        "userImage": "https://play-lh.googleusercontent.com/a/ACg8ocJKbcbbh8j9mq3DI91ZS-j3Q5AJQjHIFZ-DdtETQc42yA=mo",
        "userName": "Max"
    },
    {
        "appVersion": null,
        "at": "2023-07-16 00:05:50",
        "content": "Unbearably slow to the point of being unusable. Deleted after 5 minutes of struggling with it. Seemed like a good concept",
        "repliedAt": null,
        "replyContent": null,
        "reviewCreatedVersion": null,
        "reviewId": "6a6bc4a6-81bf-4a71-9ad3-6dbf85339e23",
        "score": 1,
        "thumbsUpCount": 1,
        "userImage": "https://play-lh.googleusercontent.com/a/ACg8ocIfBd6AEhKzGoqYDY0A0b0m2FvJ6d9w4SLzzcwEYL4U=mo",
        "userName": "Omar Wahab"
    },
    {
        "appVersion": null,
        "at": "2023-06-04 04:14:15",
        "content": "Great app for Fathers",
        "repliedAt": null,
        "replyContent": null,
        "reviewCreatedVersion": null,
        "reviewId": "f0f6452f-a14d-40f5-b095-27c090f13a7b",
        "score": 5,
        "thumbsUpCount": 4,
        "userImage": "https://play-lh.googleusercontent.com/a-/ALV-UjUe9Dkcn5p79ZN-ZtEZt9GxbcGQ_OuTmPFcZCtLJGh3DG8",
        "userName": "Leo Clark"
    },
    {
        "appVersion": null,
        "at": "2023-05-15 21:13:01",
        "content": "When i seen this app , it really mad\u00f7 me heart felt.",
        "repliedAt": null,
        "replyContent": null,
        "reviewCreatedVersion": null,
        "reviewId": "51b03cb7-dd72-4a60-b778-d3a2db248d9a",
        "score": 4,
        "thumbsUpCount": 3,
        "userImage": "https://play-lh.googleusercontent.com/a/ACg8ocLo5pvwEPOKpY-l1G-3Jm2fJxTMIwUejLej4EKLpo7M=mo",
        "userName": "Gallasexy evanscence"
    },
    {
        "appVersion": null,
        "at": "2023-04-28 02:41:29",
        "content": "This app was extremely buggy. I downloaded it and it wouldn't even get past the opening screen. I restarted my samsung galaxy s22+ and it finally let me try to log in. I filled out the sign in information then it closed the app out again several times.",
        "repliedAt": null,
        "replyContent": null,
        "reviewCreatedVersion": null,
        "reviewId": "a9774b7f-d8bb-47c6-8b86-e027cbd77a72",
        "score": 1,
        "thumbsUpCount": 9,
        "userImage": "https://play-lh.googleusercontent.com/a-/ALV-UjXfzjMEIWYFAOkG9z2ax_oKCxawjhZi84uFsTEGLjI2MQ",
        "userName": "Andrew Stegall"
    },
    {
        "appVersion": "1.0.0",
        "at": "2023-04-15 21:26:00",
        "content": "Ok app. I have 6 kids so they need to allow the option for more than only 5. App os a bit laggy. Also, Non-binary is not a gender. Scientifically proven and fact there is 2 genders amd can't change what you were born so no need to to join the bandwagon of lies and grooming.",
        "repliedAt": null,
        "replyContent": null,
        "reviewCreatedVersion": "1.0.0",
        "reviewId": "222ea944-0bef-4e51-aa5d-2db88e9b41cc",
        "score": 3,
        "thumbsUpCount": 7,
        "userImage": "https://play-lh.googleusercontent.com/a-/ALV-UjVVzcfIw9GFEJQRZj-D9A9dQdUCJDz26U43Qi0i0HFunkQ",
        "userName": "Vinnie Borzillo"
    },
    {
        "appVersion": null,
        "at": "2023-04-01 11:15:49",
        "content": "Great app for parenting and connecting with other fathers yougitme",
        "repliedAt": null,
        "replyContent": null,
        "reviewCreatedVersion": null,
        "reviewId": "c83fe15f-a36a-42d0-8ce6-37e905e31162",
        "score": 5,
        "thumbsUpCount": 5,
        "userImage": "https://play-lh.googleusercontent.com/a/ACg8ocKw-w9-o8shdoZ7PWIuhZCCqvnM_qUtnmJ56w7yiuw9BQ=mo",
        "userName": "Anony Mouse"
    },
    {
        "appVersion": "1.0.0",
        "at": "2023-02-18 19:10:08",
        "content": "It's easy to follow and use. Great information to be found there, too. Highly recommended by a friend of mine. I find myself reading posts there daily now.",
        "repliedAt": null,
        "replyContent": null,
        "reviewCreatedVersion": "1.0.0",
        "reviewId": "5617be83-b00d-48e7-a2cf-fed04714e2f6",
        "score": 5,
        "thumbsUpCount": 10,
        "userImage": "https://play-lh.googleusercontent.com/a-/ALV-UjXb5zG8KO8X9oPK0IoxlB_XFlZVWTENQvk6xWc4uYYBUt8",
        "userName": "SAMI AL-HAJ"
    },
    {
        "appVersion": "1.0.0",
        "at": "2023-02-15 09:09:08",
        "content": "Fantastic app for all fathers out there. The app has a great community of helpful dads, as well as tonnes of useful resources",
        "repliedAt": null,
        "replyContent": null,
        "reviewCreatedVersion": "1.0.0",
        "reviewId": "74a86ece-4d91-4adb-a30e-14fd015d8a11",
        "score": 5,
        "thumbsUpCount": 9,
        "userImage": "https://play-lh.googleusercontent.com/a-/ALV-UjUNI24jWo03yWHi3an6SQAJymTdjEK-y1COo8Tghl-UAKE",
        "userName": "Michael Kearns"
    },
    {
        "appVersion": "1.0.0",
        "at": "2023-02-15 08:46:11",
        "content": "Great resource for dad's and men in general. Lots of information, professional coaches and support group for dads.",
        "repliedAt": null,
        "replyContent": null,
        "reviewCreatedVersion": "1.0.0",
        "reviewId": "c524f80d-c6c1-4b0d-8fb8-c5353b4efca2",
        "score": 5,
        "thumbsUpCount": 6,
        "userImage": "https://play-lh.googleusercontent.com/a/ACg8ocIzhHouZQiVUk5BpGMHnN9cr-K18G3WcJAdgPWTqc-x=mo",
        "userName": "David Hughes"
    }
]