[
    {
        "appVersion": null,
        "at": "2023-10-17 13:47:47",
        "content": "\u0633\u064a\u0621 \u062c\u062f\u0627",
        "repliedAt": null,
        "replyContent": null,
        "reviewCreatedVersion": null,
        "reviewId": "48b0e9f8-e2ea-4096-8745-ff52699fb1bf",
        "score": 1,
        "thumbsUpCount": 0,
        "userImage": "https://play-lh.googleusercontent.com/a-/ALV-UjURAOE8_MH0fUVsPiEYfJXuRCz9RKARA4gdjRw4EPF8a10",
        "userName": "Ahmed M Khattab"
    },
    {
        "appVersion": "2.0",
        "at": "2023-10-06 17:21:16",
        "content": "It is not give types of arabic font,bad app sorry\ud83d\ude42.",
        "repliedAt": null,
        "replyContent": null,
        "reviewCreatedVersion": "2.0",
        "reviewId": "676d27de-a295-498c-8122-a2b77f79218b",
        "score": 1,
        "thumbsUpCount": 0,
        "userImage": "https://play-lh.googleusercontent.com/a-/ALV-UjXbnxYbssM36pZn7-NGJ_N7h6H-Lf7iBw23rM-jJM3-Pw",
        "userName": "Sundos MiRaN"
    },
    {
        "appVersion": "2.0",
        "at": "2023-10-04 15:19:35",
        "content": "Where are the fonts???",
        "repliedAt": null,
        "replyContent": null,
        "reviewCreatedVersion": "2.0",
        "reviewId": "1f51be3a-cc30-4f2c-9f06-942554428853",
        "score": 3,
        "thumbsUpCount": 0,
        "userImage": "https://play-lh.googleusercontent.com/a-/ALV-UjUHFfRA9szcTswdgUIhrjsAg2wZX1-vtk2Q0XxZ3IONYZlg",
        "userName": "I\u03aes\u0365\u2c65n\u0363e\u036b\u30c4 Farhan"
    }
]