[
    {
        "appVersion": "1.3",
        "at": "2023-07-20 17:05:11",
        "content": "nice small fast puzzles of love",
        "repliedAt": null,
        "replyContent": null,
        "reviewCreatedVersion": "1.3",
        "reviewId": "309aaf69-6fa4-45f5-98b7-a864462c9f75",
        "score": 5,
        "thumbsUpCount": 0,
        "userImage": "https://play-lh.googleusercontent.com/a-/ALV-UjUhhS3kG3BBALNSGZgtWZcn7LtvmwPRWaZ1Uq3qJLaiKUM",
        "userName": "Kayt Goudie"
    },
    {
        "appVersion": "1.3",
        "at": "2023-07-08 03:29:28",
        "content": "new",
        "repliedAt": null,
        "replyContent": null,
        "reviewCreatedVersion": "1.3",
        "reviewId": "633de133-596d-4f4f-8cfa-ad927fd0dadc",
        "score": 2,
        "thumbsUpCount": 0,
        "userImage": "https://play-lh.googleusercontent.com/a/ACg8ocLPm6uYi6BtMQGgQpmLbSYLpYJc4oGbEo2Bz-2dv7qw=mo",
        "userName": "Vikram Thakor"
    },
    {
        "appVersion": "1.3",
        "at": "2023-06-15 18:23:35",
        "content": "I love it",
        "repliedAt": null,
        "replyContent": null,
        "reviewCreatedVersion": "1.3",
        "reviewId": "c8f6fbbf-1f35-451b-86c0-7a50fabb4ce1",
        "score": 5,
        "thumbsUpCount": 0,
        "userImage": "https://play-lh.googleusercontent.com/a-/ALV-UjV464THBoaq9PtHBckdD2CrMkdsCmnfKAdtEO1yyLN-9VE",
        "userName": "Vickie Hall"
    },
    {
        "appVersion": "1.3",
        "at": "2023-06-03 13:16:12",
        "content": "Disha Dasbairagya",
        "repliedAt": null,
        "replyContent": null,
        "reviewCreatedVersion": "1.3",
        "reviewId": "1b42a1e9-c989-42b1-a2f9-e65fa25516b7",
        "score": 2,
        "thumbsUpCount": 0,
        "userImage": "https://play-lh.googleusercontent.com/a/ACg8ocLRyTeukyXxAg0HmHrVl6ym-wWRu-9H58mdUfviwS_Q=mo",
        "userName": "Dipankar Dasbairagya"
    },
    {
        "appVersion": "1.3",
        "at": "2023-04-15 22:15:01",
        "content": "I love this app",
        "repliedAt": null,
        "replyContent": null,
        "reviewCreatedVersion": "1.3",
        "reviewId": "858f3811-a0e8-4781-8ae1-c5f91c4f40aa",
        "score": 5,
        "thumbsUpCount": 0,
        "userImage": "https://play-lh.googleusercontent.com/a-/ALV-UjXwLY_lsRVbOJyCaj-LdUsLcn5xv_zvQF89iIx4cKfNI_ZE",
        "userName": "K Dawson"
    },
    {
        "appVersion": "1.3",
        "at": "2023-04-10 14:58:23",
        "content": "It doesn't save my progress like if I don't color the pictures straight away and have to go back into the program. Otherwise I like this app.",
        "repliedAt": null,
        "replyContent": null,
        "reviewCreatedVersion": "1.3",
        "reviewId": "dc98b8f7-a199-45f8-8ec4-194a373ab133",
        "score": 3,
        "thumbsUpCount": 6,
        "userImage": "https://play-lh.googleusercontent.com/a-/ALV-UjUaYGZ5qPrWsM01pMGHze15J-1VDE07bYQOyaZJnGhEBQ",
        "userName": "Trina Roggenkamp"
    },
    {
        "appVersion": "1.3",
        "at": "2023-02-25 06:04:03",
        "content": "Awesome \ud83d\udcaf\ud83d\ude0e",
        "repliedAt": null,
        "replyContent": null,
        "reviewCreatedVersion": "1.3",
        "reviewId": "67c248dc-b141-4f79-b58a-e49684e70d95",
        "score": 5,
        "thumbsUpCount": 1,
        "userImage": "https://play-lh.googleusercontent.com/a-/ALV-UjXcukQCwnKTZTGyQ4v_F8X_1JbLSR_KM_WQX07sknYLBnw",
        "userName": "Lesley Fortebraccio"
    },
    {
        "appVersion": "1.2",
        "at": "2023-01-27 21:24:42",
        "content": "The selection could be better. I would know if I wasn't asked right after only 1 picture",
        "repliedAt": null,
        "replyContent": null,
        "reviewCreatedVersion": "1.2",
        "reviewId": "a11fc62b-4633-44df-b2fc-7c8e298b588c",
        "score": 3,
        "thumbsUpCount": 7,
        "userImage": "https://play-lh.googleusercontent.com/a-/ALV-UjX3XMwOFkKUf9rNzvuc2Qm4t8oQs_Yvpn676qpL_7YAS7Ps",
        "userName": "Music_Lady82"
    },
    {
        "appVersion": "1.2",
        "at": "2023-01-19 18:08:44",
        "content": "Love it",
        "repliedAt": null,
        "replyContent": null,
        "reviewCreatedVersion": "1.2",
        "reviewId": "4f3b88f5-d66f-4378-a784-151bd11dd996",
        "score": 5,
        "thumbsUpCount": 2,
        "userImage": "https://play-lh.googleusercontent.com/a-/ALV-UjWYIkANeyz9g-lqXVHtd4fWOIAs4hF_KLHK5gdzKIiX1ug",
        "userName": "Connie McCorkle"
    },
    {
        "appVersion": "1.2",
        "at": "2023-01-02 02:21:39",
        "content": "i love coloring",
        "repliedAt": null,
        "replyContent": null,
        "reviewCreatedVersion": "1.2",
        "reviewId": "fa2921b6-2e49-421a-848b-863adad55a9b",
        "score": 5,
        "thumbsUpCount": 1,
        "userImage": "https://play-lh.googleusercontent.com/a/ACg8ocJNjotyy9iTWKwIYff3zvP6t-b6DJ66hSRkxmPJYx8=mo",
        "userName": "Dylon Hall"
    },
    {
        "appVersion": "1.2",
        "at": "2022-12-29 19:07:33",
        "content": "i like this game so far",
        "repliedAt": null,
        "replyContent": null,
        "reviewCreatedVersion": "1.2",
        "reviewId": "e2913363-0396-4ed8-b3a0-010218da1ebf",
        "score": 4,
        "thumbsUpCount": 6,
        "userImage": "https://play-lh.googleusercontent.com/a/ACg8ocL7zpv1Cn7JlsirgCuoxx74Bx_SGjL4ChSQT9xRlBaO=mo",
        "userName": "Crystal Wolfe"
    },
    {
        "appVersion": null,
        "at": "2021-11-17 05:20:47",
        "content": "Can't download it not working",
        "repliedAt": null,
        "replyContent": null,
        "reviewCreatedVersion": null,
        "reviewId": "ca683023-e82a-4f05-b8c7-264b78639902",
        "score": 1,
        "thumbsUpCount": 3,
        "userImage": "https://play-lh.googleusercontent.com/a/ACg8ocJt3MmrDst90jjpmNvFxl5Pc95mlGJq8h9ZbSeCURc0=mo",
        "userName": "Rosie Jones"
    },
    {
        "appVersion": null,
        "at": "2021-07-20 05:37:19",
        "content": "supper aaha enike ishettapettu",
        "repliedAt": null,
        "replyContent": null,
        "reviewCreatedVersion": null,
        "reviewId": "83f0af60-6b9b-4bc1-90c0-982a8c64b8dc",
        "score": 5,
        "thumbsUpCount": 1,
        "userImage": "https://play-lh.googleusercontent.com/a-/ALV-UjVEonenKb2wrVoc5Qxkd3z70YuaVfdtW5v2aVYaE5PrFng",
        "userName": "Jayaraj Jayan"
    },
    {
        "appVersion": null,
        "at": "2021-07-15 00:49:39",
        "content": "Nice",
        "repliedAt": null,
        "replyContent": null,
        "reviewCreatedVersion": null,
        "reviewId": "8cadf89a-5a95-4f1c-a7b3-0cb1d008c91e",
        "score": 5,
        "thumbsUpCount": 1,
        "userImage": "https://play-lh.googleusercontent.com/a-/ALV-UjXeKNAsNCu1NvFWP-NcoO1VcBjYEwaaMeWkUXOno3XLUG8",
        "userName": "Merin Joji"
    },
    {
        "appVersion": null,
        "at": "2021-06-10 00:20:36",
        "content": "This game is...weird. And there are too many ads in my opinion.",
        "repliedAt": null,
        "replyContent": null,
        "reviewCreatedVersion": null,
        "reviewId": "c34b3d7a-b70b-490b-874b-2fd6b0f8ea64",
        "score": 1,
        "thumbsUpCount": 15,
        "userImage": "https://play-lh.googleusercontent.com/a/ACg8ocJuKixniglml8V2Do-lKBtiMJV8vCkAkZc_H8yRW4_w=mo",
        "userName": "Ashley Worden"
    },
    {
        "appVersion": null,
        "at": "2021-05-13 07:33:15",
        "content": "\ud83d\ude1c",
        "repliedAt": null,
        "replyContent": null,
        "reviewCreatedVersion": null,
        "reviewId": "72bae922-2820-4cea-ba18-67437ad9b6ca",
        "score": 5,
        "thumbsUpCount": 2,
        "userImage": "https://play-lh.googleusercontent.com/a-/ALV-UjViy7t_rjaTHj0B2m2WiwbMfE8DEkiLxhGZtxftJLnmFg",
        "userName": "Apsari Perera"
    },
    {
        "appVersion": null,
        "at": "2021-05-05 08:26:10",
        "content": "Good",
        "repliedAt": null,
        "replyContent": null,
        "reviewCreatedVersion": null,
        "reviewId": "b00fd358-7e81-444f-9d7f-5cc9181369fb",
        "score": 5,
        "thumbsUpCount": 2,
        "userImage": "https://play-lh.googleusercontent.com/a/ACg8ocI4h-6_vn80mQIYjO1ReJ8qljJIrk2Rk9-o5D9hfURW=mo",
        "userName": "Fatemeh Mahmodi"
    },
    {
        "appVersion": null,
        "at": "2021-03-18 00:17:14",
        "content": "Loved this coloring app it is fun and easy to color amazing pictures loved the photos they are fantastic nice",
        "repliedAt": null,
        "replyContent": null,
        "reviewCreatedVersion": null,
        "reviewId": "0a11be53-ded3-461b-8c15-5549352e29ca",
        "score": 5,
        "thumbsUpCount": 19,
        "userImage": "https://play-lh.googleusercontent.com/a/ACg8ocJ1d9xRrxToHB5YltN_yD-7v_2RUvlWQrIIDBE8tGSe=mo",
        "userName": "Carol Gielen"
    },
    {
        "appVersion": null,
        "at": "2021-03-13 15:18:59",
        "content": "Nice",
        "repliedAt": null,
        "replyContent": null,
        "reviewCreatedVersion": null,
        "reviewId": "eb7586ff-0445-466f-88ac-ff7be51d81b8",
        "score": 4,
        "thumbsUpCount": 2,
        "userImage": "https://play-lh.googleusercontent.com/a-/ALV-UjXt3N97X8_Y0QhvVIod2AGkqTHF2mX56jA8wfjeZ4r_3g",
        "userName": "Temica Jones"
    },
    {
        "appVersion": "1.1",
        "at": "2021-02-21 22:25:59",
        "content": "That good",
        "repliedAt": null,
        "replyContent": null,
        "reviewCreatedVersion": "1.1",
        "reviewId": "81ed76ae-7ee8-4b47-a198-ea9ff8567205",
        "score": 5,
        "thumbsUpCount": 3,
        "userImage": "https://play-lh.googleusercontent.com/a-/ALV-UjWSKaGo414ZXVTQe0_AG9olPUu9nXdsydM3-ger65TA8jM",
        "userName": "Faith Eberhardt"
    },
    {
        "appVersion": "1.1",
        "at": "2021-02-21 02:27:57",
        "content": "Awesome",
        "repliedAt": null,
        "replyContent": null,
        "reviewCreatedVersion": "1.1",
        "reviewId": "82d0b248-da8b-4449-bc72-6f1fe02d97a1",
        "score": 5,
        "thumbsUpCount": 2,
        "userImage": "https://play-lh.googleusercontent.com/a-/ALV-UjXRJKMACUAHZi3wc3plp1c5oatptDYQj5G2P01Mcfr_8VM",
        "userName": "Jennifer Lynn Koperski"
    },
    {
        "appVersion": "1.1",
        "at": "2021-02-18 16:15:41",
        "content": "Couldnt find where to cut the music off.",
        "repliedAt": null,
        "replyContent": null,
        "reviewCreatedVersion": "1.1",
        "reviewId": "c11e184f-f77d-491e-a65f-072de7ce5f76",
        "score": 1,
        "thumbsUpCount": 15,
        "userImage": "https://play-lh.googleusercontent.com/a/ACg8ocJ6E8wynON_RzHUV3PnH25u3RSyNjH617tLvJ2xznSK=mo",
        "userName": "Rasheme Chester"
    },
    {
        "appVersion": "1.1",
        "at": "2021-02-12 15:21:47",
        "content": "Very fun to do.",
        "repliedAt": null,
        "replyContent": null,
        "reviewCreatedVersion": "1.1",
        "reviewId": "f5712906-b19d-445c-85dc-11bd8c82e2d0",
        "score": 5,
        "thumbsUpCount": 10,
        "userImage": "https://play-lh.googleusercontent.com/a/ACg8ocLMnMpLBWfApht6omRBIesojlN4NUfqLTR0xMuv7YJ6SA=mo",
        "userName": "Maggie Zavalney"
    },
    {
        "appVersion": "1.1",
        "at": "2021-02-10 20:12:17",
        "content": "I really like this one hope there is more to come",
        "repliedAt": null,
        "replyContent": null,
        "reviewCreatedVersion": "1.1",
        "reviewId": "a426403c-d906-410a-aa8f-da24a7d6f4a6",
        "score": 5,
        "thumbsUpCount": 12,
        "userImage": "https://play-lh.googleusercontent.com/a/ACg8ocJU8Y0XtBPBd5fP09m70GJCSvU0Rkfl3bJLeZB2b1AD=mo",
        "userName": "Edward West"
    }
]