[
    {
        "appVersion": "10.0",
        "at": "2023-11-20 10:20:06",
        "content": "Very nice app",
        "repliedAt": null,
        "replyContent": null,
        "reviewCreatedVersion": "10.0",
        "reviewId": "baae6755-ecc4-4d8b-ace2-c76374f99614",
        "score": 5,
        "thumbsUpCount": 0,
        "userImage": "https://play-lh.googleusercontent.com/a/ACg8ocJKuJ6NQhi72zzb1NkGbe-h9ZScHsqwQjBQSTWU01lZ=mo",
        "userName": "yasir Mehmood"
    },
    {
        "appVersion": "10.0",
        "at": "2023-11-19 07:58:17",
        "content": "Fake, first they want money, second look at the five star ratings, they don't even mention that they got any bitcoins or they got them immediately. Its this scammers friends helping him out. I think Google needs to be held responsible as they allow scams on their play store. Time for a class action law suit. End the scammers being allowed to run rampit here.",
        "repliedAt": null,
        "replyContent": null,
        "reviewCreatedVersion": "10.0",
        "reviewId": "a7feeb61-118f-41da-875f-dcc231fbb752",
        "score": 1,
        "thumbsUpCount": 0,
        "userImage": "https://play-lh.googleusercontent.com/a-/ALV-UjWmvy-PmwSLNsuBAKXLpq0AX_qmc1oHHvnPooQ4uHtINr4",
        "userName": "Jay Fixincars"
    },
    {
        "appVersion": "10.0",
        "at": "2023-11-19 06:45:11",
        "content": "Think this is safer than others. Interested to see if you can add devices",
        "repliedAt": null,
        "replyContent": null,
        "reviewCreatedVersion": "10.0",
        "reviewId": "24cad71d-9576-4bda-844a-38f4af217b11",
        "score": 5,
        "thumbsUpCount": 0,
        "userImage": "https://play-lh.googleusercontent.com/a-/ALV-UjWwjAN4vdGZ97UC7U1yVDVGsvh1l8YXJ-6xZa1iDHSF7A",
        "userName": "Tommy P Ryan"
    },
    {
        "appVersion": "10.0",
        "at": "2023-11-19 06:14:50",
        "content": "Good",
        "repliedAt": null,
        "replyContent": null,
        "reviewCreatedVersion": "10.0",
        "reviewId": "8c4ed694-a8d3-4d1b-8501-5b95b3e41209",
        "score": 5,
        "thumbsUpCount": 0,
        "userImage": "https://play-lh.googleusercontent.com/a/ACg8ocI8Tm2CPuvDwLnDx2zaopzPsRT6mX9x2diYYW6qZGva=mo",
        "userName": "Md Humayun Kabir Akash"
    },
    {
        "appVersion": "10.0",
        "at": "2023-11-18 13:29:53",
        "content": "Im gonna go the distance and mine the 2 bitcoin.if i dont recieve the bitcoin payout ill be filing a class action lawsuit and report them to the federal trade commison.seeing as itll take me close to 6 years to mine. Its time we stand up against these fake apps and make them accountable.get ready to pay out 2 btc wether your intentions were real or not.",
        "repliedAt": null,
        "replyContent": null,
        "reviewCreatedVersion": "10.0",
        "reviewId": "19180c8e-7a22-42ef-97df-f68397d8b6ec",
        "score": 3,
        "thumbsUpCount": 0,
        "userImage": "https://play-lh.googleusercontent.com/a/ACg8ocKcEZWcnDMX1-VbI18YToJ_zLGWq_Mv_2-pjNtYTrHN=mo",
        "userName": "Lucas"
    },
    {
        "appVersion": "10.0",
        "at": "2023-11-18 11:59:28",
        "content": "Great app",
        "repliedAt": null,
        "replyContent": null,
        "reviewCreatedVersion": "10.0",
        "reviewId": "b9dab238-94df-409c-be16-f9362e80a54d",
        "score": 4,
        "thumbsUpCount": 0,
        "userImage": "https://play-lh.googleusercontent.com/a/ACg8ocI67cOcEmhLd2MaAZj4tWeiyIqlH-wtlTgQ4kN5Cwyo=mo",
        "userName": "Adewumi Samuel"
    },
    {
        "appVersion": "10.0",
        "at": "2023-11-14 04:03:51",
        "content": "Nice",
        "repliedAt": null,
        "replyContent": null,
        "reviewCreatedVersion": "10.0",
        "reviewId": "f7d24049-faf9-4d93-b741-90d75d02597f",
        "score": 5,
        "thumbsUpCount": 0,
        "userImage": "https://play-lh.googleusercontent.com/a-/ALV-UjWIvYPJfz8uWRRvLarUfarsdAa99z_Ym8Sh2BIGBwfOSw",
        "userName": "Umar Mahmud"
    },
    {
        "appVersion": "10.0",
        "at": "2023-11-13 18:13:02",
        "content": "\u274c\u274c\u274c",
        "repliedAt": null,
        "replyContent": null,
        "reviewCreatedVersion": "10.0",
        "reviewId": "a54c92f4-368e-4d02-bf0b-e6f0f40ef7e8",
        "score": 1,
        "thumbsUpCount": 0,
        "userImage": "https://play-lh.googleusercontent.com/a/ACg8ocIsup-_kjOV6gLd7ZvotbTjbOLbx-8_iBHVFlAQoFho=mo",
        "userName": "Ondra Kuchar"
    },
    {
        "appVersion": "10.0",
        "at": "2023-11-12 21:37:01",
        "content": "Unsure if withdraw is real, minimum is 2btc at 0.07 btc atm after months on free plan",
        "repliedAt": null,
        "replyContent": null,
        "reviewCreatedVersion": "10.0",
        "reviewId": "4412c6f9-7f92-4935-9516-d546850192e8",
        "score": 3,
        "thumbsUpCount": 0,
        "userImage": "https://play-lh.googleusercontent.com/a-/ALV-UjUVP-OlABQkvxUnAJspRICbGdyk-ha3fqnhcOuk5vAU8Q",
        "userName": "Patrik Krause"
    },
    {
        "appVersion": null,
        "at": "2023-11-12 21:18:05",
        "content": "I love",
        "repliedAt": null,
        "replyContent": null,
        "reviewCreatedVersion": null,
        "reviewId": "a06da417-a551-450f-9396-8d44b865d307",
        "score": 5,
        "thumbsUpCount": 0,
        "userImage": "https://play-lh.googleusercontent.com/a/ACg8ocKtLtH4NBDFQbUCTXrdNFIevS8icDUXC2mU1wbKeYd0=mo",
        "userName": "Saifhullahi Said zan"
    },
    {
        "appVersion": "10.0",
        "at": "2023-11-11 00:47:41",
        "content": "I love you... Bts",
        "repliedAt": null,
        "replyContent": null,
        "reviewCreatedVersion": "10.0",
        "reviewId": "41e46a06-b543-45a8-b92b-9b4489a3d2fd",
        "score": 5,
        "thumbsUpCount": 0,
        "userImage": "https://play-lh.googleusercontent.com/a-/ALV-UjUmpcwXXzpjDcZlF5XhUkehwh1-s18oVDu-JEzkXVaOaQ",
        "userName": "Bayzid Noori"
    },
    {
        "appVersion": "10.0",
        "at": "2023-11-10 22:19:08",
        "content": "Truck driver",
        "repliedAt": null,
        "replyContent": null,
        "reviewCreatedVersion": "10.0",
        "reviewId": "13c94318-4a93-4945-a184-f3deca874e0e",
        "score": 5,
        "thumbsUpCount": 0,
        "userImage": "https://play-lh.googleusercontent.com/a/ACg8ocLaa09OSfMZtVbIeXTvfNOA9mws7vPIYcsgTQUlZ696=mo",
        "userName": "Abdulsalam Shaibu adam"
    },
    {
        "appVersion": "10.0",
        "at": "2023-11-06 16:40:32",
        "content": "Ti ok",
        "repliedAt": null,
        "replyContent": null,
        "reviewCreatedVersion": "10.0",
        "reviewId": "9f38897f-fb83-40f1-b60f-81461c0b5a7b",
        "score": 5,
        "thumbsUpCount": 0,
        "userImage": "https://play-lh.googleusercontent.com/a-/ALV-UjUr7ZDObheKMKpakwJqCvkm6AUEggYAufZ42xuvfGiyl2o",
        "userName": "James Smileyjr"
    },
    {
        "appVersion": "10.0",
        "at": "2023-11-05 21:38:47",
        "content": "DONT BOTHER! I WATCHED EVERY HOUR EVERYDAY (WITH A LIL MORE EXCITEMENT) EVERYDAY.....FINALLY GOT UP TO 0.3 .......AND IT JUST DISSAPPEARS!.....SMH.",
        "repliedAt": null,
        "replyContent": null,
        "reviewCreatedVersion": "10.0",
        "reviewId": "733431b1-ee8e-4421-8035-d48bcea8090e",
        "score": 1,
        "thumbsUpCount": 1,
        "userImage": "https://play-lh.googleusercontent.com/a/ACg8ocIhhHdfLrQo7rHkhvuFRcMdrZ0ZYHrZWAEl0AC1jzKO=mo",
        "userName": "Amber Smith"
    },
    {
        "appVersion": "10.0",
        "at": "2023-11-05 08:38:00",
        "content": "Okay!",
        "repliedAt": null,
        "replyContent": null,
        "reviewCreatedVersion": "10.0",
        "reviewId": "9a202bb9-0719-4eb4-9aa8-e9b8ed21eec1",
        "score": 5,
        "thumbsUpCount": 0,
        "userImage": "https://play-lh.googleusercontent.com/a-/ALV-UjVo53OsUYnoA9blYAymCsPP3CWaFtffv5Bvc5_bZdj9e9g",
        "userName": "Alpha \u201cAnalpha\u201d Alfonso"
    },
    {
        "appVersion": "10.0",
        "at": "2023-11-05 08:33:38",
        "content": "I just downloaded it and looking forward whether I can withdraw or not...",
        "repliedAt": null,
        "replyContent": null,
        "reviewCreatedVersion": "10.0",
        "reviewId": "103c9c5e-89be-435f-bcb5-126c01dfc10a",
        "score": 3,
        "thumbsUpCount": 1,
        "userImage": "https://play-lh.googleusercontent.com/a-/ALV-UjXp4gQczLqHrEZQ-sGsaEfOA3-Os9-wh0nsm2Wh_oZi-A",
        "userName": "Ekow Pramusu Donkoh"
    },
    {
        "appVersion": "10.0",
        "at": "2023-11-05 04:32:09",
        "content": "I like it",
        "repliedAt": null,
        "replyContent": null,
        "reviewCreatedVersion": "10.0",
        "reviewId": "98aff246-bee7-4232-a428-def8ee7e9a9d",
        "score": 5,
        "thumbsUpCount": 0,
        "userImage": "https://play-lh.googleusercontent.com/a-/ALV-UjV9fiTysQWae-oMCcd3QJ5G8W4qmGxirDCcQvHgyhaz4w",
        "userName": "Lhorddy Richh"
    },
    {
        "appVersion": "10.0",
        "at": "2023-11-03 04:03:29",
        "content": "Great",
        "repliedAt": null,
        "replyContent": null,
        "reviewCreatedVersion": "10.0",
        "reviewId": "92ca993e-ad85-44a6-b70b-3d45f8d53383",
        "score": 5,
        "thumbsUpCount": 0,
        "userImage": "https://play-lh.googleusercontent.com/a/ACg8ocLHlH7LuzFxNNlCTtwXfuHLyyyRgpcbT96uNN_oc91q=mo",
        "userName": "Zafran Gull"
    },
    {
        "appVersion": "10.0",
        "at": "2023-11-02 16:15:09",
        "content": "Nice epp",
        "repliedAt": null,
        "replyContent": null,
        "reviewCreatedVersion": "10.0",
        "reviewId": "03eacdb1-01b1-46b2-95d3-5f26f1e258f3",
        "score": 5,
        "thumbsUpCount": 0,
        "userImage": "https://play-lh.googleusercontent.com/a/ACg8ocJ66q1BUuQjdFO4NGH-mxAXjZBKhCRHCUuqgx85yNj8=mo",
        "userName": "MD ARIF"
    },
    {
        "appVersion": "10.0",
        "at": "2023-11-02 13:16:02",
        "content": "Try this",
        "repliedAt": null,
        "replyContent": null,
        "reviewCreatedVersion": "10.0",
        "reviewId": "9b9f94fe-46f6-4f40-bf55-3f0364696dd2",
        "score": 5,
        "thumbsUpCount": 0,
        "userImage": "https://play-lh.googleusercontent.com/a-/ALV-UjX1Jxj0WmYqXct6bHBr_EhUcZPr6RoXf9Ii3AYpb36Haow",
        "userName": "Sujon Adhikary"
    },
    {
        "appVersion": "10.0",
        "at": "2023-11-02 00:40:16",
        "content": "Grreat!",
        "repliedAt": null,
        "replyContent": null,
        "reviewCreatedVersion": "10.0",
        "reviewId": "fd6acddb-7527-47fa-8ccf-4889948802d3",
        "score": 5,
        "thumbsUpCount": 0,
        "userImage": "https://play-lh.googleusercontent.com/a-/ALV-UjUb1l7wPwEjDpn94rIx1EKPWB9cLlHqSwdo0HD1c1TJfTU",
        "userName": "Austin Bittrick"
    },
    {
        "appVersion": "10.0",
        "at": "2023-10-31 11:35:04",
        "content": "Reliable for mininng",
        "repliedAt": null,
        "replyContent": null,
        "reviewCreatedVersion": "10.0",
        "reviewId": "0b64b578-08f2-41fe-b445-37389a30ab24",
        "score": 5,
        "thumbsUpCount": 0,
        "userImage": "https://play-lh.googleusercontent.com/a/ACg8ocKlYXI1pr2w9qn66i-8eiKaCWFg_V3Ls71z1zZQs10M=mo",
        "userName": "David Mbonu"
    },
    {
        "appVersion": "10.0",
        "at": "2023-10-30 08:41:39",
        "content": "Am first time.let and see next",
        "repliedAt": null,
        "replyContent": null,
        "reviewCreatedVersion": "10.0",
        "reviewId": "cecfe782-e45f-41a5-a64c-69b6813e8f90",
        "score": 5,
        "thumbsUpCount": 0,
        "userImage": "https://play-lh.googleusercontent.com/a-/ALV-UjVDM0qP9jxZ4RdFw0kx4ESCNqeMGeMO5uUrMxnFCiHvTkk",
        "userName": "Idrisu Saidu"
    },
    {
        "appVersion": "10.0",
        "at": "2023-10-30 02:53:11",
        "content": "\ud83d\ude2d this is a mean way to waste people's time. And you are seeing this don't bother downloading, I wonder where they got the 5 star rating, garbage app, since they do not play ads it's possible they actually steal BNB cloud mined coins, you keeping it will give you no dime.",
        "repliedAt": null,
        "replyContent": null,
        "reviewCreatedVersion": "10.0",
        "reviewId": "edfba64e-c459-465f-a6af-f37fd11a9b20",
        "score": 1,
        "thumbsUpCount": 36,
        "userImage": "https://play-lh.googleusercontent.com/a/ACg8ocKolTs7XO5FlXOipg6QoilXcwSrGuxb4lvLOL8edlUH=mo",
        "userName": "Amarachi Confidence"
    },
    {
        "appVersion": "10.0",
        "at": "2023-10-29 09:18:13",
        "content": "This app is fantabulous , I give them 5 \ud83c\udf1f stars",
        "repliedAt": null,
        "replyContent": null,
        "reviewCreatedVersion": "10.0",
        "reviewId": "ff5aed07-63cd-4e26-92a1-0f89ddde4494",
        "score": 5,
        "thumbsUpCount": 0,
        "userImage": "https://play-lh.googleusercontent.com/a/ACg8ocIAXMsANtqjTYLusyCIb8N8hUV1lqvj_iVPNxM6R-Xt=mo",
        "userName": "Amaka Etta"
    },
    {
        "appVersion": "10.0",
        "at": "2023-10-29 00:46:12",
        "content": "works while you sleep to generate you Bitcoin it's great \ud83d\udc4d",
        "repliedAt": null,
        "replyContent": null,
        "reviewCreatedVersion": "10.0",
        "reviewId": "43973c6e-756c-4376-a57c-9c8730cb5c96",
        "score": 5,
        "thumbsUpCount": 0,
        "userImage": "https://play-lh.googleusercontent.com/a/ACg8ocI5edxfgVFIYf_MnQ4AotQ8qxfH0BO2BJmlkOp_kqji=mo",
        "userName": "Jason"
    },
    {
        "appVersion": "10.0",
        "at": "2023-10-28 15:56:33",
        "content": "Scam app. Do not install.",
        "repliedAt": null,
        "replyContent": null,
        "reviewCreatedVersion": "10.0",
        "reviewId": "91f6778b-10e5-459c-aa67-bc1f16168dde",
        "score": 1,
        "thumbsUpCount": 2,
        "userImage": "https://play-lh.googleusercontent.com/a-/ALV-UjXr_v1C5n30ousA1vmIH7xELPLH_p1Ws7cmnGFh4FDd3xGJ",
        "userName": "Usman \u201cMuqadir\u201d Qadir"
    },
    {
        "appVersion": null,
        "at": "2023-10-26 06:53:50",
        "content": "Don't understand it. I have to pay site to get deposit. But good site",
        "repliedAt": null,
        "replyContent": null,
        "reviewCreatedVersion": null,
        "reviewId": "ca3e9f93-a87b-45d0-8392-f834e641fdeb",
        "score": 5,
        "thumbsUpCount": 0,
        "userImage": "https://play-lh.googleusercontent.com/a-/ALV-UjXSkuXs57idHwzQJHxsT2mHesukLg4vZBHJHkm0kVSZEhM",
        "userName": "Tw Repp"
    },
    {
        "appVersion": "10.0",
        "at": "2023-10-26 06:23:04",
        "content": "Has a big u get o bc",
        "repliedAt": null,
        "replyContent": null,
        "reviewCreatedVersion": "10.0",
        "reviewId": "459fa6d1-076d-48b2-b8cc-165e9ecb158c",
        "score": 1,
        "thumbsUpCount": 1,
        "userImage": "https://play-lh.googleusercontent.com/a/ACg8ocJ-nQBdRPBn3eS9Y9HFcJ8wDPsRPEQUBj2MuazzIcei=mo",
        "userName": "tyne cadman"
    },
    {
        "appVersion": null,
        "at": "2023-10-24 13:41:04",
        "content": "Fake it's suck your Internet data. Reduce you data internet",
        "repliedAt": null,
        "replyContent": null,
        "reviewCreatedVersion": null,
        "reviewId": "8627e5a2-bf60-4c86-9680-07a307ce862a",
        "score": 1,
        "thumbsUpCount": 0,
        "userImage": "https://play-lh.googleusercontent.com/a-/ALV-UjVttMRRDV-Bilzy6-Zch13aLrp-qBR-ou3qCqOzymaLY8M",
        "userName": "Harry Ghuman"
    },
    {
        "appVersion": null,
        "at": "2023-10-22 19:21:47",
        "content": "Chioud",
        "repliedAt": null,
        "replyContent": null,
        "reviewCreatedVersion": null,
        "reviewId": "4af699bf-83af-405a-9d19-e57fa0d18f54",
        "score": 5,
        "thumbsUpCount": 0,
        "userImage": "https://play-lh.googleusercontent.com/a/ACg8ocJFD_ccGHC1DXljYmW6etl_Qg25NaT9NlqsZVADXL3K=mo",
        "userName": "Tammy Bigstone"
    },
    {
        "appVersion": null,
        "at": "2023-10-21 12:12:34",
        "content": "Minimum amount to cash out is 2 Bitcoin. With the free option, it would take 6 years and 125 days to cash out. It doesn't link to your Google Play account, an email, or anything of the like. If you don't keep it running for that entire time or get a different device for any reason, all you've done is slow down your phone. This is a scam and nothing more.",
        "repliedAt": null,
        "replyContent": null,
        "reviewCreatedVersion": null,
        "reviewId": "04373379-d819-46a3-b705-b5d67ca5e3b5",
        "score": 1,
        "thumbsUpCount": 148,
        "userImage": "https://play-lh.googleusercontent.com/a/ACg8ocI_tYZIooDYnBtYCQGSzzWcKzbUmKUX8Eb1KhlPgM71=mo",
        "userName": "Brett Nelson"
    },
    {
        "appVersion": "10.0",
        "at": "2023-10-16 12:13:07",
        "content": "It's ight",
        "repliedAt": null,
        "replyContent": null,
        "reviewCreatedVersion": "10.0",
        "reviewId": "e14c3b45-4469-4397-bf5c-43d69deffd13",
        "score": 5,
        "thumbsUpCount": 0,
        "userImage": "https://play-lh.googleusercontent.com/a-/ALV-UjV8lP2lN3IPNxzrUgmdXFzfx0uWan7jn8oVkITj6riYCg",
        "userName": "Maf llc"
    },
    {
        "appVersion": "10.0",
        "at": "2023-10-13 21:56:36",
        "content": "I never downloaded or signed up for this scam and they harass me constantly l want it gone and tired of blocking these people",
        "repliedAt": null,
        "replyContent": null,
        "reviewCreatedVersion": "10.0",
        "reviewId": "ebeaf045-fb57-4534-92b2-7dd0b05fc538",
        "score": 1,
        "thumbsUpCount": 2,
        "userImage": "https://play-lh.googleusercontent.com/a/ACg8ocLpRJmpbF3HyHgLPGl9Hef_YYGe6_ipCyP8N8QKLccB57Y=mo",
        "userName": "Carrie Orton (Carebear)"
    },
    {
        "appVersion": "10.0",
        "at": "2023-10-13 17:12:06",
        "content": "This app is full of scams to be honest",
        "repliedAt": null,
        "replyContent": null,
        "reviewCreatedVersion": "10.0",
        "reviewId": "f2297c8b-0a51-4ddb-99b4-102d9bc72225",
        "score": 1,
        "thumbsUpCount": 1,
        "userImage": "https://play-lh.googleusercontent.com/a/ACg8ocIRdGFggrgmHzrTPDvQdK-BGISuF26bBHVEgHrpIxbG=mo",
        "userName": "Omike Simon"
    },
    {
        "appVersion": "10.0",
        "at": "2023-10-13 11:00:01",
        "content": "Absolute garbage. Keeps crashing, upgrade plan doesn't work and nothing works. Developers, get to work.",
        "repliedAt": null,
        "replyContent": null,
        "reviewCreatedVersion": "10.0",
        "reviewId": "6e81f607-d9c7-4228-9b83-563646b54f9d",
        "score": 1,
        "thumbsUpCount": 97,
        "userImage": "https://play-lh.googleusercontent.com/a-/ALV-UjWBvsglxzV0RcNXk3a_dley0MB6cI6-Ptr1SpsyyTDaiA",
        "userName": "dfgn kjhgf"
    },
    {
        "appVersion": "10.0",
        "at": "2023-10-12 01:55:34",
        "content": "Divine \ud83e\udd1f",
        "repliedAt": null,
        "replyContent": null,
        "reviewCreatedVersion": "10.0",
        "reviewId": "0c8b7809-80a3-4141-b811-17d73cb2faa0",
        "score": 5,
        "thumbsUpCount": 1,
        "userImage": "https://play-lh.googleusercontent.com/a/ACg8ocJmccyD2pytU_e_GLrTswvNMyVJO3QOs3Q5FAF8a2YF=mo",
        "userName": "Juanita Norberto"
    },
    {
        "appVersion": "10.0",
        "at": "2023-10-11 23:20:04",
        "content": "Love",
        "repliedAt": null,
        "replyContent": null,
        "reviewCreatedVersion": "10.0",
        "reviewId": "861a0d55-1d45-42c4-9f88-96854c0a436e",
        "score": 5,
        "thumbsUpCount": 1,
        "userImage": "https://play-lh.googleusercontent.com/a/ACg8ocJ1uSD2dJnQypnQC7cF6owRtm9GAV9HPmPYSpKiG9GF=mo",
        "userName": "Shayla Rapoza"
    },
    {
        "appVersion": "10.0",
        "at": "2023-10-09 09:57:12",
        "content": "Good",
        "repliedAt": null,
        "replyContent": null,
        "reviewCreatedVersion": "10.0",
        "reviewId": "f826592a-1773-41ed-922b-98d05afabc15",
        "score": 5,
        "thumbsUpCount": 1,
        "userImage": "https://play-lh.googleusercontent.com/a/ACg8ocJ4qSQ9s7MJrSEcJOcMLCauSvF2KGr59vemrywCNROP=mo",
        "userName": "John Ajayi"
    },
    {
        "appVersion": "10.0",
        "at": "2023-10-08 10:33:00",
        "content": "Nice",
        "repliedAt": null,
        "replyContent": null,
        "reviewCreatedVersion": "10.0",
        "reviewId": "0fa2ede2-376f-45e4-8aa6-fab0cf36bfff",
        "score": 5,
        "thumbsUpCount": 1,
        "userImage": "https://play-lh.googleusercontent.com/a/ACg8ocJ-Di00SZLIBNyyDTUu6t85KmUldJ5c01E9xWakAe8i=mo",
        "userName": "Md Samiul Islam"
    },
    {
        "appVersion": null,
        "at": "2023-10-07 05:46:28",
        "content": "This app is total rubbish i hate it",
        "repliedAt": null,
        "replyContent": null,
        "reviewCreatedVersion": null,
        "reviewId": "e5a58b37-22f1-4cfc-ab3a-5b09996c85be",
        "score": 1,
        "thumbsUpCount": 2,
        "userImage": "https://play-lh.googleusercontent.com/a/ACg8ocIzGMzHZsaCDUYRAXAI1m-fTZn1S01WsFFrvsH6ZcES=mo",
        "userName": "Michael Achionye"
    },
    {
        "appVersion": "10.0",
        "at": "2023-10-06 13:48:32",
        "content": "Fake as fake can be!!!!!",
        "repliedAt": null,
        "replyContent": null,
        "reviewCreatedVersion": "10.0",
        "reviewId": "3ff1e876-57c1-44b4-8ec3-12ab0b7e00bc",
        "score": 1,
        "thumbsUpCount": 3,
        "userImage": "https://play-lh.googleusercontent.com/a-/ALV-UjUZOOuOU0gGLSVoRvo18MARAbSxUoEvEaxWhSTQOkh2puU",
        "userName": "William Barrett"
    },
    {
        "appVersion": "10.0",
        "at": "2023-10-02 19:48:33",
        "content": "King",
        "repliedAt": null,
        "replyContent": null,
        "reviewCreatedVersion": "10.0",
        "reviewId": "b1b341bb-be2e-4c22-85c3-1a2f2be5b820",
        "score": 5,
        "thumbsUpCount": 1,
        "userImage": "https://play-lh.googleusercontent.com/a-/ALV-UjVGT6dOSv1QGNyBwwpXXfbTNwOzOIBsTQDV2rtuvznKgw",
        "userName": "Abubak A Waziri"
    },
    {
        "appVersion": "10.0",
        "at": "2023-10-01 01:43:19",
        "content": "Mining made easy! Great for any crypto trader!",
        "repliedAt": null,
        "replyContent": null,
        "reviewCreatedVersion": "10.0",
        "reviewId": "4bb98911-7e8a-4cdd-8e8c-4f03e967350d",
        "score": 5,
        "thumbsUpCount": 1,
        "userImage": "https://play-lh.googleusercontent.com/a/ACg8ocKmsApdijVGvJshJQ8tuPNK__ddWu0P_hogxVPpp0SuaRk=mo",
        "userName": "Nichole Jones"
    },
    {
        "appVersion": "10.0",
        "at": "2023-09-29 13:41:53",
        "content": "How does the play store allow apps like this to get downloaded? We trust that play store is legit? Then comes scams like this!! No registration and no withdrawal until 2.0 BTC that's probably when they steal your coins! Imagine how much $ they're stealing from all the people who believe their will get 2.0 BTC??? I believe. Then opened my eyes.... fake. Don't waste time. You're ip is being used to mine for them. Here's the kicker-Google Play Store is letting it happen\u00a1",
        "repliedAt": null,
        "replyContent": null,
        "reviewCreatedVersion": "10.0",
        "reviewId": "fb777e32-292d-4ea0-9225-5af3d8615665",
        "score": 1,
        "thumbsUpCount": 107,
        "userImage": "https://play-lh.googleusercontent.com/a/ACg8ocLlI7DM6ZWBmHmTzJ8FhE6kAUDwx3nxxb9OOwVAnYQ0=mo",
        "userName": "Starlene Nava"
    },
    {
        "appVersion": "10.0",
        "at": "2023-09-28 11:27:29",
        "content": "It wont let me upgrade the plans I've tried to upgrade multiple times got nothing please help. I've put a 4 star for now til I get the upgrade",
        "repliedAt": null,
        "replyContent": null,
        "reviewCreatedVersion": "10.0",
        "reviewId": "c4df9e80-9627-4356-a90a-18dd81b090c0",
        "score": 4,
        "thumbsUpCount": 4,
        "userImage": "https://play-lh.googleusercontent.com/a/ACg8ocL0lTPrT6149rcUycq4D65xKD8VYaheXy6AtrYbhJ-g=mo",
        "userName": "Mark Davies"
    },
    {
        "appVersion": null,
        "at": "2023-09-28 03:48:48",
        "content": "awesome",
        "repliedAt": null,
        "replyContent": null,
        "reviewCreatedVersion": null,
        "reviewId": "3970efa5-1af6-47a5-9132-3a576a3a4819",
        "score": 1,
        "thumbsUpCount": 2,
        "userImage": "https://play-lh.googleusercontent.com/a/ACg8ocId8IT2kzt3-2FK9uctWE3-f_aj4PF8a4Z3up3Z0HP7=mo",
        "userName": "ellen mabusela"
    },
    {
        "appVersion": "10.0",
        "at": "2023-09-26 06:57:18",
        "content": "Fake",
        "repliedAt": null,
        "replyContent": null,
        "reviewCreatedVersion": "10.0",
        "reviewId": "7e787f94-d3ef-40af-8668-6d1161e86ba5",
        "score": 1,
        "thumbsUpCount": 1,
        "userImage": "https://play-lh.googleusercontent.com/a-/ALV-UjWV5SciCdmMZxiwRk5W9M7No-YEI4EEV5qCprGu_Qguuw",
        "userName": "DAVIS MUKARA"
    },
    {
        "appVersion": "10.0",
        "at": "2023-09-25 08:12:02",
        "content": "Good app",
        "repliedAt": null,
        "replyContent": null,
        "reviewCreatedVersion": "10.0",
        "reviewId": "ccc65eef-7894-4cc0-bf11-af3e3294ce8c",
        "score": 5,
        "thumbsUpCount": 1,
        "userImage": "https://play-lh.googleusercontent.com/a-/ALV-UjWC6sKk3CnfbNMpuXU_JmDGVaSUudrRyvLX1Ff-Bs8lVw",
        "userName": "Md.Ibrahim"
    },
    {
        "appVersion": "10.0",
        "at": "2023-09-21 18:08:48",
        "content": "Best regards to Bitcoin minning",
        "repliedAt": null,
        "replyContent": null,
        "reviewCreatedVersion": "10.0",
        "reviewId": "e917e43d-8b1c-4699-93c6-be9e5fa2915c",
        "score": 4,
        "thumbsUpCount": 1,
        "userImage": "https://play-lh.googleusercontent.com/a-/ALV-UjUCqigZr9pYkQgei2LknCQvMiQv1hlSfwRwNuxWyZQiKu4",
        "userName": "cleopatra belfas (Backstreet entr.)"
    },
    {
        "appVersion": "10.0",
        "at": "2023-09-21 13:28:31",
        "content": "great job",
        "repliedAt": null,
        "replyContent": null,
        "reviewCreatedVersion": "10.0",
        "reviewId": "8b77883b-c17f-45be-bce9-49c9f86103cc",
        "score": 5,
        "thumbsUpCount": 1,
        "userImage": "https://play-lh.googleusercontent.com/a-/ALV-UjVQ5thrhAwR-u2Yh3JqYMds-0DBOJNAVs-WuU6vmN0aaTU",
        "userName": "abel Sunday"
    },
    {
        "appVersion": "10.0",
        "at": "2023-09-16 11:17:05",
        "content": "Very good app",
        "repliedAt": null,
        "replyContent": null,
        "reviewCreatedVersion": "10.0",
        "reviewId": "4aa6626f-0c7a-4474-9ee5-fafd35120414",
        "score": 5,
        "thumbsUpCount": 1,
        "userImage": "https://play-lh.googleusercontent.com/a/ACg8ocIVVaZHOTz6lmK4eGAisZntkcjpZo8wkHiUZSTpsDnK=mo",
        "userName": "Khan Rahimi"
    },
    {
        "appVersion": "10.0",
        "at": "2023-09-09 21:12:35",
        "content": "$JNIGRO$",
        "repliedAt": null,
        "replyContent": null,
        "reviewCreatedVersion": "10.0",
        "reviewId": "52dac5a0-377c-4f59-a92b-a3956dc3146f",
        "score": 5,
        "thumbsUpCount": 1,
        "userImage": "https://play-lh.googleusercontent.com/a-/ALV-UjVrIXGKkYVYIgpFLcohHnB0-zNa2C6Xa7F2uEYV4YcRU_M",
        "userName": "Joshua Nigro"
    },
    {
        "appVersion": "10.0",
        "at": "2023-09-09 05:47:57",
        "content": "Verigoo",
        "repliedAt": null,
        "replyContent": null,
        "reviewCreatedVersion": "10.0",
        "reviewId": "97baf18d-6049-4114-a73f-3cbfe218ab4f",
        "score": 5,
        "thumbsUpCount": 2,
        "userImage": "https://play-lh.googleusercontent.com/a/ACg8ocIXk4EINbzUmFc3JY0O8EKSZwkmWacU0gsjOSGvoGDk=mo",
        "userName": "Priyantha Senarath"
    },
    {
        "appVersion": null,
        "at": "2023-09-08 19:35:28",
        "content": "I need to start itgood customer service and fair.....dnrjskbrje new jew backs 65 grand money on",
        "repliedAt": null,
        "replyContent": null,
        "reviewCreatedVersion": null,
        "reviewId": "8c936662-0016-4f7a-b21a-12c44b6c35ba",
        "score": 5,
        "thumbsUpCount": 1,
        "userImage": "https://play-lh.googleusercontent.com/a-/ALV-UjWa3vfVckdPlu8eNQ6mXGP1C7EOpJxuXOafw08GMNP-rCk",
        "userName": "Michael DeCoeur"
    },
    {
        "appVersion": null,
        "at": "2023-09-07 11:10:30",
        "content": "My god this good please",
        "repliedAt": null,
        "replyContent": null,
        "reviewCreatedVersion": null,
        "reviewId": "076d5368-c112-42b1-ba00-e66bd66e189c",
        "score": 5,
        "thumbsUpCount": 1,
        "userImage": "https://play-lh.googleusercontent.com/a/ACg8ocJLMlYYzF_ELowJqJLUHWqC2g-yzHZIYiu5QvQVwkfr=mo",
        "userName": "Alex Kenzy"
    },
    {
        "appVersion": "10.0",
        "at": "2023-08-30 21:03:23",
        "content": "I just got my 2btc WOW \ud83d\ude33 mine was mind blowin because i didn't think i could make it out 5 GOOD MONTHS of mining \u26cf\ufe0f Thank gracious \ud83d\ude4f GOD \ud83d\ude00 and that's why i will rate it five stars",
        "repliedAt": null,
        "replyContent": null,
        "reviewCreatedVersion": "10.0",
        "reviewId": "a8fc271f-a8d8-47ee-82d7-98f98e095fd2",
        "score": 5,
        "thumbsUpCount": 10,
        "userImage": "https://play-lh.googleusercontent.com/a/ACg8ocI0AaQNdF647RPHMySnqLml29OxXULyhMOVpDRHcGfV=mo",
        "userName": "Sebastine Paul"
    },
    {
        "appVersion": null,
        "at": "2023-08-29 21:03:38",
        "content": "Too much ads and deem sus to me. If someone had redeem, they would review. Not a single review I have read. Red Flag, I've uninstalled the app",
        "repliedAt": null,
        "replyContent": null,
        "reviewCreatedVersion": null,
        "reviewId": "fc71ba86-18cc-4c8e-8d8f-e982fbb88d83",
        "score": 1,
        "thumbsUpCount": 9,
        "userImage": "https://play-lh.googleusercontent.com/a/ACg8ocL1wErnABSWfnMtiWG9DTA8DfewZiHXLie8uVDXkHqC=mo",
        "userName": "T Series"
    },
    {
        "appVersion": null,
        "at": "2023-08-29 12:50:57",
        "content": "Nice forget all this people saying nonsense",
        "repliedAt": null,
        "replyContent": null,
        "reviewCreatedVersion": null,
        "reviewId": "9beb0856-45a5-4d74-8b9e-749b879a8750",
        "score": 5,
        "thumbsUpCount": 1,
        "userImage": "https://play-lh.googleusercontent.com/a/ACg8ocLkhj9QKKhsa26HApklZSeJSlxIr34jpI_0Z5fY8cBx=mo",
        "userName": "Chinenye Njoku"
    },
    {
        "appVersion": "10.0",
        "at": "2023-08-23 15:57:22",
        "content": "Mining smoothly for now, no issues",
        "repliedAt": null,
        "replyContent": null,
        "reviewCreatedVersion": "10.0",
        "reviewId": "e1cb0f9a-1052-4b99-917c-dd2d50049a72",
        "score": 4,
        "thumbsUpCount": 4,
        "userImage": "https://play-lh.googleusercontent.com/a/ACg8ocJ2xaVy6qW1VRHcj0D03uMPTGjh8CFziGRSZ1GGzm8=mo",
        "userName": "Joshua Chinedu"
    },
    {
        "appVersion": "10.0",
        "at": "2023-08-23 15:15:30",
        "content": "It's really it's great",
        "repliedAt": null,
        "replyContent": null,
        "reviewCreatedVersion": "10.0",
        "reviewId": "46449425-c791-44f9-887f-b2b98275c15d",
        "score": 5,
        "thumbsUpCount": 1,
        "userImage": "https://play-lh.googleusercontent.com/a-/ALV-UjX3QfCMbNRxZgTr7m22pQ4eDRckNS67z-qvWuJLaZfSmyd4",
        "userName": "Andys Velasquez"
    },
    {
        "appVersion": "10.0",
        "at": "2023-08-22 03:23:01",
        "content": "This is just fake",
        "repliedAt": null,
        "replyContent": null,
        "reviewCreatedVersion": "10.0",
        "reviewId": "f08a2bcf-e6f8-4c56-b9c3-f5b3a88b4b88",
        "score": 1,
        "thumbsUpCount": 4,
        "userImage": "https://play-lh.googleusercontent.com/a/ACg8ocIRxoLwMmX9aiwRGu-IJV40M5DvYxSMZ39hf7y8IIWt=mo",
        "userName": "Eboru john peter"
    },
    {
        "appVersion": "10.0",
        "at": "2023-08-20 06:14:05",
        "content": "Seriously this is scam\ud83d\ude12",
        "repliedAt": null,
        "replyContent": null,
        "reviewCreatedVersion": "10.0",
        "reviewId": "58f69edd-bc44-4281-b1f5-c704a6422e05",
        "score": 1,
        "thumbsUpCount": 3,
        "userImage": "https://play-lh.googleusercontent.com/a/ACg8ocIjTUYjbBKZ_RCS9LZGK0toZy7lvJa4AFlHYQYTiwWt=mo",
        "userName": "AbdulKadir Garzali"
    },
    {
        "appVersion": "10.0",
        "at": "2023-08-20 00:35:59",
        "content": "Very good for me to use",
        "repliedAt": null,
        "replyContent": null,
        "reviewCreatedVersion": "10.0",
        "reviewId": "9cfc7719-7a37-4869-a50a-6f9503afe4da",
        "score": 5,
        "thumbsUpCount": 1,
        "userImage": "https://play-lh.googleusercontent.com/a-/ALV-UjWD85nyRNK8SAGnPEEqRnbH1oOD3pWGp-P0er29FXGWFCM",
        "userName": "Gwen Lagus"
    },
    {
        "appVersion": "10.0",
        "at": "2023-08-19 10:30:56",
        "content": "Very good ganarate eran",
        "repliedAt": null,
        "replyContent": null,
        "reviewCreatedVersion": "10.0",
        "reviewId": "b49366e4-106d-443a-a1e6-bdb09556b94f",
        "score": 5,
        "thumbsUpCount": 1,
        "userImage": "https://play-lh.googleusercontent.com/a-/ALV-UjWLPi7qQpYTsn4YCswpNCaa2bFWOWcxdU3UgLVJR3wkmg",
        "userName": "Iqbal Hossain"
    },
    {
        "appVersion": "10.0",
        "at": "2023-08-15 05:12:20",
        "content": "How true is it. Minimum payout 2btc. It is too good to be true. No account registration,no profile!!",
        "repliedAt": null,
        "replyContent": null,
        "reviewCreatedVersion": "10.0",
        "reviewId": "fc0ec5e0-d15b-4f4c-baad-e4aedc5131a8",
        "score": 2,
        "thumbsUpCount": 10,
        "userImage": "https://play-lh.googleusercontent.com/a-/ALV-UjXt5HBOLJj9Ex6SMerzXuK08uyDBRosanoSAPceQhlrGg",
        "userName": "MICHAEL NWEKE"
    },
    {
        "appVersion": "10.0",
        "at": "2023-08-14 10:28:41",
        "content": "Has anyone really ever been able to cash out with this app? If it's a scam why doesn't the app store make them declare that it is a simulation. I think we should have some protection from developers with simulation only apps that want our money and info.",
        "repliedAt": null,
        "replyContent": null,
        "reviewCreatedVersion": "10.0",
        "reviewId": "e92e57ad-699d-4345-83f1-8fb03551d578",
        "score": 1,
        "thumbsUpCount": 13,
        "userImage": "https://play-lh.googleusercontent.com/a/ACg8ocK5PZCwDSukQfXiEL0qdgUPjObmSE8XdqAGqByXl-W73J0=mo",
        "userName": "Quentin Wall"
    },
    {
        "appVersion": null,
        "at": "2023-08-14 02:21:48",
        "content": "More ads on the app,,just wasting your data for nothing",
        "repliedAt": null,
        "replyContent": null,
        "reviewCreatedVersion": null,
        "reviewId": "5977a574-eace-47cb-989a-494da86974f4",
        "score": 1,
        "thumbsUpCount": 8,
        "userImage": "https://play-lh.googleusercontent.com/a-/ALV-UjVwF_yvoLiXe1Ol_3IDiMdbUpfoSl1LfcfJJkhBGjuYCA",
        "userName": "dominic angolio"
    },
    {
        "appVersion": null,
        "at": "2023-08-13 15:26:19",
        "content": "All the cloud mining apps make me laugh . The minimum withdrawal amount is 2.0 BTC. Does anyone know how much money that is and how long it would even take to reach that amount. That 2.0 BTC is almost 30k USD . Have fun with it if you seriously think someone is sending you that amount of money for letting a app run on your phone",
        "repliedAt": null,
        "replyContent": null,
        "reviewCreatedVersion": null,
        "reviewId": "1e38282a-77c0-4daf-82c0-221ce4c6ce2d",
        "score": 1,
        "thumbsUpCount": 134,
        "userImage": "https://play-lh.googleusercontent.com/a-/ALV-UjVVngu0qDj8A0AfkDz7KFFj8NCB18PCDCCDLaU5g-X-k-2_",
        "userName": "Jeremy Cummings (Xtrekkiee)"
    },
    {
        "appVersion": null,
        "at": "2023-08-13 04:27:46",
        "content": "Not good",
        "repliedAt": null,
        "replyContent": null,
        "reviewCreatedVersion": null,
        "reviewId": "66ae45dd-b91a-4ba2-a81a-8c45fbab86a6",
        "score": 1,
        "thumbsUpCount": 1,
        "userImage": "https://play-lh.googleusercontent.com/a-/ALV-UjU8qL1hYrjy97hVuShRjloJT7V69xZorD8GGCdlFonf_vY",
        "userName": "DEEPU SINGH"
    },
    {
        "appVersion": null,
        "at": "2023-08-12 08:23:40",
        "content": "i hope its real",
        "repliedAt": null,
        "replyContent": null,
        "reviewCreatedVersion": null,
        "reviewId": "9578f7a3-57a5-4c96-9442-bba7e07410e5",
        "score": 2,
        "thumbsUpCount": 1,
        "userImage": "https://play-lh.googleusercontent.com/a-/ALV-UjXsflBd08jBMzz3_-lLQcD5sFc37eZSNvHWjLvBVTerTw",
        "userName": "Malik Chand Naich"
    },
    {
        "appVersion": "10.0",
        "at": "2023-08-11 09:39:29",
        "content": "Very good it would be better with more reward",
        "repliedAt": null,
        "replyContent": null,
        "reviewCreatedVersion": "10.0",
        "reviewId": "b4273900-92ae-4b36-b18c-a1d96c658cd5",
        "score": 2,
        "thumbsUpCount": 1,
        "userImage": "https://play-lh.googleusercontent.com/a-/ALV-UjVLK42cKrDDq5-CFZ8t4oXSpt65h5nZ79WJvzJ7k8Kn2A",
        "userName": "Kayla Laidlaw"
    },
    {
        "appVersion": "10.0",
        "at": "2023-08-11 08:49:04",
        "content": "This app is really excellent",
        "repliedAt": null,
        "replyContent": null,
        "reviewCreatedVersion": "10.0",
        "reviewId": "71f99e48-622b-4ee5-bcc4-0a747227fa6e",
        "score": 5,
        "thumbsUpCount": 2,
        "userImage": "https://play-lh.googleusercontent.com/a/ACg8ocLNZF5U3-ohXYcxSZpyeNB-c-2q2VJApXJUWzYEybTA=mo",
        "userName": "Mohammad Alam"
    },
    {
        "appVersion": null,
        "at": "2023-08-06 15:41:53",
        "content": "It's totally scam or fake app im already use this",
        "repliedAt": null,
        "replyContent": null,
        "reviewCreatedVersion": null,
        "reviewId": "5775bba6-2e8a-4aa8-b1fc-d38e9ab97d24",
        "score": 1,
        "thumbsUpCount": 5,
        "userImage": "https://play-lh.googleusercontent.com/a/ACg8ocL-vfFRXz1XYehqoUsnuf-QcTUAl9lpQDNOcge92_6F=mo",
        "userName": "Moin Rasheed"
    },
    {
        "appVersion": "10.0",
        "at": "2023-08-05 20:27:59",
        "content": "The BIT Coin application lacks a sign-up option, and the minimum withdrawal of 2 BTC seems quite high. The application appears to engage in scam-like behavior by promoting upgrades that don't provide actual benefits. Users are advised to avoid spending money on upgrading their plans due to this concern.",
        "repliedAt": null,
        "replyContent": null,
        "reviewCreatedVersion": "10.0",
        "reviewId": "64ec5a8f-68ce-4110-bb0a-0563b33fadcd",
        "score": 1,
        "thumbsUpCount": 265,
        "userImage": "https://play-lh.googleusercontent.com/a/ACg8ocKW_hOF8ZdRVKDRsxWMoRwoz4-ajaUKHYcKiKDhsFYO=mo",
        "userName": "Munawar Hussain Shah"
    },
    {
        "appVersion": null,
        "at": "2023-08-01 10:27:48",
        "content": "\u01b8\u0335\u0321\u04dc\u0335\u0328\u0304\u01b7 approved",
        "repliedAt": null,
        "replyContent": null,
        "reviewCreatedVersion": null,
        "reviewId": "b994cf97-6ea7-459c-aeb9-20a8c56e59fc",
        "score": 5,
        "thumbsUpCount": 3,
        "userImage": "https://play-lh.googleusercontent.com/a/ACg8ocKiwI9cap6EbIpyioMMlQ5gMsI7J6DGW9I2fXxbIBJc3Q=mo",
        "userName": "Ray"
    },
    {
        "appVersion": "10.0",
        "at": "2023-07-31 22:23:24",
        "content": "Hello I'm Mr Wiseman Maphalala am interested to all my returns and my resources and all my payments returns all my businessies returns worldwide around the world",
        "repliedAt": null,
        "replyContent": null,
        "reviewCreatedVersion": "10.0",
        "reviewId": "fed0de9e-1db6-47c4-bb7a-e1f3f2db513f",
        "score": 5,
        "thumbsUpCount": 1,
        "userImage": "https://play-lh.googleusercontent.com/a-/ALV-UjUx1QPybMQC0jTn91neIZQONV8iQkWsSTp0x0MGyqSH_zg",
        "userName": "Wiseman Maphalala"
    },
    {
        "appVersion": "10.0",
        "at": "2023-07-29 01:06:15",
        "content": "Great so far so good",
        "repliedAt": null,
        "replyContent": null,
        "reviewCreatedVersion": "10.0",
        "reviewId": "7d692794-0e57-4830-b055-044cbb6759fa",
        "score": 5,
        "thumbsUpCount": 3,
        "userImage": "https://play-lh.googleusercontent.com/a/ACg8ocIV7JoguA2oNniKNzAEgC31wmHZwZxVv0p22UfKziKP=mo",
        "userName": "Frank James Harper"
    },
    {
        "appVersion": null,
        "at": "2023-07-26 11:05:45",
        "content": "Says error this is a fake app don't waste your time",
        "repliedAt": null,
        "replyContent": null,
        "reviewCreatedVersion": null,
        "reviewId": "c58d792f-276e-47b8-af43-e4dd10ca11ee",
        "score": 1,
        "thumbsUpCount": 2,
        "userImage": "https://play-lh.googleusercontent.com/a-/ALV-UjXyueEEIET4BKne2MSxHtBPMSV755RzeeXHpVwnYGg7buU",
        "userName": "Alex Baugh"
    },
    {
        "appVersion": "10.0",
        "at": "2023-07-24 06:30:43",
        "content": "Gays this is a very good BTC mining you can withdraw up to 2btc",
        "repliedAt": null,
        "replyContent": null,
        "reviewCreatedVersion": "10.0",
        "reviewId": "6eda86b2-0225-406e-8e08-f29d9e0a0fce",
        "score": 5,
        "thumbsUpCount": 3,
        "userImage": "https://play-lh.googleusercontent.com/a-/ALV-UjWwgF9Mqtvia727Yy1H320B4ShAx8qFaD8anmy8Q9y8IQ",
        "userName": "House God"
    },
    {
        "appVersion": null,
        "at": "2023-07-20 13:31:07",
        "content": "Excelente oportunidad",
        "repliedAt": null,
        "replyContent": null,
        "reviewCreatedVersion": null,
        "reviewId": "a810bf03-c75f-4cf1-afd5-20648d07f3a4",
        "score": 5,
        "thumbsUpCount": 1,
        "userImage": "https://play-lh.googleusercontent.com/a-/ALV-UjVKRSP2Y6PhSIDGoxFwxq5RMHVNM_7jpMRQL1gwffedSg",
        "userName": "Angel Diez"
    },
    {
        "appVersion": "10.0",
        "at": "2023-07-20 05:44:18",
        "content": "THIS APP IS TOTALLY NOT REAL I WISH I HAD NOT DOWNLOADED IT",
        "repliedAt": null,
        "replyContent": null,
        "reviewCreatedVersion": "10.0",
        "reviewId": "ab20748c-91f1-40bb-8035-91f659135711",
        "score": 1,
        "thumbsUpCount": 4,
        "userImage": "https://play-lh.googleusercontent.com/a/ACg8ocJSPi2b7q8emrvaaXSl63OpCp8y9wv01NRllJxYyvbb=mo",
        "userName": "Danson Kiprotich"
    },
    {
        "appVersion": null,
        "at": "2023-07-20 00:04:38",
        "content": "Is it real",
        "repliedAt": null,
        "replyContent": null,
        "reviewCreatedVersion": null,
        "reviewId": "3c6e50be-99fb-4f74-9f5f-29142e5fe118",
        "score": 1,
        "thumbsUpCount": 1,
        "userImage": "https://play-lh.googleusercontent.com/a/ACg8ocITECrJF__9v2f7im-fEokLHzPXIt-qhtBJphNzwsHD=mo",
        "userName": "Kingsford Amofa"
    },
    {
        "appVersion": "10.0",
        "at": "2023-07-19 18:39:44",
        "content": "Y'all developers, need to fix the bugs and improvements on y'all app. Because every time we users trying to upgrade the speed, it keep closing the app up. So y'all developers need to make some improvements, ASAP please.",
        "repliedAt": null,
        "replyContent": null,
        "reviewCreatedVersion": "10.0",
        "reviewId": "0944007b-a8e8-4542-a63f-21376530116b",
        "score": 1,
        "thumbsUpCount": 59,
        "userImage": "https://play-lh.googleusercontent.com/a-/ALV-UjWrNo6_h0Z9NMFDOunu0BZnKK7qc6LGOS40uySE5yqAGlg",
        "userName": "Devin Green"
    },
    {
        "appVersion": null,
        "at": "2023-07-19 06:16:08",
        "content": "It good",
        "repliedAt": null,
        "replyContent": null,
        "reviewCreatedVersion": null,
        "reviewId": "04c37838-ebee-41f4-a35b-396967831c5a",
        "score": 5,
        "thumbsUpCount": 1,
        "userImage": "https://play-lh.googleusercontent.com/a/ACg8ocIW7bedLFWqdtp3_lnA_As8iOFOjTQjh0EPfHUOrqGQ=mo",
        "userName": "Balogun Kehinde"
    },
    {
        "appVersion": null,
        "at": "2023-07-14 02:34:32",
        "content": "Nice",
        "repliedAt": null,
        "replyContent": null,
        "reviewCreatedVersion": null,
        "reviewId": "4c218059-a5c5-4b7b-ac93-a6df8420818c",
        "score": 5,
        "thumbsUpCount": 1,
        "userImage": "https://play-lh.googleusercontent.com/a/ACg8ocIqFaR9OGZx_iHToDta-i0serbxQBPPT5X17-mhvk2Q=mo",
        "userName": "Sifat Islam"
    },
    {
        "appVersion": null,
        "at": "2023-07-06 16:54:57",
        "content": "Good app",
        "repliedAt": null,
        "replyContent": null,
        "reviewCreatedVersion": null,
        "reviewId": "21d83add-caa2-4564-9cc8-486bfa5afa7a",
        "score": 4,
        "thumbsUpCount": 2,
        "userImage": "https://play-lh.googleusercontent.com/a-/ALV-UjVbz2Vm5VxuW_-P9c-vAMbHNHaNBnVane3WMD5bGTUJklY",
        "userName": "Mahmud Islam"
    },
    {
        "appVersion": "10.0",
        "at": "2023-07-05 23:16:18",
        "content": "Very nice App thank you Team. Simple, Easy but Effective",
        "repliedAt": null,
        "replyContent": null,
        "reviewCreatedVersion": "10.0",
        "reviewId": "7c963c31-1182-4910-b194-00f6023ed70c",
        "score": 5,
        "thumbsUpCount": 8,
        "userImage": "https://play-lh.googleusercontent.com/a/ACg8ocLwU6YvLnBViU_2sUikk_WxB7c_3NwwiT1S6Veq27FK=mo",
        "userName": "Stephanus"
    },
    {
        "appVersion": null,
        "at": "2023-07-05 01:39:25",
        "content": "Rubbish when you request withdraw your funds disapear and so does your balance",
        "repliedAt": null,
        "replyContent": null,
        "reviewCreatedVersion": null,
        "reviewId": "ecd9f13f-bb39-48db-a99e-1ea2288636d7",
        "score": 1,
        "thumbsUpCount": 4,
        "userImage": "https://play-lh.googleusercontent.com/a/ACg8ocJ5IbkXVulWFO7EOkPbZ0KNJ8iBIgWhFpJ3hiejuyqa=mo",
        "userName": "Mike"
    },
    {
        "appVersion": "10.0",
        "at": "2023-07-04 06:36:29",
        "content": "Slow but idk about withdraw",
        "repliedAt": null,
        "replyContent": null,
        "reviewCreatedVersion": "10.0",
        "reviewId": "401a56b2-d5bf-4ae5-98b6-d75b2dc12fed",
        "score": 2,
        "thumbsUpCount": 1,
        "userImage": "https://play-lh.googleusercontent.com/a-/ALV-UjWNszkqSGM6p6Q1CupX1nl9bOGsOD7ODZYx3D_jww-nL94",
        "userName": "Kao Saetern"
    },
    {
        "appVersion": "10.0",
        "at": "2023-06-27 08:26:21",
        "content": "It's good and it ok",
        "repliedAt": null,
        "replyContent": null,
        "reviewCreatedVersion": "10.0",
        "reviewId": "5d9ea167-0dd7-4ae3-b004-cab9f181beb2",
        "score": 5,
        "thumbsUpCount": 1,
        "userImage": "https://play-lh.googleusercontent.com/a-/ALV-UjVrtIWLNVINDqsgQon2rXxBhN7pTdmqbpyXUTyTxOl4-w",
        "userName": "Jamie Smart"
    },
    {
        "appVersion": "10.0",
        "at": "2023-06-20 08:12:29",
        "content": "The app has a bug",
        "repliedAt": null,
        "replyContent": null,
        "reviewCreatedVersion": "10.0",
        "reviewId": "463fb2de-98a9-436f-bd55-f449a7240074",
        "score": 1,
        "thumbsUpCount": 5,
        "userImage": "https://play-lh.googleusercontent.com/a/ACg8ocKKvyPp_YWl-rZm8KrhSC9EX-jNAYO1UfRYuKC2Ah-L=mo",
        "userName": "Miss Earle"
    },
    {
        "appVersion": null,
        "at": "2023-06-12 04:52:00",
        "content": "Fake app don't install",
        "repliedAt": null,
        "replyContent": null,
        "reviewCreatedVersion": null,
        "reviewId": "4f26093d-21c6-4be3-aad7-d8a9ae51d770",
        "score": 1,
        "thumbsUpCount": 4,
        "userImage": "https://play-lh.googleusercontent.com/a/ACg8ocJAbaMqK5m6dg6XA7bK7vftmzUXjP7ow51HoMJgRU3Y=mo",
        "userName": "Maneesh Kumar"
    },
    {
        "appVersion": "10.0",
        "at": "2023-06-11 04:29:31",
        "content": "This is scam apps",
        "repliedAt": null,
        "replyContent": null,
        "reviewCreatedVersion": "10.0",
        "reviewId": "ccef7e57-a85c-47fc-9bb5-2779251ccd1d",
        "score": 1,
        "thumbsUpCount": 4,
        "userImage": "https://play-lh.googleusercontent.com/a-/ALV-UjVjguRPGvCkdUg3Fx4IhqmkzpusFmVb8m4gZWlyHt8Cug",
        "userName": "Noel Loberanes"
    },
    {
        "appVersion": "10.0",
        "at": "2023-05-28 18:34:29",
        "content": "This app I don't understand how it works..but Mining time is running smoothly I hope that this is really mining not a fake plz..I recommend it my experience for this I downloaded it 10 days on free plan..it mining smooth I need to open upgrade plan.",
        "repliedAt": null,
        "replyContent": null,
        "reviewCreatedVersion": "10.0",
        "reviewId": "06253333-545f-4c11-ba72-acaa5ee75c0a",
        "score": 4,
        "thumbsUpCount": 38,
        "userImage": "https://play-lh.googleusercontent.com/a/ACg8ocKaP0SY8FIEt9ukxWcjkyEu6YpikeGCVWEDsUsYnLoo=mo",
        "userName": "Monde Pato"
    },
    {
        "appVersion": "10.0",
        "at": "2023-05-23 00:03:10",
        "content": "Hash rate is decent ish for a phone upgrade prices are questionable and the minimum withdrawal would take you exactly 107 days I will wait exactly this long and will update",
        "repliedAt": null,
        "replyContent": null,
        "reviewCreatedVersion": "10.0",
        "reviewId": "4342904d-30fd-4029-beb2-77678f243de5",
        "score": 3,
        "thumbsUpCount": 6,
        "userImage": "https://play-lh.googleusercontent.com/a/ACg8ocLlD25-QMS-ZVYTpcWqe-pvbFxKCdxA1mTegqd3-qBd=mo",
        "userName": "Morgan"
    },
    {
        "appVersion": "10.0",
        "at": "2023-05-17 22:15:34",
        "content": "I love this App. Ooooooo",
        "repliedAt": null,
        "replyContent": null,
        "reviewCreatedVersion": "10.0",
        "reviewId": "d97aee09-aa10-4301-97b9-23264d7ce47b",
        "score": 5,
        "thumbsUpCount": 1,
        "userImage": "https://play-lh.googleusercontent.com/a-/ALV-UjUKG1BdWXYWSWlRIOjI-9JaMk6yh9byBhEmSX1psb7MeA",
        "userName": "Prince Emmanuel Chinedu"
    },
    {
        "appVersion": "10.0",
        "at": "2023-05-16 10:57:16",
        "content": "Just scrap..no withdrawal and no upgrade.. who wants to earn for developer can use ths app.. developer of this app becomes rich..",
        "repliedAt": null,
        "replyContent": null,
        "reviewCreatedVersion": "10.0",
        "reviewId": "5cd5642d-8bb1-4c7b-afee-670b844eea55",
        "score": 1,
        "thumbsUpCount": 28,
        "userImage": "https://play-lh.googleusercontent.com/a/ACg8ocJ0tQCjuZvBR0HS1CJ7UpHNJ-lCk3TsCMHndwwWXMOV=mo",
        "userName": "Vignesh Prakasam"
    },
    {
        "appVersion": null,
        "at": "2023-05-14 20:29:17",
        "content": "When I tried upgrading the speed and I kept getting an error that the app had a bug and needed an update. Please assist.",
        "repliedAt": null,
        "replyContent": null,
        "reviewCreatedVersion": null,
        "reviewId": "d9bb3c91-ff4a-44f0-b5e4-ed20dfd84e41",
        "score": 2,
        "thumbsUpCount": 10,
        "userImage": "https://play-lh.googleusercontent.com/a/ACg8ocK4-TLq9njmVs0YkBuihS7Ge2rOxJtwCLyGTc4jNW13=mo",
        "userName": "Tamara Hemmings"
    },
    {
        "appVersion": "10.0",
        "at": "2023-05-02 14:02:46",
        "content": "It is a fake app. I upgraded my plan to diamond. The money got deducted from my bank account but the upgrade was not done. Beware!!!",
        "repliedAt": null,
        "replyContent": null,
        "reviewCreatedVersion": "10.0",
        "reviewId": "0a193cf1-7a2a-4aea-8b82-58ae5056a593",
        "score": 1,
        "thumbsUpCount": 112,
        "userImage": "https://play-lh.googleusercontent.com/a-/ALV-UjX31xPXGcYXd-dWUDqUH2jQeTgS-pDKnH9t0ZDgy8ATwG8",
        "userName": "shaheen parshad"
    },
    {
        "appVersion": "10.0",
        "at": "2023-03-31 07:39:30",
        "content": "Mene 30/4/2023 ki night me 11.00 pm ko download Kiya tha. 31/04/2023 ko 3.45 pm ko plan 699 Rs pay kar ke upgrade kiya tha 20 Guna mining speed karwane ke liye but lagta he ye app fake he payment bhi diduct ho gaya he but mining speed nahi badhi he. Friends be aware from this kind apps. Kya bharosa he ki ye mining ke baad Btc withdrawal bhi hoga",
        "repliedAt": null,
        "replyContent": null,
        "reviewCreatedVersion": "10.0",
        "reviewId": "20bee738-a3f0-4706-95c9-7186f9c7cb69",
        "score": 1,
        "thumbsUpCount": 6,
        "userImage": "https://play-lh.googleusercontent.com/a/ACg8ocKUc-Evqw-Y8CFq-DFtxkTrq2HKOrIrTFmQYpYaZHPT=mo",
        "userName": "balak das vaishnav"
    },
    {
        "appVersion": "10.0",
        "at": "2023-03-25 14:15:27",
        "content": "I just upgraded to Royal Diamond Plan but on my dashboard:it is still showing FREE PLAN",
        "repliedAt": null,
        "replyContent": null,
        "reviewCreatedVersion": "10.0",
        "reviewId": "37ab82ef-f0d7-422f-a187-be0f45bf532d",
        "score": 5,
        "thumbsUpCount": 4,
        "userImage": "https://play-lh.googleusercontent.com/a/ACg8ocJLgiYc3kOOs6Mx-pWeeG52QgG5jmuHDjW0XnS2eiWP=mo",
        "userName": "FINES MWANANSALUKA"
    },
    {
        "appVersion": null,
        "at": "2023-02-23 13:24:48",
        "content": "This app is very good. And this app use to very easy and very smoothly. I really like this app .",
        "repliedAt": null,
        "replyContent": null,
        "reviewCreatedVersion": null,
        "reviewId": "fd42a7de-9975-4052-aed8-200bb41e94a7",
        "score": 5,
        "thumbsUpCount": 2,
        "userImage": "https://play-lh.googleusercontent.com/a/ACg8ocL7BCtEYnLXH8_YC4VSO7d_o5136BmW3n2D4fz6DP6z=mo",
        "userName": "Arnab Mondal"
    },
    {
        "appVersion": null,
        "at": "2023-02-23 13:00:47",
        "content": "The fastest mining free app. I love it thank you",
        "repliedAt": null,
        "replyContent": null,
        "reviewCreatedVersion": null,
        "reviewId": "6f04bdb9-a872-4cef-8fec-7a1d8d1e7819",
        "score": 5,
        "thumbsUpCount": 5,
        "userImage": "https://play-lh.googleusercontent.com/a-/ALV-UjXKDf94CHxxucHruKJlByCtPDKUM1roV5dfWTpHQgYjyA",
        "userName": "Payel Pramanik"
    },
    {
        "appVersion": null,
        "at": "2023-02-23 12:10:22",
        "content": "Beautiful Application \ud83e\udd70\ud83e\udd70\ud83e\udd70\ud83e\udd70\ud83d\ude07\ud83d\ude07",
        "repliedAt": null,
        "replyContent": null,
        "reviewCreatedVersion": null,
        "reviewId": "22b05dd5-d51b-424a-95e9-8e46ce667f5d",
        "score": 4,
        "thumbsUpCount": 2,
        "userImage": "https://play-lh.googleusercontent.com/a/ACg8ocJso5zGHkrcrsTJi3fbJgqQ9vIUPaA6n5bLC0s22Jpv=mo",
        "userName": "Bhairob Das"
    },
    {
        "appVersion": "2.0",
        "at": "2023-02-23 11:45:06",
        "content": "Very best Bitcoin mining application \ud83d\udc95",
        "repliedAt": null,
        "replyContent": null,
        "reviewCreatedVersion": "2.0",
        "reviewId": "a3b84779-2b0d-4767-a3af-8ae42770526a",
        "score": 5,
        "thumbsUpCount": 2,
        "userImage": "https://play-lh.googleusercontent.com/a-/ALV-UjXboz3RRwBlGa0whfz6a1FB1VgIP1Rasc3JRmR4_1T__w",
        "userName": "Nasir Abbas"
    },
    {
        "appVersion": null,
        "at": "2023-02-23 11:33:19",
        "content": "One of the best BTC miner application. Work very nice and beautiful. Very helpful to improve your earn. Must use for better future.",
        "repliedAt": null,
        "replyContent": null,
        "reviewCreatedVersion": null,
        "reviewId": "f1824d84-c052-4e0a-8b39-e0916d250b73",
        "score": 5,
        "thumbsUpCount": 3,
        "userImage": "https://play-lh.googleusercontent.com/a-/ALV-UjW3rBaYfuSZwjhhZzkik_-L8qvpnYnz3Yk98JNEBKOYZA",
        "userName": "Kaustubh Rande"
    },
    {
        "appVersion": null,
        "at": "2023-02-23 11:33:18",
        "content": "Bitcoin mining application is the best platform to BTC mining. Very easy to use. Very useful. Highly recommended..",
        "repliedAt": null,
        "replyContent": null,
        "reviewCreatedVersion": null,
        "reviewId": "c59a53b5-04dd-4a8a-a71d-95a51e1eb4e9",
        "score": 5,
        "thumbsUpCount": 3,
        "userImage": "https://play-lh.googleusercontent.com/a-/ALV-UjUz7mYH_hojiNJutflQ4Y4Bk8WcbKbS3FTVUVBNqZvqLQ",
        "userName": "Chandni Talpade"
    },
    {
        "appVersion": null,
        "at": "2023-02-23 11:31:39",
        "content": "Easy to use best bitcoin mining app wonderful. I love it so much very nice application \ud83d\udc4d",
        "repliedAt": null,
        "replyContent": null,
        "reviewCreatedVersion": null,
        "reviewId": "6f636583-f830-4165-9848-1479587bfb26",
        "score": 5,
        "thumbsUpCount": 5,
        "userImage": "https://play-lh.googleusercontent.com/a-/ALV-UjWKSRIViwKjXvDwXC-oQbE23MQxf9uLue1Yc-RlZyHM-Q",
        "userName": "Ansar 2"
    },
    {
        "appVersion": "2.0",
        "at": "2023-02-23 11:13:51",
        "content": "So good and useful application in play Store I really love this application so amazing experience in this application",
        "repliedAt": null,
        "replyContent": null,
        "reviewCreatedVersion": "2.0",
        "reviewId": "f38431be-a716-4694-84fe-6c1a17b530a8",
        "score": 5,
        "thumbsUpCount": 1,
        "userImage": "https://play-lh.googleusercontent.com/a-/ALV-UjWrU_Y7r2_VxkXGUpGyN9lFttco6R8QHqapxypm3QzrYoE",
        "userName": "Bappa YT"
    },
    {
        "appVersion": "2.0",
        "at": "2023-02-23 11:09:04",
        "content": "My favourite bitcoin app",
        "repliedAt": null,
        "replyContent": null,
        "reviewCreatedVersion": "2.0",
        "reviewId": "020c62c0-1eb2-46ae-b101-674cfd77dc92",
        "score": 4,
        "thumbsUpCount": 1,
        "userImage": "https://play-lh.googleusercontent.com/a/ACg8ocLRP85Hstb_JBC3VuJDlfsXa98-NWZDJCXK2Wnkpr4=mo",
        "userName": "Sumon Tiwari"
    },
    {
        "appVersion": "2.0",
        "at": "2023-02-23 11:08:35",
        "content": "This awesome app is very helpful so using this great app.",
        "repliedAt": null,
        "replyContent": null,
        "reviewCreatedVersion": "2.0",
        "reviewId": "a2bf7303-5490-4081-989c-4bd69ad381ae",
        "score": 5,
        "thumbsUpCount": 1,
        "userImage": "https://play-lh.googleusercontent.com/a/ACg8ocKJlA6W-pKOiNbVU8usVNLGJtNStXOVPGz9woeI_yys=mo",
        "userName": "Avijit palmal"
    },
    {
        "appVersion": "2.0",
        "at": "2023-02-23 11:03:07",
        "content": "We developed free and fastest cryptocurrency app to mine Bitcoin with advance digital technology.",
        "repliedAt": null,
        "replyContent": null,
        "reviewCreatedVersion": "2.0",
        "reviewId": "57f98dee-eca3-40ed-90d5-d4bfe09126e4",
        "score": 5,
        "thumbsUpCount": 2,
        "userImage": "https://play-lh.googleusercontent.com/a-/ALV-UjVEShMDT3xyhR3_Mk4hCr3IvF4k9N3uZTngOtIRHxlvqbE",
        "userName": "Rohan Gaming"
    },
    {
        "appVersion": "2.0",
        "at": "2023-02-23 10:14:25",
        "content": "Very nice app",
        "repliedAt": null,
        "replyContent": null,
        "reviewCreatedVersion": "2.0",
        "reviewId": "81b48668-8e11-4ee7-adeb-328b29182dba",
        "score": 5,
        "thumbsUpCount": 1,
        "userImage": "https://play-lh.googleusercontent.com/a/ACg8ocJV-t6fyYJXrmqu6DGTz5boYBrgXlp3wHo_rmL_MmMI=mo",
        "userName": "Piyush Mavani"
    }
]