[
    {
        "appVersion": "2.0",
        "at": "2022-10-05 14:05:22",
        "content": "Great apps otp",
        "repliedAt": null,
        "replyContent": null,
        "reviewCreatedVersion": "2.0",
        "reviewId": "7ed61111-98eb-430c-b6be-ffb5137f91c2",
        "score": 5,
        "thumbsUpCount": 0,
        "userImage": "https://play-lh.googleusercontent.com/a-/ALV-UjXXHVc2UO-KRIs61I1XOVdfCjTXpLJ22-rT1DoPuv3H6Rc",
        "userName": "Sheikh Jewel"
    },
    {
        "appVersion": "2.0",
        "at": "2022-09-14 08:41:06",
        "content": "Vre nis",
        "repliedAt": null,
        "replyContent": null,
        "reviewCreatedVersion": "2.0",
        "reviewId": "9a3053a6-213d-42e1-adfc-7c518d36ab23",
        "score": 5,
        "thumbsUpCount": 0,
        "userImage": "https://play-lh.googleusercontent.com/a/ACg8ocIqhb9lxmrorKx0n070sEWK2Yyai86GEMCo2MYHeTV5=mo",
        "userName": "Ebrahim Ebrahim"
    },
    {
        "appVersion": "2.0",
        "at": "2022-09-13 10:13:30",
        "content": "Nic",
        "repliedAt": null,
        "replyContent": null,
        "reviewCreatedVersion": "2.0",
        "reviewId": "b9ce6389-1632-4cf7-91d4-dbc82f2457e7",
        "score": 5,
        "thumbsUpCount": 0,
        "userImage": "https://play-lh.googleusercontent.com/a/ACg8ocI-brORBuG_a231K4wPQJXmYV3OFyB5XPLUVLkIdBJ4=mo",
        "userName": "Masalla Subahanlla"
    },
    {
        "appVersion": "2.0",
        "at": "2022-08-31 16:38:37",
        "content": "I appreciate this site and I really like it",
        "repliedAt": null,
        "replyContent": null,
        "reviewCreatedVersion": "2.0",
        "reviewId": "d6199f78-59f1-49ca-a0f3-c2883ee5a51e",
        "score": 5,
        "thumbsUpCount": 0,
        "userImage": "https://play-lh.googleusercontent.com/a/ACg8ocIJ_qho8TS0qVzgAEfxFWrT3XpgbpFN100-ybFAhVQrQA=mo",
        "userName": "Olusoji Oyawale"
    },
    {
        "appVersion": "2.0",
        "at": "2022-08-28 02:08:01",
        "content": "Good app",
        "repliedAt": null,
        "replyContent": null,
        "reviewCreatedVersion": "2.0",
        "reviewId": "daa7a604-eb95-4e6e-a96c-04adbbd4348e",
        "score": 5,
        "thumbsUpCount": 0,
        "userImage": "https://play-lh.googleusercontent.com/a-/ALV-UjXjJ4WpykOXiQBC9ITqvW0wL-AiO0C1-Zbqie6FjY29kKc",
        "userName": "Yeasin Arft Sohel"
    },
    {
        "appVersion": "2.0",
        "at": "2022-08-22 07:31:41",
        "content": "Good app",
        "repliedAt": null,
        "replyContent": null,
        "reviewCreatedVersion": "2.0",
        "reviewId": "0cdb36e2-af87-4ae9-bb14-c54264801b78",
        "score": 5,
        "thumbsUpCount": 0,
        "userImage": "https://play-lh.googleusercontent.com/a/ACg8ocJTKxWckV3pc-TcCBgWgdCPWn572YY_R1NLQQH6Vz-Y=mo",
        "userName": "Ridwan Islam"
    },
    {
        "appVersion": "2.0",
        "at": "2022-08-20 06:24:41",
        "content": "Good",
        "repliedAt": null,
        "replyContent": null,
        "reviewCreatedVersion": "2.0",
        "reviewId": "f2533a9f-9750-4f0a-b941-18e6c73f18dd",
        "score": 5,
        "thumbsUpCount": 0,
        "userImage": "https://play-lh.googleusercontent.com/a/ACg8ocIkgsdszT6Qz9Ndo9zsiBDAaSc250wOv-5SZoX2-ce9=mo",
        "userName": "Iqra Jehangir"
    },
    {
        "appVersion": "2.0",
        "at": "2022-07-28 16:01:12",
        "content": "Nice app for mobile money home",
        "repliedAt": null,
        "replyContent": null,
        "reviewCreatedVersion": "2.0",
        "reviewId": "583386f5-510f-4f7f-8a0f-d2865b7cf6e9",
        "score": 5,
        "thumbsUpCount": 0,
        "userImage": "https://play-lh.googleusercontent.com/a-/ALV-UjWVxWvZa3q0DgpKUUi2DmH-C0a2ldALzwQe7lHnW-ap",
        "userName": "Ugwu Kenneth"
    },
    {
        "appVersion": "2.0",
        "at": "2022-07-19 19:33:23",
        "content": "Rubinasheikh",
        "repliedAt": null,
        "replyContent": null,
        "reviewCreatedVersion": "2.0",
        "reviewId": "15b3a711-314b-4f64-aac6-62562864490b",
        "score": 5,
        "thumbsUpCount": 0,
        "userImage": "https://play-lh.googleusercontent.com/a-/ALV-UjUlpD90HxIGIwSl6MLQJJp_J-rUPAoTWDUJ1ZQgRiTSDNE",
        "userName": "Rubina Sheikh (42201 29549570)"
    },
    {
        "appVersion": "2.0",
        "at": "2022-07-08 14:32:50",
        "content": "I don\u2019t understand! May be Paypal not Working in Bangladesh. I plaid so many game's which is redeemed by PayPal, but never get reward",
        "repliedAt": null,
        "replyContent": null,
        "reviewCreatedVersion": "2.0",
        "reviewId": "21ab6b92-769f-4bab-8dd6-bfc24b4775e3",
        "score": 5,
        "thumbsUpCount": 9,
        "userImage": "https://play-lh.googleusercontent.com/a/ACg8ocIRqP1XPa-emoi0_B2Y2FSoFydbWrGhb145gC9AqFkD=mo",
        "userName": "Khoka_ S R O"
    },
    {
        "appVersion": null,
        "at": "2022-06-16 03:11:52",
        "content": "How to create PayPal account is a great app.its easy to use and install app \ud83d\ude07",
        "repliedAt": null,
        "replyContent": null,
        "reviewCreatedVersion": null,
        "reviewId": "6d6c4603-0c1d-4141-9210-c3bda1b12fd0",
        "score": 5,
        "thumbsUpCount": 0,
        "userImage": "https://play-lh.googleusercontent.com/a/ACg8ocKBIRFVz0GE-rwc81_j0ysu4mS6VU7rvGccOugcxfHo=mo",
        "userName": "Alena Jhon MI"
    },
    {
        "appVersion": null,
        "at": "2022-06-15 15:31:32",
        "content": "If you are not creating a PayPal account, you learn how to create PayPal account\ud83d\udc4d\ud83d\udc4d",
        "repliedAt": null,
        "replyContent": null,
        "reviewCreatedVersion": null,
        "reviewId": "27ed3f44-6e11-44ec-a2d9-e3961d2e01c3",
        "score": 5,
        "thumbsUpCount": 2,
        "userImage": "https://play-lh.googleusercontent.com/a/ACg8ocI-yzPGgbadEolPpanK9_Pz0lcpiZ1UFKSQm_T3Eng8=mo",
        "userName": "6363 Plan"
    },
    {
        "appVersion": null,
        "at": "2022-06-15 14:26:21",
        "content": "This is very awesome guide lines app \ud83d\udc4d\ud83d\udc4d",
        "repliedAt": null,
        "replyContent": null,
        "reviewCreatedVersion": null,
        "reviewId": "767b67aa-b3b2-4364-a694-ae8206f86d4f",
        "score": 5,
        "thumbsUpCount": 1,
        "userImage": "https://play-lh.googleusercontent.com/a/ACg8ocLcjZG1jS3VqZ2c5MraslCxP5uVsYyPyrn9Mz3ycTBU=mo",
        "userName": "Agent Saitamil nkw"
    },
    {
        "appVersion": null,
        "at": "2022-06-15 14:09:23",
        "content": "Best helping app in which i learned how to create and verify PayPal account\ud83d\udc4d\ud83d\udc4d",
        "repliedAt": null,
        "replyContent": null,
        "reviewCreatedVersion": null,
        "reviewId": "b632c3f7-3586-44d0-802d-3c8db5adb7fe",
        "score": 5,
        "thumbsUpCount": 1,
        "userImage": "https://play-lh.googleusercontent.com/a/ACg8ocJ68U_JjCuxEwGkHPvopMrz5aPtFL3dRByVVBDgaUpX=mo",
        "userName": "Huzaifa"
    },
    {
        "appVersion": null,
        "at": "2022-06-15 13:57:24",
        "content": "Create a PayPal account is a best account for transfer the payment \ud83d\udc4d",
        "repliedAt": null,
        "replyContent": null,
        "reviewCreatedVersion": null,
        "reviewId": "74fac7ba-c7ab-4910-bf7f-7836553d7ace",
        "score": 5,
        "thumbsUpCount": 0,
        "userImage": "https://play-lh.googleusercontent.com/a/ACg8ocJ7Eo2IC8ySNxRVlc-lnFJq-3wbUksIlQXWlZ3I3ABZ=mo",
        "userName": "DHA Multan"
    },
    {
        "appVersion": null,
        "at": "2022-06-15 13:38:47",
        "content": "Many people need some help and learning to start with PayPal.\ud83d\ude07",
        "repliedAt": null,
        "replyContent": null,
        "reviewCreatedVersion": null,
        "reviewId": "1b3b7ab5-8615-43e5-b940-c99d29976197",
        "score": 5,
        "thumbsUpCount": 0,
        "userImage": "https://play-lh.googleusercontent.com/a/ACg8ocIlArH_haVemZevayTROB8aHtESXsAoaghCnjpem1DJ=mo",
        "userName": "Jhon Emlli"
    },
    {
        "appVersion": null,
        "at": "2022-06-15 12:30:18",
        "content": "This is a very useful application for create a PayPal Account easily. It has amazing features. Such a helpful application. \ud83d\ude07",
        "repliedAt": null,
        "replyContent": null,
        "reviewCreatedVersion": null,
        "reviewId": "ebbef43d-e55b-4847-b626-34c4fe3fb5ba",
        "score": 5,
        "thumbsUpCount": 5,
        "userImage": "https://play-lh.googleusercontent.com/a-/ALV-UjVwQiiCkJkL8CKr0bwiU2jDJvmytyuJ60o_48MxxCqKaA",
        "userName": "Good Morning A. M"
    },
    {
        "appVersion": null,
        "at": "2022-06-15 11:32:25",
        "content": "Amzing application for creating account\ud83d\ude07",
        "repliedAt": null,
        "replyContent": null,
        "reviewCreatedVersion": null,
        "reviewId": "14d248ae-ec33-4689-8650-77be5681430f",
        "score": 5,
        "thumbsUpCount": 0,
        "userImage": "https://play-lh.googleusercontent.com/a/ACg8ocJyGi2aEK2cOlsvINiLQp8X66HNVK9K3jwqSE7FnVdZ=mo",
        "userName": "dil noor"
    },
    {
        "appVersion": null,
        "at": "2022-06-15 10:57:20",
        "content": "How to create a PayPal Account its very wonderful application I very much like this application \ud83d\ude07",
        "repliedAt": null,
        "replyContent": null,
        "reviewCreatedVersion": null,
        "reviewId": "0eac77e0-c8eb-4142-be33-546b0c0ce4ab",
        "score": 5,
        "thumbsUpCount": 0,
        "userImage": "https://play-lh.googleusercontent.com/a-/ALV-UjWdid_DQZ-1ebkaKcfoNEv7K9XXbjSOJYNhgI8PWlC5Rw",
        "userName": "Kashif Butt AAA"
    },
    {
        "appVersion": null,
        "at": "2022-06-15 07:03:30",
        "content": "How to create a PayPal Account app is so helpful app for creating PayPal account\ud83d\ude07",
        "repliedAt": null,
        "replyContent": null,
        "reviewCreatedVersion": null,
        "reviewId": "c65ea88d-6b99-461d-82e2-31ba2acb3536",
        "score": 5,
        "thumbsUpCount": 0,
        "userImage": "https://play-lh.googleusercontent.com/a/ACg8ocLExK1cwAJ9FMlZs_3b98RZaBIQsQL1Pp-v9BvUsi_g=mo",
        "userName": "ASMA GULL"
    },
    {
        "appVersion": null,
        "at": "2022-06-15 06:48:25",
        "content": "This app can create the account am also using this app \ud83d\udc4d",
        "repliedAt": null,
        "replyContent": null,
        "reviewCreatedVersion": null,
        "reviewId": "302a3bae-a77d-406e-8073-4558e5b8a6d3",
        "score": 5,
        "thumbsUpCount": 0,
        "userImage": "https://play-lh.googleusercontent.com/a/ACg8ocJ9jAFX0D9IIFRRMaeGBGeMj3TTFdTWBWkH4dKjjf2G=mo",
        "userName": "Hassan Masat"
    },
    {
        "appVersion": null,
        "at": "2022-06-15 05:33:49",
        "content": "How to create a PayPal account I will so useful app I like this app\ud83d\ude07",
        "repliedAt": null,
        "replyContent": null,
        "reviewCreatedVersion": null,
        "reviewId": "9aa4241e-9a46-473c-9ca8-e5cc13e305bd",
        "score": 5,
        "thumbsUpCount": 0,
        "userImage": "https://play-lh.googleusercontent.com/a/ACg8ocJad6hudW5EcJnlf5CROdroyn1dDSSDZanYVRjhiLfm=mo",
        "userName": "Nora az"
    },
    {
        "appVersion": null,
        "at": "2022-06-15 03:35:18",
        "content": "Brilliant application enjoying every time any people\ud83d\ude07",
        "repliedAt": null,
        "replyContent": null,
        "reviewCreatedVersion": null,
        "reviewId": "f7da1ff2-adfc-488b-ad38-a2c499c372ad",
        "score": 5,
        "thumbsUpCount": 0,
        "userImage": "https://play-lh.googleusercontent.com/a/ACg8ocIdPRbs-v2ORGbXJtKOaJKV33cgSlyM-bWY5vjNSdZL=mo",
        "userName": "Gregory Phillips"
    },
    {
        "appVersion": null,
        "at": "2022-06-15 03:27:14",
        "content": "How to create PayPal account. It's amazing application sososo very good work \ud83c\udff5\ufe0f\ud83c\udff5\ufe0f\ud83c\udff5\ufe0f",
        "repliedAt": null,
        "replyContent": null,
        "reviewCreatedVersion": null,
        "reviewId": "174824fc-b747-40ff-a714-962bba062dbe",
        "score": 5,
        "thumbsUpCount": 0,
        "userImage": "https://play-lh.googleusercontent.com/a/ACg8ocKZeZqHrExIrNXKecP18svWKOX0zpZv4hW7yAziQV8R=mo",
        "userName": "Naa A"
    },
    {
        "appVersion": null,
        "at": "2022-06-15 03:09:17",
        "content": "PayPal account create app is really nice and to much helpful.\ud83e\udd70\ud83e\udd70",
        "repliedAt": null,
        "replyContent": null,
        "reviewCreatedVersion": null,
        "reviewId": "1fec2c8f-d4e0-4e39-a644-30e6046536fa",
        "score": 5,
        "thumbsUpCount": 0,
        "userImage": "https://play-lh.googleusercontent.com/a-/ALV-UjXe2eb0DS8Vafk12el-IKJoe4NzN2N5lLpUaRderoLwpQ",
        "userName": "Shan Khan"
    },
    {
        "appVersion": null,
        "at": "2022-06-15 01:51:21",
        "content": "This is very nice and interesting application.I am playing this application.\ud83d\ude07",
        "repliedAt": null,
        "replyContent": null,
        "reviewCreatedVersion": null,
        "reviewId": "7b6b8191-22ee-495e-b58b-e792d5a69a66",
        "score": 5,
        "thumbsUpCount": 0,
        "userImage": "https://play-lh.googleusercontent.com/a/ACg8ocI4lI4yYgifyY6L10hIdgHbcGEHN2bMzES8ZiE6fxMB=mo",
        "userName": "Nathan Watkins"
    },
    {
        "appVersion": null,
        "at": "2022-06-15 01:37:25",
        "content": "How to create paypal account is very useful application. It has great adventure. It is unique concept of application amazing application \ud83e\udd70\ud83e\udd70",
        "repliedAt": null,
        "replyContent": null,
        "reviewCreatedVersion": null,
        "reviewId": "5b86f99c-53ea-49c4-b158-b52c3d7823e0",
        "score": 5,
        "thumbsUpCount": 3,
        "userImage": "https://play-lh.googleusercontent.com/a/ACg8ocLcuu5E7o2bzuSaa4DN7xGPpdpPVvjbD0L-oiTGq0iY=mo",
        "userName": "Wyatt Drew 35"
    },
    {
        "appVersion": null,
        "at": "2022-06-15 01:35:12",
        "content": "It's app can create the PayPal account am also using this app \ud83d\udc4d",
        "repliedAt": null,
        "replyContent": null,
        "reviewCreatedVersion": null,
        "reviewId": "3308b30e-4989-4e5d-b12a-b021c97373ee",
        "score": 5,
        "thumbsUpCount": 1,
        "userImage": "https://play-lh.googleusercontent.com/a-/ALV-UjXe1Cls6Ajj6exkUNPG2HpPt4HGjlfZQ8GE5_i2C9rkkA",
        "userName": "Ashraf 12 14"
    },
    {
        "appVersion": null,
        "at": "2022-06-15 01:17:06",
        "content": "How to create a paypal wow this is very good app very useful app good idea amazing app \ud83e\udd70",
        "repliedAt": null,
        "replyContent": null,
        "reviewCreatedVersion": null,
        "reviewId": "6c709714-9a27-4ad8-9d82-0654f77c2e28",
        "score": 5,
        "thumbsUpCount": 0,
        "userImage": "https://play-lh.googleusercontent.com/a/ACg8ocLuUoNyBhvUlMtACzmMY1zLnMP6mVAlpDJHvHi7NhqZ=mo",
        "userName": "Ms Lovely"
    },
    {
        "appVersion": null,
        "at": "2022-06-15 00:23:39",
        "content": "How to create a Paypal account app is more important application and most people are using this application \ud83e\udd70",
        "repliedAt": null,
        "replyContent": null,
        "reviewCreatedVersion": null,
        "reviewId": "aa0d5cd6-b0f9-44f6-9079-7e532fb91079",
        "score": 5,
        "thumbsUpCount": 0,
        "userImage": "https://play-lh.googleusercontent.com/a/ACg8ocLI-hu83un09xHCq5FETUHfrLBpVFP60vSUgg4hhWjZ=mo",
        "userName": "Brock Three QR"
    },
    {
        "appVersion": "2.0",
        "at": "2022-05-23 07:35:49",
        "content": "Nice app for mobile homes",
        "repliedAt": null,
        "replyContent": null,
        "reviewCreatedVersion": "2.0",
        "reviewId": "0528e50e-dfc8-4e7a-be5a-3c085b50a653",
        "score": 4,
        "thumbsUpCount": 11,
        "userImage": "https://play-lh.googleusercontent.com/a-/ALV-UjUWmsbff-YFfpXCOSxkmjRotWf4UbTVLyF_fpiEyNqGYwvD",
        "userName": "Ibrahim Khan"
    },
    {
        "appVersion": "1.9",
        "at": "2022-05-14 16:59:17",
        "content": "Truelly.",
        "repliedAt": null,
        "replyContent": null,
        "reviewCreatedVersion": "1.9",
        "reviewId": "aef16a4d-ca6f-4789-ae04-f272847f38a5",
        "score": 5,
        "thumbsUpCount": 0,
        "userImage": "https://play-lh.googleusercontent.com/a/ACg8ocKxToGIDTL-kbiaG6WUtNeDDpntdOosAa8EOnzvkU6G=mo",
        "userName": "ovira vincent"
    },
    {
        "appVersion": "1.8",
        "at": "2022-05-12 11:47:50",
        "content": "Great app",
        "repliedAt": null,
        "replyContent": null,
        "reviewCreatedVersion": "1.8",
        "reviewId": "bb14e44a-d2be-41a2-bc3a-06340b8f055b",
        "score": 5,
        "thumbsUpCount": 0,
        "userImage": "https://play-lh.googleusercontent.com/a/ACg8ocI3KLIL5PrvFrCY2CdoM9f7bYsEm4mfGddpMOrTGS9E=mo",
        "userName": "Nanyujja Raniah"
    },
    {
        "appVersion": null,
        "at": "2022-05-06 15:24:24",
        "content": "Help",
        "repliedAt": null,
        "replyContent": null,
        "reviewCreatedVersion": null,
        "reviewId": "35863538-4e26-4a7d-8797-b7cd6dd7c11c",
        "score": 5,
        "thumbsUpCount": 0,
        "userImage": "https://play-lh.googleusercontent.com/a-/ALV-UjViv_phxVpGUFPSXuGgj6i__QDSDQboVpOsl6zznSKy7gM",
        "userName": "Naingllin Aung"
    },
    {
        "appVersion": null,
        "at": "2022-04-19 18:17:02",
        "content": "Lolw",
        "repliedAt": null,
        "replyContent": null,
        "reviewCreatedVersion": null,
        "reviewId": "8950137f-883c-46d6-bf4a-8f147a115f39",
        "score": 2,
        "thumbsUpCount": 0,
        "userImage": "https://play-lh.googleusercontent.com/a-/ALV-UjXFl1Oa7Hby1XjzvaIWcCcE995pYxH4Q6WdMLCYs0Xryeo",
        "userName": "In Islam"
    },
    {
        "appVersion": "1.8",
        "at": "2022-04-18 21:24:39",
        "content": "Good",
        "repliedAt": null,
        "replyContent": null,
        "reviewCreatedVersion": "1.8",
        "reviewId": "831210e0-ab42-425b-b048-5cfc2b86f24e",
        "score": 5,
        "thumbsUpCount": 0,
        "userImage": "https://play-lh.googleusercontent.com/a/ACg8ocIR1Tb29T0VZQsepSqu6r_eadBqqdLcW4QPH7roROBy=mo",
        "userName": "Adial Rahman"
    },
    {
        "appVersion": "1.8",
        "at": "2022-04-18 14:34:03",
        "content": "\u0986\u09a6\u09b0\u09bf\u0995\u09be",
        "repliedAt": null,
        "replyContent": null,
        "reviewCreatedVersion": "1.8",
        "reviewId": "c5ec68dc-ffda-46d6-a792-c55aa77f9b2d",
        "score": 4,
        "thumbsUpCount": 0,
        "userImage": "https://play-lh.googleusercontent.com/a/ACg8ocIOIEraWb6WXc45KdOtxT3jt3k9j6PEz9BbC9U_t34R=mo",
        "userName": "Adrika Adrika"
    },
    {
        "appVersion": "1.8",
        "at": "2022-04-14 14:32:00",
        "content": "Good",
        "repliedAt": null,
        "replyContent": null,
        "reviewCreatedVersion": "1.8",
        "reviewId": "3d4c15fa-34aa-4eba-b309-81ff83865294",
        "score": 5,
        "thumbsUpCount": 0,
        "userImage": "https://play-lh.googleusercontent.com/a/ACg8ocK0CASpoIrD6U2jHvdLgo44IqQ8136fC3a0Rnq-GXHq=mo",
        "userName": "M Hamza Bobuk"
    },
    {
        "appVersion": "1.8",
        "at": "2022-04-13 20:31:00",
        "content": "Good",
        "repliedAt": null,
        "replyContent": null,
        "reviewCreatedVersion": "1.8",
        "reviewId": "fb67fd10-1753-4159-8787-3e57fe5aa9a2",
        "score": 1,
        "thumbsUpCount": 0,
        "userImage": "https://play-lh.googleusercontent.com/a/ACg8ocKP9pXMxSo4rXEj6lgqdoRyEhTiKdpxWp8wXoX__Ng0=mo",
        "userName": "\u0685\u0627\u0631\u06ab\u0631 \u06a9\u0648\u0646\u0693\u06cc"
    },
    {
        "appVersion": "1.8",
        "at": "2022-04-11 16:10:42",
        "content": "Not sure",
        "repliedAt": null,
        "replyContent": null,
        "reviewCreatedVersion": "1.8",
        "reviewId": "50285e98-b0ae-4171-b106-24b106223b78",
        "score": 5,
        "thumbsUpCount": 0,
        "userImage": "https://play-lh.googleusercontent.com/a-/ALV-UjW6yPbs-2iaJ_m49CuytS5ap72LA-1EaeCu1yCVUiKnrkQ",
        "userName": "Johnny Blassingill"
    },
    {
        "appVersion": "1.8",
        "at": "2022-04-09 23:22:16",
        "content": "Thank yoy",
        "repliedAt": null,
        "replyContent": null,
        "reviewCreatedVersion": "1.8",
        "reviewId": "97cad2af-7617-4f35-a819-6575be7a2cdb",
        "score": 1,
        "thumbsUpCount": 0,
        "userImage": "https://play-lh.googleusercontent.com/a/ACg8ocKrR33igPSwGP7QZFYoCPko_T_Va8pwNTygUTekjLB2=mo",
        "userName": "Firomsa Mohammed"
    },
    {
        "appVersion": "1.8",
        "at": "2022-03-31 14:20:14",
        "content": "How can I create my PayPal account I need it very seriously",
        "repliedAt": null,
        "replyContent": null,
        "reviewCreatedVersion": "1.8",
        "reviewId": "1cf9a2ec-6c97-48eb-b829-822213a05da9",
        "score": 5,
        "thumbsUpCount": 4,
        "userImage": "https://play-lh.googleusercontent.com/a-/ALV-UjU1y0MH_4aGYwMzjex6o_yOy0pYF1dKI7eyIrTT0QgeAg",
        "userName": "Northmoon Reuben"
    },
    {
        "appVersion": "1.8",
        "at": "2022-03-26 14:29:10",
        "content": "Your explanation has helped to understand what am suposed to do,i was wondering how to open the acount,it is real helpful.thank you",
        "repliedAt": null,
        "replyContent": null,
        "reviewCreatedVersion": "1.8",
        "reviewId": "ca862760-3e74-4505-92df-2226506bccbf",
        "score": 5,
        "thumbsUpCount": 15,
        "userImage": "https://play-lh.googleusercontent.com/a/ACg8ocJDllsb7gchetNlmQ5r9JexFfzj_JXMWZQd3zysUUa0=mo",
        "userName": "Jawan Joony"
    },
    {
        "appVersion": null,
        "at": "2022-03-25 21:31:15",
        "content": "Short and brief.. nice guide",
        "repliedAt": null,
        "replyContent": null,
        "reviewCreatedVersion": null,
        "reviewId": "808da62a-aced-4eba-af08-db638262f925",
        "score": 3,
        "thumbsUpCount": 0,
        "userImage": "https://play-lh.googleusercontent.com/a/ACg8ocLyzI2n5ydeyKeHWErzrGjnqDzECv0k-P6BZnQluNgShA=mo",
        "userName": "Otumala Emmanuel"
    },
    {
        "appVersion": "1.8",
        "at": "2022-03-25 14:11:03",
        "content": "good",
        "repliedAt": null,
        "replyContent": null,
        "reviewCreatedVersion": "1.8",
        "reviewId": "1bf40eeb-0b1b-4408-b8e8-9538d5b33d48",
        "score": 5,
        "thumbsUpCount": 0,
        "userImage": "https://play-lh.googleusercontent.com/a/ACg8ocKHNe0QoRGOGrAR1dTV6-SGU_Zv4jdOi-B95xF7svG4=mo",
        "userName": "Rabby Rabby"
    },
    {
        "appVersion": "1.8",
        "at": "2022-03-25 09:29:47",
        "content": "Hf",
        "repliedAt": null,
        "replyContent": null,
        "reviewCreatedVersion": "1.8",
        "reviewId": "ac5c5e77-b8e9-4a9a-a7ce-823e746b73d5",
        "score": 5,
        "thumbsUpCount": 0,
        "userImage": "https://play-lh.googleusercontent.com/a/ACg8ocJnjSBjafVJqGTOPpdX8mewfjWeeb-7ojx_D3jiRsBf=mo",
        "userName": "\u09a8\u09be\u09a6\u09bf\u09ae \u09a8\u09be\u09a6\u09bf\u09ae"
    },
    {
        "appVersion": "1.8",
        "at": "2022-03-25 01:46:46",
        "content": "IOM Material logistical safely",
        "repliedAt": null,
        "replyContent": null,
        "reviewCreatedVersion": "1.8",
        "reviewId": "7e450e55-2ade-4ee5-81b4-481d9d58f175",
        "score": 5,
        "thumbsUpCount": 0,
        "userImage": "https://play-lh.googleusercontent.com/a/ACg8ocKOzmG9897adgWmMnRy8zDYdhPZTp6ddflyc68C7IXCWQ=mo",
        "userName": "Sunset Baroy Sunset Baroy"
    },
    {
        "appVersion": "1.8",
        "at": "2022-03-19 00:43:40",
        "content": "Bad app",
        "repliedAt": null,
        "replyContent": null,
        "reviewCreatedVersion": "1.8",
        "reviewId": "58ab29cf-2664-46f8-94d8-59420fd12b9e",
        "score": 1,
        "thumbsUpCount": 0,
        "userImage": "https://play-lh.googleusercontent.com/a-/ALV-UjUU-t2rbZ7Z1P8E9ZpRejdQb1rFvsJh7pERC-Ji6AGcPg",
        "userName": "Emmanuel Jonathan"
    },
    {
        "appVersion": null,
        "at": "2022-01-08 21:21:37",
        "content": "Very good",
        "repliedAt": null,
        "replyContent": null,
        "reviewCreatedVersion": null,
        "reviewId": "3245c8bc-8895-413a-aa94-e8ce8227bd18",
        "score": 5,
        "thumbsUpCount": 0,
        "userImage": "https://play-lh.googleusercontent.com/a-/ALV-UjWHheX7bUGjf4kwP3m58nFiO2XaVBrOmlALi8N732vAnQ",
        "userName": "gabby wingzz"
    },
    {
        "appVersion": "1.5",
        "at": "2021-09-05 09:06:39",
        "content": "Nice app",
        "repliedAt": null,
        "replyContent": null,
        "reviewCreatedVersion": "1.5",
        "reviewId": "450db471-3953-4196-a894-6565d62e48e6",
        "score": 5,
        "thumbsUpCount": 0,
        "userImage": "https://play-lh.googleusercontent.com/a/ACg8ocKTQV5sXZ-8H15qty8h_i10CaImz0VOi1_zDTTTCPxC=mo",
        "userName": "Ab goffar Hossan"
    },
    {
        "appVersion": "1.4",
        "at": "2021-08-12 06:01:53",
        "content": "Little bit different",
        "repliedAt": null,
        "replyContent": null,
        "reviewCreatedVersion": "1.4",
        "reviewId": "9a705b18-5567-4996-86f3-35c1ca2f0086",
        "score": 5,
        "thumbsUpCount": 0,
        "userImage": "https://play-lh.googleusercontent.com/a/ACg8ocKrGcpXHuY2AR8opyxZK8FpbI1Zxz24YA4Gi_k-Hb26=mo",
        "userName": "Worlduz Gijduvan"
    },
    {
        "appVersion": "1.4",
        "at": "2021-08-07 21:45:21",
        "content": "I can't open my account with the app why",
        "repliedAt": null,
        "replyContent": null,
        "reviewCreatedVersion": "1.4",
        "reviewId": "5b0fb81b-3d13-4a4e-9f44-553c9813db17",
        "score": 5,
        "thumbsUpCount": 0,
        "userImage": "https://play-lh.googleusercontent.com/a-/ALV-UjXmnXfZNAtCMNT8yY9iFlil8EbAFWITpheQmFHwNz7hgYY",
        "userName": "Eze Yahnwendu"
    },
    {
        "appVersion": "1.4",
        "at": "2021-07-30 05:24:02",
        "content": "I have not used the pay pal account yet but if it works like it says it does then I'll love it",
        "repliedAt": null,
        "replyContent": null,
        "reviewCreatedVersion": "1.4",
        "reviewId": "f8d9d245-42c5-4259-9a8f-0d87e5f66afa",
        "score": 5,
        "thumbsUpCount": 1,
        "userImage": "https://play-lh.googleusercontent.com/a/ACg8ocL8SfaeoQy33kMyRM2Zhe2Ta-Fs4V3t3ZVBDK2_l_pe=mo",
        "userName": "Dana Wendt"
    },
    {
        "appVersion": null,
        "at": "2021-07-26 13:02:08",
        "content": "Very good",
        "repliedAt": null,
        "replyContent": null,
        "reviewCreatedVersion": null,
        "reviewId": "72cddad6-a559-40bd-8c34-7d2fd4bd37c5",
        "score": 5,
        "thumbsUpCount": 0,
        "userImage": "https://play-lh.googleusercontent.com/a-/ALV-UjUBiK6aUqCqa6Ug-bbHainZV9Y5YJ3WsheohrszGeiGuGQ",
        "userName": "EAGLE PAKISTAN ORGANISATION inamhyder"
    },
    {
        "appVersion": "1.3",
        "at": "2021-05-19 10:48:37",
        "content": "Help me",
        "repliedAt": null,
        "replyContent": null,
        "reviewCreatedVersion": "1.3",
        "reviewId": "167bb07e-b429-4a75-872c-3df321985d09",
        "score": 5,
        "thumbsUpCount": 0,
        "userImage": "https://play-lh.googleusercontent.com/a-/ALV-UjWgV3DOJu9SUG-1BahYK2xA85VSCoZjaoXfLa2B77llAQ",
        "userName": "Rosejane Miel"
    },
    {
        "appVersion": "1.3",
        "at": "2021-05-02 18:55:56",
        "content": "very good app it is easy len how to open paypal account",
        "repliedAt": null,
        "replyContent": null,
        "reviewCreatedVersion": "1.3",
        "reviewId": "ca9e5112-0aeb-4dfa-8b91-3045b54fa4bd",
        "score": 4,
        "thumbsUpCount": 1,
        "userImage": "https://play-lh.googleusercontent.com/a/ACg8ocK_Z8vNTe04aOdHXPPpZB8CYIA36L5xYordjr9L9t8o=mo",
        "userName": "diouf alade"
    },
    {
        "appVersion": "1.2",
        "at": "2021-04-23 08:11:35",
        "content": "Excellent",
        "repliedAt": null,
        "replyContent": null,
        "reviewCreatedVersion": "1.2",
        "reviewId": "c2ed2220-6146-43c9-8421-0a15aad87d54",
        "score": 5,
        "thumbsUpCount": 0,
        "userImage": "https://play-lh.googleusercontent.com/a/ACg8ocKoJPHo-_0o1kuoI0Kn3-NHQBAP2cyg0N9bOfJcjLUM=mo",
        "userName": "Franscine Bwalya"
    },
    {
        "appVersion": null,
        "at": "2021-03-29 05:10:11",
        "content": "Best creat paypal account.Best different features.We can easily create paypal account by this app.",
        "repliedAt": null,
        "replyContent": null,
        "reviewCreatedVersion": null,
        "reviewId": "86316a13-caf2-4c48-b520-c1380686bdbe",
        "score": 5,
        "thumbsUpCount": 0,
        "userImage": "https://play-lh.googleusercontent.com/a-/ALV-UjWY05kgy8gCbdksdv4mj2ojS-NWmclH0YuTG1OUIuskNg",
        "userName": "Omer Meo"
    },
    {
        "appVersion": null,
        "at": "2021-03-28 02:31:52",
        "content": "Very useful application for creat paypal account.Have different features.We can easily creat paypal account by this app.",
        "repliedAt": null,
        "replyContent": null,
        "reviewCreatedVersion": null,
        "reviewId": "d69ddf07-62d9-4129-973b-8a90bc28a3d1",
        "score": 5,
        "thumbsUpCount": 0,
        "userImage": "https://play-lh.googleusercontent.com/a-/ALV-UjV8jxYC2gYb5GHnj6bAU058eL0aw6inONMt3aVQdDRuHg",
        "userName": "Abdul Rehman"
    },
    {
        "appVersion": "1.1",
        "at": "2021-03-25 03:22:16",
        "content": "It is very useful application for how to create paypal account in our phone.Have different features.We can use it easily.",
        "repliedAt": null,
        "replyContent": null,
        "reviewCreatedVersion": "1.1",
        "reviewId": "d490934b-b1bb-409c-8538-c58b35082875",
        "score": 5,
        "thumbsUpCount": 5,
        "userImage": "https://play-lh.googleusercontent.com/a-/ALV-UjW57D5RwClqCWu3dWivsH1UTO0IHiGb5bUUZrMpb3POtw",
        "userName": "Princess 2668"
    },
    {
        "appVersion": "1.0",
        "at": "2021-03-18 04:24:14",
        "content": "This App resolved my problem.Loved it",
        "repliedAt": null,
        "replyContent": null,
        "reviewCreatedVersion": "1.0",
        "reviewId": "4d9e7f75-55ae-4ab3-902a-f5ff6d59792f",
        "score": 5,
        "thumbsUpCount": 0,
        "userImage": "https://play-lh.googleusercontent.com/a-/ALV-UjXVAzM67kCz9KG6PG7jhx6L-aJrhawIl8m-b1GcqLXpfb8",
        "userName": "Mubashar Mushtaq"
    },
    {
        "appVersion": null,
        "at": "2021-03-15 08:53:16",
        "content": "How to create a PayPal account is very helpful application for me good features very easy to use everyone person.",
        "repliedAt": null,
        "replyContent": null,
        "reviewCreatedVersion": null,
        "reviewId": "b13bf976-a84a-4436-be33-80292d22ba2a",
        "score": 5,
        "thumbsUpCount": 0,
        "userImage": "https://play-lh.googleusercontent.com/a/ACg8ocKtHkcILaLIRXSKvyGqJbuhhy_HQjvkxdXfPKK7p3R5=mo",
        "userName": "Joe Root58"
    },
    {
        "appVersion": null,
        "at": "2021-03-15 08:33:26",
        "content": "It is very nice and amazing app.it helps you to create paypal account step by step.i like it very much.",
        "repliedAt": null,
        "replyContent": null,
        "reviewCreatedVersion": null,
        "reviewId": "828cda28-96c6-41b5-8495-570dbefdb356",
        "score": 5,
        "thumbsUpCount": 0,
        "userImage": "https://play-lh.googleusercontent.com/a-/ALV-UjVbLw5ILhO4BJTQd2dHKQvSmiS9i5M_MF5oJjNexCpa0w",
        "userName": "afzal hu"
    },
    {
        "appVersion": null,
        "at": "2021-03-15 08:28:55",
        "content": "How to creat a PayPal account is very good and very good feature. Of this application",
        "repliedAt": null,
        "replyContent": null,
        "reviewCreatedVersion": null,
        "reviewId": "baefaeaf-5a9b-4151-a0ea-9350dcc8ff65",
        "score": 5,
        "thumbsUpCount": 1,
        "userImage": "https://play-lh.googleusercontent.com/a-/ALV-UjWsPIRv_bZSiN1qiPX4PSyDcZ5j2_Fc6cC7a1NZ3FeYUA",
        "userName": "Hand speach"
    },
    {
        "appVersion": null,
        "at": "2021-03-15 08:24:58",
        "content": "This is a very good application. My phone is very lightly closed and very lightweight app. I made money to my friend, download your Kishan is a very good application.",
        "repliedAt": null,
        "replyContent": null,
        "reviewCreatedVersion": null,
        "reviewId": "687df0b7-40e0-4614-a9d5-4d89cfd28377",
        "score": 5,
        "thumbsUpCount": 16,
        "userImage": "https://play-lh.googleusercontent.com/a/ACg8ocLV0n8Q84DyUJ4b_AXdMdFYcm3NzBgaqPK-QHVszGd_=mo",
        "userName": "Ayesha 0013"
    },
    {
        "appVersion": null,
        "at": "2021-03-15 08:18:53",
        "content": "How To Create A PayPal Account Is Very Good And Amazing Work I Like This Application Wow I Love It This App Osm mr",
        "repliedAt": null,
        "replyContent": null,
        "reviewCreatedVersion": null,
        "reviewId": "2ffc5a3a-2a86-4f46-8081-0ca9f6d50d2b",
        "score": 5,
        "thumbsUpCount": 0,
        "userImage": "https://play-lh.googleusercontent.com/a/ACg8ocK8xzrnbXYv0HmEPxxocxz8yWAi9ULtilPa3guwGJtG=mo",
        "userName": "Shafique Ahmed Bahleem"
    },
    {
        "appVersion": null,
        "at": "2021-03-15 08:14:44",
        "content": "How to creat a paypal acvount ia very nice app. Use this app nad very easy to you will learn how to create a PayPal account. This app is good working app i love at",
        "repliedAt": null,
        "replyContent": null,
        "reviewCreatedVersion": null,
        "reviewId": "69f502d6-b432-49c4-9967-ead2a5ef5023",
        "score": 5,
        "thumbsUpCount": 0,
        "userImage": "https://play-lh.googleusercontent.com/a-/ALV-UjXSjwT5yKm2LlCOJcmUm7MC2b1PU1Z5oswu8Cz4vNxgQQ",
        "userName": "charli robot p 4"
    },
    {
        "appVersion": null,
        "at": "2021-03-15 08:08:25",
        "content": "How create PayPal account free is a amazing application. This app features so good and smoothly working",
        "repliedAt": null,
        "replyContent": null,
        "reviewCreatedVersion": null,
        "reviewId": "c531cbfe-3ac1-4350-b19e-02456f56aaec",
        "score": 5,
        "thumbsUpCount": 0,
        "userImage": "https://play-lh.googleusercontent.com/a-/ALV-UjW6WoVw6uL-0i2EcrN3EM8QIEG7litjLEtoOlMtRHjnJg",
        "userName": "Atom Bomb"
    },
    {
        "appVersion": null,
        "at": "2021-03-15 08:03:48",
        "content": "How to create a PayPal account first app install in our mobile and all guideline step by step fail in this application and create a account.",
        "repliedAt": null,
        "replyContent": null,
        "reviewCreatedVersion": null,
        "reviewId": "c5233478-5b16-4664-b570-b263e9816f6d",
        "score": 5,
        "thumbsUpCount": 0,
        "userImage": "https://play-lh.googleusercontent.com/a/ACg8ocI0OtmxL94UmRhldsz1T3PAaFQcm0FeErtICEHYi-E9=mo",
        "userName": "Asd Asd"
    },
    {
        "appVersion": null,
        "at": "2021-03-15 08:03:40",
        "content": "How create PayPal account free application on the play store. This app use to easy and simple. I like this application",
        "repliedAt": null,
        "replyContent": null,
        "reviewCreatedVersion": null,
        "reviewId": "e0d54287-63d6-41f7-bdf5-cbd9b2dd5490",
        "score": 5,
        "thumbsUpCount": 0,
        "userImage": "https://play-lh.googleusercontent.com/a-/ALV-UjW82R6ARlTFI8cGW_g6LhdpLDu-TZ71TMjasgtuzShqEg",
        "userName": "Afzal Yaseen"
    },
    {
        "appVersion": null,
        "at": "2021-03-15 08:02:20",
        "content": "How to create a paypal account app is one of the best app. This app is very easy to use and very good working. It's very important for us.",
        "repliedAt": null,
        "replyContent": null,
        "reviewCreatedVersion": null,
        "reviewId": "e389b097-27fb-46a8-bd02-04014a27ad79",
        "score": 5,
        "thumbsUpCount": 0,
        "userImage": "https://play-lh.googleusercontent.com/a/ACg8ocIMRsuNK0qhDoT1zBXjhrDnkkNJlJfszLkewFvRJzKJ=mo",
        "userName": "Ahmad Habib"
    },
    {
        "appVersion": null,
        "at": "2021-03-15 08:02:02",
        "content": "How to create a paypal account is the good application of the play store to the another app",
        "repliedAt": null,
        "replyContent": null,
        "reviewCreatedVersion": null,
        "reviewId": "a53784be-6e9e-4d38-b03e-f624fa3bd345",
        "score": 5,
        "thumbsUpCount": 0,
        "userImage": "https://play-lh.googleusercontent.com/a/ACg8ocK_ua4we7VQ8-GmIJU58mPTvp1lMatE7P8wFJL5Huh1=mo",
        "userName": "William Elizabeth"
    },
    {
        "appVersion": null,
        "at": "2021-03-15 08:01:16",
        "content": "Career a Account This is a very good application, I like it very much, the account becomes very turbulent in it, I do it a lot, it benefits a lot.",
        "repliedAt": null,
        "replyContent": null,
        "reviewCreatedVersion": null,
        "reviewId": "4058aae0-9cf3-4bda-b30b-48571fbf3743",
        "score": 5,
        "thumbsUpCount": 1,
        "userImage": "https://play-lh.googleusercontent.com/a-/ALV-UjXAuq5Pbs8ZSUtqvqp__5GF90rBIoVYRk_P7vvZmfhnkg",
        "userName": "Sahas pt"
    },
    {
        "appVersion": null,
        "at": "2021-03-15 08:01:13",
        "content": "I can freely creat a paypal account by using this wonderful application.",
        "repliedAt": null,
        "replyContent": null,
        "reviewCreatedVersion": null,
        "reviewId": "3d371703-c6b6-4d88-84fc-3f07d2c3eaf0",
        "score": 5,
        "thumbsUpCount": 0,
        "userImage": "https://play-lh.googleusercontent.com/a-/ALV-UjUUmc-EyFnl10LX_qQZpgkDMkukoe3p_fIHaqlmCwjMQg",
        "userName": "Muhammad Behzad"
    },
    {
        "appVersion": null,
        "at": "2021-03-15 02:13:53",
        "content": "The Best Application Wow I Love It OMG And Excellent Working This Application Wow I Love It",
        "repliedAt": null,
        "replyContent": null,
        "reviewCreatedVersion": null,
        "reviewId": "553ed565-4395-443b-a4d1-c0debe6ba4e0",
        "score": 5,
        "thumbsUpCount": 0,
        "userImage": "https://play-lh.googleusercontent.com/a/ACg8ocLUUa1aoKzevMTRC9yAB1XcA5EqkyJ-5pDUj4wFa6vR=mo",
        "userName": "Sport Cricket Qambar"
    },
    {
        "appVersion": null,
        "at": "2021-03-14 13:36:17",
        "content": "How to create paypal account I like it very much, such a amazing app because my favorite and I love it so much the functions and its app speed are amazing.",
        "repliedAt": null,
        "replyContent": null,
        "reviewCreatedVersion": null,
        "reviewId": "618c75c0-9b41-47b9-891a-22447a116059",
        "score": 5,
        "thumbsUpCount": 1,
        "userImage": "https://play-lh.googleusercontent.com/a/ACg8ocKw3AfnfBjEyiWCSmaE5dEHspdJmRu0B4jv-OOOLSfZ=mo",
        "userName": "Rani Butt 33 sono"
    },
    {
        "appVersion": null,
        "at": "2021-03-14 12:35:47",
        "content": "How to create a paypal account is very fabulous and amazing application it is more entertaining app then another application available on play store",
        "repliedAt": null,
        "replyContent": null,
        "reviewCreatedVersion": null,
        "reviewId": "f4c359fc-ca1e-4a0e-8c25-e73f472052f4",
        "score": 5,
        "thumbsUpCount": 0,
        "userImage": "https://play-lh.googleusercontent.com/a/ACg8ocJD0iNuzreou0MQkDf-RHYDM3yljRpVjtlpXFoCqRP5=mo",
        "userName": "ashi 35 gel"
    },
    {
        "appVersion": null,
        "at": "2021-03-14 12:21:17",
        "content": "PayPal account is very good application, I like it very much, it is my best application, VIP and it is very interesting, I use it very much.",
        "repliedAt": null,
        "replyContent": null,
        "reviewCreatedVersion": null,
        "reviewId": "8ecf1cf9-c9a4-4112-a198-77f137072931",
        "score": 5,
        "thumbsUpCount": 0,
        "userImage": "https://play-lh.googleusercontent.com/a/ACg8ocKqqBqU1mvmnA5ACCoeqS43Vn9XRFgXjP9smIxFq3xq=mo",
        "userName": "Mr patel PT"
    },
    {
        "appVersion": null,
        "at": "2021-03-14 10:36:07",
        "content": "This is the best how to create a paypal acount app.it is amazing app.its work really good.one of the best app.i suggest you to use this app.",
        "repliedAt": null,
        "replyContent": null,
        "reviewCreatedVersion": null,
        "reviewId": "45563b3c-bf5e-4554-a1f8-6bf1a070ab45",
        "score": 5,
        "thumbsUpCount": 0,
        "userImage": "https://play-lh.googleusercontent.com/a/ACg8ocL3jhSpgiRBkUHgE3kf5sGPn1JL16Ch7im6ApUGj-aj=mo",
        "userName": "Wakeel Ahmad 3"
    },
    {
        "appVersion": null,
        "at": "2021-03-14 10:36:03",
        "content": "How to create a Paypal app is very good this new app come with us at work like hundred percent it is very easy to use I like this app",
        "repliedAt": null,
        "replyContent": null,
        "reviewCreatedVersion": null,
        "reviewId": "322cfa07-cb75-49b0-b233-282eda6c5cd4",
        "score": 5,
        "thumbsUpCount": 0,
        "userImage": "https://play-lh.googleusercontent.com/a-/ALV-UjXxN1FG5csvIYqxRdalhhdHDTZpWT8QGAhQhTpNSwyLPw",
        "userName": "Majid Eng"
    },
    {
        "appVersion": null,
        "at": "2021-03-14 10:32:30",
        "content": "How to create a Paypal application is very useful application I am use this application",
        "repliedAt": null,
        "replyContent": null,
        "reviewCreatedVersion": null,
        "reviewId": "4b2d4d4c-5103-4071-8f64-bede36c57581",
        "score": 5,
        "thumbsUpCount": 1,
        "userImage": "https://play-lh.googleusercontent.com/a-/ALV-UjXB7CJrnzTS4Qk1Ymi68Jd2cBBlTyryxmj5NBDMy5QlQQ",
        "userName": "Sainya Mirzaa waroon"
    },
    {
        "appVersion": null,
        "at": "2021-03-14 10:30:24",
        "content": "Papal account is very good amdnwondeful feature of this application",
        "repliedAt": null,
        "replyContent": null,
        "reviewCreatedVersion": null,
        "reviewId": "bd7a9b7d-f3a4-4770-86f9-1b1d50cc3a2a",
        "score": 5,
        "thumbsUpCount": 0,
        "userImage": "https://play-lh.googleusercontent.com/a-/ALV-UjXmayX0hTl94oOPhVElQVqSfz9DpIjrdsroLZgWzbdifA",
        "userName": "Bignotj hoft"
    },
    {
        "appVersion": null,
        "at": "2021-03-14 10:29:41",
        "content": "This application guide you how to create a PayPal account . Its very useful and helpful application. I recommend to all my friends and family. Best wishes for developers.",
        "repliedAt": null,
        "replyContent": null,
        "reviewCreatedVersion": null,
        "reviewId": "866c9080-7bc4-4f62-926a-2b76f74caf7f",
        "score": 5,
        "thumbsUpCount": 1,
        "userImage": "https://play-lh.googleusercontent.com/a/ACg8ocJiOQi7apIDSqNeDYB52jYWxPkyNG1HmF90Xt9KU3ov=mo",
        "userName": "Zayyan Haider"
    },
    {
        "appVersion": null,
        "at": "2021-03-14 10:28:51",
        "content": "How to creat a paypal account is very nice app. Its very usefull app. Very best learning app I love this app. Its always in my phone .",
        "repliedAt": null,
        "replyContent": null,
        "reviewCreatedVersion": null,
        "reviewId": "521836e1-b4f4-499c-99fd-a6ba83273850",
        "score": 5,
        "thumbsUpCount": 0,
        "userImage": "https://play-lh.googleusercontent.com/a-/ALV-UjXCft1T48RrblBt0LnvGI9kRy2cwNG90OZ5pF9av4qLyA",
        "userName": "Robert maker"
    },
    {
        "appVersion": null,
        "at": "2021-03-14 10:27:00",
        "content": "How to create PayPal account is an amazing app. Its features are best.",
        "repliedAt": null,
        "replyContent": null,
        "reviewCreatedVersion": null,
        "reviewId": "7c611500-2e87-4b07-95d7-cc4f4a926d81",
        "score": 5,
        "thumbsUpCount": 0,
        "userImage": "https://play-lh.googleusercontent.com/a/ACg8ocJn8Odxo5yzA0OK7JO2inJHsS_EjPhMZ2g8ut9FM1LM=mo",
        "userName": "Hakeem Shah"
    },
    {
        "appVersion": null,
        "at": "2021-03-14 10:23:30",
        "content": "This is my favorite, from time to time Goswami does her name, this is very wonderful, very much, I like it very much.",
        "repliedAt": null,
        "replyContent": null,
        "reviewCreatedVersion": null,
        "reviewId": "89f6b5b1-f9cb-4107-8818-b320910ef5f2",
        "score": 5,
        "thumbsUpCount": 0,
        "userImage": "https://play-lh.googleusercontent.com/a/ACg8ocJaxnsTaTxJPkKht4ntlY88jvGseMU5eNjZoYEcxpSE=mo",
        "userName": "Baburao Ms"
    },
    {
        "appVersion": null,
        "at": "2021-03-14 10:23:12",
        "content": "How create PayPal account free application for the Android mobile. This app use to make PayPal account",
        "repliedAt": null,
        "replyContent": null,
        "reviewCreatedVersion": null,
        "reviewId": "6998fc51-2bb5-49e7-81eb-242e57808c0b",
        "score": 5,
        "thumbsUpCount": 0,
        "userImage": "https://play-lh.googleusercontent.com/a-/ALV-UjV4ip_qHaYdeIT80MKRxRVSwsR-lzCOwET4MubpjXnvYA",
        "userName": "Hashmi 786"
    },
    {
        "appVersion": null,
        "at": "2021-03-14 10:20:55",
        "content": "How to create a PayPal account from this application is very easily and feel for this account and used for withdrawal payment from this application.",
        "repliedAt": null,
        "replyContent": null,
        "reviewCreatedVersion": null,
        "reviewId": "f6a86d06-1e43-417c-a7c7-b3db04b40478",
        "score": 5,
        "thumbsUpCount": 1,
        "userImage": "https://play-lh.googleusercontent.com/a/ACg8ocJxGSOKBKWvn5YVFNzfGry2jH5YmkTDAYZfsiiaSIu9=mo",
        "userName": "Majid Sultan"
    },
    {
        "appVersion": null,
        "at": "2021-03-14 10:19:23",
        "content": "How to create a paypal account is very important app. This is very easy to use app. I like it very so much app.",
        "repliedAt": null,
        "replyContent": null,
        "reviewCreatedVersion": null,
        "reviewId": "2241bb05-790b-42cb-9f06-ed69cc480ad0",
        "score": 5,
        "thumbsUpCount": 0,
        "userImage": "https://play-lh.googleusercontent.com/a/ACg8ocJx-ebZxLVdvf2CMYTP03ZFVWhVd7bGvHqv4rIFlDvb=mo",
        "userName": "arshad aslam"
    },
    {
        "appVersion": null,
        "at": "2021-03-14 10:17:08",
        "content": "How create to PayPal account is wonderful application and awasime future",
        "repliedAt": null,
        "replyContent": null,
        "reviewCreatedVersion": null,
        "reviewId": "22168e4d-5bd7-4c2e-be80-853ffdc3a347",
        "score": 5,
        "thumbsUpCount": 0,
        "userImage": "https://play-lh.googleusercontent.com/a/ACg8ocK9B5qw0mqQpuBpuha05vT7D2aLmVnIM54mIWRcUerr=mo",
        "userName": "Adeel bro"
    },
    {
        "appVersion": null,
        "at": "2021-03-14 10:15:56",
        "content": "How create PayPal account guide is a great application. This app use to tech us how make PayPal account. I like this application",
        "repliedAt": null,
        "replyContent": null,
        "reviewCreatedVersion": null,
        "reviewId": "17d32893-2cd1-40a9-874e-089ce2255a1d",
        "score": 5,
        "thumbsUpCount": 0,
        "userImage": "https://play-lh.googleusercontent.com/a-/ALV-UjXLcIHnyaN--NSbMtlUAfQLlxv_7U7WeH0rdca2olRlUQ",
        "userName": "Iqra Khan"
    },
    {
        "appVersion": null,
        "at": "2021-03-14 10:06:57",
        "content": "How to create a PayPal account is a very good application .I like this application.",
        "repliedAt": null,
        "replyContent": null,
        "reviewCreatedVersion": null,
        "reviewId": "38ce572d-a094-440e-a25a-880530a32e91",
        "score": 5,
        "thumbsUpCount": 0,
        "userImage": "https://play-lh.googleusercontent.com/a/ACg8ocKnVRzhH05iwRc6eZG5Hv9_v0QjuE1nuEqfp5eXZuGq=mo",
        "userName": "Laala Tahir"
    },
    {
        "appVersion": null,
        "at": "2021-03-14 07:52:57",
        "content": "How to create PayPal account having best instructions for making PayPal account.having great features.",
        "repliedAt": null,
        "replyContent": null,
        "reviewCreatedVersion": null,
        "reviewId": "81b0bcc6-bb22-4149-90b3-c95e76af7014",
        "score": 5,
        "thumbsUpCount": 0,
        "userImage": "https://play-lh.googleusercontent.com/a/ACg8ocLOMU4-3Na7JAqsxyUtMJ8SH8OI32u6khc2hyQhmuDU=mo",
        "userName": "Stone albert"
    },
    {
        "appVersion": null,
        "at": "2021-03-14 06:34:00",
        "content": "How to create a PayPal account application is really very awesome and fantastic application. I really appreciate it very much.",
        "repliedAt": null,
        "replyContent": null,
        "reviewCreatedVersion": null,
        "reviewId": "3e9af68f-1c88-4830-9bc9-8c5019398f84",
        "score": 5,
        "thumbsUpCount": 0,
        "userImage": "https://play-lh.googleusercontent.com/a/ACg8ocILpFC6ZTRhcW-4i3636P_OHevtaEkNE2BUspoTFH9D=mo",
        "userName": "Mam Afiya"
    },
    {
        "appVersion": null,
        "at": "2021-03-13 08:57:16",
        "content": "I told my friend to download this application, it will work very well in your phone. He also downloaded it and he also liked it very much.",
        "repliedAt": null,
        "replyContent": null,
        "reviewCreatedVersion": null,
        "reviewId": "f51e1196-c77f-4f1a-85f0-932278847235",
        "score": 5,
        "thumbsUpCount": 2,
        "userImage": "https://play-lh.googleusercontent.com/a/ACg8ocI4OXPDbYcJr4Mb7HDl5iso_AL67Hyl8v6YSGxt3smW=mo",
        "userName": "Api G"
    },
    {
        "appVersion": null,
        "at": "2021-03-13 08:31:05",
        "content": "How to create PayPal account is an amazing app on play store.having good features.",
        "repliedAt": null,
        "replyContent": null,
        "reviewCreatedVersion": null,
        "reviewId": "bf0534bd-beb3-41fd-a66c-12bb1f591d5e",
        "score": 5,
        "thumbsUpCount": 0,
        "userImage": "https://play-lh.googleusercontent.com/a/ACg8ocK8K4MWbWDLWik2xrzm2TvSNKjh8obduQfeIGBygUpD=mo",
        "userName": "Sabi Rehman"
    },
    {
        "appVersion": null,
        "at": "2021-03-13 07:49:58",
        "content": "How To Create A PayPal Account, is too much better than all other applications. It's rating levels are very high. Very fantastic and fabulous application",
        "repliedAt": null,
        "replyContent": null,
        "reviewCreatedVersion": null,
        "reviewId": "759b731f-98ab-4781-a9d1-2a231d274462",
        "score": 5,
        "thumbsUpCount": 4,
        "userImage": "https://play-lh.googleusercontent.com/a/ACg8ocLF8os7N6ozkHjp0rHt6w2NKf8mD4g9B7ymBJMWWi2F=mo",
        "userName": "Luis Garcia"
    },
    {
        "appVersion": null,
        "at": "2021-03-13 06:28:06",
        "content": "How to create a papaal account is very good AMD very professional feature of this application",
        "repliedAt": null,
        "replyContent": null,
        "reviewCreatedVersion": null,
        "reviewId": "cce7e687-b055-4c6a-906b-d4b7b914feb7",
        "score": 5,
        "thumbsUpCount": 0,
        "userImage": "https://play-lh.googleusercontent.com/a-/ALV-UjV2VN_YHbWB3RYx5rJtsvqGBVXmXiU7qDtrG74VMR6-LA",
        "userName": "Dreme cer"
    },
    {
        "appVersion": null,
        "at": "2021-03-13 06:22:16",
        "content": "Using this app on phone anyone can easily know How to create a PayPal account.Its usage is easy with multiple languages support.",
        "repliedAt": null,
        "replyContent": null,
        "reviewCreatedVersion": null,
        "reviewId": "f208c95f-8c5a-4045-b89d-22a22fc329e2",
        "score": 5,
        "thumbsUpCount": 0,
        "userImage": "https://play-lh.googleusercontent.com/a/ACg8ocLor210rON56ZYIxx3GYMNcGNYQj7vZ-4WfAg04qGf9=mo",
        "userName": "Harry Jam bWn"
    },
    {
        "appVersion": null,
        "at": "2021-03-13 05:58:39",
        "content": "How to create a PayPal account is very nice application I really enjoyed to use this wonderful app.",
        "repliedAt": null,
        "replyContent": null,
        "reviewCreatedVersion": null,
        "reviewId": "04ffe010-60d8-43a7-af37-ae6ec176467e",
        "score": 5,
        "thumbsUpCount": 0,
        "userImage": "https://play-lh.googleusercontent.com/a-/ALV-UjV7dasEaUI-Hb-A2j5xRPQCV4Ew1bN5z88Xfrk1max6NA",
        "userName": "Tim Southee57"
    },
    {
        "appVersion": null,
        "at": "2021-03-13 05:55:18",
        "content": "How to create PayPal account guide free app provide guide to create a PayPal account in different countries. I love this app. Its my favourt.",
        "repliedAt": null,
        "replyContent": null,
        "reviewCreatedVersion": null,
        "reviewId": "8b66caf5-ce3d-4751-8b1a-3ccfd8cc2b6e",
        "score": 5,
        "thumbsUpCount": 0,
        "userImage": "https://play-lh.googleusercontent.com/a-/ALV-UjVdQsiZbt1wzG_vn1Ka3wIFYgFZ20QMDQjKd2RThoYUhw",
        "userName": "tele communication"
    },
    {
        "appVersion": null,
        "at": "2021-03-13 05:54:37",
        "content": "How create PayPal account is wonderful application and dowanlode this application",
        "repliedAt": null,
        "replyContent": null,
        "reviewCreatedVersion": null,
        "reviewId": "83b4b454-81d3-4ad2-86f5-4764d7e283ba",
        "score": 5,
        "thumbsUpCount": 1,
        "userImage": "https://play-lh.googleusercontent.com/a-/ALV-UjVP2Qdh4J5EKOvGu5APX3Q0h6qjwg_11-7I_QzceWVxwQ",
        "userName": "Funy Video"
    },
    {
        "appVersion": null,
        "at": "2021-03-13 05:46:38",
        "content": "This is the best create paypal acount app.it is amazing app.its work really good.one of the best paypal acount app.it is very usefull app.i suggest you to use this app.",
        "repliedAt": null,
        "replyContent": null,
        "reviewCreatedVersion": null,
        "reviewId": "0e6c5992-4464-49d1-a343-bc12cbf88ded",
        "score": 5,
        "thumbsUpCount": 0,
        "userImage": "https://play-lh.googleusercontent.com/a/ACg8ocLcoPKgGiG7rzcbefiCGp0j6FT7eHr8j2Ad14EMuAcC=mo",
        "userName": "Asad Faheem"
    },
    {
        "appVersion": null,
        "at": "2021-03-13 05:45:37",
        "content": "How to create paypal account first install app and fill all requirements this paypal account and use it for withdrawal peymet.",
        "repliedAt": null,
        "replyContent": null,
        "reviewCreatedVersion": null,
        "reviewId": "d7f25900-a7d5-4852-a0fb-48b2c782de43",
        "score": 5,
        "thumbsUpCount": 0,
        "userImage": "https://play-lh.googleusercontent.com/a/ACg8ocL5qHszhTCLHQe8TXDctjd4S7LzVTOW0tFU9FX4IqMD=mo",
        "userName": "Malik Naveed"
    },
    {
        "appVersion": null,
        "at": "2021-03-12 11:55:30",
        "content": "Ho to create PayPal account is wonderful application these application work properly nice to use it very easy to use and install",
        "repliedAt": null,
        "replyContent": null,
        "reviewCreatedVersion": null,
        "reviewId": "c64c8098-3ea8-4b0b-9da4-ff3654efa086",
        "score": 5,
        "thumbsUpCount": 1,
        "userImage": "https://play-lh.googleusercontent.com/a/ACg8ocIwq0MBCVUEnFPG-T2L91QiYMA1avu2tvNapvIJleH5=mo",
        "userName": "jani2 jani2"
    },
    {
        "appVersion": null,
        "at": "2021-03-12 09:52:24",
        "content": "How To Create A PayPal Account Is Very Easy To Use Play I Like It Very Perfect Working This Application Wow I Like It mr",
        "repliedAt": null,
        "replyContent": null,
        "reviewCreatedVersion": null,
        "reviewId": "5729b9ee-72ef-456d-9c9a-ffe7633c1805",
        "score": 5,
        "thumbsUpCount": 0,
        "userImage": "https://play-lh.googleusercontent.com/a/ACg8ocJF7DvHpDiENGiRASh-ijiCJhIS0htfNqkqwLxIg4nN=mo",
        "userName": "Shaheen CC Kamber"
    },
    {
        "appVersion": null,
        "at": "2021-03-12 09:43:41",
        "content": "How To Create A Paypal Account, is very intresting application. Too much better application. Me also use this app. You must try this application.",
        "repliedAt": null,
        "replyContent": null,
        "reviewCreatedVersion": null,
        "reviewId": "d0bf78aa-f287-4cf0-8e03-d0a58b082cb4",
        "score": 5,
        "thumbsUpCount": 1,
        "userImage": "https://play-lh.googleusercontent.com/a/ACg8ocIck7sf-zozF9kw62D9Xb3v8JPWnsr75736ol0hllkr=mo",
        "userName": "Alex Heals"
    },
    {
        "appVersion": null,
        "at": "2021-03-12 07:48:07",
        "content": "How to create paypal account application is one of the best and most popular application on Google play store collection...",
        "repliedAt": null,
        "replyContent": null,
        "reviewCreatedVersion": null,
        "reviewId": "2db944ba-50c5-45f1-a0b3-14a78ecae543",
        "score": 5,
        "thumbsUpCount": 0,
        "userImage": "https://play-lh.googleusercontent.com/a/ACg8ocJYmXMqLKX801GLPLHn1DOugqjorArpKPjUX-hZK-4R=mo",
        "userName": "Reserved Gsm"
    },
    {
        "appVersion": null,
        "at": "2021-03-12 07:07:16",
        "content": "How to create Paypal app new app come this app work like hundred percent this app use a lot I like this app app",
        "repliedAt": null,
        "replyContent": null,
        "reviewCreatedVersion": null,
        "reviewId": "bc40d4cc-2e13-4b1c-b29e-7062d2985984",
        "score": 5,
        "thumbsUpCount": 0,
        "userImage": "https://play-lh.googleusercontent.com/a-/ALV-UjUVJGf1dYLix984fK6D2rlzrA2gjvYOg2qID1RiK3c52w",
        "userName": "Nimra Png"
    },
    {
        "appVersion": null,
        "at": "2021-03-12 05:56:55",
        "content": "How to create a paypal account is very easy to use app. It has great adventure. It is unique concept of app. I love this app.",
        "repliedAt": null,
        "replyContent": null,
        "reviewCreatedVersion": null,
        "reviewId": "5d7c2f71-be3d-4132-ab5e-07ab2237948b",
        "score": 5,
        "thumbsUpCount": 5,
        "userImage": "https://play-lh.googleusercontent.com/a/ACg8ocLVCDF9VH9X238VJhcecx2IKLxnIZVG0YVc3cBtBsr8=mo",
        "userName": "usama aslam"
    },
    {
        "appVersion": null,
        "at": "2021-03-12 04:41:53",
        "content": "How to create a paypal account app This is a very lightweight app in the phone, it does not let anything else in it, does not spoil my phone Very nice application I downloaded from play store",
        "repliedAt": null,
        "replyContent": null,
        "reviewCreatedVersion": null,
        "reviewId": "48ad35cd-bfa9-4611-b863-5c2879fe312f",
        "score": 5,
        "thumbsUpCount": 1,
        "userImage": "https://play-lh.googleusercontent.com/a/ACg8ocL0c_VXLuo4PKw6wCzn7K_6B9dpn0591frOmLWXklhM=mo",
        "userName": "Saba 0050"
    },
    {
        "appVersion": null,
        "at": "2021-03-12 04:39:20",
        "content": "This is the best how to creat a paypal acount app.it is amazing app.its woro really good.one of the best app.it is very usefull app.",
        "repliedAt": null,
        "replyContent": null,
        "reviewCreatedVersion": null,
        "reviewId": "f32fe954-3959-4bd8-95ed-c867b7a42c43",
        "score": 5,
        "thumbsUpCount": 0,
        "userImage": "https://play-lh.googleusercontent.com/a/ACg8ocI3PKfQH2auo91_4bUZJ8YWFLGG3YVI9vPJ2vag96Ia=mo",
        "userName": "Barry martin"
    },
    {
        "appVersion": null,
        "at": "2021-03-12 04:37:30",
        "content": "How to create paypal account first install and step by step instructions this app. Everyone use this app and use it anyway.",
        "repliedAt": null,
        "replyContent": null,
        "reviewCreatedVersion": null,
        "reviewId": "aae04b15-3568-4fc4-8bd8-d3d0ded6882a",
        "score": 5,
        "thumbsUpCount": 0,
        "userImage": "https://play-lh.googleusercontent.com/a/ACg8ocJ3-vcqrb5cjXTzq8mTcboRs9oZmIFjezijNKtHcJY7=mo",
        "userName": "Asd Asd"
    },
    {
        "appVersion": null,
        "at": "2021-03-12 04:24:59",
        "content": "How to create a paypal account is very easy to use and good working app I like so much this app",
        "repliedAt": null,
        "replyContent": null,
        "reviewCreatedVersion": null,
        "reviewId": "00beac04-95c6-4f3d-8feb-f9efa8544fb8",
        "score": 5,
        "thumbsUpCount": 1,
        "userImage": "https://play-lh.googleusercontent.com/a/ACg8ocLo6hhErRD1ft8efzEpDKkBIEW3akpdw4am_E4dR4Md=mo",
        "userName": "Chali Jao"
    },
    {
        "appVersion": null,
        "at": "2021-03-12 04:24:57",
        "content": "How to create a PayPal account is so wonderful application good features and great working fully app.",
        "repliedAt": null,
        "replyContent": null,
        "reviewCreatedVersion": null,
        "reviewId": "30f32076-7ff0-4887-a570-5641a2ba394b",
        "score": 5,
        "thumbsUpCount": 0,
        "userImage": "https://play-lh.googleusercontent.com/a/ACg8ocJxEXhhfty77bBgELYvCWn68Q33Hk1iV62HFkniZj4=mo",
        "userName": "Mansoor Sahito2"
    },
    {
        "appVersion": null,
        "at": "2021-03-12 04:16:04",
        "content": "How create PayPal account is a free android application on the play store. This app use to make a PayPal account.",
        "repliedAt": null,
        "replyContent": null,
        "reviewCreatedVersion": null,
        "reviewId": "a3473edf-8932-426f-930c-36fa88744bf2",
        "score": 5,
        "thumbsUpCount": 0,
        "userImage": "https://play-lh.googleusercontent.com/a-/ALV-UjUBhp178wn0coCL6jv-H6GQyY-Rp2j-xxh3DvrqNpAU4g",
        "userName": "Sajida Bibi"
    },
    {
        "appVersion": null,
        "at": "2021-03-12 04:12:38",
        "content": "How to create PayPal account info is a wonderful application. This app use so easy and simple. I like this application",
        "repliedAt": null,
        "replyContent": null,
        "reviewCreatedVersion": null,
        "reviewId": "77f621b3-6517-4301-84f2-a00a97e53e97",
        "score": 5,
        "thumbsUpCount": 0,
        "userImage": "https://play-lh.googleusercontent.com/a-/ALV-UjVxkrY0zly6JdsyLs8Y3HfOY9XTbk6EnzA3HR-yRqlCAQ",
        "userName": "Pindi Badsha"
    },
    {
        "appVersion": null,
        "at": "2021-03-12 01:01:34",
        "content": "The Best Application OMG I Love It Great App And Excellent Working This Application Wow",
        "repliedAt": null,
        "replyContent": null,
        "reviewCreatedVersion": null,
        "reviewId": "73570fa4-7cfe-4cec-8f98-5a0b1df862da",
        "score": 5,
        "thumbsUpCount": 0,
        "userImage": "https://play-lh.googleusercontent.com/a/ACg8ocKVZ1GeuggcuZIQb7Mfo8TaLs13zEyY2z_trpLoqaP-=mo",
        "userName": "Iqra Ali Baloch 098"
    },
    {
        "appVersion": null,
        "at": "2021-03-11 14:07:15",
        "content": "how to create a paypal account is very amazing application and good work this application very helpfull in paypal account",
        "repliedAt": null,
        "replyContent": null,
        "reviewCreatedVersion": null,
        "reviewId": "b710dccd-322e-4676-a3f9-5abf928db45f",
        "score": 5,
        "thumbsUpCount": 0,
        "userImage": "https://play-lh.googleusercontent.com/a/ACg8ocKd3-wjf2Tw293sN4cBd0IC-sfKNPyknW03yGk4lPjL=mo",
        "userName": "Raho Sona ;2** joel"
    },
    {
        "appVersion": null,
        "at": "2021-03-11 13:30:48",
        "content": "How to create paypal Account The application is very helpful, you will also definitely like it, you too can take a lot of help.",
        "repliedAt": null,
        "replyContent": null,
        "reviewCreatedVersion": null,
        "reviewId": "fa557c2d-8324-45cf-958a-3ea2bceee37e",
        "score": 5,
        "thumbsUpCount": 25,
        "userImage": "https://play-lh.googleusercontent.com/a/ACg8ocL5YMt2iI8nVv-xj1cS90KXrUbuwhHVDXS7LekBuS0=mo",
        "userName": "Atif 70 Sono"
    },
    {
        "appVersion": null,
        "at": "2021-03-11 10:44:08",
        "content": "How to create a PayPal account is an application available on Play store you can download it and make a PayPal account",
        "repliedAt": null,
        "replyContent": null,
        "reviewCreatedVersion": null,
        "reviewId": "61ed6a87-a527-4ba7-a3a1-c0a627494c33",
        "score": 5,
        "thumbsUpCount": 0,
        "userImage": "https://play-lh.googleusercontent.com/a-/ALV-UjXc3fJyAC806JEKk0AoEhV0FHtPLKZbbPVz9vtZo_yaDw",
        "userName": "zaheer akram"
    },
    {
        "appVersion": null,
        "at": "2021-03-11 08:30:46",
        "content": "Create PayPal account is wonderful application and dowanlode this application",
        "repliedAt": null,
        "replyContent": null,
        "reviewCreatedVersion": null,
        "reviewId": "3b422904-9003-405b-b088-45a290e50b6f",
        "score": 5,
        "thumbsUpCount": 0,
        "userImage": "https://play-lh.googleusercontent.com/a/ACg8ocJyF4QnPWvuvjeBirBjGh9VIfe9sDAhFbNJu6LHMQYv=mo",
        "userName": "Jackson Blake"
    },
    {
        "appVersion": null,
        "at": "2021-03-11 08:28:48",
        "content": "How To Create A PayPal Account Is Very Good And Lovely Application For Smartphone Users And Enjoy The Latest App mr",
        "repliedAt": null,
        "replyContent": null,
        "reviewCreatedVersion": null,
        "reviewId": "cc469dd5-2eab-4868-b436-4ea0427cbc0e",
        "score": 5,
        "thumbsUpCount": 0,
        "userImage": "https://play-lh.googleusercontent.com/a/ACg8ocIjrQQxjRTF19fSK05vjyOH7rIBGAaRWeWvkRezEbas=mo",
        "userName": "DEO Deedar Waggan"
    },
    {
        "appVersion": null,
        "at": "2021-03-11 07:48:41",
        "content": "My friend has downloaded this application game, he told me that the application download very good app, you will do your very best. Naresh application downloaded is a very good application.",
        "repliedAt": null,
        "replyContent": null,
        "reviewCreatedVersion": null,
        "reviewId": "748d6848-fb29-41a2-ace4-719eba5fe5db",
        "score": 5,
        "thumbsUpCount": 0,
        "userImage": "https://play-lh.googleusercontent.com/a/ACg8ocJ8gZaFxIxdguOcmHYcJOdB4teAIWimjcIu75fRYCTL=mo",
        "userName": "Saba 0016"
    },
    {
        "appVersion": null,
        "at": "2021-03-11 07:46:40",
        "content": "How to create PayPal account guide is a great application. This app teah us how make PayPal account step by step. This app so useful",
        "repliedAt": null,
        "replyContent": null,
        "reviewCreatedVersion": null,
        "reviewId": "72ddb7ff-9076-4a0d-8fc3-271e2eb3b63b",
        "score": 5,
        "thumbsUpCount": 0,
        "userImage": "https://play-lh.googleusercontent.com/a-/ALV-UjV-t6uAY6ZVczQCP5WlR8g-DBw4NE11rKUTjm2v6S5imQ",
        "userName": "Osaka Hnd"
    },
    {
        "appVersion": null,
        "at": "2021-03-11 07:31:16",
        "content": "How to create a PayPal account of the best application.it download to play store in install.",
        "repliedAt": null,
        "replyContent": null,
        "reviewCreatedVersion": null,
        "reviewId": "5c1a14fe-0a90-4e76-a6ab-044c90e61a99",
        "score": 5,
        "thumbsUpCount": 0,
        "userImage": "https://play-lh.googleusercontent.com/a/ACg8ocKZxzqoLptt37tj8-xgnqKtxG4vxtG1rpc15pgKltVH=mo",
        "userName": "Gmail tahir"
    },
    {
        "appVersion": null,
        "at": "2021-03-11 07:23:24",
        "content": "This is the best create a paypal acount app.it is amazing app.its work really good.you can make any paypal acount with the help of this app.",
        "repliedAt": null,
        "replyContent": null,
        "reviewCreatedVersion": null,
        "reviewId": "903724bc-048d-4894-8481-875ffbee0cad",
        "score": 5,
        "thumbsUpCount": 0,
        "userImage": "https://play-lh.googleusercontent.com/a/ACg8ocJUN_vSAi06DrX8SvTocoEAbrpHPfZOe8NKp38NJgDj=mo",
        "userName": "Ali Baloch"
    },
    {
        "appVersion": null,
        "at": "2021-03-11 07:09:13",
        "content": "How to create paypal account guide application is very important for Android devices phone's. All requirements fill and create a paypal account.",
        "repliedAt": null,
        "replyContent": null,
        "reviewCreatedVersion": null,
        "reviewId": "f0b8277b-885d-44e7-873a-efe1c7455bcc",
        "score": 5,
        "thumbsUpCount": 0,
        "userImage": "https://play-lh.googleusercontent.com/a/ACg8ocL-2fTfasua1jUAyYBBcXQFedHqLQcL1tXCKhbvIH4F=mo",
        "userName": "Rana Manoo2"
    },
    {
        "appVersion": null,
        "at": "2021-03-11 07:03:42",
        "content": "How to create PayPal account is really good app amazing app with excellent character",
        "repliedAt": null,
        "replyContent": null,
        "reviewCreatedVersion": null,
        "reviewId": "3a2abb02-a4c0-4e4b-8fad-97493ef35834",
        "score": 5,
        "thumbsUpCount": 2,
        "userImage": "https://play-lh.googleusercontent.com/a-/ALV-UjVyS2oOCk_BE2kk5WoQ2ch7j_MKY4GDWqIXSkaBsNQZrw",
        "userName": "Mia Emily"
    },
    {
        "appVersion": null,
        "at": "2021-03-11 06:50:25",
        "content": "How to create this is the amazing application noise application beautiful application very good application I like it very much",
        "repliedAt": null,
        "replyContent": null,
        "reviewCreatedVersion": null,
        "reviewId": "6f6b23e8-af84-41c1-b037-ec2795d71e0f",
        "score": 5,
        "thumbsUpCount": 0,
        "userImage": "https://play-lh.googleusercontent.com/a/ACg8ocJTwIaXTI1gMrHUk7tAZCAFr0dU9sSqd0CyR57-2_Jr=mo",
        "userName": "Alishba Tvs"
    },
    {
        "appVersion": null,
        "at": "2021-03-10 09:00:46",
        "content": "How to create app My phone works very well, there is a very light weight application I use this very application Amazing and Different Applications",
        "repliedAt": null,
        "replyContent": null,
        "reviewCreatedVersion": null,
        "reviewId": "0d92272a-8c8d-4a9b-80ec-d862826cc9f5",
        "score": 5,
        "thumbsUpCount": 0,
        "userImage": "https://play-lh.googleusercontent.com/a/ACg8ocKKaEJy0v39rH45N_C0AxFEQeMyPkza4SHdi3-VGLqm=mo",
        "userName": "Doll 0034"
    },
    {
        "appVersion": null,
        "at": "2021-03-10 05:34:00",
        "content": "How to create Apple account play how to order application I love this beautiful amazing application by the Play Store easily install",
        "repliedAt": null,
        "replyContent": null,
        "reviewCreatedVersion": null,
        "reviewId": "bd6530c8-e620-41e4-9b88-c629c5b753ed",
        "score": 5,
        "thumbsUpCount": 0,
        "userImage": "https://play-lh.googleusercontent.com/a/ACg8ocLWtLBG4shan4qaZFWgE8kPjnZLkqWEV89EJovORadJ=mo",
        "userName": "Cyrus kkdd"
    },
    {
        "appVersion": null,
        "at": "2021-03-10 02:02:47",
        "content": "How to create paypal account very famous and best application in the world famous.",
        "repliedAt": null,
        "replyContent": null,
        "reviewCreatedVersion": null,
        "reviewId": "0447692e-c148-4830-90e8-48229c7f9e14",
        "score": 5,
        "thumbsUpCount": 0,
        "userImage": "https://play-lh.googleusercontent.com/a-/ALV-UjUNNdcWdUfZNt7Kq6NzIkS90FrfX4UpIuGEPeH8CU01uA",
        "userName": "Aslam T"
    },
    {
        "appVersion": "1.0",
        "at": "2021-03-09 03:29:37",
        "content": "How to create a PayPal account is one of the most important function of very interesting application.its easy to usefull application.",
        "repliedAt": null,
        "replyContent": null,
        "reviewCreatedVersion": "1.0",
        "reviewId": "e6045945-84ed-4168-9efd-af66d600bba9",
        "score": 5,
        "thumbsUpCount": 7,
        "userImage": "https://play-lh.googleusercontent.com/a/ACg8ocL-wTBI1yxaoW_jVAW7oRauqglaTPWRTatCZcnXLQAi=mo",
        "userName": "Yousif Dullu Baloch"
    },
    {
        "appVersion": null,
        "at": "2021-03-09 00:52:55",
        "content": "This is my favorite, I like to use my hobbies very much. very smart, it should punish a lot of people. I like it very much. It is very grade smart and active. It is very wonderful",
        "repliedAt": null,
        "replyContent": null,
        "reviewCreatedVersion": null,
        "reviewId": "817a7755-82b3-452b-8af2-7eb443fe3e1a",
        "score": 5,
        "thumbsUpCount": 1,
        "userImage": "https://play-lh.googleusercontent.com/a-/ALV-UjWO_iNwivornrGxVKbWqD1zTiohWe9m_oDbZkdc4N3akw",
        "userName": "Loire paind MS"
    },
    {
        "appVersion": null,
        "at": "2021-03-09 00:01:51",
        "content": "How to create a PayPal account is an application available on Play store and use a useful and helpful for you",
        "repliedAt": null,
        "replyContent": null,
        "reviewCreatedVersion": null,
        "reviewId": "e56f67e0-84ca-4ef7-8004-59e4250fcb94",
        "score": 5,
        "thumbsUpCount": 0,
        "userImage": "https://play-lh.googleusercontent.com/a/ACg8ocJrQExaMY1knjd7x3kjzARR3ReN4AxXBAYqw6SDkVSa=mo",
        "userName": "Mad ness person"
    },
    {
        "appVersion": null,
        "at": "2021-03-08 22:54:48",
        "content": "How to It should be said that it was very tolerable and did a lot of wonders, it was made in a very different way, all its",
        "repliedAt": null,
        "replyContent": null,
        "reviewCreatedVersion": null,
        "reviewId": "7ba7d275-5b4c-43a9-bd99-a97a057a5933",
        "score": 5,
        "thumbsUpCount": 0,
        "userImage": "https://play-lh.googleusercontent.com/a-/ALV-UjWKbt_lHwuWibTOAhE3G-xbXRpIPrBWn-bQfS4txqqdlg",
        "userName": "Fuf Duplisi by us"
    },
    {
        "appVersion": null,
        "at": "2021-03-08 13:33:28",
        "content": "Create Pay Pal account is a very good application, I like it very much, I use it a lot and I also tell you that you use it, you will also help a lot.",
        "repliedAt": null,
        "replyContent": null,
        "reviewCreatedVersion": null,
        "reviewId": "00b8d238-cf31-4250-9b18-fbed27a7cf9c",
        "score": 5,
        "thumbsUpCount": 1,
        "userImage": "https://play-lh.googleusercontent.com/a/ACg8ocKCnWe0ubBMpKkHio2u1-7GixAws8ESCIy9a7Qklcby=mo",
        "userName": "Kiarn Rajput sono 30"
    },
    {
        "appVersion": null,
        "at": "2021-03-08 09:38:35",
        "content": "I like you very much this application Very perfect picture to the net application You will also like to use this application. Amazing app",
        "repliedAt": null,
        "replyContent": null,
        "reviewCreatedVersion": null,
        "reviewId": "8ffb476a-c3cc-4a2b-891c-412f839f8590",
        "score": 5,
        "thumbsUpCount": 0,
        "userImage": "https://play-lh.googleusercontent.com/a-/ALV-UjX77vYA156LoGMkQ4TWOrPLi7ZEWInLZ4ThMBNvAKCF5Q",
        "userName": "Api G"
    },
    {
        "appVersion": null,
        "at": "2021-03-08 06:51:22",
        "content": "How to create a paypal account is the best and good app This is so amazing app I love this app",
        "repliedAt": null,
        "replyContent": null,
        "reviewCreatedVersion": null,
        "reviewId": "1a1b942f-232f-40a2-867f-7d75cfcfa036",
        "score": 5,
        "thumbsUpCount": 0,
        "userImage": "https://play-lh.googleusercontent.com/a/ACg8ocK-c5wI7bEnTTZDnAMLA2I-M2kfpDer8dAOsed3AlCV=mo",
        "userName": "Apna B"
    },
    {
        "appVersion": null,
        "at": "2021-03-07 14:11:06",
        "content": "People in Pakistan liked this application very much How long have i been looking for applications Very good application Interest app Very good app",
        "repliedAt": null,
        "replyContent": null,
        "reviewCreatedVersion": null,
        "reviewId": "64617ae2-4127-4130-87d1-0c4048393a89",
        "score": 5,
        "thumbsUpCount": 0,
        "userImage": "https://play-lh.googleusercontent.com/a/ACg8ocIyZJpmCVioLrTSiQhSmeLkUO-hYXk1xRApz7Qaaf3x=mo",
        "userName": "Hina 223"
    },
    {
        "appVersion": null,
        "at": "2021-03-07 08:17:15",
        "content": "How to create PayPal account is my favourite application.i get information about this applications which I created PayPal account information.",
        "repliedAt": null,
        "replyContent": null,
        "reviewCreatedVersion": null,
        "reviewId": "bb42044c-2d09-4b2f-b8c2-5a9cafec7bdc",
        "score": 5,
        "thumbsUpCount": 0,
        "userImage": "https://play-lh.googleusercontent.com/a/ACg8ocKiG_6fuWl9tGYbmJ3tYnIiXIH2qXHXtxBQbNx_kqQP=mo",
        "userName": "Khalo Transport"
    },
    {
        "appVersion": "1.0",
        "at": "2021-03-07 08:13:05",
        "content": "How to create paypal account is very useful application. It has great adventure. It is unique concept of application. I love this application.",
        "repliedAt": null,
        "replyContent": null,
        "reviewCreatedVersion": "1.0",
        "reviewId": "eb569fe0-c927-446a-9132-b177ba74f67f",
        "score": 5,
        "thumbsUpCount": 18,
        "userImage": "https://play-lh.googleusercontent.com/a/ACg8ocKXVqqdmQpGxZVz5znUIvi8Jjeknvk09_B8k1fYnDh7=mo",
        "userName": "Amara Khan"
    },
    {
        "appVersion": null,
        "at": "2021-03-06 14:49:43",
        "content": "Very good application, I read very well in my phone, they had very light weight I am the youngest good application Amazing and Different Applications",
        "repliedAt": null,
        "replyContent": null,
        "reviewCreatedVersion": null,
        "reviewId": "ff40bf66-b00c-48a5-b2cf-38d80df6864f",
        "score": 5,
        "thumbsUpCount": 1,
        "userImage": "https://play-lh.googleusercontent.com/a/ACg8ocLL4rhZGCtVZoCqypEZ2vZucXlejRb4YJoEWjSLuB4h=mo",
        "userName": "Saba 0025"
    },
    {
        "appVersion": null,
        "at": "2021-03-06 12:29:40",
        "content": "How to create paypal account first install app and step by step guidelines available create for account PayPal. Best application for earning withdrawal help.",
        "repliedAt": null,
        "replyContent": null,
        "reviewCreatedVersion": null,
        "reviewId": "58cfe149-7c44-4ce5-a0f4-959d38ba6eb7",
        "score": 5,
        "thumbsUpCount": 1,
        "userImage": "https://play-lh.googleusercontent.com/a-/ALV-UjW9kZEx7utY-Q_Qmx0koxJC11L9ynZzrWW8LDFWKO94Vg",
        "userName": "Rana Maan"
    },
    {
        "appVersion": null,
        "at": "2021-03-06 10:55:57",
        "content": "If your paypal account is not created then it is taught how to create a paypal account. Its a vey useful app .I automatically created a paypal account from its guideline",
        "repliedAt": null,
        "replyContent": null,
        "reviewCreatedVersion": null,
        "reviewId": "c136f603-53db-4d1e-aead-b3ba2f0f6e45",
        "score": 5,
        "thumbsUpCount": 1,
        "userImage": "https://play-lh.googleusercontent.com/a/ACg8ocIGYxa1nMt-lQVMf-bNJOdpHBpIX9ypWc1oGk5gZ6w1=mo",
        "userName": "Sam44Balti Rang"
    },
    {
        "appVersion": "1.0",
        "at": "2021-03-06 09:15:44",
        "content": "How to create a paypal account is very easily use this app Good working app I like so much this app",
        "repliedAt": null,
        "replyContent": null,
        "reviewCreatedVersion": "1.0",
        "reviewId": "3c6a5ad1-883c-42a5-bf73-b079a83b73b2",
        "score": 5,
        "thumbsUpCount": 0,
        "userImage": "https://play-lh.googleusercontent.com/a/ACg8ocIqy9E1PNZyaquH_MGefKR2py6unmoA1lpl-pPL0NhA=mo",
        "userName": "Nimra Nargas SH"
    },
    {
        "appVersion": null,
        "at": "2021-03-06 08:32:18",
        "content": "How to create a paypal account new amazing application for android one of the best application",
        "repliedAt": null,
        "replyContent": null,
        "reviewCreatedVersion": null,
        "reviewId": "2bfd6156-abd6-4c83-bc1a-f0784f38fa37",
        "score": 5,
        "thumbsUpCount": 0,
        "userImage": "https://play-lh.googleusercontent.com/a/ACg8ocJ9BSFQMPtqQvhYv5sJcOd8nUe-n2Hy4rwDRBV-khnK=mo",
        "userName": "Raj Behari s"
    },
    {
        "appVersion": null,
        "at": "2021-03-05 07:11:03",
        "content": "Pay pal account free application is the best and wonderfull application.it is very fantastic application.its features is very amauzing and exciting .i like this application.",
        "repliedAt": null,
        "replyContent": null,
        "reviewCreatedVersion": null,
        "reviewId": "634634af-8418-45c9-af89-ac194f3a5cc8",
        "score": 5,
        "thumbsUpCount": 0,
        "userImage": "https://play-lh.googleusercontent.com/a/ACg8ocLD0YhJ_YZsyObGart3yNDk51_a6h-YLBpqNc39eeue=mo",
        "userName": "Fabrice Rodriguez"
    },
    {
        "appVersion": null,
        "at": "2021-03-05 06:38:02",
        "content": "How to create PayPal account app is useful for me.its features are awesome.I recommend you all to install it.",
        "repliedAt": null,
        "replyContent": null,
        "reviewCreatedVersion": null,
        "reviewId": "99b2d5b7-221a-435d-9470-9fb4fa132c75",
        "score": 5,
        "thumbsUpCount": 1,
        "userImage": "https://play-lh.googleusercontent.com/a/ACg8ocIDj0TM29B9E-4cfvovZTybltordtgKBLIHcIctS72D=mo",
        "userName": "Zahid Mehmood N"
    },
    {
        "appVersion": "1.0",
        "at": "2021-03-05 05:33:57",
        "content": "Good",
        "repliedAt": null,
        "replyContent": null,
        "reviewCreatedVersion": "1.0",
        "reviewId": "4db4573a-1b13-404f-93ff-95eb7c363ead",
        "score": 5,
        "thumbsUpCount": 0,
        "userImage": "https://play-lh.googleusercontent.com/a/ACg8ocLUfC-U8nBuUK1qu77pFzdKXponUKxZ-Y_CQeXPgHIF=mo",
        "userName": "khaing phyoe win"
    },
    {
        "appVersion": null,
        "at": "2021-03-04 15:45:19",
        "content": "How to create a paypal account This was the complete guideline for you how to create your paypal account. This is a best book for freelancers. You must try it once. You will definitely like it.",
        "repliedAt": null,
        "replyContent": null,
        "reviewCreatedVersion": null,
        "reviewId": "eb2f4b99-fa3a-47f0-ad3d-22e778c7d54c",
        "score": 5,
        "thumbsUpCount": 1,
        "userImage": "https://play-lh.googleusercontent.com/a-/ALV-UjVw75xlQDIkAL3THDintrYVqYTxybc1DU_wwWlB0rGrgg",
        "userName": "Sam12 ImranSultan"
    },
    {
        "appVersion": null,
        "at": "2021-03-04 13:29:28",
        "content": "How to creat a paypal Account Its very nice application i love this very much is very helpfull you download and try this application",
        "repliedAt": null,
        "replyContent": null,
        "reviewCreatedVersion": null,
        "reviewId": "6c8612f0-320f-4c5a-9081-f7bdd05f5b1a",
        "score": 5,
        "thumbsUpCount": 0,
        "userImage": "https://play-lh.googleusercontent.com/a/ACg8ocIr44Dhb78lushNeE0QHQJmOMUiVugdtXVe1UYZQxFd=mo",
        "userName": "Masha 39 Gel"
    },
    {
        "appVersion": null,
        "at": "2021-03-04 12:44:43",
        "content": "How to creat a paypal Account Good application , I like it very different application and its very amazing And Super function is very good",
        "repliedAt": null,
        "replyContent": null,
        "reviewCreatedVersion": null,
        "reviewId": "7cefc12b-395e-48ae-b990-e1ee6d769800",
        "score": 5,
        "thumbsUpCount": 0,
        "userImage": "https://play-lh.googleusercontent.com/a/ACg8ocIMSeENYtmPOL8L4se_WgCFaoDIbSPFxgcN_7UTV9b2=mo",
        "userName": "Eisha 64 Gel"
    },
    {
        "appVersion": null,
        "at": "2021-03-04 12:38:28",
        "content": "This is a very good application, it is very light, type is Talks very well on my phone How to create a paypal account app Good apps",
        "repliedAt": null,
        "replyContent": null,
        "reviewCreatedVersion": null,
        "reviewId": "3bfcddb3-5c38-42af-9e75-eb89b45fe6bd",
        "score": 5,
        "thumbsUpCount": 0,
        "userImage": "https://play-lh.googleusercontent.com/a/ACg8ocKfCL14OQ-eS4bhokI_S9vX7PWi_9XcubVnjjnaNXNG=mo",
        "userName": "Doll 0030"
    },
    {
        "appVersion": null,
        "at": "2021-03-04 11:55:11",
        "content": "How to create a paypal account first install app and fill all requirements fill in this app. Best account for earning money withdraw from networking sites working.",
        "repliedAt": null,
        "replyContent": null,
        "reviewCreatedVersion": null,
        "reviewId": "73d7f08f-9d71-4260-92b1-23c572216155",
        "score": 5,
        "thumbsUpCount": 0,
        "userImage": "https://play-lh.googleusercontent.com/a-/ALV-UjUvK_1WYIfGLUe4gH2PHdJDo1soLA6_cUW73Z-RcAsvPg",
        "userName": "M\u00e2\u0141\u00ee\u0136 M\u00fbH\u00e3Mm\u00c3\u0111 \u0160h\u00ca\u0159\u0102\u017e \u011eh\u00c5\u017e\u00c4\u0148F\u0105\u0158"
    },
    {
        "appVersion": null,
        "at": "2021-03-04 11:06:29",
        "content": "This is the best how to creat a paypal acount app.it is amazing app.its work really good.it is very usefull app i suggest you to use this app.",
        "repliedAt": null,
        "replyContent": null,
        "reviewCreatedVersion": null,
        "reviewId": "c4263930-59c1-4a8c-a7eb-62b4eb1a60f2",
        "score": 5,
        "thumbsUpCount": 1,
        "userImage": "https://play-lh.googleusercontent.com/a/ACg8ocKcFryT53NuaxlByQffbjaWPg235yBr_u4SpZr9vZoj=mo",
        "userName": "Catherine Alex"
    },
    {
        "appVersion": null,
        "at": "2021-03-04 02:43:25",
        "content": "Copy of other app",
        "repliedAt": null,
        "replyContent": null,
        "reviewCreatedVersion": null,
        "reviewId": "7bf7a3e7-1615-4b6b-9057-bebe4d35a8f6",
        "score": 1,
        "thumbsUpCount": 2,
        "userImage": "https://play-lh.googleusercontent.com/a/ACg8ocKylwclPtlFcCJscq_0DMH5TdTqdr9lBlMRhNNEnVE=mo",
        "userName": "Noman Kayani"
    },
    {
        "appVersion": null,
        "at": "2021-03-03 15:01:25",
        "content": "Wow Very impressive and interesting Application. Works very well for me. Easy to use. Really like to use this Application. 100% remarkable.",
        "repliedAt": null,
        "replyContent": null,
        "reviewCreatedVersion": null,
        "reviewId": "e9046370-8d23-4b3a-8c13-b935a44d0b77",
        "score": 5,
        "thumbsUpCount": 1,
        "userImage": "https://play-lh.googleusercontent.com/a/ACg8ocILy2HKX9E7ZRrvZnxzjG4IAAkwgPld6EkvfXKee-BJ=mo",
        "userName": "Raza Samo"
    },
    {
        "appVersion": null,
        "at": "2021-03-03 14:29:27",
        "content": "How To Create A PayPal Account, is very important application. This app have good features and graphics it's very mind blowing application. I recommend it.",
        "repliedAt": null,
        "replyContent": null,
        "reviewCreatedVersion": null,
        "reviewId": "c7ce462f-5b27-4df6-8667-801663cd7493",
        "score": 5,
        "thumbsUpCount": 2,
        "userImage": "https://play-lh.googleusercontent.com/a/ACg8ocJUxP85xexhcGifYvFbvt9Re759jx9ilpmFnjYGHbi4=mo",
        "userName": "Maria Iqbal"
    },
    {
        "appVersion": null,
        "at": "2021-03-03 14:10:58",
        "content": "How to create a paypal account Application is very good. I liked it very much. Different IDSA has been created. It has been described as a very good method.",
        "repliedAt": null,
        "replyContent": null,
        "reviewCreatedVersion": null,
        "reviewId": "f74472d3-888a-4830-a07f-8a76658fc9a6",
        "score": 5,
        "thumbsUpCount": 6,
        "userImage": "https://play-lh.googleusercontent.com/a-/ALV-UjWpux_NZ7yTxtREpZqjTzHcx_dBpDQK0hTGQ14RzuFW_Q",
        "userName": "Kieran Jk 345"
    },
    {
        "appVersion": null,
        "at": "2021-03-03 13:36:38",
        "content": "This is the best how to create a paypal acount app.it is amazing app.its work really good you can make any paypal acount with the help of this app.",
        "repliedAt": null,
        "replyContent": null,
        "reviewCreatedVersion": null,
        "reviewId": "5d60ac53-5878-40fc-a286-f9371bd06926",
        "score": 5,
        "thumbsUpCount": 0,
        "userImage": "https://play-lh.googleusercontent.com/a/ACg8ocK58GWnx_SujoFSAfJSfyhD0CbPBHhzYGiegy2CyySb=mo",
        "userName": "Ken Jim"
    },
    {
        "appVersion": null,
        "at": "2021-03-03 10:10:05",
        "content": "How to creat a paypal account is very nice app.its good graphics. This app. Is always in my phone. Very helpfull app. I love at.",
        "repliedAt": null,
        "replyContent": null,
        "reviewCreatedVersion": null,
        "reviewId": "f41b4121-bf93-4f8c-b291-86deb4eced45",
        "score": 5,
        "thumbsUpCount": 0,
        "userImage": "https://play-lh.googleusercontent.com/a-/ALV-UjWJcNvoRmxmGWPrP6ZcrWKJJxHct0VxyG-UDhRRNcl9tA",
        "userName": "MS dhoni"
    },
    {
        "appVersion": null,
        "at": "2021-03-03 08:58:30",
        "content": "How to create a paypal account first install app and fill all requirements this paypal account. This is so nice account.",
        "repliedAt": null,
        "replyContent": null,
        "reviewCreatedVersion": null,
        "reviewId": "c641682a-7c27-45d1-9d3f-1dfb4ee06c7e",
        "score": 5,
        "thumbsUpCount": 0,
        "userImage": "https://play-lh.googleusercontent.com/a-/ALV-UjXVnb1Yw079xxlLD5GBi2mDfU6jWB4icG9qwspIgD0fJw",
        "userName": "Rana Aman"
    }
]