[
    {
        "appVersion": null,
        "at": "2023-11-06 18:53:36",
        "content": "Play",
        "repliedAt": null,
        "replyContent": null,
        "reviewCreatedVersion": null,
        "reviewId": "720d8fe8-5892-4e6e-97a4-87df48f849c4",
        "score": 5,
        "thumbsUpCount": 0,
        "userImage": "https://play-lh.googleusercontent.com/a/ACg8ocI2uT56vyoOc5fMpE8PasmXu9-Cb66zVMX_UDSZNU8l=mo",
        "userName": "Kudzu Airport Keith Katyamakwara"
    },
    {
        "appVersion": null,
        "at": "2023-10-19 11:47:13",
        "content": "Ritik",
        "repliedAt": null,
        "replyContent": null,
        "reviewCreatedVersion": null,
        "reviewId": "f8c69af5-a69e-443a-920a-9c8fa444b3a0",
        "score": 3,
        "thumbsUpCount": 0,
        "userImage": "https://play-lh.googleusercontent.com/a/ACg8ocIja1k_nSxJqzzi3fWG9XDpkr8BPbbwf2j9Q5HdlPGr=mo",
        "userName": "Shanti Devi"
    },
    {
        "appVersion": null,
        "at": "2023-10-19 07:57:54",
        "content": "Cat",
        "repliedAt": null,
        "replyContent": null,
        "reviewCreatedVersion": null,
        "reviewId": "f9cbdd32-ec11-4531-bc2a-203497469959",
        "score": 5,
        "thumbsUpCount": 0,
        "userImage": "https://play-lh.googleusercontent.com/a/ACg8ocIBoT3lisAzQxNZiUZ7YhH8aZG8qwk3UkHLmgDcAFYu=mo",
        "userName": "David Opoku"
    },
    {
        "appVersion": null,
        "at": "2023-10-07 02:56:20",
        "content": "Very very bad game \ud83e\udd22\ud83e\udd2e\ud83e\udd2e\ud83e\udd2e\ud83e\udd2e\ud83e\udd2e\ud83e\udd22\ud83e\udd75\ud83e\udd75\ud83e\udd75\ud83d\udd25\ud83d\udd25\ud83d\udd25",
        "repliedAt": null,
        "replyContent": null,
        "reviewCreatedVersion": null,
        "reviewId": "473c43d7-4902-422f-9674-a6635617249b",
        "score": 1,
        "thumbsUpCount": 7,
        "userImage": "https://play-lh.googleusercontent.com/a/ACg8ocIDNBBarO9WdEbg07SnvWyw_g94p5GOgDaX1HTs20g2=mo",
        "userName": "Siddhu Siddhu"
    },
    {
        "appVersion": "0.6",
        "at": "2023-09-24 08:41:03",
        "content": "Very bad",
        "repliedAt": null,
        "replyContent": null,
        "reviewCreatedVersion": "0.6",
        "reviewId": "debea38d-3b95-44fd-983f-275b7dd827b9",
        "score": 1,
        "thumbsUpCount": 0,
        "userImage": "https://play-lh.googleusercontent.com/a-/ALV-UjWHS1TGNiEPLkWrTBYlXYPoQ2_Y_VPfm3cWbhHzxGmc4Q",
        "userName": "Stylish Ank ganit"
    },
    {
        "appVersion": null,
        "at": "2023-06-16 10:39:54",
        "content": "Machine mining sim...",
        "repliedAt": null,
        "replyContent": null,
        "reviewCreatedVersion": null,
        "reviewId": "5ee4bbb6-323d-4f11-a58a-17b2a6e13f6c",
        "score": 5,
        "thumbsUpCount": 4,
        "userImage": "https://play-lh.googleusercontent.com/a/ACg8ocJyB_SgeeYCv4eE75muwOqJVrFoW4vFkbA0OjM_3Vlz=mo",
        "userName": "Basudev Bhatra"
    },
    {
        "appVersion": null,
        "at": "2023-04-27 10:04:19",
        "content": "I am so happy \u263a\ufe0f",
        "repliedAt": null,
        "replyContent": null,
        "reviewCreatedVersion": null,
        "reviewId": "07c66469-d93d-464b-98d5-56b1505b48fd",
        "score": 5,
        "thumbsUpCount": 3,
        "userImage": "https://play-lh.googleusercontent.com/a/ACg8ocIsQK0nx8d0nezqPxs226-zBj7HpSPvsbxyO9QVZZs=mo",
        "userName": "Jiarul Hoque"
    },
    {
        "appVersion": null,
        "at": "2023-04-10 00:13:47",
        "content": "Ok",
        "repliedAt": null,
        "replyContent": null,
        "reviewCreatedVersion": null,
        "reviewId": "2c3372cd-350a-465c-9e84-cde08f2f5bae",
        "score": 3,
        "thumbsUpCount": 0,
        "userImage": "https://play-lh.googleusercontent.com/a/ACg8ocJWFQcxUgXMTJEi4YL42hUp0RLesh5RTmzDrmMxvN7E=mo",
        "userName": "Edralyn Gella"
    },
    {
        "appVersion": null,
        "at": "2023-03-08 03:19:35",
        "content": "Useless game",
        "repliedAt": null,
        "replyContent": null,
        "reviewCreatedVersion": null,
        "reviewId": "ff503f3f-5297-4d01-886b-390835714a2c",
        "score": 1,
        "thumbsUpCount": 9,
        "userImage": "https://play-lh.googleusercontent.com/a/ACg8ocI4qU1DO2NMevbktFfLZ5nob-RTJ4cuHE3QrrHLjDvH=mo",
        "userName": "Bob Yes i am real haring"
    },
    {
        "appVersion": null,
        "at": "2023-02-28 07:58:14",
        "content": "Game is no good",
        "repliedAt": null,
        "replyContent": null,
        "reviewCreatedVersion": null,
        "reviewId": "2254816a-979d-472c-aabc-0a4304ac3646",
        "score": 5,
        "thumbsUpCount": 13,
        "userImage": "https://play-lh.googleusercontent.com/a-/ALV-UjVlu7e-tSZICMmjKugm1IkbW-R4Q31VR2uGWrz2IGnTdQ",
        "userName": "Rahul Das"
    },
    {
        "appVersion": null,
        "at": "2023-02-07 12:59:05",
        "content": "Jcb backhoe loader driving best",
        "repliedAt": null,
        "replyContent": null,
        "reviewCreatedVersion": null,
        "reviewId": "385bbb36-f000-4f0c-b9fb-4006a7ed68a5",
        "score": 5,
        "thumbsUpCount": 14,
        "userImage": "https://play-lh.googleusercontent.com/a/ACg8ocISHroich15KEbG5EFxYmEqgZCT1OFeGygu2l517wuV=mo",
        "userName": "Dinesh Morya"
    }
]