[
    {
        "appVersion": "1.0.5",
        "at": "2023-08-15 06:35:28",
        "content": "Perfect, simple app for notes.",
        "repliedAt": null,
        "replyContent": null,
        "reviewCreatedVersion": "1.0.5",
        "reviewId": "fb3a2932-9a54-4468-99e9-445a0a2f6975",
        "score": 5,
        "thumbsUpCount": 0,
        "userImage": "https://play-lh.googleusercontent.com/a/ACg8ocIuzY4GqckyWB72GcRayiH-af9O7fue_iw0p2QzOLyE=mo",
        "userName": "No *"
    },
    {
        "appVersion": "1.0.5",
        "at": "2023-08-02 22:42:52",
        "content": "Amazing. Simple functions. Easy interface. Very little features--create note, delete note, add title to notes, search feature. No need to make an account, no premium features to unlock. This is it. Free app with no ads. 5 stars :)",
        "repliedAt": null,
        "replyContent": null,
        "reviewCreatedVersion": "1.0.5",
        "reviewId": "c6950e54-3c41-4d1e-88ce-80a7071634c0",
        "score": 5,
        "thumbsUpCount": 0,
        "userImage": "https://play-lh.googleusercontent.com/a/ACg8ocLNGqWez3taGNoFIfsNadhE9_D7nlIShsAIa6pt3xDB=mo",
        "userName": "Aerie Strawberry (Aerie)"
    },
    {
        "appVersion": "1.0.5",
        "at": "2023-08-02 10:35:16",
        "content": "Good",
        "repliedAt": null,
        "replyContent": null,
        "reviewCreatedVersion": "1.0.5",
        "reviewId": "0a828abf-034e-42c9-9f1a-270e0cb3258b",
        "score": 5,
        "thumbsUpCount": 0,
        "userImage": "https://play-lh.googleusercontent.com/a-/ALV-UjWGA3jM7G6XJpXnQ36UXtzozldfA7FK5orRc8MvZM09T_c",
        "userName": "Daniel Sitompul"
    }
]