[
    {
        "appVersion": "1.3.3",
        "at": "2023-07-17 09:15:21",
        "content": "very nice this App's",
        "repliedAt": "2023-07-18 10:08:58",
        "replyContent": "Thank you very much. Keep using our app :)",
        "reviewCreatedVersion": "1.3.3",
        "reviewId": "aee8974c-8d6e-4474-9ae8-fa57eacd7ed2",
        "score": 5,
        "thumbsUpCount": 0,
        "userImage": "https://play-lh.googleusercontent.com/a-/ALV-UjVXiPr7-gtilTp7QYLr07MUaFskJMzMLq4BW9adYowmtxI",
        "userName": "maricel purganan"
    }
]