[
    {
        "appVersion": null,
        "at": "2023-07-16 06:20:53",
        "content": "Too many ads",
        "repliedAt": "2023-07-18 10:08:20",
        "replyContent": "Dear User, we are sorry for the inconvenience. We want to give you better user experience. Could you give us the screenshots of Ads that disturb you most? You can email us at vorevo.apps@gmail.com.",
        "reviewCreatedVersion": null,
        "reviewId": "5d1c222b-e4a7-4e32-a144-32ac22c42313",
        "score": 2,
        "thumbsUpCount": 1,
        "userImage": "https://play-lh.googleusercontent.com/a/ACg8ocJssgo6IwISPzXunVamy-dGmIVMBXzcHGBq7o9h3ffw=mo",
        "userName": "gentek solutions"
    },
    {
        "appVersion": null,
        "at": "2023-06-19 21:28:14",
        "content": "No truck example",
        "repliedAt": "2023-06-21 17:22:22",
        "replyContent": "The new version is coming soon. We hope that you will like it.",
        "reviewCreatedVersion": null,
        "reviewId": "91dd4f64-db81-440b-aa1f-409932461e4b",
        "score": 1,
        "thumbsUpCount": 0,
        "userImage": "https://play-lh.googleusercontent.com/a-/ALV-UjX5VJEPpfVbICgDfP6YM-gQB8iUuw_XNcntx06xNWtHCpc",
        "userName": "chris jenkins"
    },
    {
        "appVersion": "1.3.12",
        "at": "2023-02-21 05:58:50",
        "content": "pretty cool so far.",
        "repliedAt": "2023-02-21 19:01:35",
        "replyContent": "Thanks for max rating. If you have any questions, please contact us at vorevo.apps@gmail.com.",
        "reviewCreatedVersion": "1.3.12",
        "reviewId": "e068d097-066f-4d2d-a553-f37ebcce0ba1",
        "score": 5,
        "thumbsUpCount": 0,
        "userImage": "https://play-lh.googleusercontent.com/a-/ALV-UjUeqxrlnERxWyeok2liMqtKidjqAX-l-4pcXOZsZgeqkg",
        "userName": "Destiny Moore"
    },
    {
        "appVersion": "1.3.12",
        "at": "2023-02-04 00:02:38",
        "content": "job..crazy",
        "repliedAt": "2023-04-02 01:25:41",
        "replyContent": "Thanks for your love. If you have any questions, please contact us at vorevo.apps@gmail.com.",
        "reviewCreatedVersion": "1.3.12",
        "reviewId": "a90bd1d9-1a89-4503-840c-162bb4da5e93",
        "score": 5,
        "thumbsUpCount": 1,
        "userImage": "https://play-lh.googleusercontent.com/a/ACg8ocL_MLPRA906SzFhHJaPFAM7ruQk43L-_RRLhv4pXnLk=mo",
        "userName": "MinThu Myo"
    }
]