[
    {
        "appVersion": "1.1",
        "at": "2023-03-15 14:00:13",
        "content": "\"Awesome\" !!!",
        "repliedAt": null,
        "replyContent": null,
        "reviewCreatedVersion": "1.1",
        "reviewId": "61554f00-3069-4837-a424-209af4b05cfe",
        "score": 5,
        "thumbsUpCount": 0,
        "userImage": "https://play-lh.googleusercontent.com/a/ACg8ocLrPAvsZRVLzA8DiKIKYnVA7C546rwLxNaT3XPa0Pfw=mo",
        "userName": "Sergio"
    },
    {
        "appVersion": "1.1",
        "at": "2022-10-24 13:04:48",
        "content": "Very necessary aid when unable 2 have an instructer available 24/7,money/training facility, location, health,family or personal issues! \u270c & \ud83d\ude4f 2 the development staff, your team, fans, friends, and family 4 VIDA \"REMAIN REAL\"",
        "repliedAt": null,
        "replyContent": null,
        "reviewCreatedVersion": "1.1",
        "reviewId": "03c7feda-6d0d-41ba-812c-148d2d993f32",
        "score": 5,
        "thumbsUpCount": 0,
        "userImage": "https://play-lh.googleusercontent.com/a-/ALV-UjWAF3VL95lW2Fa6_HjedgaFREqdY-NQmfBWS5Y4udPptQ",
        "userName": "LUV LES"
    },
    {
        "appVersion": "1.1",
        "at": "2021-11-25 08:29:55",
        "content": "Good",
        "repliedAt": null,
        "replyContent": null,
        "reviewCreatedVersion": "1.1",
        "reviewId": "1647d9ef-996c-4f04-8e0e-1d27dcb6fa8f",
        "score": 5,
        "thumbsUpCount": 0,
        "userImage": "https://play-lh.googleusercontent.com/a/ACg8ocIBKleVxgUm-VzLK0A2IEsAd4oFUihsZzpmhoqpSlNT=mo",
        "userName": "timothy yong"
    },
    {
        "appVersion": null,
        "at": "2020-10-13 02:07:16",
        "content": "I've been through some rough experiences in life, and I started to learn martial arts and close quarter combat. This app is the perfect app for anyone who truly wants to learn self defense tecniques.",
        "repliedAt": null,
        "replyContent": null,
        "reviewCreatedVersion": null,
        "reviewId": "b8f0f3c3-b7a3-49d2-98b4-2cf12afad96a",
        "score": 5,
        "thumbsUpCount": 2,
        "userImage": "https://play-lh.googleusercontent.com/a-/ALV-UjWj7CBhwu7ik7wqC9QBtUdfIrO8wJUvv2_Pt5ZLFoWQ9Sg",
        "userName": "Muhammad Abdurrasheed"
    },
    {
        "appVersion": "1.1",
        "at": "2019-10-30 07:32:49",
        "content": "I love this app.",
        "repliedAt": null,
        "replyContent": null,
        "reviewCreatedVersion": "1.1",
        "reviewId": "1d4c96a4-f262-4213-b7d8-e4ba14b45040",
        "score": 5,
        "thumbsUpCount": 4,
        "userImage": "https://play-lh.googleusercontent.com/EGemoI2NTXmTsBVtJqk8jxF9rh8ApRWfsIMQSt2uE4OcpQqbFu7f7NbTK05lx80nuSijCz7sc3a277R67g",
        "userName": "A Google user"
    }
]