[
    {
        "appVersion": "1.0.569933026",
        "at": "2023-11-20 07:23:18",
        "content": "Super inaccurate. Not really sure why this even exists.",
        "repliedAt": null,
        "replyContent": null,
        "reviewCreatedVersion": "1.0.569933026",
        "reviewId": "0b8e4a47-4920-45e3-9bc1-d94524f1d4ef",
        "score": 1,
        "thumbsUpCount": 0,
        "userImage": "https://play-lh.googleusercontent.com/a-/ALV-UjVPn1ZW4wldMyEP8JL9dve6w81SAtRCHtOsPb3Y42OR22pL",
        "userName": "Bruce Fox"
    },
    {
        "appVersion": "1.0.569933026",
        "at": "2023-11-10 07:33:21",
        "content": "Good start but hoping for a bit more monitoring features",
        "repliedAt": null,
        "replyContent": null,
        "reviewCreatedVersion": "1.0.569933026",
        "reviewId": "13f88a6b-53ff-403a-ab36-166d4e2e0ac7",
        "score": 4,
        "thumbsUpCount": 0,
        "userImage": "https://play-lh.googleusercontent.com/a-/ALV-UjV4aXVhVE05hqh3bBAKgMDJVGuucjfHmilLIodnFWyu3q8",
        "userName": "Shawn Fleet"
    },
    {
        "appVersion": "1.0.569933026",
        "at": "2023-11-08 23:58:42",
        "content": "Tells me \"temperature sensor unavailable\". No fix has worked so far. Customer support tells me to drop off my phone...",
        "repliedAt": null,
        "replyContent": null,
        "reviewCreatedVersion": "1.0.569933026",
        "reviewId": "e648c1f7-952c-4102-89ff-f756fe5b450b",
        "score": 1,
        "thumbsUpCount": 0,
        "userImage": "https://play-lh.googleusercontent.com/a/ACg8ocJBabqkzBzwnLzpqRH7DiwL4j8_pF_5ANiLrNSQxsWS=mo",
        "userName": "Ingmar Sturm"
    },
    {
        "appVersion": "1.0.569933026",
        "at": "2023-11-05 00:18:26",
        "content": "Very accurate but it needs a way to keep it on. Really useful at ballparking rooms",
        "repliedAt": null,
        "replyContent": null,
        "reviewCreatedVersion": "1.0.569933026",
        "reviewId": "0adb3841-3428-49f3-b781-b0f91a7f4a82",
        "score": 4,
        "thumbsUpCount": 0,
        "userImage": "https://play-lh.googleusercontent.com/a/ACg8ocKdBDUWF8aVGAG9_wNvnU_HnEUUhzHMCL38bN1qcDYk=mo",
        "userName": "Alright \u201cR\u201d Alright"
    },
    {
        "appVersion": "1.0.569933026",
        "at": "2023-11-03 15:37:35",
        "content": "First one here",
        "repliedAt": null,
        "replyContent": null,
        "reviewCreatedVersion": "1.0.569933026",
        "reviewId": "dfa6d45c-4674-4272-832a-20899108cf9d",
        "score": 5,
        "thumbsUpCount": 0,
        "userImage": "https://play-lh.googleusercontent.com/a-/ALV-UjVH7AlM0OsJVKDYOo3DyKedacWutf-XMW68ui4aMemFvt_E",
        "userName": "Ashish Sherashia"
    },
    {
        "appVersion": "1.0.569933026",
        "at": "2023-11-03 12:29:56",
        "content": "It works, but the UI is extremely annoying as you have to tap a very small button to reset and you take the temperature",
        "repliedAt": null,
        "replyContent": null,
        "reviewCreatedVersion": "1.0.569933026",
        "reviewId": "30a0e681-8b71-474c-bdc7-905a2ecee972",
        "score": 3,
        "thumbsUpCount": 2,
        "userImage": "https://play-lh.googleusercontent.com/a-/ALV-UjUruKpFPKaZo7hy6edu4z_aihEnpVN7T6J_Ujni7JZDbfY",
        "userName": "David Becker"
    },
    {
        "appVersion": "1.0.569933026",
        "at": "2023-10-31 07:47:31",
        "content": "This might actually be useful for cooking outdoors",
        "repliedAt": null,
        "replyContent": null,
        "reviewCreatedVersion": "1.0.569933026",
        "reviewId": "d12d6a05-8e20-4877-ae62-0c7bd43dc9e7",
        "score": 5,
        "thumbsUpCount": 0,
        "userImage": "https://play-lh.googleusercontent.com/a/ACg8ocJ9p6MUAVh7oFZIeFce-qBrakv2cYpWXY0qA66J5D7v=mo",
        "userName": "Carl Wagner"
    },
    {
        "appVersion": "1.0.569933026",
        "at": "2023-10-26 12:22:59",
        "content": "Says my 8 pro doesn't even have the sensor. Can't use it.",
        "repliedAt": null,
        "replyContent": null,
        "reviewCreatedVersion": "1.0.569933026",
        "reviewId": "7ebf8429-6540-4fe4-bb90-4cafc6d5374f",
        "score": 1,
        "thumbsUpCount": 0,
        "userImage": "https://play-lh.googleusercontent.com/a-/ALV-UjV0TFPQLF9I5UsiKdm5BEAXLjLryupyVUczXeRuvKAYqQ",
        "userName": "Christen Bunn"
    },
    {
        "appVersion": "1.0.569933026",
        "at": "2023-10-26 11:13:06",
        "content": "Three stars because it seems to work, but the interface is not good. It'd be considerably better if it integrated the camera to help you figure out where you're pointing the thermometer and whether you're close enough to the target. With the Tensor CPU, it'd even be possible for the camera to detect objects and automatically set/suggest material types for them.",
        "repliedAt": null,
        "replyContent": null,
        "reviewCreatedVersion": "1.0.569933026",
        "reviewId": "c8d068fe-48cd-41e5-8720-c14602dd3b34",
        "score": 3,
        "thumbsUpCount": 7,
        "userImage": "https://play-lh.googleusercontent.com/a-/ALV-UjULdQqJxmmpeLXGz2KGwplIcu-KmO81VPSPP4D0GnmH8oU",
        "userName": "Brian Young"
    },
    {
        "appVersion": "1.0.569933026",
        "at": "2023-10-25 22:33:23",
        "content": "The app itself is fine, would be nice to have a constant reading though.",
        "repliedAt": null,
        "replyContent": null,
        "reviewCreatedVersion": "1.0.569933026",
        "reviewId": "828280ce-a023-4c5d-bd9e-129e70ccfa2d",
        "score": 4,
        "thumbsUpCount": 0,
        "userImage": "https://play-lh.googleusercontent.com/a-/ALV-UjX9iUut5JybmTdKpYe7RYHx8Z8eOXXoVIWTJvWIeuAM6ZI",
        "userName": "Minuet Ahn"
    },
    {
        "appVersion": "1.0.569933026",
        "at": "2023-10-25 01:14:54",
        "content": "Buggy. App is installed but doesn't show up in my app drawer. Only way to find it is to open Play Store, search for Pixel Thermometer, and tap \"Open\". Also app is clunky to use once it is open. Do better.",
        "repliedAt": null,
        "replyContent": null,
        "reviewCreatedVersion": "1.0.569933026",
        "reviewId": "96788df5-c63d-4551-9dca-1d2cafb0db51",
        "score": 1,
        "thumbsUpCount": 2,
        "userImage": "https://play-lh.googleusercontent.com/a-/ALV-UjXEhp-ASw7muR95IFqlduCLqRr469gPP5EnphUI0dtOop4",
        "userName": "David McGee"
    },
    {
        "appVersion": "1.0.569933026",
        "at": "2023-10-24 19:42:33",
        "content": "Doesn't even work properly",
        "repliedAt": null,
        "replyContent": null,
        "reviewCreatedVersion": "1.0.569933026",
        "reviewId": "73127a13-1e23-487c-845e-3eadf330612e",
        "score": 1,
        "thumbsUpCount": 0,
        "userImage": "https://play-lh.googleusercontent.com/a-/ALV-UjVfcgaOh8_UvN6GrKpgMWPuC4mu3yLv7McraDArS4-r4MY",
        "userName": "Sumukh Tg"
    },
    {
        "appVersion": "1.0.569933026",
        "at": "2023-10-23 23:19:43",
        "content": "Love the idea but the app needs to be able to activate with less taps. E.g. if Im measuring something that's hot it might be cool on the other end.",
        "repliedAt": null,
        "replyContent": null,
        "reviewCreatedVersion": "1.0.569933026",
        "reviewId": "b8dd33f5-d50a-4207-a2c0-5db1d2dbcd49",
        "score": 3,
        "thumbsUpCount": 1,
        "userImage": "https://play-lh.googleusercontent.com/a/ACg8ocKI7LOAOlCOyqm1RFzgMDfSjkQYli-PPnvZMiHCvvMu=mo",
        "userName": "Richard Lee"
    },
    {
        "appVersion": "1.0.569933026",
        "at": "2023-10-23 09:22:00",
        "content": "Just saw 3 reviews in a row with the word cumbersome. A Bit odd. The app itself is not too bad. But if you get a temperature of 20 on something then just change it to a different option like metal wood or whatever. Then the temperature just changes without doing a second measurement. Not sure how this app works. Hot tea is 40 but it's boiling water so should be around 80ish, change to metal and then it changes to 80. Beverage setting says 40.",
        "repliedAt": null,
        "replyContent": null,
        "reviewCreatedVersion": "1.0.569933026",
        "reviewId": "732714eb-ab67-487c-9a73-14ec378574e7",
        "score": 3,
        "thumbsUpCount": 6,
        "userImage": "https://play-lh.googleusercontent.com/a-/ALV-UjXFDHIzOuIc5CZvBM9H5Wka7f3mzQ-ele95usK1u64P9lI",
        "userName": "Mike Carroll"
    },
    {
        "appVersion": null,
        "at": "2023-10-22 15:08:47",
        "content": "Little utility, unable to uninstall the app from my pixel",
        "repliedAt": null,
        "replyContent": null,
        "reviewCreatedVersion": null,
        "reviewId": "c33b7e52-2102-4196-beb1-8322bcf0bd9b",
        "score": 1,
        "thumbsUpCount": 0,
        "userImage": "https://play-lh.googleusercontent.com/a-/ALV-UjWiOGpnzXsXolYOAUBCpVm9ViC0zOUPd7W6derxAQ449cg",
        "userName": "Aurimas Liutikas"
    },
    {
        "appVersion": "1.0.569933026",
        "at": "2023-10-22 10:39:10",
        "content": "Loving this feature on the new pixel 8 pro, absolutely comes in handy for general reading of ambient temperatures especially at work where we have constant climate temperatures in different rooms that need strict adherence for pharma. A feature request is for ability to get live constant temperature readings instead of one off reading per tap.",
        "repliedAt": null,
        "replyContent": null,
        "reviewCreatedVersion": "1.0.569933026",
        "reviewId": "cd6211d1-bc81-48cb-8ee5-70c07d921b40",
        "score": 5,
        "thumbsUpCount": 1,
        "userImage": "https://play-lh.googleusercontent.com/a-/ALV-UjXRCndQceZ3W7h0967jGxBh1QttpvAZJE00-WZS4jkfWA",
        "userName": "Ronu Khan"
    },
    {
        "appVersion": "1.0.569933026",
        "at": "2023-10-21 23:07:51",
        "content": "Would be nice if it had a way to continuously display the current temp while using it vs requiring 2 taps every new reading. Would also be nice to combine this with video recording as a use case i have for this is identifying insulation gaps. Double tapping is tedious for it. Other than that and checking peoples temp(when it gets fda cleared) i have no other use for the thermometer. Would be nice if it gave you information like at 145+ deg, this will burn hands with 5 seconds of contact.",
        "repliedAt": null,
        "replyContent": null,
        "reviewCreatedVersion": "1.0.569933026",
        "reviewId": "252965bc-ac84-4807-bcb4-ac96258eaefe",
        "score": 3,
        "thumbsUpCount": 11,
        "userImage": "https://play-lh.googleusercontent.com/a-/ALV-UjXWkT26dVZ655i5j7YAyZWPHEMlgwLL9eg3rYR0iviJVeNn",
        "userName": "Jon \u201cThe Web Tech\u201d McLaren"
    },
    {
        "appVersion": "1.0.569933026",
        "at": "2023-10-21 17:44:29",
        "content": "I like this new idea from Google",
        "repliedAt": null,
        "replyContent": null,
        "reviewCreatedVersion": "1.0.569933026",
        "reviewId": "c66354cd-cf9b-483f-93f0-e3f2970c7db7",
        "score": 5,
        "thumbsUpCount": 0,
        "userImage": "https://play-lh.googleusercontent.com/a-/ALV-UjWkxILZZPK-aKMf2G87_UsEYLDKKd-W-94i74FjqSMFdw",
        "userName": "Behzad BK"
    },
    {
        "appVersion": null,
        "at": "2023-10-20 21:46:12",
        "content": "I wish they use this as a thermal like flir devices.",
        "repliedAt": null,
        "replyContent": null,
        "reviewCreatedVersion": null,
        "reviewId": "2ed147c0-bb05-429c-b1ee-872fc5d05533",
        "score": 5,
        "thumbsUpCount": 0,
        "userImage": "https://play-lh.googleusercontent.com/a-/ALV-UjW9FxfAN2dbhEtBYvyNbk624kHzEuwVJIaTt_P_6sUNNFos",
        "userName": "June Echipare"
    },
    {
        "appVersion": "1.0.569933026",
        "at": "2023-10-20 00:48:44",
        "content": "Very underbaked",
        "repliedAt": null,
        "replyContent": null,
        "reviewCreatedVersion": "1.0.569933026",
        "reviewId": "2ba04164-d45a-45e6-9ed1-998a60b358b3",
        "score": 2,
        "thumbsUpCount": 0,
        "userImage": "https://play-lh.googleusercontent.com/a-/ALV-UjVFhZYeg7Ylu4QTiC4BxEJCqgcBmw8Y34-738NLCsc80sd7",
        "userName": "Derek Bond"
    },
    {
        "appVersion": "1.0.569933026",
        "at": "2023-10-19 23:22:30",
        "content": "No matter what I take the temperature of it's all around 80 degrees, from hot tea to frozen fish the app shows around 80 degrees",
        "repliedAt": null,
        "replyContent": null,
        "reviewCreatedVersion": "1.0.569933026",
        "reviewId": "def5ee4c-71dc-4277-a40a-915f35df78ab",
        "score": 1,
        "thumbsUpCount": 1,
        "userImage": "https://play-lh.googleusercontent.com/a-/ALV-UjU0hUlWRLidUShv9waOLBG-2o-FnHV21wj4Ex3eOQhZ0P8",
        "userName": "Peter Guy"
    },
    {
        "appVersion": "1.0.569933026",
        "at": "2023-10-19 05:53:23",
        "content": "Works well. Can't wait for the human application as it would help at work as a Paramedic.",
        "repliedAt": null,
        "replyContent": null,
        "reviewCreatedVersion": "1.0.569933026",
        "reviewId": "2d24737f-1936-4a66-8858-d3c7ae4e6f9a",
        "score": 5,
        "thumbsUpCount": 0,
        "userImage": "https://play-lh.googleusercontent.com/a-/ALV-UjUTQNHpfL75-LBL301PhfCmYnvqJK04Qc2AquO8NMGgm0w3",
        "userName": "Dustin Wilson"
    },
    {
        "appVersion": "1.0.569933026",
        "at": "2023-10-18 13:47:03",
        "content": "Temperature is way off the correct reading. Possibly faulty phone.",
        "repliedAt": null,
        "replyContent": null,
        "reviewCreatedVersion": "1.0.569933026",
        "reviewId": "a5df68f5-87aa-4378-a3f6-30b15117bd2c",
        "score": 1,
        "thumbsUpCount": 0,
        "userImage": "https://play-lh.googleusercontent.com/a/ACg8ocLG_BRhH_9P07edxTM4Cdp13jGlzYUbQXJlJQxSAXid=mo",
        "userName": "Andrew Morris"
    },
    {
        "appVersion": "1.0.569933026",
        "at": "2023-10-18 13:16:49",
        "content": "Mostly useless and cumbersome in current form. Has no video feed to know exactly what it is pointed at. Does not currently do human temperature. List of items, tapping once to reset and again to read temp is a bit clunky. I'm not sure that this will find a use without a much better interface.",
        "repliedAt": null,
        "replyContent": null,
        "reviewCreatedVersion": "1.0.569933026",
        "reviewId": "bb02c368-ea65-4aa1-bc79-5e993338650b",
        "score": 2,
        "thumbsUpCount": 5,
        "userImage": "https://play-lh.googleusercontent.com/a-/ALV-UjV_unSgQdX70TLV9_lpSG3LSBp6ULijtUtGk8NqG_0UbCtG",
        "userName": "Jamey Nelson"
    },
    {
        "appVersion": "1.0.569933026",
        "at": "2023-10-18 11:17:11",
        "content": "Would like a \"tap to start measuring\" for a continuous reading along with a min/max. It works ok on hobby electronics projects, but it's cumbersome to keep tapping while hunting for hot spots. It's like the hardware and app were specifically designed in 2021 for single readings on a much larger and more uniform surface... like a human forehead...",
        "repliedAt": null,
        "replyContent": null,
        "reviewCreatedVersion": "1.0.569933026",
        "reviewId": "9f046c4c-2e62-420b-98fb-0f6035391798",
        "score": 2,
        "thumbsUpCount": 15,
        "userImage": "https://play-lh.googleusercontent.com/a-/ALV-UjVTQVrrOQeQa58jDT5RijsKHXoz1GAARNRvn8Ra6HtGPtMC",
        "userName": "B J"
    },
    {
        "appVersion": "1.0.569933026",
        "at": "2023-10-17 17:49:20",
        "content": "Needs to have the ability to measure human temperatures.",
        "repliedAt": null,
        "replyContent": null,
        "reviewCreatedVersion": "1.0.569933026",
        "reviewId": "750b13c4-2290-4af1-837a-fde14e2fcbaf",
        "score": 4,
        "thumbsUpCount": 0,
        "userImage": "https://play-lh.googleusercontent.com/a-/ALV-UjVpNujN1KnOF_hvNgUbo1QGIv94Nn3FkUmIZ2R8ztgZx0k",
        "userName": "Andrew Gordineer (Psyduck)"
    },
    {
        "appVersion": "1.0.569933026",
        "at": "2023-10-16 20:49:52",
        "content": "Bit of a novelty at the moment but interesting to see how Google improves it.",
        "repliedAt": null,
        "replyContent": null,
        "reviewCreatedVersion": "1.0.569933026",
        "reviewId": "5b55e7b3-8eb1-41e8-a57a-38bc5345a05e",
        "score": 4,
        "thumbsUpCount": 1,
        "userImage": "https://play-lh.googleusercontent.com/a-/ALV-UjV9-bWZiQJq6bPyDGkmG4GbIpGZuhStCMyuilrH3G9BcrI",
        "userName": "Mark B"
    },
    {
        "appVersion": "1.0.569933026",
        "at": "2023-10-16 15:08:15",
        "content": "the skin temperature is not accurate at all. I wish I could have real reading.",
        "repliedAt": null,
        "replyContent": null,
        "reviewCreatedVersion": "1.0.569933026",
        "reviewId": "635917ad-f982-4e15-85c7-8c789347e52b",
        "score": 2,
        "thumbsUpCount": 0,
        "userImage": "https://play-lh.googleusercontent.com/a-/ALV-UjX2gtO7M_WntHN3YSO8At_53ew1701g9-smxLUIPfs2jo_i",
        "userName": "Alexandre G."
    },
    {
        "appVersion": "1.0.569933026",
        "at": "2023-10-15 23:37:28",
        "content": "We all know this is a delayed response to covid, so It should give us the option to read skin temperature. And to be useful have it integrated with Google fit app.",
        "repliedAt": null,
        "replyContent": null,
        "reviewCreatedVersion": "1.0.569933026",
        "reviewId": "a025d027-1501-4c64-a80c-6deb668d0b52",
        "score": 4,
        "thumbsUpCount": 0,
        "userImage": "https://play-lh.googleusercontent.com/a-/ALV-UjWf0yOcWnVOI1alwD1twlXp6M5Y3XvpcdMhnRZE9aRvOifb",
        "userName": "Luiz Formentini"
    },
    {
        "appVersion": "1.0.569933026",
        "at": "2023-10-15 13:10:32",
        "content": "This future on the $1000 Pixel 8 pro that works as inacurately as a $5 thermometer from CVS. Someone smoking crack at Google.",
        "repliedAt": null,
        "replyContent": null,
        "reviewCreatedVersion": "1.0.569933026",
        "reviewId": "f8ba019f-1ff2-4be7-a873-87229f955afa",
        "score": 1,
        "thumbsUpCount": 1,
        "userImage": "https://play-lh.googleusercontent.com/a/ACg8ocJFKK1LUR-vtNWMHBCSmEx9foVIXwRB7ERkfeH3eakr=mo",
        "userName": "1099 Hire"
    },
    {
        "appVersion": "1.0.569933026",
        "at": "2023-10-15 11:10:36",
        "content": "Not accurate at all I doubt the FDA will approve this for taking your temperature sadly How come when I do t movie my phone I can get thousands of different answers for the same thing I'm trying to measure",
        "repliedAt": null,
        "replyContent": null,
        "reviewCreatedVersion": "1.0.569933026",
        "reviewId": "2b9513a3-fb07-45b9-a00c-e89da316f285",
        "score": 1,
        "thumbsUpCount": 0,
        "userImage": "https://play-lh.googleusercontent.com/a-/ALV-UjWMxPM86Qt7sseV_yN7-SJE_5CoWY5_FPu61W_AetRZ6vlI",
        "userName": "Dr.Awesome Gamer"
    },
    {
        "appVersion": "1.0.569933026",
        "at": "2023-10-14 19:38:03",
        "content": "No UI to aim sensor. No ability to make human temperature. No continuous reading. Why do you have to click \"reset\" before clicking again to take a new measurement?",
        "repliedAt": null,
        "replyContent": null,
        "reviewCreatedVersion": "1.0.569933026",
        "reviewId": "b5db61b1-7646-4280-8ebd-ce0d3665f428",
        "score": 1,
        "thumbsUpCount": 5,
        "userImage": "https://play-lh.googleusercontent.com/a-/ALV-UjUPrNsmcB6pMIFDc79eEz9dsgBeFKb28eHdJBKTNXWhZOUT",
        "userName": "Brendan RS"
    },
    {
        "appVersion": "1.0.569933026",
        "at": "2023-10-14 08:36:42",
        "content": "Works great, novelty",
        "repliedAt": null,
        "replyContent": null,
        "reviewCreatedVersion": "1.0.569933026",
        "reviewId": "36ef852c-d5bc-4122-8694-9d0af0063b83",
        "score": 5,
        "thumbsUpCount": 0,
        "userImage": "https://play-lh.googleusercontent.com/a-/ALV-UjW3vjsD31jkR3C7hD2-CDCZi8Dp9upJNArzFdwuSXt0pYq2",
        "userName": "Bud Moore"
    },
    {
        "appVersion": "1.0.569933026",
        "at": "2023-10-14 08:24:47",
        "content": "Good idea Google for this Pixel thermometer on our Pixel 8 Pro.",
        "repliedAt": null,
        "replyContent": null,
        "reviewCreatedVersion": "1.0.569933026",
        "reviewId": "adc01918-8e86-45f0-b4c1-17f947c2c365",
        "score": 5,
        "thumbsUpCount": 0,
        "userImage": "https://play-lh.googleusercontent.com/a-/ALV-UjU9SmCr2K6bNl5qcfh8r6vf-P1CXwYxaNLhAx7a2fhQmJnN",
        "userName": "Marco Cirignano"
    },
    {
        "appVersion": "1.0.569933026",
        "at": "2023-10-14 06:32:46",
        "content": "Thought it gimmicky at first but it's surprisingly useful",
        "repliedAt": null,
        "replyContent": null,
        "reviewCreatedVersion": "1.0.569933026",
        "reviewId": "6f5181f9-969f-454e-9753-ed972d5e95b1",
        "score": 5,
        "thumbsUpCount": 0,
        "userImage": "https://play-lh.googleusercontent.com/a/ACg8ocJS1jV_gCjbWBWFRhi-GRupwmh9mm_6kMOGnM13MW2u=mo",
        "userName": "Philip Montgomery"
    },
    {
        "appVersion": "1.0.569933026",
        "at": "2023-10-14 00:13:55",
        "content": "Extremely cumbersome to use. The temps should update continuously. There should be high and low temp recording. There should be a way to begin a measurement immediately when opening the app. It's absolutely the worst way to create a measurement app.",
        "repliedAt": null,
        "replyContent": null,
        "reviewCreatedVersion": "1.0.569933026",
        "reviewId": "27515c64-2343-4841-a455-43d2d4d9724c",
        "score": 2,
        "thumbsUpCount": 7,
        "userImage": "https://play-lh.googleusercontent.com/a-/ALV-UjVM2-Qbl2p2O57NEuBcxTPHD76IEp92U9aqwwdS-gcn_WzS",
        "userName": "Domenic Padula"
    },
    {
        "appVersion": "1.0.569933026",
        "at": "2023-10-13 20:07:05",
        "content": "Can't imagine needing or wanting this. Too bad it can't be uninstalled.",
        "repliedAt": null,
        "replyContent": null,
        "reviewCreatedVersion": "1.0.569933026",
        "reviewId": "467fd164-abe1-4fca-92c8-f387af7df7a5",
        "score": 2,
        "thumbsUpCount": 1,
        "userImage": "https://play-lh.googleusercontent.com/a-/ALV-UjXyI64pshDFGaY1b3LyRz6EUvW7m12Kbwhi9Y4kfwsIXgo",
        "userName": "Jeff Namhie"
    },
    {
        "appVersion": "1.0.569933026",
        "at": "2023-10-13 08:26:17",
        "content": "Off big time",
        "repliedAt": null,
        "replyContent": null,
        "reviewCreatedVersion": "1.0.569933026",
        "reviewId": "9e596af7-b490-4bf1-8bb1-f58b23b740aa",
        "score": 1,
        "thumbsUpCount": 0,
        "userImage": "https://play-lh.googleusercontent.com/a-/ALV-UjUm9xJmzyMNfARHkae_poZX2ESyemzxEMkkl0Diu_vWpMs",
        "userName": "James Rodriguez"
    },
    {
        "appVersion": "1.0.569933026",
        "at": "2023-10-13 08:04:31",
        "content": "Meh. There's nothing I can really do with this. I have to be 2\" away to measure it. Who's gonna put their phone that near something over 150\u00b0F? It's not the best at getting your body temperature.",
        "repliedAt": null,
        "replyContent": null,
        "reviewCreatedVersion": "1.0.569933026",
        "reviewId": "ae8152f2-b9eb-4ca9-a7e4-2142c2ae8c04",
        "score": 3,
        "thumbsUpCount": 1,
        "userImage": "https://play-lh.googleusercontent.com/a/ACg8ocJblpC4khvobM8b20dVNamd91Yi1bPCksaUxrrHvHV32bI=mo",
        "userName": "Thomas Hughes"
    },
    {
        "appVersion": "1.0.569933026",
        "at": "2023-10-13 04:53:22",
        "content": "Something no one asked for or needed. Plus with the bonus of being super inaccurate! Thanks google haha.",
        "repliedAt": null,
        "replyContent": null,
        "reviewCreatedVersion": "1.0.569933026",
        "reviewId": "545cdecf-e229-4661-aa11-09e3a7fa93b3",
        "score": 1,
        "thumbsUpCount": 5,
        "userImage": "https://play-lh.googleusercontent.com/a-/ALV-UjV1Jsf6nw1rPnROoQoeRoWqHeUoVzU_ChJObAHLm7Mkcg",
        "userName": "Jennifer"
    },
    {
        "appVersion": "1.0.569933026",
        "at": "2023-10-13 02:00:05",
        "content": "Nice app, would be good if it also used the camera to let you know what the thermometer is aimed at given how big the phone is.",
        "repliedAt": null,
        "replyContent": null,
        "reviewCreatedVersion": "1.0.569933026",
        "reviewId": "98d03729-f316-4470-8376-c353e03b1822",
        "score": 4,
        "thumbsUpCount": 5,
        "userImage": "https://play-lh.googleusercontent.com/a-/ALV-UjVv1RtW4aY95TImQB5Y0FIjt5CoBPDeWirWeuR1TD-vWPoV",
        "userName": "Naomi Mason"
    },
    {
        "appVersion": "1.0.569933026",
        "at": "2023-10-12 17:36:13",
        "content": "Amazing!",
        "repliedAt": null,
        "replyContent": null,
        "reviewCreatedVersion": "1.0.569933026",
        "reviewId": "f70146c4-bd44-4961-8d16-28fbe74b8d94",
        "score": 5,
        "thumbsUpCount": 0,
        "userImage": "https://play-lh.googleusercontent.com/a-/ALV-UjXx4V1GnJLteitHZxzbZ6_wDSdfalR4fd5k2clMfke9li0",
        "userName": "Tom Huot"
    },
    {
        "appVersion": "1.0.569933026",
        "at": "2023-10-11 19:31:16",
        "content": "Temperature varies within 5 degrees each time an object is checked",
        "repliedAt": null,
        "replyContent": null,
        "reviewCreatedVersion": "1.0.569933026",
        "reviewId": "8255a026-83db-4a0a-a7f8-8e3ac0c313a3",
        "score": 2,
        "thumbsUpCount": 1,
        "userImage": "https://play-lh.googleusercontent.com/a/ACg8ocLm9E4wOXkl9unIufZVaRFivTGfOe1hrKaOsEc1bQ7-=mo",
        "userName": "Richard Henderson"
    },
    {
        "appVersion": "1.0.569933026",
        "at": "2023-10-11 17:59:07",
        "content": "Would be nice to have some continuous measurement mode.",
        "repliedAt": null,
        "replyContent": null,
        "reviewCreatedVersion": "1.0.569933026",
        "reviewId": "0def9947-57ba-4c8d-b5b7-218bdab374b9",
        "score": 5,
        "thumbsUpCount": 7,
        "userImage": "https://play-lh.googleusercontent.com/a/ACg8ocJTk-SOCCHnDKHFabKGzKR04uhQK278_KphBVUJxtuD=mo",
        "userName": "karl neugebauer"
    },
    {
        "appVersion": "1.0.569933026",
        "at": "2023-10-11 12:52:39",
        "content": "Working perfectly, as advertised.",
        "repliedAt": null,
        "replyContent": null,
        "reviewCreatedVersion": "1.0.569933026",
        "reviewId": "31463c24-e499-485d-bdd9-f4f154606f5f",
        "score": 5,
        "thumbsUpCount": 0,
        "userImage": "https://play-lh.googleusercontent.com/a-/ALV-UjVlc0oN2mY8IgSxAmygHbSGOVb3WMp25dzKyln4hnY0JrFC",
        "userName": "Yash Srivastava"
    },
    {
        "appVersion": "1.0.569933026",
        "at": "2023-10-11 12:49:20",
        "content": "Super cool, thanks pixel team!",
        "repliedAt": null,
        "replyContent": null,
        "reviewCreatedVersion": "1.0.569933026",
        "reviewId": "193f623c-7cfa-477e-b2e8-e00d276aca17",
        "score": 5,
        "thumbsUpCount": 0,
        "userImage": "https://play-lh.googleusercontent.com/a/ACg8ocKAtHKEEaoyXNWTGIDU4cdy9zDNYP3SlYLs9SXWUXJD=mo",
        "userName": "Leon Todd"
    },
    {
        "appVersion": "1.0.569933026",
        "at": "2023-10-11 05:21:15",
        "content": "Works",
        "repliedAt": null,
        "replyContent": null,
        "reviewCreatedVersion": "1.0.569933026",
        "reviewId": "5f9bb5f5-765f-4484-a767-0b8b3e937241",
        "score": 5,
        "thumbsUpCount": 0,
        "userImage": "https://play-lh.googleusercontent.com/a-/ALV-UjUDGFpGz0LxX9Gi0CmysokbJB8tMGnK65XPSNB0NVkqMFUM",
        "userName": "James Conigrave"
    }
]