[
    {
        "appVersion": "3.19.1",
        "at": "2023-11-15 11:10:17",
        "content": "Good",
        "repliedAt": null,
        "replyContent": null,
        "reviewCreatedVersion": "3.19.1",
        "reviewId": "7e108f41-a4ba-4490-99e4-733fc21a73dc",
        "score": 5,
        "thumbsUpCount": 0,
        "userImage": "https://play-lh.googleusercontent.com/a-/ALV-UjXH3Km2eroJOSIZURdySmst20_vv0dmKbWmA22CYx0HPw",
        "userName": "Md. Dulal Hossen"
    },
    {
        "appVersion": "3.19.1",
        "at": "2023-11-07 02:16:26",
        "content": "Some waiting is involved when you want a lot.",
        "repliedAt": null,
        "replyContent": null,
        "reviewCreatedVersion": "3.19.1",
        "reviewId": "53152754-cda9-4114-90de-917ff7e064c7",
        "score": 5,
        "thumbsUpCount": 0,
        "userImage": "https://play-lh.googleusercontent.com/a-/ALV-UjV9OnNhmIlDkkUxnrxU92QnuJXuNzHnXqqEK50RtTK3jQ",
        "userName": "MICHAEL PITZENBERGER"
    },
    {
        "appVersion": "3.19.1",
        "at": "2023-11-06 22:58:07",
        "content": "Does not work SCAM",
        "repliedAt": null,
        "replyContent": null,
        "reviewCreatedVersion": "3.19.1",
        "reviewId": "93a87c3a-7f1b-494f-81fc-618ede5cb5d1",
        "score": 1,
        "thumbsUpCount": 0,
        "userImage": "https://play-lh.googleusercontent.com/a-/ALV-UjX9P3FJdzz0XPdsyCWFjErBvPEqEWLDjYEsTDSxIo5_cE4",
        "userName": "David Dorazio"
    },
    {
        "appVersion": "3.19.1",
        "at": "2023-11-04 09:17:55",
        "content": "I like this app and I enjoy the way you do your process",
        "repliedAt": null,
        "replyContent": null,
        "reviewCreatedVersion": "3.19.1",
        "reviewId": "7f48ae67-23f7-4203-846d-b982b7466a00",
        "score": 4,
        "thumbsUpCount": 0,
        "userImage": "https://play-lh.googleusercontent.com/a-/ALV-UjWq2yw82xxRTx2Ii6N_pBl4tXYc76wdVdOEgTmqrWmEyA",
        "userName": "Rabiu Kot"
    },
    {
        "appVersion": "3.19.1",
        "at": "2023-10-29 02:48:37",
        "content": "No idea . Let me see",
        "repliedAt": null,
        "replyContent": null,
        "reviewCreatedVersion": "3.19.1",
        "reviewId": "247a5297-ae34-43d6-9db8-49d2138ac710",
        "score": 4,
        "thumbsUpCount": 0,
        "userImage": "https://play-lh.googleusercontent.com/a-/ALV-UjWnC3Vsc_QsLh6SlL7OTDHRw6EwyaijCllPExtmfzGz1Q",
        "userName": "Tanveerul Hoque"
    },
    {
        "appVersion": "3.19.1",
        "at": "2023-10-24 02:56:35",
        "content": "I dont no yet",
        "repliedAt": null,
        "replyContent": null,
        "reviewCreatedVersion": "3.19.1",
        "reviewId": "6ba73e34-eac1-4784-88bf-592aacd4d3c8",
        "score": 3,
        "thumbsUpCount": 0,
        "userImage": "https://play-lh.googleusercontent.com/a/ACg8ocLC7kQA2XktLxZV049U88Ivx2_0N1LS5MRsrZS19LbA=mo",
        "userName": "Jayantha Kumarasiri"
    },
    {
        "appVersion": "3.19.1",
        "at": "2023-10-06 09:52:59",
        "content": "This app is very fine and very easy to use.",
        "repliedAt": null,
        "replyContent": null,
        "reviewCreatedVersion": "3.19.1",
        "reviewId": "9de54c26-dae7-4093-81e8-df3f6e58a91e",
        "score": 5,
        "thumbsUpCount": 0,
        "userImage": "https://play-lh.googleusercontent.com/a/ACg8ocIX-bk_1BAC7KHc0XeScegOHml-PFUpuz6eClb7iHGm=mo",
        "userName": "Syful Khan"
    },
    {
        "appVersion": "3.19.1",
        "at": "2023-10-04 06:51:20",
        "content": "Its not confirmed may be SCAM",
        "repliedAt": null,
        "replyContent": null,
        "reviewCreatedVersion": "3.19.1",
        "reviewId": "d4524a08-f90f-4603-b90d-4b09987a4b69",
        "score": 1,
        "thumbsUpCount": 0,
        "userImage": "https://play-lh.googleusercontent.com/a/ACg8ocJ6XWVBFVIkgHcqkYLKM7EhHvgCO-Jviapnad03slqBuKI=mo",
        "userName": "Munawar Zarif"
    },
    {
        "appVersion": "3.19.1",
        "at": "2023-09-30 15:59:47",
        "content": "This program does not work at all",
        "repliedAt": null,
        "replyContent": null,
        "reviewCreatedVersion": "3.19.1",
        "reviewId": "0f1c528b-e027-4e29-96e9-36f4b38f329b",
        "score": 1,
        "thumbsUpCount": 0,
        "userImage": "https://play-lh.googleusercontent.com/a-/ALV-UjVXgAa5qCuotUPtk9RrWxG5zuVZEvMUzYWWZzMb53hFUA",
        "userName": "ARTIN AMINI"
    },
    {
        "appVersion": "3.19.1",
        "at": "2023-09-29 04:33:27",
        "content": "Very good app,,i enjoy using it,and very easy to earn crypto",
        "repliedAt": null,
        "replyContent": null,
        "reviewCreatedVersion": "3.19.1",
        "reviewId": "ce744673-a2dd-41e3-a89f-4c32b500f2c5",
        "score": 5,
        "thumbsUpCount": 0,
        "userImage": "https://play-lh.googleusercontent.com/a/ACg8ocJlzBEXvf5pTRomwlEKKfvt0slw_zuoef-CvQ7yeM2Q=mo",
        "userName": "nwodo wilfred"
    },
    {
        "appVersion": "3.19.1",
        "at": "2023-09-27 07:22:52",
        "content": "Good",
        "repliedAt": null,
        "replyContent": null,
        "reviewCreatedVersion": "3.19.1",
        "reviewId": "22dd6b53-baab-4a66-8570-4931606769de",
        "score": 5,
        "thumbsUpCount": 0,
        "userImage": "https://play-lh.googleusercontent.com/a-/ALV-UjVjtRm88zOqpqwzZQP2K5LhAjaZckf0h_DB8GEq6bPbug",
        "userName": "Jerome Jonathan"
    },
    {
        "appVersion": "3.19.1",
        "at": "2023-09-27 01:29:16",
        "content": "So far, simple and excellent. Waiting for the first payout to introduce about this for my crowd of friends......keep it up",
        "repliedAt": null,
        "replyContent": null,
        "reviewCreatedVersion": "3.19.1",
        "reviewId": "bb7cc451-bba0-4735-bd3e-8d6a629208fe",
        "score": 5,
        "thumbsUpCount": 0,
        "userImage": "https://play-lh.googleusercontent.com/a-/ALV-UjVSijouvma3hJ17USwiMPzvhdah5Png-oz9pEwILB9bVZ8",
        "userName": "Rw Snj"
    },
    {
        "appVersion": "3.19.1",
        "at": "2023-09-25 03:30:28",
        "content": "Good",
        "repliedAt": null,
        "replyContent": null,
        "reviewCreatedVersion": "3.19.1",
        "reviewId": "9e70c2ab-04cd-4861-917f-8ed67e0b0e40",
        "score": 5,
        "thumbsUpCount": 0,
        "userImage": "https://play-lh.googleusercontent.com/a-/ALV-UjXepXZz1yfix5d3ysx5f9HRKoi67Xtwgn5yDy2iaCuYew",
        "userName": "Aruna Mendis"
    },
    {
        "appVersion": "3.19.1",
        "at": "2023-09-22 11:25:17",
        "content": "Will make it 5 when I see the eths in my wallet",
        "repliedAt": null,
        "replyContent": null,
        "reviewCreatedVersion": "3.19.1",
        "reviewId": "3fc37e1e-cc8b-4fd5-8987-6b22cc44a1ca",
        "score": 1,
        "thumbsUpCount": 0,
        "userImage": "https://play-lh.googleusercontent.com/a-/ALV-UjV2c2R7lh1nl2NcISvw-YxMycfRM66HK-AZeveYBys2wT8",
        "userName": "Christian Chuka"
    },
    {
        "appVersion": "3.19.1",
        "at": "2023-09-21 08:54:36",
        "content": "I've been mining on here for over 2 years and have yet to receive a penny customer service doesn't respond to my emails. I should have at the very least 500.00 in Etherium but nope this is nothing but a scam",
        "repliedAt": null,
        "replyContent": null,
        "reviewCreatedVersion": "3.19.1",
        "reviewId": "daa0cb5d-b505-43f2-9a07-486a81b9f964",
        "score": 1,
        "thumbsUpCount": 2,
        "userImage": "https://play-lh.googleusercontent.com/a-/ALV-UjWktTKJ-Vj5sU2qITHcBBMrydcGTbjOcJxlOnWPUUqPprxy",
        "userName": "Adam Mullins"
    },
    {
        "appVersion": null,
        "at": "2023-09-20 18:48:45",
        "content": "Good",
        "repliedAt": null,
        "replyContent": null,
        "reviewCreatedVersion": null,
        "reviewId": "1aedad14-a4d6-441c-a5fc-452efe6039c3",
        "score": 5,
        "thumbsUpCount": 0,
        "userImage": "https://play-lh.googleusercontent.com/a/ACg8ocJDUF1HvOYiWB5rv29HoNekUedMfGdKn2NoKbVhT71f=mo",
        "userName": "Crina"
    },
    {
        "appVersion": "3.19.1",
        "at": "2023-09-19 06:29:49",
        "content": "So far so good",
        "repliedAt": null,
        "replyContent": null,
        "reviewCreatedVersion": "3.19.1",
        "reviewId": "85f2cd78-841b-4d45-bdbb-cbb421407bdc",
        "score": 3,
        "thumbsUpCount": 0,
        "userImage": "https://play-lh.googleusercontent.com/a-/ALV-UjU4i-UN-jYOC2xQsuhnA5GV-xBmmqQLIVT-XtgA1Ms7ob8",
        "userName": "Daniel Crowe"
    },
    {
        "appVersion": "3.19.1",
        "at": "2023-09-07 04:20:02",
        "content": "Good, but am still waiting to receive my etherum",
        "repliedAt": null,
        "replyContent": null,
        "reviewCreatedVersion": "3.19.1",
        "reviewId": "416233be-24a6-48bf-9719-ae251b0870fa",
        "score": 5,
        "thumbsUpCount": 0,
        "userImage": "https://play-lh.googleusercontent.com/a-/ALV-UjUScIKOWKo-7JXURW_FcRcn46y9jAVUYdpzflWBkZzlLQ",
        "userName": "Abumchi Chukwudi"
    },
    {
        "appVersion": null,
        "at": "2023-09-04 17:13:33",
        "content": "Very good O my God cash out?",
        "repliedAt": null,
        "replyContent": null,
        "reviewCreatedVersion": null,
        "reviewId": "597c506c-e2c1-4673-954f-04e81c04d34f",
        "score": 4,
        "thumbsUpCount": 0,
        "userImage": "https://play-lh.googleusercontent.com/a-/ALV-UjWYGzIq9uLFqhzH7c0kmODO1VHqageCkoBCXpG6PkvXVig",
        "userName": "Yousef \u201cAmiryousef\u201d Solgi"
    },
    {
        "appVersion": "3.19.1",
        "at": "2023-09-01 19:10:38",
        "content": "At this point I won't be giving a 5 star rating until I see it. This app is no good.after doing the verification complete it still goes back to the complete verification screen so I will be deleting this app o recommend not using this app",
        "repliedAt": null,
        "replyContent": null,
        "reviewCreatedVersion": "3.19.1",
        "reviewId": "bcb06c52-cb22-4f37-995b-b51e8d8b0303",
        "score": 1,
        "thumbsUpCount": 0,
        "userImage": "https://play-lh.googleusercontent.com/a/ACg8ocIllny8v-mQPbAPbxDVEVaQ201p-KnvZd7ll9p5sWdI=mo",
        "userName": "Gina Reihana"
    },
    {
        "appVersion": null,
        "at": "2023-08-27 01:55:02",
        "content": "Fake app. Dot use it",
        "repliedAt": null,
        "replyContent": null,
        "reviewCreatedVersion": null,
        "reviewId": "e2535762-9bf4-44c4-9033-0806ef394758",
        "score": 1,
        "thumbsUpCount": 0,
        "userImage": "https://play-lh.googleusercontent.com/a/ACg8ocJudIy-5Lg629k5aTbpZYBvmwqlMOeYKVUkEVLpNfmr=mo",
        "userName": "Sayan Bhattacharya"
    },
    {
        "appVersion": "3.19.1",
        "at": "2023-08-23 17:35:19",
        "content": "Tank you very much Free mining Ethereum \ud83e\udd11\ud83e\udd11\ud83e\udd11\ud83e\udd11\ud83e\udd11\ud83e\udd11\ud83e\udd11 \ud83d\udcb0\ud83d\udcb0\ud83d\udcb0\ud83d\udcb0\ud83d\udcb0\ud83d\udcb0\ud83d\udcb0",
        "repliedAt": null,
        "replyContent": null,
        "reviewCreatedVersion": "3.19.1",
        "reviewId": "c89c336c-603c-4474-a868-e93dd403674c",
        "score": 5,
        "thumbsUpCount": 0,
        "userImage": "https://play-lh.googleusercontent.com/a-/ALV-UjVcBrZgysJpRn-8LO4Jn1BjJ4bttUPSD6jtMt7dx4gTpw",
        "userName": "Yousef Solgi"
    },
    {
        "appVersion": null,
        "at": "2023-08-21 11:00:56",
        "content": "No transfer to wallet. The verification button opens a page where KYC cannot be done. Various sites such as rimmy etc open. Seems fake.",
        "repliedAt": null,
        "replyContent": null,
        "reviewCreatedVersion": null,
        "reviewId": "8fd58120-9eb0-4e8a-be4d-4d32589d7355",
        "score": 1,
        "thumbsUpCount": 1,
        "userImage": "https://play-lh.googleusercontent.com/a/ACg8ocI1dB8vCj4ciLwMlCndaP47AhbaJidx5Vq5aQvb4HY=mo",
        "userName": "T Gadgil"
    },
    {
        "appVersion": null,
        "at": "2023-08-20 01:49:04",
        "content": "Can't withdraw. Seems fake.",
        "repliedAt": null,
        "replyContent": null,
        "reviewCreatedVersion": null,
        "reviewId": "59a9c224-7afa-4a2a-9807-9d7e12c18e87",
        "score": 1,
        "thumbsUpCount": 0,
        "userImage": "https://play-lh.googleusercontent.com/a/ACg8ocLSjYtrzwwrVC6x6hZQbe4Zoj2xM_fjAsiwJMMed0BP=mo",
        "userName": "T Gadgil"
    },
    {
        "appVersion": "3.19.1",
        "at": "2023-08-12 19:52:58",
        "content": "good app",
        "repliedAt": null,
        "replyContent": null,
        "reviewCreatedVersion": "3.19.1",
        "reviewId": "218c429f-4be0-4577-b1b8-2f8b1cbc2ba7",
        "score": 5,
        "thumbsUpCount": 0,
        "userImage": "https://play-lh.googleusercontent.com/a-/ALV-UjVfSZIaF_064O8P0sXsIPwWTunA7cy6dfjrtqA4V9IJ-Q",
        "userName": "Balal hossain Salim"
    },
    {
        "appVersion": "3.19.1",
        "at": "2023-08-08 23:57:12",
        "content": "Awesome",
        "repliedAt": null,
        "replyContent": null,
        "reviewCreatedVersion": "3.19.1",
        "reviewId": "d3aa60ce-1e6d-45ad-ac1d-1b92354a0ff0",
        "score": 5,
        "thumbsUpCount": 0,
        "userImage": "https://play-lh.googleusercontent.com/a-/ALV-UjVBl53m5xKA6ogURh8UWm99hI_FGEeVTTQBHW1hBJ_5n8k",
        "userName": "Christopher Fry"
    },
    {
        "appVersion": "3.19.1",
        "at": "2023-08-07 10:39:32",
        "content": "The app is great except that I cannot withdraw what I mined. I am struggling to get in touch with support as is said one must do when there are any challenges. I wish that can be attended to so that withdrawals can be processed.",
        "repliedAt": null,
        "replyContent": null,
        "reviewCreatedVersion": "3.19.1",
        "reviewId": "c5cb10ef-74e3-47d2-9190-9c586a7d9079",
        "score": 3,
        "thumbsUpCount": 0,
        "userImage": "https://play-lh.googleusercontent.com/a/ACg8ocI7Nhpt5z9O2SiYi8d5Lt0fy2qDCBdkWa5GskjUrWT6=mo",
        "userName": "Thabang Mambalo"
    },
    {
        "appVersion": "3.19.1",
        "at": "2023-08-01 14:46:13",
        "content": "Amazing about this app. Totally I recommend.",
        "repliedAt": null,
        "replyContent": null,
        "reviewCreatedVersion": "3.19.1",
        "reviewId": "391fb068-a696-46d0-a17e-1288b0b28e8f",
        "score": 5,
        "thumbsUpCount": 0,
        "userImage": "https://play-lh.googleusercontent.com/a/ACg8ocJG1xaqdvO9DCVRk426oVmz9u_Potdwfx56wQYko_eZkA=mo",
        "userName": "Cesar Andrade"
    },
    {
        "appVersion": "3.19.1",
        "at": "2023-07-16 16:48:01",
        "content": "Great app",
        "repliedAt": null,
        "replyContent": null,
        "reviewCreatedVersion": "3.19.1",
        "reviewId": "ba9c176d-504a-42bd-841a-c2082497254c",
        "score": 5,
        "thumbsUpCount": 0,
        "userImage": "https://play-lh.googleusercontent.com/a-/ALV-UjVaJbhxwynpFP9Qvz4DQNUhUr6Ahqdqpx2803tNyHY_L00",
        "userName": "Bucs"
    },
    {
        "appVersion": "3.19.1",
        "at": "2023-07-16 10:09:21",
        "content": "Nice one",
        "repliedAt": null,
        "replyContent": null,
        "reviewCreatedVersion": "3.19.1",
        "reviewId": "7b0a8373-0eca-463d-89e3-47eb665aa21e",
        "score": 5,
        "thumbsUpCount": 0,
        "userImage": "https://play-lh.googleusercontent.com/a-/ALV-UjUMvPGPoygsgKRSPP4d3dEhzQC3Kb-eu_7_msXzv2LLoQ",
        "userName": "Prince Kofi Blessing Tandoh"
    },
    {
        "appVersion": "3.19.1",
        "at": "2023-07-15 19:08:16",
        "content": "Hi guys I recommend this try it it works",
        "repliedAt": null,
        "replyContent": null,
        "reviewCreatedVersion": "3.19.1",
        "reviewId": "500cd08e-e196-4865-bdfd-b0cedcbea494",
        "score": 5,
        "thumbsUpCount": 0,
        "userImage": "https://play-lh.googleusercontent.com/a/ACg8ocKVlu27BAdngTBX2GH0NHmHH82Kv5e7RtcJxX067swL=mo",
        "userName": "xolani Mtyekisane"
    },
    {
        "appVersion": "3.19.1",
        "at": "2023-07-13 15:41:07",
        "content": "Until i find these eths in my wallet, let's leave it at 2 stars",
        "repliedAt": null,
        "replyContent": null,
        "reviewCreatedVersion": "3.19.1",
        "reviewId": "8a9adde0-8690-41c2-8cc1-17a77b320af8",
        "score": 2,
        "thumbsUpCount": 0,
        "userImage": "https://play-lh.googleusercontent.com/a-/ALV-UjXm4TtZiFwLCLrCwaDIxp-RQOFtwEjUMIr958tLRfbZhA",
        "userName": "Austin Efe"
    },
    {
        "appVersion": "3.19.1",
        "at": "2023-07-07 02:38:39",
        "content": "There is no withdrawal option in the app",
        "repliedAt": null,
        "replyContent": null,
        "reviewCreatedVersion": "3.19.1",
        "reviewId": "949f8ed3-a95b-4841-9f69-0db023081445",
        "score": 1,
        "thumbsUpCount": 0,
        "userImage": "https://play-lh.googleusercontent.com/a-/ALV-UjXV9bJxXahLbdBHRLXJtpdRndDI0FGRiHvScwRdmsntrA",
        "userName": "Chetan Sheladiya"
    },
    {
        "appVersion": "3.19.1",
        "at": "2023-07-07 01:20:08",
        "content": "Im changing the review,i didnt get my withdraw coin",
        "repliedAt": null,
        "replyContent": null,
        "reviewCreatedVersion": "3.19.1",
        "reviewId": "a4d55fc0-5932-4117-a2b7-dd794946a1d9",
        "score": 5,
        "thumbsUpCount": 0,
        "userImage": "https://play-lh.googleusercontent.com/a-/ALV-UjX_x_tRcSnrpY2wsig5Kw11EHRDR75QEUDH92PqQigY1g",
        "userName": "Achawin Riensukoporn"
    },
    {
        "appVersion": "3.19.1",
        "at": "2023-07-07 00:30:03",
        "content": "Why are you people like this I wasted all my night sleep mining your app at last i received nothing from you people it very unfair and bad why why should I lay a curse on you people cause I know whom I am thanks to you people so much I appreciate",
        "repliedAt": null,
        "replyContent": null,
        "reviewCreatedVersion": "3.19.1",
        "reviewId": "ab716594-a6d3-45bd-8581-6249e401ab4e",
        "score": 1,
        "thumbsUpCount": 0,
        "userImage": "https://play-lh.googleusercontent.com/a-/ALV-UjU4RqZalw_TbQRZ6VYIzFuexoLnoEFQaaVxQ2PYJAu-VA",
        "userName": "Tochukwu Jeremiah"
    },
    {
        "appVersion": "3.19.1",
        "at": "2023-07-06 16:46:15",
        "content": "Good \ud83d\udc4d",
        "repliedAt": null,
        "replyContent": null,
        "reviewCreatedVersion": "3.19.1",
        "reviewId": "d1ba4f88-e45b-4880-b07a-9f2b23a2b0a2",
        "score": 5,
        "thumbsUpCount": 0,
        "userImage": "https://play-lh.googleusercontent.com/a/ACg8ocJaKlSMMT-0mekbU-dNBpPy_CUeLR-h6urUUogFezbT=mo",
        "userName": "benali Lazhar"
    },
    {
        "appVersion": "3.19.1",
        "at": "2023-07-01 01:09:39",
        "content": "Fake you don't receive the withdrawal",
        "repliedAt": null,
        "replyContent": null,
        "reviewCreatedVersion": "3.19.1",
        "reviewId": "d8e61a6b-5b49-4dbf-8de3-8d1a4e7c8846",
        "score": 1,
        "thumbsUpCount": 0,
        "userImage": "https://play-lh.googleusercontent.com/a/ACg8ocLw1p3RoeO9nRlAa1w8aeLmPU0ia1imiTZKue49uscI=mo",
        "userName": "Andrew Moran"
    }
]