[
    {
        "appVersion": "1.1",
        "at": "2023-11-01 07:48:15",
        "content": "Too much adds could be letter",
        "repliedAt": null,
        "replyContent": null,
        "reviewCreatedVersion": "1.1",
        "reviewId": "3340112e-3ac1-439c-a39e-c283bdd857c2",
        "score": 1,
        "thumbsUpCount": 0,
        "userImage": "https://play-lh.googleusercontent.com/a/ACg8ocLnb_oBOZ_eTxm0dQwEteBR4v4soCEHUL59iGaOHwrd=mo",
        "userName": "Amelia Girometti"
    },
    {
        "appVersion": null,
        "at": "2023-10-30 07:26:00",
        "content": "Love this app",
        "repliedAt": null,
        "replyContent": null,
        "reviewCreatedVersion": null,
        "reviewId": "a483638c-fd38-4a09-9902-d04f0eec6094",
        "score": 5,
        "thumbsUpCount": 1,
        "userImage": "https://play-lh.googleusercontent.com/a/ACg8ocLL1NxIqOFpjJCx0DMO-DrHMvRODLjsQ-pbxvpZs6d_=mo",
        "userName": "Gertrude Dube"
    },
    {
        "appVersion": null,
        "at": "2023-10-08 03:13:38",
        "content": "Th\u00ecs is a terable ap it barly has any fillter in it\ud83e\udd2e\ud83d\udc4e i give this a solid 0/10 discusting\ud83e\udd2c\ud83e\udd2e\ud83d\udc4e",
        "repliedAt": null,
        "replyContent": null,
        "reviewCreatedVersion": null,
        "reviewId": "a81e1ecb-6cdc-4b0f-a0c5-2bb2a0523fae",
        "score": 1,
        "thumbsUpCount": 1,
        "userImage": "https://play-lh.googleusercontent.com/a/ACg8ocKE8mYcQxwnn92RMQsfR7E96qOceWMdPq3HnLg1yhVd=mo",
        "userName": "hanz clyde"
    },
    {
        "appVersion": "1.1",
        "at": "2023-05-30 03:16:22",
        "content": "So good I like it good",
        "repliedAt": null,
        "replyContent": null,
        "reviewCreatedVersion": "1.1",
        "reviewId": "469bd512-5cae-4fb4-94c5-4803aae2495a",
        "score": 5,
        "thumbsUpCount": 2,
        "userImage": "https://play-lh.googleusercontent.com/a/ACg8ocLDt8Ki-xMaUf4sOYcTpwP55bZADQrcBJ3d2Tuce7g=mo",
        "userName": "cinta lulu"
    }
]