[
    {
        "appVersion": "2",
        "at": "2023-10-16 13:03:13",
        "content": "it wil be work",
        "repliedAt": null,
        "replyContent": null,
        "reviewCreatedVersion": "2",
        "reviewId": "c876ad77-b82f-4ed9-8d5e-9ef385f95749",
        "score": 2,
        "thumbsUpCount": 1,
        "userImage": "https://play-lh.googleusercontent.com/a-/ALV-UjWkesWSyj1mi0fbUfu-odDBBLkpZfAjKT4wOyw7jxofSg",
        "userName": "Dark Eye"
    },
    {
        "appVersion": "2",
        "at": "2023-10-13 02:24:07",
        "content": "Faltu app please not install.",
        "repliedAt": null,
        "replyContent": null,
        "reviewCreatedVersion": "2",
        "reviewId": "399ce50b-875d-4e59-b220-464615d46db6",
        "score": 1,
        "thumbsUpCount": 2,
        "userImage": "https://play-lh.googleusercontent.com/a-/ALV-UjVpYurVTyrT98eaccBxaWPfw_HRB7tiRiMyea03Nao_m2Y",
        "userName": "Sakhawat Hossen Siyam"
    },
    {
        "appVersion": "2",
        "at": "2023-10-13 02:20:12",
        "content": "Don't download .It is just a useless app.",
        "repliedAt": null,
        "replyContent": null,
        "reviewCreatedVersion": "2",
        "reviewId": "2fe520e7-c505-40aa-ae3d-546b88b5d8f8",
        "score": 1,
        "thumbsUpCount": 2,
        "userImage": "https://play-lh.googleusercontent.com/a-/ALV-UjX6AZ3WBglPKJrBMzICTikaYwi6Finrg5smLGb-gXPwjQ",
        "userName": "Sajid zaman"
    }
]