[
    {
        "appVersion": null,
        "at": "2023-03-03 23:06:32",
        "content": "NADEEM",
        "repliedAt": null,
        "replyContent": null,
        "reviewCreatedVersion": null,
        "reviewId": "a1bddf54-9b6b-4f67-a59c-4c104f5f3545",
        "score": 5,
        "thumbsUpCount": 0,
        "userImage": "https://play-lh.googleusercontent.com/a-/ALV-UjV8cbz9HCIfZbh_uKsddfCIRPd124YfFEAQYRSNTPDtrsk",
        "userName": "Waseem Hamad"
    },
    {
        "appVersion": null,
        "at": "2023-01-22 11:54:56",
        "content": "Nice",
        "repliedAt": null,
        "replyContent": null,
        "reviewCreatedVersion": null,
        "reviewId": "ca327ba3-fa12-4e49-9d87-02796380323a",
        "score": 4,
        "thumbsUpCount": 0,
        "userImage": "https://play-lh.googleusercontent.com/a-/ALV-UjU5ofD412x4g0APCyBsLfmbYAzVvTJ9PXxPlcN0Xe517A",
        "userName": "Minu Ho"
    },
    {
        "appVersion": "1.1",
        "at": "2022-12-10 18:55:02",
        "content": "Nice",
        "repliedAt": null,
        "replyContent": null,
        "reviewCreatedVersion": "1.1",
        "reviewId": "0a6835db-f8c8-4d6a-b9f6-25dcc151845f",
        "score": 5,
        "thumbsUpCount": 0,
        "userImage": "https://play-lh.googleusercontent.com/a/ACg8ocKbApDfeqrPdNL2dEstLBzC_GsarTghKgo3eSCD0Okz=mo",
        "userName": "MUKAILA GAFARU"
    }
]