[
    {
        "appVersion": "1.3.6",
        "at": "2023-11-09 23:28:09",
        "content": "i will be greatful",
        "repliedAt": null,
        "replyContent": null,
        "reviewCreatedVersion": "1.3.6",
        "reviewId": "9e65135f-802f-4853-b44f-0aab0c72bdd3",
        "score": 5,
        "thumbsUpCount": 0,
        "userImage": "https://play-lh.googleusercontent.com/a-/ALV-UjURpv5pjGaC3nvzFBqpWHa1oT3Xh9YNbUaSyqAExAXVOFQ",
        "userName": "Agbosu Sanctus Francisco Kojo"
    },
    {
        "appVersion": null,
        "at": "2023-05-18 13:27:49",
        "content": "Horrible. Didn't work.",
        "repliedAt": "2023-05-19 23:54:17",
        "replyContent": "Hi, we apologize for any issue you might be having! Could you send details of what you are experiencing to our customer support at vorevo.apps@gmail.com? We'll get you up and running.",
        "reviewCreatedVersion": null,
        "reviewId": "48144e18-920c-4c14-b74e-b5b6bfd06264",
        "score": 1,
        "thumbsUpCount": 0,
        "userImage": "https://play-lh.googleusercontent.com/a/ACg8ocIgFSpxJ9ZMUb8EkXvR1-2vlQo_siPVdQrvVlAxWg9P=mo",
        "userName": "Jacque S"
    },
    {
        "appVersion": "1.3.2",
        "at": "2023-04-11 21:31:30",
        "content": "I like it",
        "repliedAt": "2023-04-12 03:37:50",
        "replyContent": "Glad you like it! :) Thank you for the 5 star rating. Keep using our app.",
        "reviewCreatedVersion": "1.3.2",
        "reviewId": "f4cc0f1a-08b2-472e-8837-278f79d135b2",
        "score": 5,
        "thumbsUpCount": 0,
        "userImage": "https://play-lh.googleusercontent.com/a/ACg8ocJmP_8DRjnf2U2g5TsDVrsDcwwYeRZ8F5HHZe-emwpI=mo",
        "userName": "William Clay"
    },
    {
        "appVersion": "1.3.2",
        "at": "2023-02-01 13:30:32",
        "content": "Worthless",
        "repliedAt": "2023-02-01 18:28:00",
        "replyContent": "Hi, we apologize for any issue you might be having! Could you send details of what you are experiencing to our customer support at vorevo.apps@gmail.com? We'll get you up and running.",
        "reviewCreatedVersion": "1.3.2",
        "reviewId": "d42b273c-b9ae-4b84-994e-a1dd746172f6",
        "score": 1,
        "thumbsUpCount": 0,
        "userImage": "https://play-lh.googleusercontent.com/a/ACg8ocK1qPKbi314bfCf3z27dabyY2-mQGU12g6fD2ItjAG3=mo",
        "userName": "Kevin Butts"
    }
]