[
    {
        "appVersion": "1.2.5",
        "at": "2023-11-17 20:38:50",
        "content": "Trees bone application \ud83d\ude4f",
        "repliedAt": null,
        "replyContent": null,
        "reviewCreatedVersion": "1.2.5",
        "reviewId": "aad6950c-387e-4e3d-ab71-a4917a23e326",
        "score": 4,
        "thumbsUpCount": 0,
        "userImage": "https://play-lh.googleusercontent.com/a/ACg8ocIcfyhB_Sx5RqBNzXmYY7akuEBS9BaRyfYLABExmVHf=mo",
        "userName": "Yaser Farhat"
    },
    {
        "appVersion": "1.2.5",
        "at": "2023-11-12 10:27:34",
        "content": "Saciid",
        "repliedAt": null,
        "replyContent": null,
        "reviewCreatedVersion": "1.2.5",
        "reviewId": "044eba6a-73b4-4b11-b626-06c47f0ce4c9",
        "score": 5,
        "thumbsUpCount": 0,
        "userImage": "https://play-lh.googleusercontent.com/a-/ALV-UjUODrXKGBQ424CXiCvCbmgkzlK5ldalQBZFUac6TOCkqw",
        "userName": "Siciidmaxamed Siidow2023"
    },
    {
        "appVersion": "1.2.5",
        "at": "2023-11-05 14:28:20",
        "content": "Perfect",
        "repliedAt": null,
        "replyContent": null,
        "reviewCreatedVersion": "1.2.5",
        "reviewId": "c050be40-66f2-44cc-8765-92bff52730c7",
        "score": 5,
        "thumbsUpCount": 0,
        "userImage": "https://play-lh.googleusercontent.com/a-/ALV-UjVKsIQTeqY3zbrSe8YlSFA7Bby760f3Dzz_GJoFFoyzDA",
        "userName": "Fayez Shriedeh"
    },
    {
        "appVersion": "1.2.5",
        "at": "2023-10-31 07:20:04",
        "content": "I did not plan for a paid service",
        "repliedAt": null,
        "replyContent": null,
        "reviewCreatedVersion": "1.2.5",
        "reviewId": "a7794d29-f4da-4bbe-9d0d-9cde15d6f80f",
        "score": 4,
        "thumbsUpCount": 0,
        "userImage": "https://play-lh.googleusercontent.com/a-/ALV-UjU8vjSqy5O9oN4sb1fFAFmtQU3ucpAoXwLNa8ZjIYh0gHIe",
        "userName": "KC Yang (KC)"
    },
    {
        "appVersion": "1.2.5",
        "at": "2023-10-30 20:37:55",
        "content": "Good \ud83d\udc4d",
        "repliedAt": null,
        "replyContent": null,
        "reviewCreatedVersion": "1.2.5",
        "reviewId": "eee8134c-5826-489e-aa59-d2b56cf51f92",
        "score": 5,
        "thumbsUpCount": 0,
        "userImage": "https://play-lh.googleusercontent.com/a-/ALV-UjUUCPzrVg4uv_pg_CAD7-5T5FC3sfJW1nr44E9J8eumQm4",
        "userName": "Alaa Kabo"
    },
    {
        "appVersion": null,
        "at": "2023-10-25 21:50:12",
        "content": "good",
        "repliedAt": null,
        "replyContent": null,
        "reviewCreatedVersion": null,
        "reviewId": "42056b54-fcd4-40dc-b63a-7d08731103e5",
        "score": 3,
        "thumbsUpCount": 0,
        "userImage": "https://play-lh.googleusercontent.com/a/ACg8ocKfyI-6MyHAuvyS_Ea-6M035yHKk2m_IoMSitQgrj-i=mo",
        "userName": "sxoon lake"
    },
    {
        "appVersion": "1.2.5",
        "at": "2023-10-21 16:27:23",
        "content": "An application without trial immediately wants my money",
        "repliedAt": null,
        "replyContent": null,
        "reviewCreatedVersion": "1.2.5",
        "reviewId": "9a563d19-c3e2-4c69-876f-475fe10973b0",
        "score": 1,
        "thumbsUpCount": 0,
        "userImage": "https://play-lh.googleusercontent.com/a-/ALV-UjUR3ah6QQipjp4MPkzyR-A01cjeUyBXbvb0M64kPXKTfSYB",
        "userName": "Ahmad Ghaleb Daloo"
    },
    {
        "appVersion": "1.2.5",
        "at": "2023-10-20 10:30:50",
        "content": "V good",
        "repliedAt": null,
        "replyContent": null,
        "reviewCreatedVersion": "1.2.5",
        "reviewId": "d9835cf4-8736-4e06-b94b-2605c49c674f",
        "score": 5,
        "thumbsUpCount": 0,
        "userImage": "https://play-lh.googleusercontent.com/a/ACg8ocLA0VjTSojIOUOxxNsL0yyC9WL5HCqnaj1dZRqXP0o=mo",
        "userName": "Hasan Jabiri"
    },
    {
        "appVersion": "1.2.5",
        "at": "2023-10-17 15:20:05",
        "content": "Nice",
        "repliedAt": null,
        "replyContent": null,
        "reviewCreatedVersion": "1.2.5",
        "reviewId": "be5f64f0-24e9-434d-8b31-e72e2ae8a856",
        "score": 5,
        "thumbsUpCount": 0,
        "userImage": "https://play-lh.googleusercontent.com/a-/ALV-UjUTqHVqKNVZTRwwPUe4x6CIOvXFWaW9XtT7Nh2mnCoAUA",
        "userName": "Se.Pandia Rajan"
    },
    {
        "appVersion": "1.2.5",
        "at": "2023-10-15 14:16:45",
        "content": "\ud83d\udc4d\ud83c\udffb\ud83d\udc4d\ud83c\udffb\ud83d\udc4d\ud83c\udffb",
        "repliedAt": null,
        "replyContent": null,
        "reviewCreatedVersion": "1.2.5",
        "reviewId": "c344c058-17c4-4312-a023-e0f39a8e1031",
        "score": 5,
        "thumbsUpCount": 0,
        "userImage": "https://play-lh.googleusercontent.com/a/ACg8ocJfqQsoNDf3LI33UwUaGPY8crfl4ycBbAo3yImU-rl-=mo",
        "userName": "Mimo"
    },
    {
        "appVersion": "1.2.5",
        "at": "2023-10-15 12:03:45",
        "content": "When you pay and get nothing and the app crashes... that's called a scam. Do NOT use the app. Scam!",
        "repliedAt": null,
        "replyContent": null,
        "reviewCreatedVersion": "1.2.5",
        "reviewId": "d4ed9fdb-7e32-48fc-bb48-e6dfba6e7a16",
        "score": 1,
        "thumbsUpCount": 0,
        "userImage": "https://play-lh.googleusercontent.com/a-/ALV-UjWtxUYFtfILsdQHvZUI34UW6cTgfauDTlRErhoTj_q_GO1_",
        "userName": "Fares Sayegh"
    },
    {
        "appVersion": "1.2.5",
        "at": "2023-10-05 12:41:28",
        "content": "Very nice n easy",
        "repliedAt": null,
        "replyContent": null,
        "reviewCreatedVersion": "1.2.5",
        "reviewId": "c12c8ba8-9c0c-4635-a952-324cc96d197f",
        "score": 5,
        "thumbsUpCount": 0,
        "userImage": "https://play-lh.googleusercontent.com/a-/ALV-UjW8IiWXQ8KFdb7Jv2ANJhwEvltp3HIfnKO4X6YgtF3SW1w",
        "userName": "DJ"
    },
    {
        "appVersion": "1.2.5",
        "at": "2023-10-03 15:13:33",
        "content": "\ud83d\udc4d",
        "repliedAt": null,
        "replyContent": null,
        "reviewCreatedVersion": "1.2.5",
        "reviewId": "89def2b1-8bfe-483a-a550-d0901be5372c",
        "score": 5,
        "thumbsUpCount": 0,
        "userImage": "https://play-lh.googleusercontent.com/a/ACg8ocLlmDJ5Jlc4UT-1PICemrsXjH10HMOy9OmZp3O7g7Rd=mo",
        "userName": "haitham el chami"
    },
    {
        "appVersion": "1.2.5",
        "at": "2023-09-30 17:03:14",
        "content": "Exl",
        "repliedAt": null,
        "replyContent": null,
        "reviewCreatedVersion": "1.2.5",
        "reviewId": "431e806e-60f3-41ca-b70d-81cfbf613a3c",
        "score": 5,
        "thumbsUpCount": 0,
        "userImage": "https://play-lh.googleusercontent.com/a-/ALV-UjUJFdm2GOmKAf3YZKo-SbNq2Fqnq8eRpLccIiZII6EiNAE",
        "userName": "Nano Maneh"
    },
    {
        "appVersion": "1.2.5",
        "at": "2023-09-29 10:58:41",
        "content": "Samsung gallery is free and much better",
        "repliedAt": null,
        "replyContent": null,
        "reviewCreatedVersion": "1.2.5",
        "reviewId": "6d418d9a-a861-4980-bcde-2e63fff2ef8b",
        "score": 3,
        "thumbsUpCount": 0,
        "userImage": "https://play-lh.googleusercontent.com/a-/ALV-UjXRvj4WPVNtPpmp-A2aTgKjftHdgsmikKXO_ZGjQnyEN5Y",
        "userName": "Moe Issa"
    },
    {
        "appVersion": "1.2.5",
        "at": "2023-09-28 06:51:28",
        "content": "\u0631\u0648\u0639\u0629 \u064a\u0633\u0644\u0645\u0648\u0627 \u0627\u0644\u0623\u064a\u0627\u062f\u064a",
        "repliedAt": null,
        "replyContent": null,
        "reviewCreatedVersion": "1.2.5",
        "reviewId": "bad5fca7-64b2-4339-838b-13e375b26e7f",
        "score": 5,
        "thumbsUpCount": 0,
        "userImage": "https://play-lh.googleusercontent.com/a-/ALV-UjWYYIjlB_UxyJQkWVV3Exgeqerxw0l9tlwgl1Oc9hHy4xA",
        "userName": "Ali Izhiman"
    },
    {
        "appVersion": "1.2.5",
        "at": "2023-09-27 21:23:00",
        "content": "Amazing",
        "repliedAt": null,
        "replyContent": null,
        "reviewCreatedVersion": "1.2.5",
        "reviewId": "60b4df61-c0c7-4140-b1d8-2582cef93edc",
        "score": 5,
        "thumbsUpCount": 0,
        "userImage": "https://play-lh.googleusercontent.com/a/ACg8ocLDDdEZNaiF49Vxa_nBTIby5Yrolnfc5AQCQFI_aut_gTI=mo",
        "userName": "Abdulwhab Alhosen"
    },
    {
        "appVersion": "1.2.5",
        "at": "2023-09-27 06:13:27",
        "content": "Nece",
        "repliedAt": null,
        "replyContent": null,
        "reviewCreatedVersion": "1.2.5",
        "reviewId": "ac33b934-b461-49f5-9585-13d81bddc35b",
        "score": 5,
        "thumbsUpCount": 0,
        "userImage": "https://play-lh.googleusercontent.com/a-/ALV-UjWeOH5beJFxbL6mC7ij1QTpaBGvDpXTuqAOltJEtHGotg",
        "userName": "FIRE Fir"
    },
    {
        "appVersion": "1.2.5",
        "at": "2023-09-20 08:13:59",
        "content": "Good",
        "repliedAt": null,
        "replyContent": null,
        "reviewCreatedVersion": "1.2.5",
        "reviewId": "7955d681-d0b1-4a77-9f9b-93b01642137d",
        "score": 5,
        "thumbsUpCount": 0,
        "userImage": "https://play-lh.googleusercontent.com/a-/ALV-UjW67tpOdDC95nAb_6SLwBe_3JCxW9BXKr8H0nzoWCBhSV8",
        "userName": "Samuel Steven"
    },
    {
        "appVersion": "1.2.5",
        "at": "2023-09-19 10:45:55",
        "content": "Very good \ud83d\udc93\ud83d\udc4d\ud83d\udc4d\ud83d\udc4d",
        "repliedAt": null,
        "replyContent": null,
        "reviewCreatedVersion": "1.2.5",
        "reviewId": "1c43265b-31e4-4ada-bd29-5c0ff0928e7b",
        "score": 5,
        "thumbsUpCount": 0,
        "userImage": "https://play-lh.googleusercontent.com/a/ACg8ocK2PnjPeLxAcn-gZO8pyCOSqOzrUeOtF7AXUX-5xGg=mo",
        "userName": "Mai Alaadin"
    },
    {
        "appVersion": null,
        "at": "2023-09-19 04:39:58",
        "content": "Tellusmore(optional)\ud83d\ude0d\ud83d\ude31",
        "repliedAt": null,
        "replyContent": null,
        "reviewCreatedVersion": null,
        "reviewId": "8ba3a599-02b2-4f91-b08f-4056c1da35db",
        "score": 1,
        "thumbsUpCount": 0,
        "userImage": "https://play-lh.googleusercontent.com/a/ACg8ocJ9aw1aXBm76-AmI6G9d-puvkze9zfvHzNG2FrmMJuV_g=mo",
        "userName": "Play Poe"
    },
    {
        "appVersion": "1.2.5",
        "at": "2023-09-16 06:48:07",
        "content": "So far it's been everything I was looking for",
        "repliedAt": null,
        "replyContent": null,
        "reviewCreatedVersion": "1.2.5",
        "reviewId": "6b4755f1-2a08-4c5e-a653-71497dba63e1",
        "score": 5,
        "thumbsUpCount": 0,
        "userImage": "https://play-lh.googleusercontent.com/a-/ALV-UjWfPZyGB3QcYauV5NiyMN5J_clWL-B8KLrB4DMJwyd2wQ8",
        "userName": "Tony Bays"
    },
    {
        "appVersion": "1.2.5",
        "at": "2023-09-15 16:56:30",
        "content": "\u062c\u0645\u064a\u0644",
        "repliedAt": null,
        "replyContent": null,
        "reviewCreatedVersion": "1.2.5",
        "reviewId": "fadcecf2-d7f8-4f29-bc35-00fc4901493f",
        "score": 5,
        "thumbsUpCount": 0,
        "userImage": "https://play-lh.googleusercontent.com/a-/ALV-UjVVgAGXEX9vboGt_F-bvkiDO2TKhpGXTz2JwzwdBA-U5w",
        "userName": "Abdalraheem Mohammed"
    },
    {
        "appVersion": "1.2.5",
        "at": "2023-09-10 10:26:39",
        "content": "Very disappointed",
        "repliedAt": null,
        "replyContent": null,
        "reviewCreatedVersion": "1.2.5",
        "reviewId": "0ce31c5e-48bf-4481-ad3a-cb2472811ecf",
        "score": 1,
        "thumbsUpCount": 0,
        "userImage": "https://play-lh.googleusercontent.com/a/ACg8ocL1XO1RznHmchKR1IQEFUZ97syppl0o0u42ExPFahjw=mo",
        "userName": "C. Samarasinghe"
    },
    {
        "appVersion": "1.2.5",
        "at": "2023-09-10 00:22:57",
        "content": "Wow",
        "repliedAt": null,
        "replyContent": null,
        "reviewCreatedVersion": "1.2.5",
        "reviewId": "1b43d78a-507f-48c1-aa1a-17bcaac99d73",
        "score": 5,
        "thumbsUpCount": 0,
        "userImage": "https://play-lh.googleusercontent.com/a-/ALV-UjX4XFNdEMNTRDvEE_yA8wKYDyPsPLZ1JhiNaojKn8gLWU4",
        "userName": "Christopher O. Elegah"
    },
    {
        "appVersion": "1.2.5",
        "at": "2023-09-09 08:13:52",
        "content": "Wow it's amazing site",
        "repliedAt": null,
        "replyContent": null,
        "reviewCreatedVersion": "1.2.5",
        "reviewId": "6b9ce58e-595f-4e1f-99a7-11348f338bea",
        "score": 5,
        "thumbsUpCount": 0,
        "userImage": "https://play-lh.googleusercontent.com/a-/ALV-UjWD5kIS5Az05ijASqTIZOLc6LzLRpNSVdxMYVboCMcrhA",
        "userName": "Lachisa Tolera"
    },
    {
        "appVersion": "1.2.5",
        "at": "2023-09-08 17:22:34",
        "content": "Good",
        "repliedAt": null,
        "replyContent": null,
        "reviewCreatedVersion": "1.2.5",
        "reviewId": "cac47aa2-bef1-4c74-99c0-20ea6987c892",
        "score": 5,
        "thumbsUpCount": 0,
        "userImage": "https://play-lh.googleusercontent.com/a-/ALV-UjWPojrtowll6Sc1wNobJZkodmXnYr6TTCca2EhYbHUXDw",
        "userName": "M Zaeem"
    },
    {
        "appVersion": "1.2.5",
        "at": "2023-09-08 13:22:13",
        "content": "Good",
        "repliedAt": null,
        "replyContent": null,
        "reviewCreatedVersion": "1.2.5",
        "reviewId": "3c7daf2c-6a21-49f9-9f91-2408d5af0367",
        "score": 5,
        "thumbsUpCount": 0,
        "userImage": "https://play-lh.googleusercontent.com/a/ACg8ocLeGlNsdRxMTctptpNYhAs-IRKpfwU6h33MPU6xlu50=mo",
        "userName": "Barbi Lay"
    },
    {
        "appVersion": "1.2.5",
        "at": "2023-09-08 08:01:07",
        "content": "Cool",
        "repliedAt": null,
        "replyContent": null,
        "reviewCreatedVersion": "1.2.5",
        "reviewId": "95557280-eb09-4483-a63e-a0baede2535a",
        "score": 5,
        "thumbsUpCount": 0,
        "userImage": "https://play-lh.googleusercontent.com/a/ACg8ocJuLyahsMm-k-Plnpl9RW7QNRpMcFq6at7fdIyYh8rT=mo",
        "userName": "Owais itoo"
    },
    {
        "appVersion": null,
        "at": "2023-08-29 11:13:50",
        "content": "Nice",
        "repliedAt": null,
        "replyContent": null,
        "reviewCreatedVersion": null,
        "reviewId": "3baf3df7-bbc3-4f0e-acc7-3fa0630c6ec9",
        "score": 5,
        "thumbsUpCount": 0,
        "userImage": "https://play-lh.googleusercontent.com/a-/ALV-UjU7AGG6GpjsS6XoBWwfXbsC5e-mbmUNnnH5WMYdJ3no-nc",
        "userName": "Shivam Pandey"
    },
    {
        "appVersion": "1.2.5",
        "at": "2023-08-29 05:11:22",
        "content": "Great!",
        "repliedAt": null,
        "replyContent": null,
        "reviewCreatedVersion": "1.2.5",
        "reviewId": "69af5bab-9ce4-4ab4-9b27-98879fa6ad8f",
        "score": 5,
        "thumbsUpCount": 0,
        "userImage": "https://play-lh.googleusercontent.com/a/ACg8ocKVZko4M6tr0zq1KfjPUIbibi8BuIo-dZ7KW9oelm9p=mo",
        "userName": "Araya Angel"
    },
    {
        "appVersion": "1.2.5",
        "at": "2023-08-25 09:20:31",
        "content": "Nice app",
        "repliedAt": null,
        "replyContent": null,
        "reviewCreatedVersion": "1.2.5",
        "reviewId": "fc155db8-8144-4ee2-8bbf-29bb4439071d",
        "score": 5,
        "thumbsUpCount": 0,
        "userImage": "https://play-lh.googleusercontent.com/a-/ALV-UjXWhq05Nbrrqy0giBXvouLw2mZOeqdLzEcYBi0Kr_TvmX4",
        "userName": "bo bo"
    },
    {
        "appVersion": "1.2.5",
        "at": "2023-08-22 10:13:44",
        "content": "Best",
        "repliedAt": null,
        "replyContent": null,
        "reviewCreatedVersion": "1.2.5",
        "reviewId": "84bcf351-26f3-4fd9-9f21-c0839a7fa507",
        "score": 5,
        "thumbsUpCount": 0,
        "userImage": "https://play-lh.googleusercontent.com/a/ACg8ocLUR3jXRfLW19XaMGgFoHnwFrD2ZvJCbMDqEJTKS51B=mo",
        "userName": "Jyoti Kumari"
    },
    {
        "appVersion": "1.2.5",
        "at": "2023-08-20 01:04:46",
        "content": "Good",
        "repliedAt": null,
        "replyContent": null,
        "reviewCreatedVersion": "1.2.5",
        "reviewId": "6b41262e-0779-4c93-8f0c-6ec9979db700",
        "score": 4,
        "thumbsUpCount": 0,
        "userImage": "https://play-lh.googleusercontent.com/a/ACg8ocLcGwriLfvQh69MCw1XqAq9Rh4fN7ZCJHloG0ep80XT=mo",
        "userName": "Kyaw Lin"
    },
    {
        "appVersion": "1.2.5",
        "at": "2023-08-19 12:24:24",
        "content": "i love this app",
        "repliedAt": null,
        "replyContent": null,
        "reviewCreatedVersion": "1.2.5",
        "reviewId": "1e3ef90c-5f93-4c5a-ab19-27a5561f4404",
        "score": 5,
        "thumbsUpCount": 0,
        "userImage": "https://play-lh.googleusercontent.com/a-/ALV-UjVFxpI24zzsFUDRK6nppaqQau2CjxGzDI4xKsT25Kb-nXI",
        "userName": "Muhammad Siddique"
    },
    {
        "appVersion": "1.2.5",
        "at": "2023-08-18 16:38:47",
        "content": "Great app!",
        "repliedAt": null,
        "replyContent": null,
        "reviewCreatedVersion": "1.2.5",
        "reviewId": "61deaefc-2918-44ea-98f2-d24d46f8b482",
        "score": 5,
        "thumbsUpCount": 0,
        "userImage": "https://play-lh.googleusercontent.com/a-/ALV-UjU5RL6pP2iTjQSWm5-iTMREJeuXAZpDy0hmQsakQkHknw",
        "userName": "Kaptsa Media"
    },
    {
        "appVersion": "1.2.5",
        "at": "2023-08-17 19:40:17",
        "content": "Good",
        "repliedAt": null,
        "replyContent": null,
        "reviewCreatedVersion": "1.2.5",
        "reviewId": "562b738b-9529-4df5-8209-27b6cd144882",
        "score": 5,
        "thumbsUpCount": 0,
        "userImage": "https://play-lh.googleusercontent.com/a/ACg8ocL3nXzYCJk4cTtmUaUWQ2yy3xY3KPGhg6hJiPrHC8Tz=mo",
        "userName": "Sarmed Ahmed"
    },
    {
        "appVersion": "1.2.5",
        "at": "2023-08-16 07:41:36",
        "content": "\u1000\u1030\u100a\u102e\u1015\u1031\u1038\u1015\u102b \u1000\u103b\u1031\u1038\u1007\u1030\u1038\u1010\u1004\u103a\u1015\u102b\u101e\u100a\u103a",
        "repliedAt": null,
        "replyContent": null,
        "reviewCreatedVersion": "1.2.5",
        "reviewId": "4c332d78-d20f-4333-968b-2336f5c9afce",
        "score": 5,
        "thumbsUpCount": 0,
        "userImage": "https://play-lh.googleusercontent.com/a/ACg8ocLgM-UxXYsUjPPcw8NEEo3qW9JowOWp4fOeD2ZmGEmo=mo",
        "userName": "Than Min Soe"
    },
    {
        "appVersion": "1.2.5",
        "at": "2023-08-15 21:26:35",
        "content": "Less than one star Silly app",
        "repliedAt": null,
        "replyContent": null,
        "reviewCreatedVersion": "1.2.5",
        "reviewId": "adc2da0a-0a68-4bf1-b52f-42be87b11da8",
        "score": 1,
        "thumbsUpCount": 0,
        "userImage": "https://play-lh.googleusercontent.com/a/ACg8ocLPoZCVatE57bqfqLNKFjZZ-GB67Bo-5KEts1nC5YOr=mo",
        "userName": "farouq zamman"
    },
    {
        "appVersion": "1.2.5",
        "at": "2023-08-14 10:04:28",
        "content": "Great",
        "repliedAt": null,
        "replyContent": null,
        "reviewCreatedVersion": "1.2.5",
        "reviewId": "5f7aada7-1aaa-4b1c-9854-d823b5885197",
        "score": 5,
        "thumbsUpCount": 0,
        "userImage": "https://play-lh.googleusercontent.com/a/ACg8ocKL-II-rGvfLmT-cE2BaGzNLgBMefK3FRgCnXYBGxy3=mo",
        "userName": "Ali Abbud"
    },
    {
        "appVersion": "1.2.5",
        "at": "2023-08-12 03:52:27",
        "content": "Awesome",
        "repliedAt": null,
        "replyContent": null,
        "reviewCreatedVersion": "1.2.5",
        "reviewId": "7cc626f2-3d1f-456a-ba5e-5f168ad559f3",
        "score": 5,
        "thumbsUpCount": 0,
        "userImage": "https://play-lh.googleusercontent.com/a/ACg8ocIrQy3G4c_2YGtKRmct1sHnC9l6QaNgMjKXNfmiMgR-=mo",
        "userName": "Joe Hilton"
    },
    {
        "appVersion": "1.2.5",
        "at": "2023-08-06 08:54:00",
        "content": "Very useful",
        "repliedAt": null,
        "replyContent": null,
        "reviewCreatedVersion": "1.2.5",
        "reviewId": "06c5b687-f7b2-4b9c-bef9-1cd3e4447611",
        "score": 5,
        "thumbsUpCount": 0,
        "userImage": "https://play-lh.googleusercontent.com/a-/ALV-UjV5_ij2WedmNqEHf0VUit_1dYVHHQwdfkXk6naBJgV67A",
        "userName": "Salaheddin Makhlouf"
    },
    {
        "appVersion": "1.2.5",
        "at": "2023-08-05 20:47:53",
        "content": "Great App.",
        "repliedAt": null,
        "replyContent": null,
        "reviewCreatedVersion": "1.2.5",
        "reviewId": "ec3edaff-031a-4335-8a28-42f160fe67c7",
        "score": 5,
        "thumbsUpCount": 0,
        "userImage": "https://play-lh.googleusercontent.com/a-/ALV-UjV7uMU2HhvlGz7Pari16xnNomHoN2zFXXi0-WUhpwykuB8",
        "userName": "Brant M"
    },
    {
        "appVersion": "1.2.5",
        "at": "2023-08-03 11:32:53",
        "content": "Great \ud83d\udc4d",
        "repliedAt": null,
        "replyContent": null,
        "reviewCreatedVersion": "1.2.5",
        "reviewId": "cbd0f7ca-8ecf-4acb-b4b3-fff19c51ca96",
        "score": 5,
        "thumbsUpCount": 0,
        "userImage": "https://play-lh.googleusercontent.com/a-/ALV-UjURuSlMdptYT2L5DfcIEOOXDjfqRQakbO7ZEG17RMkKvg",
        "userName": "Khalil Taher"
    },
    {
        "appVersion": "1.2.5",
        "at": "2023-07-30 16:01:45",
        "content": "Legit very nice",
        "repliedAt": null,
        "replyContent": null,
        "reviewCreatedVersion": "1.2.5",
        "reviewId": "8091c2d5-421d-46bd-8b04-9b0e596ac59e",
        "score": 5,
        "thumbsUpCount": 0,
        "userImage": "https://play-lh.googleusercontent.com/a/ACg8ocJP6y_TgwjeDzfwyE3_RkTRUBdt5W_ITSHQo7R4URJr=mo",
        "userName": "Claudine Barrios"
    },
    {
        "appVersion": "1.2.5",
        "at": "2023-07-30 12:01:28",
        "content": "Stupid UI and useless counters for everything. Where do I even generate the architectural illustrations advised. Downloaded the app for them and still can't find how to do them.",
        "repliedAt": null,
        "replyContent": null,
        "reviewCreatedVersion": "1.2.5",
        "reviewId": "97fb7e8d-e0c9-49be-9544-32a6f8874ff5",
        "score": 1,
        "thumbsUpCount": 10,
        "userImage": "https://play-lh.googleusercontent.com/a/ACg8ocLln0Eya_3HnZYujYfCNMf9yCml6YjCS6ZL24h-5ezR0w=mo",
        "userName": "AKS"
    },
    {
        "appVersion": "1.2.5",
        "at": "2023-07-30 04:20:46",
        "content": "Very good app for photo editing",
        "repliedAt": null,
        "replyContent": null,
        "reviewCreatedVersion": "1.2.5",
        "reviewId": "baf08b77-cf15-4099-ad5a-737c980ee2d1",
        "score": 5,
        "thumbsUpCount": 1,
        "userImage": "https://play-lh.googleusercontent.com/a/ACg8ocJ6TBog9egetwLp-u-VGdZq8hcFxozGg9AAIe6SN4y6=mo",
        "userName": "Taposh Ghosh"
    },
    {
        "appVersion": "1.2.5",
        "at": "2023-07-29 04:43:20",
        "content": "Very good app",
        "repliedAt": null,
        "replyContent": null,
        "reviewCreatedVersion": "1.2.5",
        "reviewId": "a969c902-1b62-4079-a595-319a9c63c5ee",
        "score": 5,
        "thumbsUpCount": 0,
        "userImage": "https://play-lh.googleusercontent.com/a/ACg8ocLzANszNape7AvbHY0QzzzL7_X1RN9CUxPPH3Ulvv2n=mo",
        "userName": "Mustard Petals"
    },
    {
        "appVersion": "1.2.5",
        "at": "2023-07-28 09:15:57",
        "content": "No need",
        "repliedAt": null,
        "replyContent": null,
        "reviewCreatedVersion": "1.2.5",
        "reviewId": "779f792e-1c7a-492b-8259-d5fa3b8cf500",
        "score": 1,
        "thumbsUpCount": 0,
        "userImage": "https://play-lh.googleusercontent.com/a/ACg8ocK7vwIeFlBmewg5ITdAJsTkVfnTzrwpImmfSegYgOkf=mo",
        "userName": "Praveen Maurya"
    },
    {
        "appVersion": null,
        "at": "2023-07-28 02:28:30",
        "content": "So good",
        "repliedAt": null,
        "replyContent": null,
        "reviewCreatedVersion": null,
        "reviewId": "833cb436-1e3e-4509-860b-c0b233d77d01",
        "score": 5,
        "thumbsUpCount": 0,
        "userImage": "https://play-lh.googleusercontent.com/a/ACg8ocI92yCgBvaEoCQh4wfTAq5IkAOwVJe1TBTyFdkjuwML=mo",
        "userName": "Thein Pive"
    },
    {
        "appVersion": "1.2.5",
        "at": "2023-07-28 00:00:32",
        "content": "Adds , purchase",
        "repliedAt": null,
        "replyContent": null,
        "reviewCreatedVersion": "1.2.5",
        "reviewId": "7d9e562e-6a54-4c03-8877-61b33e3dcdab",
        "score": 1,
        "thumbsUpCount": 0,
        "userImage": "https://play-lh.googleusercontent.com/a-/ALV-UjUhHY4RjubSMZp9U26U5jvWjmiPotQ9OzxJ1lif0g-3Yk-F",
        "userName": "Vinod Durgade"
    },
    {
        "appVersion": "1.2.5",
        "at": "2023-07-27 18:54:20",
        "content": "Ok so far",
        "repliedAt": null,
        "replyContent": null,
        "reviewCreatedVersion": "1.2.5",
        "reviewId": "1f765a98-b8d2-4158-95d2-e8ade82d2e1c",
        "score": 5,
        "thumbsUpCount": 0,
        "userImage": "https://play-lh.googleusercontent.com/a/ACg8ocLo6I3y5eW6DFfnjzsKhMQ_GRzIL1QrebnLgKb-Hn7Y=mo",
        "userName": "KOUNT KRATOM"
    },
    {
        "appVersion": "1.2.5",
        "at": "2023-07-27 16:06:49",
        "content": "Easy to use",
        "repliedAt": null,
        "replyContent": null,
        "reviewCreatedVersion": "1.2.5",
        "reviewId": "289d2dca-4510-493a-8b32-f27b2e219e03",
        "score": 5,
        "thumbsUpCount": 0,
        "userImage": "https://play-lh.googleusercontent.com/a-/ALV-UjX6BHoVDFxXTBlzff3KY2bvc0agFJaMH1h7rO_roV4uAQ",
        "userName": "Cara Rogers"
    },
    {
        "appVersion": "1.2.5",
        "at": "2023-07-27 03:54:31",
        "content": "Great app",
        "repliedAt": null,
        "replyContent": null,
        "reviewCreatedVersion": "1.2.5",
        "reviewId": "41313b15-c246-4971-82fa-412ac0d13b49",
        "score": 5,
        "thumbsUpCount": 0,
        "userImage": "https://play-lh.googleusercontent.com/a-/ALV-UjUc16pj8hQixV4RAI7BspNWShr5dzAB5S__qmCgDiFfp3EO",
        "userName": "J.L. S-H"
    },
    {
        "appVersion": "1.2.5",
        "at": "2023-06-16 15:31:26",
        "content": "all good quality",
        "repliedAt": null,
        "replyContent": null,
        "reviewCreatedVersion": "1.2.5",
        "reviewId": "0138c358-0078-4a15-94bd-286d86a5a94e",
        "score": 5,
        "thumbsUpCount": 0,
        "userImage": "https://play-lh.googleusercontent.com/a-/ALV-UjU3jOk0qPBATCuWP0AyFjw4bt17olvK_yjKVWhgd9JpyHc",
        "userName": "Tamar Jones"
    },
    {
        "appVersion": "1.2.5",
        "at": "2023-06-08 14:25:25",
        "content": "Good",
        "repliedAt": null,
        "replyContent": null,
        "reviewCreatedVersion": "1.2.5",
        "reviewId": "4e2357c7-2e46-4cf4-b9fa-ed897b183e82",
        "score": 3,
        "thumbsUpCount": 0,
        "userImage": "https://play-lh.googleusercontent.com/a/ACg8ocLHRfu3ltCjfl6Er7bYhxRyapWk-N7DfBVdMkteVmua=mo",
        "userName": "Ganpatram Sen"
    },
    {
        "appVersion": "1.2.3",
        "at": "2023-05-24 04:18:22",
        "content": "Good app",
        "repliedAt": null,
        "replyContent": null,
        "reviewCreatedVersion": "1.2.3",
        "reviewId": "393751c9-87da-4b94-89a6-aef62cc3a764",
        "score": 5,
        "thumbsUpCount": 0,
        "userImage": "https://play-lh.googleusercontent.com/a-/ALV-UjU-pr6edO7mq-OjFilW7iSmpd3QBFErGwlZlAB5ytlsLoJB",
        "userName": "MD IMRAN"
    },
    {
        "appVersion": "1.2.3",
        "at": "2023-05-15 03:39:23",
        "content": "It charged me twice and still wouldn't load my avatar. I want my money back (twice!!)",
        "repliedAt": null,
        "replyContent": null,
        "reviewCreatedVersion": "1.2.3",
        "reviewId": "7fc88b54-4822-435e-8ebc-e098a86a1961",
        "score": 1,
        "thumbsUpCount": 2,
        "userImage": "https://play-lh.googleusercontent.com/a-/ALV-UjWVFBwSHhs5Q_jRPagfVakOmuE4H5e1_lM2tuYk25lBzxFf",
        "userName": "Jessica Y"
    },
    {
        "appVersion": "1.2.3",
        "at": "2023-05-12 20:14:21",
        "content": "Have to pay for creating pictures, seriously \ud83d\ude11",
        "repliedAt": null,
        "replyContent": null,
        "reviewCreatedVersion": "1.2.3",
        "reviewId": "53489cf5-ab2c-4e64-a241-b92321623428",
        "score": 2,
        "thumbsUpCount": 1,
        "userImage": "https://play-lh.googleusercontent.com/a-/ALV-UjXRWZ0cyODuTJAfRIaWavTfG27E2Az0oO-YVo_CjYpOww",
        "userName": "Yukinari Kun"
    },
    {
        "appVersion": "1.2.3",
        "at": "2023-05-12 16:53:58",
        "content": "Promising but disgusting paywall. If it's a subscription it should say so upfront and proudly. I don't mind paying for something if I know that upfront. At first I thought I couldn't use it all without a subscription, but then realized I could exit the ad and use the app for like 3 times. Not enough to know if it's worth the money. And it's not clearly stated so my attempts were wasted on the same prompt. As far as the selection and \"control\" features, really nifty and promising.",
        "repliedAt": null,
        "replyContent": null,
        "reviewCreatedVersion": "1.2.3",
        "reviewId": "5ff55fa9-cff1-4c78-9019-a617fde2612d",
        "score": 3,
        "thumbsUpCount": 14,
        "userImage": "https://play-lh.googleusercontent.com/a/ACg8ocLZ5aTTwxgQmxJ5l-fzVrzfhWAxw8s-bRrWp-Vw5wAE=mo",
        "userName": "Courtney Hawkins"
    },
    {
        "appVersion": null,
        "at": "2023-05-10 16:00:09",
        "content": "Ur apps not worth paying 70$ to use.. don't bother downloading this app. There's a 70$ pay wall. Its says it's lk a dollar a week but they force you to pay for the entire year up front after using it once.. Deleted",
        "repliedAt": null,
        "replyContent": null,
        "reviewCreatedVersion": null,
        "reviewId": "4ddefdcf-f2f4-48b1-b626-2bfe4462b676",
        "score": 1,
        "thumbsUpCount": 1,
        "userImage": "https://play-lh.googleusercontent.com/a-/ALV-UjWewAZtYd7XzTJ9Yd9We-hPvQ_pwsCWSvzkkzxSZcziOHM",
        "userName": "Fidel Lugo"
    },
    {
        "appVersion": "1.2.3",
        "at": "2023-05-09 19:12:28",
        "content": "So far so good, I like all the features that this App offers.",
        "repliedAt": null,
        "replyContent": null,
        "reviewCreatedVersion": "1.2.3",
        "reviewId": "f2a82fa4-c82c-4a9d-8c48-44d4c0654873",
        "score": 5,
        "thumbsUpCount": 1,
        "userImage": "https://play-lh.googleusercontent.com/a-/ALV-UjWlGlWEFxezTtzYGmtWMX3vw0IVAZuwZojb8cqyANY3_2U",
        "userName": "StarvinMarv ItzReal Bradley (ItzReal)"
    },
    {
        "appVersion": null,
        "at": "2023-05-08 04:41:40",
        "content": "Garbage app, stay away.",
        "repliedAt": null,
        "replyContent": null,
        "reviewCreatedVersion": null,
        "reviewId": "f7a7e840-d7c9-41d7-a7e9-ba683f614406",
        "score": 1,
        "thumbsUpCount": 0,
        "userImage": "https://play-lh.googleusercontent.com/a/ACg8ocLfIl7vqZnlmwdganTQMtq_fxBdb0q4s3T9U8Xn1R6I=mo",
        "userName": "Joshua Holmes"
    },
    {
        "appVersion": null,
        "at": "2023-05-07 05:31:28",
        "content": "SUPER APP",
        "repliedAt": null,
        "replyContent": null,
        "reviewCreatedVersion": null,
        "reviewId": "700df7b8-ab50-46c0-abaf-ef5eb1d11a3f",
        "score": 5,
        "thumbsUpCount": 0,
        "userImage": "https://play-lh.googleusercontent.com/a-/ALV-UjVWBNJlIsF0BRKEo8KOW_2KgUkQ8iA7ze56WoTbIUr_mA",
        "userName": "POKEMON KING"
    },
    {
        "appVersion": "1.2.3",
        "at": "2023-05-02 22:44:50",
        "content": "Pretty good",
        "repliedAt": null,
        "replyContent": null,
        "reviewCreatedVersion": "1.2.3",
        "reviewId": "7f207947-da60-4dfe-a25d-33ecdd4fb880",
        "score": 5,
        "thumbsUpCount": 0,
        "userImage": "https://play-lh.googleusercontent.com/a-/ALV-UjVUirL_vdGjz2WEFM0Tr_CJAz5aDT7ftCPnt1bIRu8GdlE",
        "userName": "Deluge Storm"
    },
    {
        "appVersion": null,
        "at": "2023-04-21 03:48:15",
        "content": "Waste app",
        "repliedAt": null,
        "replyContent": null,
        "reviewCreatedVersion": null,
        "reviewId": "70533cf3-67da-4386-97d8-252a957a773b",
        "score": 1,
        "thumbsUpCount": 0,
        "userImage": "https://play-lh.googleusercontent.com/a/ACg8ocIwvuuuKZ93RctXfHZuFLCiFkYeDDD7yRwQNqx4iJ6O=mo",
        "userName": "Hajera Amanath"
    },
    {
        "appVersion": "1.2.3",
        "at": "2023-04-18 19:33:11",
        "content": "Paid for avatars, app did not crash, I did not reinstall, yet they have taken my money and 24hours later I still have no avatars.",
        "repliedAt": null,
        "replyContent": null,
        "reviewCreatedVersion": "1.2.3",
        "reviewId": "32ae8c4a-e357-4bdf-89d1-e92cbcf6b0ba",
        "score": 1,
        "thumbsUpCount": 1,
        "userImage": "https://play-lh.googleusercontent.com/a/ACg8ocLjK8tRw3fysZPJDP-xTgFLMSdwBG3qd8W9x4zrFM57=mo",
        "userName": "Alex Biron"
    },
    {
        "appVersion": "1.2.3",
        "at": "2023-04-18 17:36:23",
        "content": "Slow. It's now been 5 minutes I'm still waiting for the it to create my art. Not worth the wait",
        "repliedAt": null,
        "replyContent": null,
        "reviewCreatedVersion": "1.2.3",
        "reviewId": "bb2d08fd-7af9-4760-9bf0-109f64e125ce",
        "score": 1,
        "thumbsUpCount": 0,
        "userImage": "https://play-lh.googleusercontent.com/a-/ALV-UjW0juvZuq4VEg66m67CpnMXQFGiG8FUYS5sUS-ro_-zxw",
        "userName": "Edward James"
    },
    {
        "appVersion": "1.2.3",
        "at": "2023-04-13 09:52:16",
        "content": "App stopped working, just says \"create task fail\" whenever you try to generate. Was working well until this happened",
        "repliedAt": null,
        "replyContent": null,
        "reviewCreatedVersion": "1.2.3",
        "reviewId": "4b5409f2-b8d9-41ae-ab3c-8a3cdce66232",
        "score": 3,
        "thumbsUpCount": 2,
        "userImage": "https://play-lh.googleusercontent.com/a/ACg8ocKUUOnVUmvzm5kBXqdBkkfSQrhnEf_EShU-Lrlhgn2ZKg=mo",
        "userName": "Markus Enahoro"
    },
    {
        "appVersion": "1.2.3",
        "at": "2023-04-11 22:21:07",
        "content": "It was working perfectly. But now it keeps saying failure whenever I try to create something.",
        "repliedAt": null,
        "replyContent": null,
        "reviewCreatedVersion": "1.2.3",
        "reviewId": "e178eef9-a05c-4b9f-81ee-f7b1ac0a52bc",
        "score": 3,
        "thumbsUpCount": 2,
        "userImage": "https://play-lh.googleusercontent.com/a-/ALV-UjU_rHUthkqGYzpBBCYuLQcBHbMpwA9zTgJf7uwF4PzqKtY",
        "userName": "Gareth9969"
    },
    {
        "appVersion": "1.2.3",
        "at": "2023-04-06 06:50:55",
        "content": "3 free tries. That's all it gives you. Also no option to use the original artstyle.",
        "repliedAt": null,
        "replyContent": null,
        "reviewCreatedVersion": "1.2.3",
        "reviewId": "5838082e-1be6-4c4c-88b7-a1c3eee0883d",
        "score": 1,
        "thumbsUpCount": 1,
        "userImage": "https://play-lh.googleusercontent.com/a-/ALV-UjVSCuAC-KlCt8xKiznneLVbIn0aNIExzuoU0JBMlcM7Yww",
        "userName": "Bashie"
    },
    {
        "appVersion": "1.1.9",
        "at": "2023-04-02 13:20:49",
        "content": "I, like many others, paid for 120 avatars and got nothing except pushed back to the main page... maybe the app has bugs or maybe the app creator is a thief!?!?! I've yet to find out I'll let you know when I do as I give credit where credit is due and it's not due here as of now...",
        "repliedAt": null,
        "replyContent": null,
        "reviewCreatedVersion": "1.1.9",
        "reviewId": "0431927e-1ee4-48fb-af4d-7a27e2868eb2",
        "score": 1,
        "thumbsUpCount": 2,
        "userImage": "https://play-lh.googleusercontent.com/a-/ALV-UjWBMwOhsoAv2s8tiJ9asihTMEXImRzVIO5a2FS0z8t3m_A",
        "userName": "Chuck Hammond"
    },
    {
        "appVersion": "1.2.3",
        "at": "2023-04-01 21:37:46",
        "content": "Confusing.",
        "repliedAt": null,
        "replyContent": null,
        "reviewCreatedVersion": "1.2.3",
        "reviewId": "518bd1c5-d972-42e7-94be-08a33af42580",
        "score": 1,
        "thumbsUpCount": 0,
        "userImage": "https://play-lh.googleusercontent.com/a-/ALV-UjXVnXCAanEBGjc34eeho8vt3OU1yvqYXfTTirp0_E11XGY",
        "userName": "Tyler M (King)"
    },
    {
        "appVersion": "1.2.3",
        "at": "2023-03-28 09:40:44",
        "content": "Super",
        "repliedAt": null,
        "replyContent": null,
        "reviewCreatedVersion": "1.2.3",
        "reviewId": "812ffe40-f693-4766-89e5-ba612f37b3e1",
        "score": 5,
        "thumbsUpCount": 0,
        "userImage": "https://play-lh.googleusercontent.com/a-/ALV-UjUZWF6Cvlem7jVFYNM3RlU-5CwDkWyTSqfT5l0soqWHmTI",
        "userName": "Mohd Yaseen"
    },
    {
        "appVersion": null,
        "at": "2023-03-27 11:32:55",
        "content": "Gives comically bad results, and does sketchy things like make you pick at least 5 selfies before it bothers telling you what you're doing needs a subscription.",
        "repliedAt": null,
        "replyContent": null,
        "reviewCreatedVersion": null,
        "reviewId": "3cb2e7d4-662b-4c23-8f48-58ad3b3e8fb5",
        "score": 1,
        "thumbsUpCount": 0,
        "userImage": "https://play-lh.googleusercontent.com/a/ACg8ocIbFLjgZR_JnLZTf5QhQ2JeF8Ot38C66rSUaKw2E4Dv=mo",
        "userName": "Ofur-Juan Tuh"
    },
    {
        "appVersion": "1.2.2",
        "at": "2023-03-25 02:44:24",
        "content": "i love it",
        "repliedAt": null,
        "replyContent": null,
        "reviewCreatedVersion": "1.2.2",
        "reviewId": "cdfb6c83-bfbb-4785-8144-81f6d7d72504",
        "score": 5,
        "thumbsUpCount": 0,
        "userImage": "https://play-lh.googleusercontent.com/a-/ALV-UjXjWAb648DcmqWdHQTbGTj8JC6cdxMZGeN80cGnIZkcyQ",
        "userName": "Leoangelo Morales"
    },
    {
        "appVersion": "1.2.3",
        "at": "2023-03-18 16:40:36",
        "content": "The worst pictures wont save",
        "repliedAt": null,
        "replyContent": null,
        "reviewCreatedVersion": "1.2.3",
        "reviewId": "1d567a9b-4fb4-4e96-872c-cfc83d396ed0",
        "score": 1,
        "thumbsUpCount": 1,
        "userImage": "https://play-lh.googleusercontent.com/a-/ALV-UjXF3fZM8OXbIkD72ZZ2dnXiQfc2bOM--PDaHU34YMHusQ",
        "userName": "badkiwis"
    },
    {
        "appVersion": "1.2.3",
        "at": "2023-03-18 01:52:40",
        "content": "I paid for the 230 avis but three app froze and crashed. Took my money but nothing is loading or rendering when I reopened the app. Can i have a refund. I'll probably try again because it was looking forward to the results.",
        "repliedAt": null,
        "replyContent": null,
        "reviewCreatedVersion": "1.2.3",
        "reviewId": "8ea778fe-d938-4164-9a89-61d94f3ba701",
        "score": 1,
        "thumbsUpCount": 22,
        "userImage": "https://play-lh.googleusercontent.com/a/ACg8ocLwf5Ftm9UpitKc7NoQTqMLHR59QDPxSegJgAh3CqBv=mo",
        "userName": "Taeter Toddy"
    },
    {
        "appVersion": "1.2.2",
        "at": "2023-03-15 22:22:37",
        "content": "Excellent app! if you are trying out various ai image apps to see which ones you like best, then don't pass this one over, this one is a must try, it has options and features that I haven't seen in any others. Definitely one of the best ones I've found! Try it!",
        "repliedAt": null,
        "replyContent": null,
        "reviewCreatedVersion": "1.2.2",
        "reviewId": "27db0235-7354-43d0-81d3-31468d434188",
        "score": 5,
        "thumbsUpCount": 24,
        "userImage": "https://play-lh.googleusercontent.com/a-/ALV-UjVHQsNyzrgD0mO5hS-6WI8Hg9icL8dmqzM28lfied4OdnI",
        "userName": "Brett Hamm"
    },
    {
        "appVersion": "1.2.3",
        "at": "2023-03-15 08:29:47",
        "content": "Fantastic but you only get 3 free attempts before being blocked by a paywall, could be helped with more free attempts or credits by watching ads.",
        "repliedAt": null,
        "replyContent": null,
        "reviewCreatedVersion": "1.2.3",
        "reviewId": "748dd897-a253-45d5-859e-f0eb6aae7b9a",
        "score": 2,
        "thumbsUpCount": 8,
        "userImage": "https://play-lh.googleusercontent.com/a-/ALV-UjVqlR9miWy-DxAdBOzEQCKmMhk7bDJKjULQnDkiaosok2J0",
        "userName": "ColorHeartCarlie 42"
    },
    {
        "appVersion": "1.2.0",
        "at": "2023-03-11 12:16:54",
        "content": "Have to get",
        "repliedAt": null,
        "replyContent": null,
        "reviewCreatedVersion": "1.2.0",
        "reviewId": "7132311c-e73f-4bb1-a7d8-d91d93533479",
        "score": 5,
        "thumbsUpCount": 0,
        "userImage": "https://play-lh.googleusercontent.com/a/ACg8ocIPOQdgsTV7DZwCdPXunfrTXviXbBE8GT6nuC1suPe3=mo",
        "userName": "Qawi Muhammad"
    },
    {
        "appVersion": "1.2.0",
        "at": "2023-03-11 03:12:22",
        "content": "Awesome app!",
        "repliedAt": null,
        "replyContent": null,
        "reviewCreatedVersion": "1.2.0",
        "reviewId": "a6e84836-f6cf-42bd-8b02-9c039f1589cc",
        "score": 5,
        "thumbsUpCount": 0,
        "userImage": "https://play-lh.googleusercontent.com/a/ACg8ocKEAiP2uLWnhkpzOhPW-M6JgS80lKhPxGwMoCP5zPBs=mo",
        "userName": "Dallas Bass"
    },
    {
        "appVersion": null,
        "at": "2023-03-06 07:52:21",
        "content": "COMPLETE GARBAGE, IT DID ABSOLUTELY NOTHING.",
        "repliedAt": null,
        "replyContent": null,
        "reviewCreatedVersion": null,
        "reviewId": "4601bf93-8078-4449-901d-cf08a63c1a13",
        "score": 1,
        "thumbsUpCount": 2,
        "userImage": "https://play-lh.googleusercontent.com/a-/ALV-UjWvRlfnEyleAiF21BW7kdvpYouH_KMVtWoRlIxs-DYutPoS",
        "userName": "adamstrange supreme"
    },
    {
        "appVersion": "1.2.0",
        "at": "2023-03-03 21:35:25",
        "content": "Just opened up and is asking for 5 stars \ud83c\udf1f",
        "repliedAt": null,
        "replyContent": null,
        "reviewCreatedVersion": "1.2.0",
        "reviewId": "4b650374-d3b0-474d-956e-520e6d97b561",
        "score": 5,
        "thumbsUpCount": 2,
        "userImage": "https://play-lh.googleusercontent.com/a-/ALV-UjVDxix8kH97CP1jhCvlh4tM19bPGPhYWE19Y5g7FYo0o8k",
        "userName": "Joanna Macedonio"
    },
    {
        "appVersion": "1.2.0",
        "at": "2023-03-02 07:55:50",
        "content": "Excellent app",
        "repliedAt": null,
        "replyContent": null,
        "reviewCreatedVersion": "1.2.0",
        "reviewId": "b32e21c5-bbbe-4a8e-94dc-ba959326d97f",
        "score": 5,
        "thumbsUpCount": 0,
        "userImage": "https://play-lh.googleusercontent.com/a-/ALV-UjWN15L0UQnE9AqaJqvmAholBUjoOgIkmJErSAR43EmNrW0",
        "userName": "labally tv station"
    },
    {
        "appVersion": "1.2.0",
        "at": "2023-03-02 05:09:54",
        "content": "I think I just found a new favorite, gorgeous Creations. Just wish it was monthly instead of weekly",
        "repliedAt": null,
        "replyContent": null,
        "reviewCreatedVersion": "1.2.0",
        "reviewId": "2ab09993-40b0-4208-946a-6ff241cf4483",
        "score": 5,
        "thumbsUpCount": 4,
        "userImage": "https://play-lh.googleusercontent.com/a-/ALV-UjVP-1iuF9aH0sWD1LcFJt88kYIzqYjHbTnesPrjd4qoJZc",
        "userName": "Lynn W"
    },
    {
        "appVersion": "1.1.9",
        "at": "2023-02-27 03:09:52",
        "content": "Easy to navigate",
        "repliedAt": null,
        "replyContent": null,
        "reviewCreatedVersion": "1.1.9",
        "reviewId": "394ba9ae-5484-4a3b-9a35-2b27666e2d62",
        "score": 5,
        "thumbsUpCount": 0,
        "userImage": "https://play-lh.googleusercontent.com/a/ACg8ocJTddCUAcLgZEIPpNWWhqaEln45BCU_Qx4RXkDV0KSc=mo",
        "userName": "Savannah Lebow"
    },
    {
        "appVersion": "1.1.9",
        "at": "2023-02-26 07:30:01",
        "content": "Shie",
        "repliedAt": null,
        "replyContent": null,
        "reviewCreatedVersion": "1.1.9",
        "reviewId": "7e8b12d1-e9f7-4f1e-bbb6-7d53fcc35f44",
        "score": 5,
        "thumbsUpCount": 0,
        "userImage": "https://play-lh.googleusercontent.com/a-/ALV-UjXxHJev5fgGEI6iuFSfn2seN11F_IOni34Avuj37IJlF8ZI",
        "userName": "Apurva Appu"
    },
    {
        "appVersion": "1.1.9",
        "at": "2023-02-26 05:46:02",
        "content": "Hell ya",
        "repliedAt": null,
        "replyContent": null,
        "reviewCreatedVersion": "1.1.9",
        "reviewId": "c8425c30-96ae-4e45-a544-7a61f6c4ac67",
        "score": 5,
        "thumbsUpCount": 0,
        "userImage": "https://play-lh.googleusercontent.com/a-/ALV-UjVSmvZzJuxqvZXhFWjz4M0_ixfdEipuIifIW_pvAAetvP8",
        "userName": "James Boles"
    },
    {
        "appVersion": "1.1.9",
        "at": "2023-02-26 05:09:02",
        "content": "Good one",
        "repliedAt": null,
        "replyContent": null,
        "reviewCreatedVersion": "1.1.9",
        "reviewId": "d38eb0bb-b873-4a56-a893-7f1ab2d7f885",
        "score": 2,
        "thumbsUpCount": 0,
        "userImage": "https://play-lh.googleusercontent.com/a-/ALV-UjWzJv7_xSi57pPdblP1zjswrtX9Mwz0l0yJHOqIgvV9Cw",
        "userName": "Pison Micwe"
    },
    {
        "appVersion": "1.1.9",
        "at": "2023-02-26 01:50:15",
        "content": "Good service",
        "repliedAt": null,
        "replyContent": null,
        "reviewCreatedVersion": "1.1.9",
        "reviewId": "5f1a9b29-7249-4e42-a4fe-b6429925396d",
        "score": 5,
        "thumbsUpCount": 0,
        "userImage": "https://play-lh.googleusercontent.com/a-/ALV-UjVcZY-EKuR6Fk-EFcWftoCABgQbT-vcCVrP09-Pc2twJ9ki",
        "userName": "Parvinder Singh"
    },
    {
        "appVersion": "1.1.9",
        "at": "2023-02-25 14:21:02",
        "content": "Love this app",
        "repliedAt": null,
        "replyContent": null,
        "reviewCreatedVersion": "1.1.9",
        "reviewId": "23f5af37-8156-4bed-beed-5bc799b455c2",
        "score": 5,
        "thumbsUpCount": 0,
        "userImage": "https://play-lh.googleusercontent.com/a-/ALV-UjWRtgAdBqIax9ourEpsJVqzuIsbMpcQ8kftW4Ffqg1QNYs",
        "userName": "Bowie Torres"
    },
    {
        "appVersion": null,
        "at": "2023-02-24 11:43:36",
        "content": "Ok",
        "repliedAt": null,
        "replyContent": null,
        "reviewCreatedVersion": null,
        "reviewId": "84418130-ac7b-4d8b-9805-062b45981968",
        "score": 5,
        "thumbsUpCount": 0,
        "userImage": "https://play-lh.googleusercontent.com/a/ACg8ocLNwA8Jqm31MMwJ5-f0PXCtRvEaf0hBeHUnOih2wWxk=mo",
        "userName": "Mae mae Tumpalan"
    },
    {
        "appVersion": "1.1.9",
        "at": "2023-02-21 15:10:43",
        "content": "Good app",
        "repliedAt": null,
        "replyContent": null,
        "reviewCreatedVersion": "1.1.9",
        "reviewId": "c480844d-b8f7-4f08-bc09-84f679647713",
        "score": 3,
        "thumbsUpCount": 0,
        "userImage": "https://play-lh.googleusercontent.com/a-/ALV-UjVuKBWuKN3OHlDPuitpmbZJixuHXgYj6DxEWnXj3TQutg",
        "userName": "Jean gardy St rose"
    },
    {
        "appVersion": null,
        "at": "2023-02-21 10:37:20",
        "content": "Good",
        "repliedAt": null,
        "replyContent": null,
        "reviewCreatedVersion": null,
        "reviewId": "4ca71bf6-5414-417c-8199-948e2392797b",
        "score": 1,
        "thumbsUpCount": 1,
        "userImage": "https://play-lh.googleusercontent.com/a/ACg8ocLtaRARw9dakCBo4yPbCbT4fwI6f4N1P2wpgqaH8Nma=mo",
        "userName": "sksahil Kandiyal"
    },
    {
        "appVersion": "1.1.9",
        "at": "2023-02-21 08:36:33",
        "content": "Fine",
        "repliedAt": null,
        "replyContent": null,
        "reviewCreatedVersion": "1.1.9",
        "reviewId": "16eae503-8bc4-4d98-91b1-b00e4527ca3d",
        "score": 5,
        "thumbsUpCount": 0,
        "userImage": "https://play-lh.googleusercontent.com/a/ACg8ocJw0Cplu2MsWLffeAZ_EATCSlnQ8Ukkt7aoS0dYhPA3=mo",
        "userName": "Anselma Campaner"
    },
    {
        "appVersion": "1.1.9",
        "at": "2023-02-20 14:58:48",
        "content": "Very nice",
        "repliedAt": null,
        "replyContent": null,
        "reviewCreatedVersion": "1.1.9",
        "reviewId": "61e7e411-b31f-42f5-a1fc-0c77befcb04c",
        "score": 5,
        "thumbsUpCount": 0,
        "userImage": "https://play-lh.googleusercontent.com/a-/ALV-UjWHQexCwJMb5-fXGVMkx-EQ7G5xDEnbk3jUkqEbVl26LUA",
        "userName": "Sub Waste Ab Tum Se"
    },
    {
        "appVersion": "1.1.9",
        "at": "2023-02-20 14:43:50",
        "content": "Easy to use",
        "repliedAt": null,
        "replyContent": null,
        "reviewCreatedVersion": "1.1.9",
        "reviewId": "85ac51ca-e5a1-4ef2-b4c4-7efa46e7f82f",
        "score": 5,
        "thumbsUpCount": 0,
        "userImage": "https://play-lh.googleusercontent.com/a/ACg8ocII6loTUurTFttRv3fiRazxk7DouZhy52AL8mYv7gCD=mo",
        "userName": "Steve Goodson"
    },
    {
        "appVersion": "1.1.9",
        "at": "2023-02-20 14:08:55",
        "content": "This AI APP IS REALLY COOL. EASY TO use, pretty reasonable price for the Pro. Loving all the new AI technology!!",
        "repliedAt": null,
        "replyContent": null,
        "reviewCreatedVersion": "1.1.9",
        "reviewId": "12637ef5-b57e-48b4-80a0-7e4f533feb10",
        "score": 5,
        "thumbsUpCount": 6,
        "userImage": "https://play-lh.googleusercontent.com/a-/ALV-UjU_ZxHqfeeKFIk0e-3ssHlL1pfk0hR3CQ4mGwT_VgHA-c6L",
        "userName": "Ana Cagnolatti (Montana)"
    },
    {
        "appVersion": "1.1.9",
        "at": "2023-02-20 09:03:04",
        "content": "\u2764\u2764\u2764",
        "repliedAt": null,
        "replyContent": null,
        "reviewCreatedVersion": "1.1.9",
        "reviewId": "c110e110-bfb3-4218-a908-006b0b86ed8f",
        "score": 5,
        "thumbsUpCount": 0,
        "userImage": "https://play-lh.googleusercontent.com/a-/ALV-UjVuNBsob3MnWxKfCEM81pCMmmtsBoiUVXmwHyvFBrdfZg",
        "userName": "FREDRICK SYOMITI"
    },
    {
        "appVersion": null,
        "at": "2023-02-20 07:56:06",
        "content": "Very Nice",
        "repliedAt": null,
        "replyContent": null,
        "reviewCreatedVersion": null,
        "reviewId": "a1a3560f-d469-4998-af94-7a6aac79d862",
        "score": 5,
        "thumbsUpCount": 0,
        "userImage": "https://play-lh.googleusercontent.com/a-/ALV-UjVMk83-FL6AD3lkQhfPijMzw4pX-nOoBDJeZ7GoO3VMIgc",
        "userName": "\u09ac\u09bf\u09b2\u09cd\u09b2\u09c1 \u09ac\u09bf\u09b2\u09cd\u09b2\u09bf"
    },
    {
        "appVersion": null,
        "at": "2023-02-20 01:33:18",
        "content": "Your aap is so nich",
        "repliedAt": null,
        "replyContent": null,
        "reviewCreatedVersion": null,
        "reviewId": "325dbbc2-0473-464c-b367-9a010ceedf25",
        "score": 5,
        "thumbsUpCount": 0,
        "userImage": "https://play-lh.googleusercontent.com/a/ACg8ocJ5kjfktUSWI03dQ9mip2VHX7EkPOIwfPzWG4flRQfa=mo",
        "userName": "Vikash rathiya Vikash rathiya"
    },
    {
        "appVersion": "1.1.9",
        "at": "2023-02-19 13:49:27",
        "content": "Best ever",
        "repliedAt": null,
        "replyContent": null,
        "reviewCreatedVersion": "1.1.9",
        "reviewId": "6a9f51c0-0b26-4448-a664-198fc748a055",
        "score": 5,
        "thumbsUpCount": 0,
        "userImage": "https://play-lh.googleusercontent.com/a-/ALV-UjWKTxRSz-XWXLjZVWajZ2TkjR33mtVFWtJZ8hZ_k3X8TcpH",
        "userName": "Sherif Kamel"
    },
    {
        "appVersion": "1.1.9",
        "at": "2023-02-19 12:21:50",
        "content": "Good",
        "repliedAt": null,
        "replyContent": null,
        "reviewCreatedVersion": "1.1.9",
        "reviewId": "0640de51-e541-4288-8d7b-3ba7abd25789",
        "score": 5,
        "thumbsUpCount": 0,
        "userImage": "https://play-lh.googleusercontent.com/a-/ALV-UjWZEGoiUj0dJCFqfJaXP6bNWSewikPRuY0RpF-kP6eYCs9_",
        "userName": "Brandon Coburn"
    },
    {
        "appVersion": "1.1.9",
        "at": "2023-02-19 09:36:17",
        "content": "Best",
        "repliedAt": null,
        "replyContent": null,
        "reviewCreatedVersion": "1.1.9",
        "reviewId": "f6884a1a-89f5-4a71-8adc-bfaf1070db6f",
        "score": 1,
        "thumbsUpCount": 0,
        "userImage": "https://play-lh.googleusercontent.com/a/ACg8ocKP88o6nOr6NulhXRUGIVga0caafIbUVwYdjBDiPrwK=mo",
        "userName": "Shipra Bhadauriya"
    },
    {
        "appVersion": "1.1.8",
        "at": "2023-02-19 04:14:07",
        "content": "Very bad experience",
        "repliedAt": null,
        "replyContent": null,
        "reviewCreatedVersion": "1.1.8",
        "reviewId": "44d13767-3421-4669-a8df-0a640b5fad57",
        "score": 1,
        "thumbsUpCount": 2,
        "userImage": "https://play-lh.googleusercontent.com/a/ACg8ocLybJLjnouw0zIIuHMwOnaEzMSNGMDwzlpJKeQ41_lq=mo",
        "userName": "faaizi faiz"
    },
    {
        "appVersion": "1.1.9",
        "at": "2023-02-18 22:29:26",
        "content": "Really bad",
        "repliedAt": null,
        "replyContent": null,
        "reviewCreatedVersion": "1.1.9",
        "reviewId": "2ebb08d7-be9c-4ed7-a51d-45f1988c2fd9",
        "score": 1,
        "thumbsUpCount": 1,
        "userImage": "https://play-lh.googleusercontent.com/a/ACg8ocJ_JGmR4i9qwhcxd-kQcN8yssbSv50bfj1kNu-MTm5FNg=mo",
        "userName": "Jeremiah"
    },
    {
        "appVersion": "1.1.9",
        "at": "2023-02-18 08:24:25",
        "content": "best \ud83e\udd0d",
        "repliedAt": null,
        "replyContent": null,
        "reviewCreatedVersion": "1.1.9",
        "reviewId": "ce63b910-cd8a-4b0d-9fd1-0856cd0e05ea",
        "score": 5,
        "thumbsUpCount": 0,
        "userImage": "https://play-lh.googleusercontent.com/a-/ALV-UjVGkzQ5YruX2t_c9ScbQqWPDt5GUuJUnHgtg7wuh67SKDo",
        "userName": "Junior Okpongette"
    },
    {
        "appVersion": "1.1.9",
        "at": "2023-02-18 04:13:37",
        "content": "Gnarly",
        "repliedAt": null,
        "replyContent": null,
        "reviewCreatedVersion": "1.1.9",
        "reviewId": "68448419-3abf-4110-9877-11320e709453",
        "score": 5,
        "thumbsUpCount": 0,
        "userImage": "https://play-lh.googleusercontent.com/a-/ALV-UjURN9hB9nsJgzVFU6fvPLQ0gfvZVMtYmzxlZvUZNne63hDZ",
        "userName": "Nick Milko"
    },
    {
        "appVersion": "1.1.8",
        "at": "2023-02-18 04:07:46",
        "content": "great",
        "repliedAt": null,
        "replyContent": null,
        "reviewCreatedVersion": "1.1.8",
        "reviewId": "d3bde2a3-cf46-4d5d-af7c-a0d4edcca7d0",
        "score": 5,
        "thumbsUpCount": 1,
        "userImage": "https://play-lh.googleusercontent.com/a/ACg8ocLU0c1420UqIFMlTkf8f52el1K0m1XcFreY8xfTV7f0=mo",
        "userName": "Kayleigh Barker"
    },
    {
        "appVersion": "1.1.9",
        "at": "2023-02-17 09:02:39",
        "content": "Works well",
        "repliedAt": null,
        "replyContent": null,
        "reviewCreatedVersion": "1.1.9",
        "reviewId": "bb31b33a-0047-4044-97cb-33add0ab6b0a",
        "score": 5,
        "thumbsUpCount": 0,
        "userImage": "https://play-lh.googleusercontent.com/a-/ALV-UjXcxfhojNKYrCXt2LXs9TvHrzmPYjxZRak7NINu1qPp4bI",
        "userName": "Sheraz Mohammed"
    },
    {
        "appVersion": "1.1.8",
        "at": "2023-02-16 22:26:54",
        "content": "Good app",
        "repliedAt": null,
        "replyContent": null,
        "reviewCreatedVersion": "1.1.8",
        "reviewId": "cd8f7381-bf30-4f5a-add2-326845afbef8",
        "score": 5,
        "thumbsUpCount": 0,
        "userImage": "https://play-lh.googleusercontent.com/a/ACg8ocKUGmxFvpaK_3pvMuGTWs6wbW6QanamW1Q15LsT7lGP=mo",
        "userName": "Abdullateef Idris"
    },
    {
        "appVersion": "1.1.9",
        "at": "2023-02-16 16:33:50",
        "content": "Great",
        "repliedAt": null,
        "replyContent": null,
        "reviewCreatedVersion": "1.1.9",
        "reviewId": "b53f7174-7fbe-4c9d-b76c-ddef396a0e1d",
        "score": 5,
        "thumbsUpCount": 1,
        "userImage": "https://play-lh.googleusercontent.com/a-/ALV-UjWT57Zt8RwLF1SLceB1ZvP6AKZ9-BHz3jPnSL-M2sXRIDk",
        "userName": "Varun Sharma"
    },
    {
        "appVersion": "1.1.9",
        "at": "2023-02-16 14:32:02",
        "content": "Sure",
        "repliedAt": null,
        "replyContent": null,
        "reviewCreatedVersion": "1.1.9",
        "reviewId": "d3faaee5-6efa-401a-bf21-8d79e3292ee8",
        "score": 5,
        "thumbsUpCount": 0,
        "userImage": "https://play-lh.googleusercontent.com/a-/ALV-UjXliZbej7Rv7Ti86JMxVdD-c0ZEk8Krt-3j8aB6N54L5Vo",
        "userName": "INHUMANE"
    },
    {
        "appVersion": "1.1.9",
        "at": "2023-02-16 06:53:48",
        "content": "Lovely app",
        "repliedAt": null,
        "replyContent": null,
        "reviewCreatedVersion": "1.1.9",
        "reviewId": "ad26de0c-ebef-496d-a220-d24b58af3bf6",
        "score": 5,
        "thumbsUpCount": 0,
        "userImage": "https://play-lh.googleusercontent.com/a-/ALV-UjXz3wUfR97-40Cie7q_BCa7SxBtBE5jtrOJZgn6y12c6Q",
        "userName": "Ayodeji Isujeh"
    },
    {
        "appVersion": "1.1.9",
        "at": "2023-02-16 05:55:14",
        "content": "It's a great app for your videos",
        "repliedAt": null,
        "replyContent": null,
        "reviewCreatedVersion": "1.1.9",
        "reviewId": "cf92d256-c553-432c-99ca-910effd34467",
        "score": 5,
        "thumbsUpCount": 1,
        "userImage": "https://play-lh.googleusercontent.com/a-/ALV-UjXN1E5XEvb7l98pEegrNWyEt-4wINm4hsQLcV7Lop0qpi4",
        "userName": "audra cothran"
    },
    {
        "appVersion": "1.1.9",
        "at": "2023-02-16 01:33:35",
        "content": "A Timeless Work Of Art.",
        "repliedAt": null,
        "replyContent": null,
        "reviewCreatedVersion": "1.1.9",
        "reviewId": "647c1a94-c47c-4859-b234-462817f01f80",
        "score": 5,
        "thumbsUpCount": 2,
        "userImage": "https://play-lh.googleusercontent.com/a-/ALV-UjUvpF1tHkzzuD9E0LSs815WgC7ChZTvMwGFqwO1Ho4lkO4",
        "userName": "Jacob Lewis"
    },
    {
        "appVersion": null,
        "at": "2023-02-15 17:53:48",
        "content": "Doesn't do what it claims to do.",
        "repliedAt": null,
        "replyContent": null,
        "reviewCreatedVersion": null,
        "reviewId": "e9e4c0ea-11cb-4616-8905-169433a03e97",
        "score": 1,
        "thumbsUpCount": 1,
        "userImage": "https://play-lh.googleusercontent.com/a-/ALV-UjXySAAUIzoLumf5NpM47YK_pfp_eCpESJTyLtwA_9HEqy0",
        "userName": "Dan Huby"
    },
    {
        "appVersion": null,
        "at": "2023-02-15 16:38:49",
        "content": "This app is absolutely hot garbage in every way.",
        "repliedAt": null,
        "replyContent": null,
        "reviewCreatedVersion": null,
        "reviewId": "00a25aac-733e-4836-b2ce-d33f54310133",
        "score": 1,
        "thumbsUpCount": 2,
        "userImage": "https://play-lh.googleusercontent.com/a-/ALV-UjUUDXwXEtiQ0BIbfUsv8XfCIkhBVTVF4fWp-xEYieLi5Zk",
        "userName": "Dave Bergeron"
    },
    {
        "appVersion": null,
        "at": "2023-02-15 12:29:54",
        "content": "Nice app",
        "repliedAt": null,
        "replyContent": null,
        "reviewCreatedVersion": null,
        "reviewId": "90e84161-b0b9-4816-810d-daf17a34f0a4",
        "score": 5,
        "thumbsUpCount": 0,
        "userImage": "https://play-lh.googleusercontent.com/a/ACg8ocKn5orrSo7L40nqgYUCm475v1zd5tpKzGP6SqqmXZLD=mo",
        "userName": "Dhaval Vsv"
    },
    {
        "appVersion": null,
        "at": "2023-02-15 11:39:06",
        "content": "Interested",
        "repliedAt": null,
        "replyContent": null,
        "reviewCreatedVersion": null,
        "reviewId": "64365e68-92bc-4ccc-a370-c37779ca5aa0",
        "score": 5,
        "thumbsUpCount": 1,
        "userImage": "https://play-lh.googleusercontent.com/a-/ALV-UjWE8lu-oQ_wtSt2GOzurfTWphY_AvR58tSpr8AyD76DCA",
        "userName": "rosdi \u201caddy\u201d 7979"
    },
    {
        "appVersion": "1.1.8",
        "at": "2023-02-14 19:12:57",
        "content": "Whatever",
        "repliedAt": null,
        "replyContent": null,
        "reviewCreatedVersion": "1.1.8",
        "reviewId": "4f8ff685-a921-4d5d-9938-34fc8840b67c",
        "score": 5,
        "thumbsUpCount": 0,
        "userImage": "https://play-lh.googleusercontent.com/a/ACg8ocKdD5vwo5vzQd9MOcrsBHrfbTGV9Eld_RY_YLVkcERu=mo",
        "userName": "Zwiswa Sitsula"
    },
    {
        "appVersion": "1.1.8",
        "at": "2023-02-14 14:59:45",
        "content": "Great and easy app to use!!!!",
        "repliedAt": null,
        "replyContent": null,
        "reviewCreatedVersion": "1.1.8",
        "reviewId": "5181414d-d15a-4dc5-813e-34e7f5393235",
        "score": 5,
        "thumbsUpCount": 1,
        "userImage": "https://play-lh.googleusercontent.com/a-/ALV-UjXhFhEEllMSj-fI6a506KobUdg438PB4Fm1vEoUiBSik3A",
        "userName": "Jason Sivelle"
    },
    {
        "appVersion": "1.1.9",
        "at": "2023-02-14 08:12:09",
        "content": "I love this app",
        "repliedAt": null,
        "replyContent": null,
        "reviewCreatedVersion": "1.1.9",
        "reviewId": "a8abe763-fda1-40a0-9baf-5b79a6fc57c9",
        "score": 5,
        "thumbsUpCount": 0,
        "userImage": "https://play-lh.googleusercontent.com/a/ACg8ocLsrbLUW3xvstSFy1eY4lGk_lPDYNS77tDwz8XHCiQu=mo",
        "userName": "Joseph Jackson"
    },
    {
        "appVersion": "1.1.9",
        "at": "2023-02-14 05:42:43",
        "content": "Good",
        "repliedAt": null,
        "replyContent": null,
        "reviewCreatedVersion": "1.1.9",
        "reviewId": "3d3b3c9a-d3e0-439b-b1d9-56596af34ed5",
        "score": 5,
        "thumbsUpCount": 0,
        "userImage": "https://play-lh.googleusercontent.com/a-/ALV-UjXUyM6d2e-Y7LbLTM3mr-OGgSU_lliosNP_txkI2tWuVQ",
        "userName": "Akash Sankar"
    },
    {
        "appVersion": "1.1.9",
        "at": "2023-02-14 05:20:05",
        "content": "Great app",
        "repliedAt": null,
        "replyContent": null,
        "reviewCreatedVersion": "1.1.9",
        "reviewId": "199cdd65-cced-4d8a-a1bf-4645a28a5468",
        "score": 5,
        "thumbsUpCount": 0,
        "userImage": "https://play-lh.googleusercontent.com/a/ACg8ocJmOyVLonVd8R3xeNoP2r1yOX8BFE929I3W54cmS05e=mo",
        "userName": "Black Shadow"
    },
    {
        "appVersion": "1.1.9",
        "at": "2023-02-13 19:10:52",
        "content": "Trash",
        "repliedAt": null,
        "replyContent": null,
        "reviewCreatedVersion": "1.1.9",
        "reviewId": "940edcc8-00d3-4f13-b8c1-76240b8af64f",
        "score": 5,
        "thumbsUpCount": 1,
        "userImage": "https://play-lh.googleusercontent.com/a/ACg8ocJ9ZsRXZc0N7EOuogdNAiQq-Kje-_B4Q3Yb5tCe2pM5=mo",
        "userName": "C Jeff"
    },
    {
        "appVersion": null,
        "at": "2023-02-13 15:15:40",
        "content": "It's better than nothing",
        "repliedAt": null,
        "replyContent": null,
        "reviewCreatedVersion": null,
        "reviewId": "1404c1d8-eb61-4a08-8f19-3b2dd8c3623a",
        "score": 2,
        "thumbsUpCount": 2,
        "userImage": "https://play-lh.googleusercontent.com/a-/ALV-UjW-cvMtflcsYW81D33pdKykvTrEbjjnWKREQXBKjPL1Nw",
        "userName": "Sofanyas Solomon"
    },
    {
        "appVersion": "1.1.9",
        "at": "2023-02-12 17:19:00",
        "content": "So far so good!",
        "repliedAt": null,
        "replyContent": null,
        "reviewCreatedVersion": "1.1.9",
        "reviewId": "16bea3d7-d280-49b4-af9c-485b70927cef",
        "score": 5,
        "thumbsUpCount": 1,
        "userImage": "https://play-lh.googleusercontent.com/a-/ALV-UjX95ujylhQ6cGhBNb0Gb0mKQBUNczMFMBebTjbh4DEvmfMt",
        "userName": "Mel"
    },
    {
        "appVersion": null,
        "at": "2023-02-12 12:34:40",
        "content": "Nice and Amazing",
        "repliedAt": null,
        "replyContent": null,
        "reviewCreatedVersion": null,
        "reviewId": "6c9ba8ca-fff2-4e40-89f0-38b4b85e03c5",
        "score": 5,
        "thumbsUpCount": 0,
        "userImage": "https://play-lh.googleusercontent.com/a-/ALV-UjVhplMFtPqmvzEG2zJEE6IHRuNu9j0QBK9-aTDj27O5hQ",
        "userName": "Michelle Ligaray"
    },
    {
        "appVersion": "1.1.8",
        "at": "2023-02-12 00:22:00",
        "content": "Lame",
        "repliedAt": null,
        "replyContent": null,
        "reviewCreatedVersion": "1.1.8",
        "reviewId": "c102138b-3f30-4466-adb3-56886ac8b80a",
        "score": 1,
        "thumbsUpCount": 0,
        "userImage": "https://play-lh.googleusercontent.com/a-/ALV-UjWgkbSwWTF4fREVQq-QANSHAnSSUMc2txuWrzAwdOrKIQ",
        "userName": "Carissa English"
    },
    {
        "appVersion": "1.1.9",
        "at": "2023-02-11 21:18:48",
        "content": "Great but wont browse",
        "repliedAt": null,
        "replyContent": null,
        "reviewCreatedVersion": "1.1.9",
        "reviewId": "e7051ac4-ff89-4482-b841-39de4520e206",
        "score": 5,
        "thumbsUpCount": 4,
        "userImage": "https://play-lh.googleusercontent.com/a-/ALV-UjWBwFKmvdel7qX7cVFZKr0FSkgzegF_YepIZaeKcyw55Q",
        "userName": "Charlotte Appleton"
    },
    {
        "appVersion": "1.1.8",
        "at": "2023-02-11 14:58:19",
        "content": "I paid for an avatar package and did not get the ai images. I sent two emails and no answer. Buyer be aware.",
        "repliedAt": null,
        "replyContent": null,
        "reviewCreatedVersion": "1.1.8",
        "reviewId": "c7f3cfeb-bf37-4673-a772-bfe545abb321",
        "score": 1,
        "thumbsUpCount": 45,
        "userImage": "https://play-lh.googleusercontent.com/a-/ALV-UjWF6jSAzZyVe_0YbDJ9KBl4C7mGGco5cbsBczeoWe9KAONY",
        "userName": "Newlight Forward"
    },
    {
        "appVersion": "1.1.9",
        "at": "2023-02-11 08:28:38",
        "content": "So far so awesome \ud83d\ude0e",
        "repliedAt": null,
        "replyContent": null,
        "reviewCreatedVersion": "1.1.9",
        "reviewId": "a152b771-6705-4e42-a91d-adbe30b4b694",
        "score": 5,
        "thumbsUpCount": 2,
        "userImage": "https://play-lh.googleusercontent.com/a/ACg8ocL47KmB8lOtISX9tO02opbBGmpWSvEWJjRKIHLOlWHA=mo",
        "userName": "david zangwill"
    },
    {
        "appVersion": null,
        "at": "2023-02-10 10:21:33",
        "content": "It's good \ud83d\ude0a\ud83d\udc9a",
        "repliedAt": null,
        "replyContent": null,
        "reviewCreatedVersion": null,
        "reviewId": "d8c2f22f-f451-494b-ad1f-d1021acb8736",
        "score": 5,
        "thumbsUpCount": 1,
        "userImage": "https://play-lh.googleusercontent.com/a/ACg8ocL1f2HutCUcRVCtnilQiatFCjP2CcP7MqPNOhTWv2KE=mo",
        "userName": "Marrisa Angeles"
    },
    {
        "appVersion": "1.1.9",
        "at": "2023-02-07 14:02:35",
        "content": "nice",
        "repliedAt": null,
        "replyContent": null,
        "reviewCreatedVersion": "1.1.9",
        "reviewId": "f2822ec3-9a95-488c-bb31-b0301756f172",
        "score": 5,
        "thumbsUpCount": 0,
        "userImage": "https://play-lh.googleusercontent.com/a-/ALV-UjXTdfDuBbev76UbOffY6iX4xwxKHttjURcKBJh7LAX5",
        "userName": "Nilesh raut"
    },
    {
        "appVersion": "1.1.3",
        "at": "2023-02-06 06:05:47",
        "content": "\ud83d\udc4d",
        "repliedAt": null,
        "replyContent": null,
        "reviewCreatedVersion": "1.1.3",
        "reviewId": "e8891a72-b94d-4975-ac1d-818ea515af1a",
        "score": 5,
        "thumbsUpCount": 0,
        "userImage": "https://play-lh.googleusercontent.com/a-/ALV-UjXclyfdjZgzoMMNc21QPdb1jnMXEBogG4lWEgPTrbD4l28",
        "userName": "Patriots Unite Against Censorship"
    },
    {
        "appVersion": "1.1.8",
        "at": "2023-02-02 13:37:07",
        "content": "Great",
        "repliedAt": null,
        "replyContent": null,
        "reviewCreatedVersion": "1.1.8",
        "reviewId": "b19abf03-ab4d-45f1-93ea-6a685418924e",
        "score": 5,
        "thumbsUpCount": 1,
        "userImage": "https://play-lh.googleusercontent.com/a-/ALV-UjUHrfnFVgdN1_aC2ayt-xhX3s9Ik5aX1kpGVgqNrMkt9A",
        "userName": "Hakim Harith"
    },
    {
        "appVersion": "1.1.8",
        "at": "2023-02-02 11:10:19",
        "content": "Nice",
        "repliedAt": null,
        "replyContent": null,
        "reviewCreatedVersion": "1.1.8",
        "reviewId": "c13e2948-c4cd-49bb-a966-6aad6ff524f5",
        "score": 5,
        "thumbsUpCount": 0,
        "userImage": "https://play-lh.googleusercontent.com/a-/ALV-UjWmWCZVvHsv2qBkvx6GYYIYhM7pLixNQuSSdmO4SFpAQvQ",
        "userName": "JUSTIN EVANS"
    },
    {
        "appVersion": "1.1.8",
        "at": "2023-02-02 10:33:55",
        "content": "Awesome App",
        "repliedAt": null,
        "replyContent": null,
        "reviewCreatedVersion": "1.1.8",
        "reviewId": "f54ffa31-9e71-4463-a38c-c874956442a9",
        "score": 5,
        "thumbsUpCount": 0,
        "userImage": "https://play-lh.googleusercontent.com/a-/ALV-UjUXlqIWTzKpNvqFNzYpzffCjkO0LMLQ5i5JZKDZV5KFa6I",
        "userName": "Admin Support"
    },
    {
        "appVersion": "1.1.7",
        "at": "2023-02-01 23:38:27",
        "content": "Great app",
        "repliedAt": null,
        "replyContent": null,
        "reviewCreatedVersion": "1.1.7",
        "reviewId": "0bdc81cf-6d54-4bb1-afc6-a976289729ee",
        "score": 5,
        "thumbsUpCount": 0,
        "userImage": "https://play-lh.googleusercontent.com/a-/ALV-UjXy5KXBCc2US2WMy2kM8_HtEpY8eTcj7kqaGkpH8iMQSdU",
        "userName": "Mark Smith"
    },
    {
        "appVersion": "1.1.5",
        "at": "2023-01-30 23:22:18",
        "content": "Neat",
        "repliedAt": null,
        "replyContent": null,
        "reviewCreatedVersion": "1.1.5",
        "reviewId": "f71a39c9-b1c8-47a1-8070-deabc7c3f812",
        "score": 5,
        "thumbsUpCount": 0,
        "userImage": "https://play-lh.googleusercontent.com/a/ACg8ocJBs75-DkUvkYvPDaZekI_KhzSRTGuuB7IsYF6N3l5tyCo=mo",
        "userName": "Chris Rowe"
    },
    {
        "appVersion": "1.1.4",
        "at": "2023-01-30 02:00:18",
        "content": "Goofed prog",
        "repliedAt": null,
        "replyContent": null,
        "reviewCreatedVersion": "1.1.4",
        "reviewId": "2d479557-c5f1-415f-8d00-dbcbdd5c1018",
        "score": 5,
        "thumbsUpCount": 1,
        "userImage": "https://play-lh.googleusercontent.com/a-/ALV-UjW-KlQy1FMvK3M6RArBAsKLIzoieFDu-zQ2pzru9bkbpFU",
        "userName": "Gregory Long"
    },
    {
        "appVersion": "1.1.4",
        "at": "2023-01-27 04:00:45",
        "content": "Okey",
        "repliedAt": null,
        "replyContent": null,
        "reviewCreatedVersion": "1.1.4",
        "reviewId": "1c18c753-991e-429c-98cc-fed1953bad9c",
        "score": 4,
        "thumbsUpCount": 0,
        "userImage": "https://play-lh.googleusercontent.com/a/ACg8ocJBAYPkt8d9HHsK5wWeif7fGE_sKD2FnEeizdJZjNxm=mo",
        "userName": "Mai Shwe Zin Naing"
    },
    {
        "appVersion": "1.1.4",
        "at": "2023-01-22 23:52:35",
        "content": "Your awesome",
        "repliedAt": null,
        "replyContent": null,
        "reviewCreatedVersion": "1.1.4",
        "reviewId": "dbb753a8-581a-4319-92a1-f4f6a021dcce",
        "score": 5,
        "thumbsUpCount": 0,
        "userImage": "https://play-lh.googleusercontent.com/a/ACg8ocKXCKI5vFqkrEbVabedwGrLzzA4LWTlyHS6qdgpImV6=mo",
        "userName": "Michael Malacky"
    },
    {
        "appVersion": "1.1.4",
        "at": "2023-01-22 14:22:14",
        "content": "Good",
        "repliedAt": null,
        "replyContent": null,
        "reviewCreatedVersion": "1.1.4",
        "reviewId": "10826137-fad8-4fce-81e3-fd38df78815e",
        "score": 5,
        "thumbsUpCount": 0,
        "userImage": "https://play-lh.googleusercontent.com/a-/ALV-UjXrObq62F_o9chEh6qMExi-XKzFpuQ1oxBBCBTk3-zm3Wk",
        "userName": "Brintt Hopper"
    },
    {
        "appVersion": null,
        "at": "2023-01-21 16:25:13",
        "content": "Won't let do anime or anything",
        "repliedAt": null,
        "replyContent": null,
        "reviewCreatedVersion": null,
        "reviewId": "56bf134f-1c49-41e7-82df-8fe1691289e7",
        "score": 1,
        "thumbsUpCount": 3,
        "userImage": "https://play-lh.googleusercontent.com/a/ACg8ocJB0mh_1ceTSIpf-F0QyOYv0Zb3AStyWicp8URt7HVl=mo",
        "userName": "Patty Caffro"
    },
    {
        "appVersion": "1.1.4",
        "at": "2023-01-20 00:15:06",
        "content": "Junk",
        "repliedAt": null,
        "replyContent": null,
        "reviewCreatedVersion": "1.1.4",
        "reviewId": "45a7f896-bda6-43f2-92ae-d80e079a18e8",
        "score": 1,
        "thumbsUpCount": 1,
        "userImage": "https://play-lh.googleusercontent.com/a-/ALV-UjUSNb5Ml9-aFTZ2u9dv11g-NX73hDhNBgBZDpoRjrEXzjI",
        "userName": "todd oconnor"
    },
    {
        "appVersion": "1.1.4",
        "at": "2023-01-19 23:01:18",
        "content": "Fine",
        "repliedAt": null,
        "replyContent": null,
        "reviewCreatedVersion": "1.1.4",
        "reviewId": "f114965e-92e8-48ff-b058-7792d37f8025",
        "score": 5,
        "thumbsUpCount": 0,
        "userImage": "https://play-lh.googleusercontent.com/a/ACg8ocJYaKBp7BEMqMFI-VqZJdYIaqdZFShxp8cr9WiHLHT7=mo",
        "userName": "Maeghan Wallace"
    },
    {
        "appVersion": "1.1.3",
        "at": "2023-01-15 18:08:56",
        "content": "Be wary of this app.they had me signed up for a subscription for a year that I never signed up for. I pressed on the x to pass the paid option.completely un -aware that I was on a trial period.uninstalling this immediately.it feels like a scam.",
        "repliedAt": null,
        "replyContent": null,
        "reviewCreatedVersion": "1.1.3",
        "reviewId": "8df4319c-c7f7-4601-b0f6-4460dc95a67c",
        "score": 1,
        "thumbsUpCount": 70,
        "userImage": "https://play-lh.googleusercontent.com/a-/ALV-UjVvM8_H-pjduPTG486Qh3vl6-YUuZe51gNrD8pY1NUltXQ",
        "userName": "Ralph Bender"
    },
    {
        "appVersion": "1.0.5",
        "at": "2023-01-09 01:49:07",
        "content": "Do this app doesn't even feature A.l anime filter at all if features just editing nothing else and please don't even put any premium stuff",
        "repliedAt": null,
        "replyContent": null,
        "reviewCreatedVersion": "1.0.5",
        "reviewId": "9b87a9a3-d67c-4768-a9fe-d05bad0ec5ed",
        "score": 1,
        "thumbsUpCount": 28,
        "userImage": "https://play-lh.googleusercontent.com/a-/ALV-UjWKGUoghmz6H4MGPt25WvhUQ8qMXwH7J2KKEAtqmCD6-Ls",
        "userName": "John mark Stargeo"
    },
    {
        "appVersion": "1.0.9",
        "at": "2023-01-08 18:05:31",
        "content": "i cant use it not evan once its trash for me",
        "repliedAt": null,
        "replyContent": null,
        "reviewCreatedVersion": "1.0.9",
        "reviewId": "1ffc5cdb-9d5b-480d-9ef4-040c0eb318df",
        "score": 1,
        "thumbsUpCount": 4,
        "userImage": "https://play-lh.googleusercontent.com/a-/ALV-UjU25PV_OQoF99_PQlDx-X4x1ecLIqm7znuCwiyzUZJMgQQ",
        "userName": "Paige Harrington"
    },
    {
        "appVersion": "1.0.9",
        "at": "2023-01-08 13:33:15",
        "content": "It's amazing",
        "repliedAt": null,
        "replyContent": null,
        "reviewCreatedVersion": "1.0.9",
        "reviewId": "1b693041-2b99-4db4-8704-fcf3b911a104",
        "score": 5,
        "thumbsUpCount": 1,
        "userImage": "https://play-lh.googleusercontent.com/a-/ALV-UjWxLvdAcjikkWPjAty3JPfp0DugCkIUkyq-XTVXLJIJew",
        "userName": "WolfGamerm11"
    },
    {
        "appVersion": "1.0.9",
        "at": "2023-01-07 20:14:38",
        "content": "It's so cool I make myself as anime",
        "repliedAt": null,
        "replyContent": null,
        "reviewCreatedVersion": "1.0.9",
        "reviewId": "9d8b44ac-5c62-4816-8862-f02591f5a276",
        "score": 5,
        "thumbsUpCount": 2,
        "userImage": "https://play-lh.googleusercontent.com/a/ACg8ocLKPYgp1DDVNkNfwzd2X7yyQJZSWZ5Q4mNSxFeIqOCD=mo",
        "userName": "Marmar Stuff"
    },
    {
        "appVersion": "1.0.5",
        "at": "2023-01-05 21:26:47",
        "content": "good",
        "repliedAt": null,
        "replyContent": null,
        "reviewCreatedVersion": "1.0.5",
        "reviewId": "4f3c04d2-fa12-4f4b-b1a3-8125f486df31",
        "score": 5,
        "thumbsUpCount": 0,
        "userImage": "https://play-lh.googleusercontent.com/a/ACg8ocJcKbnbToxwd8LAU4i7spQiXP43RexgHMWdQhlremNaVPQ=mo",
        "userName": "Ma7moud A. Derbaa"
    },
    {
        "appVersion": "1.0.5",
        "at": "2023-01-05 05:12:52",
        "content": "Very good app",
        "repliedAt": null,
        "replyContent": null,
        "reviewCreatedVersion": "1.0.5",
        "reviewId": "e168720c-eb5e-4ec9-b9bc-1c42e7b5c297",
        "score": 5,
        "thumbsUpCount": 0,
        "userImage": "https://play-lh.googleusercontent.com/a/ACg8ocJ_Un1AIyRIM6YEkyZ8o_QMAfhp6CJ5AS9b8tscpsQ=mo",
        "userName": "Khan G"
    },
    {
        "appVersion": "1.0.5",
        "at": "2023-01-05 05:09:43",
        "content": "Good App",
        "repliedAt": null,
        "replyContent": null,
        "reviewCreatedVersion": "1.0.5",
        "reviewId": "54dfb922-d6e7-4068-890e-0dcf423b7058",
        "score": 5,
        "thumbsUpCount": 0,
        "userImage": "https://play-lh.googleusercontent.com/a-/ALV-UjULxJWG8xsDLK1Z4Rw5ciqxF5rOa8ZsvXhstEdiPtZyZOw",
        "userName": "Mudabbir Aziz"
    },
    {
        "appVersion": "1.0.5",
        "at": "2023-01-04 05:58:38",
        "content": "Nice I fell",
        "repliedAt": null,
        "replyContent": null,
        "reviewCreatedVersion": "1.0.5",
        "reviewId": "a5e8e5df-bef4-4796-8c99-58970dde5efb",
        "score": 5,
        "thumbsUpCount": 0,
        "userImage": "https://play-lh.googleusercontent.com/a/ACg8ocLMWomI7xOV0fa84pg3aBQdFxNgyZ9Dgj_Jd0gjBDLyPQ=mo",
        "userName": "naresh tamang"
    },
    {
        "appVersion": "1.0.5",
        "at": "2023-01-04 05:12:30",
        "content": "Good",
        "repliedAt": null,
        "replyContent": null,
        "reviewCreatedVersion": "1.0.5",
        "reviewId": "db1b71ef-7925-46e2-ac07-a69936b82be9",
        "score": 5,
        "thumbsUpCount": 0,
        "userImage": "https://play-lh.googleusercontent.com/a-/ALV-UjVoIkqoeny_iSdyJJvBTCRG71NrfX3ddBjchDNHI9IHXQ",
        "userName": "Gopal Makvana"
    }
]