[
    {
        "appVersion": "1.2",
        "at": "2023-10-19 16:26:24",
        "content": "App is fantastic but no ads loading",
        "repliedAt": null,
        "replyContent": null,
        "reviewCreatedVersion": "1.2",
        "reviewId": "cebde30c-7868-458d-908d-172eaa5df8a6",
        "score": 5,
        "thumbsUpCount": 0,
        "userImage": "https://play-lh.googleusercontent.com/a-/ALV-UjVoZVGcEegFXrj0H_sukGl9_g90gvmCfX7VKlbxWM4MHt4",
        "userName": "Ansar Abbas"
    }
]