[
    {
        "appVersion": "1.0",
        "at": "2023-02-23 07:47:30",
        "content": "good",
        "repliedAt": null,
        "replyContent": null,
        "reviewCreatedVersion": "1.0",
        "reviewId": "591fdc4b-d7da-4e22-83f1-8c88b41c0bb4",
        "score": 5,
        "thumbsUpCount": 0,
        "userImage": "https://play-lh.googleusercontent.com/a-/ALV-UjXeoYsbrWBZISQPfo8y6PjODETecjdQISei23DgHhXPCdk",
        "userName": "S d Moniruzzman moni"
    },
    {
        "appVersion": "1.0",
        "at": "2022-09-11 01:02:34",
        "content": "VERY EASY to use..",
        "repliedAt": null,
        "replyContent": null,
        "reviewCreatedVersion": "1.0",
        "reviewId": "f0c7c987-7a6e-4483-a44b-436565016bc7",
        "score": 3,
        "thumbsUpCount": 0,
        "userImage": "https://play-lh.googleusercontent.com/a-/ALV-UjWXQigwm5T0Xg5ko2zWPeAAJSz0S13FIgbFw_J8BS5pzkU",
        "userName": "AVJ P\u0158\u012e\u00d1\u0106\u0118 P\u00d8\u0154\u00c5\u0122\u09ac\u09be\u0982\u09b2\u09be"
    },
    {
        "appVersion": "1.0",
        "at": "2022-09-10 13:36:13",
        "content": "A very nice app. I like it very much",
        "repliedAt": null,
        "replyContent": null,
        "reviewCreatedVersion": "1.0",
        "reviewId": "4dfd3e49-79b0-46ea-9a39-4a7ee3a6f02c",
        "score": 3,
        "thumbsUpCount": 0,
        "userImage": "https://play-lh.googleusercontent.com/a-/ALV-UjU3CrcU1U2seL8n-ra27eI035eWM23vdAttQmwzEvB3sUI",
        "userName": "Sk Shimul"
    },
    {
        "appVersion": "1.0",
        "at": "2022-08-24 16:35:33",
        "content": "Its an outstanding mindboggling Site. I am unable to describe in word",
        "repliedAt": null,
        "replyContent": null,
        "reviewCreatedVersion": "1.0",
        "reviewId": "3761ea81-04ac-4a67-88c5-1b728f3799b7",
        "score": 5,
        "thumbsUpCount": 0,
        "userImage": "https://play-lh.googleusercontent.com/a-/ALV-UjUntnevlHrd5zZVdXES5CTrm8_SzFn5UGDdzU-tD_Oxcw",
        "userName": "Musfikur Rahman"
    },
    {
        "appVersion": null,
        "at": "2022-08-10 06:29:44",
        "content": "What's this",
        "repliedAt": null,
        "replyContent": null,
        "reviewCreatedVersion": null,
        "reviewId": "2c38b401-2462-4447-828d-984cba50882e",
        "score": 1,
        "thumbsUpCount": 0,
        "userImage": "https://play-lh.googleusercontent.com/a-/ALV-UjUCXg3ZBj2pSS-4WPkqMW9A_j1fR6-PTYcyiMpT7vdZ4U4",
        "userName": "Gillian Trin"
    }
]