[
    {
        "appVersion": "4.0",
        "at": "2023-11-17 15:19:58",
        "content": "Nice",
        "repliedAt": null,
        "replyContent": null,
        "reviewCreatedVersion": "4.0",
        "reviewId": "f6da8d56-c5ff-45bb-bcbc-00a9d5c662cd",
        "score": 5,
        "thumbsUpCount": 0,
        "userImage": "https://play-lh.googleusercontent.com/a-/ALV-UjUiGc4KYiKvZm-nGsE481JxH9EDZdc8K2wAnme3-EaEuQ",
        "userName": "Md.Mahabub rahaman"
    },
    {
        "appVersion": "4.0",
        "at": "2023-11-17 05:40:26",
        "content": "Forced",
        "repliedAt": null,
        "replyContent": null,
        "reviewCreatedVersion": "4.0",
        "reviewId": "c21ae001-522e-493d-b03d-13b55e6699ee",
        "score": 5,
        "thumbsUpCount": 0,
        "userImage": "https://play-lh.googleusercontent.com/a/ACg8ocL74a3GqiRM-C0R0GQ2cVbltzCC8NSvcxzdG1eHmqIS=mo",
        "userName": "Arthi Identiv"
    },
    {
        "appVersion": "4.0",
        "at": "2023-11-09 00:26:05",
        "content": "Fake aap",
        "repliedAt": null,
        "replyContent": null,
        "reviewCreatedVersion": "4.0",
        "reviewId": "c29e59c4-d5ee-4831-9b6b-aeb738aae3d1",
        "score": 1,
        "thumbsUpCount": 0,
        "userImage": "https://play-lh.googleusercontent.com/a-/ALV-UjVqizzf5OPqg-KtIgE0lN1Q9wJ4BK4tztwjhQA7KF2GUS4",
        "userName": "pradeep karnawal"
    },
    {
        "appVersion": "4.0",
        "at": "2023-11-04 13:42:04",
        "content": "Good",
        "repliedAt": null,
        "replyContent": null,
        "reviewCreatedVersion": "4.0",
        "reviewId": "57ae678e-d1ac-44b4-894e-ccbb7ebebcc5",
        "score": 5,
        "thumbsUpCount": 0,
        "userImage": "https://play-lh.googleusercontent.com/a-/ALV-UjVNibwL0F9-bBxymBZYxMuTRyU-NfHiZmN0OitaoGcGZ0bn",
        "userName": "J.P. Dobhal"
    },
    {
        "appVersion": "4.0",
        "at": "2023-11-03 08:06:13",
        "content": "It's ok nice\u270c\u270c",
        "repliedAt": null,
        "replyContent": null,
        "reviewCreatedVersion": "4.0",
        "reviewId": "1bd89a3b-7da4-4214-8221-32670fcb8df5",
        "score": 5,
        "thumbsUpCount": 0,
        "userImage": "https://play-lh.googleusercontent.com/a-/ALV-UjVFGImaxCKozOIEw2vzjT4NZNiyEc-QAts_QZYjfZjJGwU",
        "userName": "Weldux Tv"
    },
    {
        "appVersion": "4.0",
        "at": "2023-10-31 23:37:34",
        "content": "Bekar",
        "repliedAt": null,
        "replyContent": null,
        "reviewCreatedVersion": "4.0",
        "reviewId": "0bf900d4-93c7-401a-913b-7181d5edf243",
        "score": 1,
        "thumbsUpCount": 0,
        "userImage": "https://play-lh.googleusercontent.com/a-/ALV-UjX4dcnnjVfdX2Dc45axcJh2O2f0ebPaDgsE8lB9EEju01c",
        "userName": "sachin krmahto"
    },
    {
        "appVersion": "4.0",
        "at": "2023-10-30 19:15:57",
        "content": "2 different apps from same company.... I'd gladly pay if there was more control for filming.... Wanted to use as dash cam",
        "repliedAt": null,
        "replyContent": null,
        "reviewCreatedVersion": "4.0",
        "reviewId": "c06dcf0a-0fef-4bf9-9b9f-cc7523c321a2",
        "score": 1,
        "thumbsUpCount": 1,
        "userImage": "https://play-lh.googleusercontent.com/a/ACg8ocJRyW5r110xiJG_Y4qHOrLd0l-PJLUR25Zkl-8PJucjkMQ=mo",
        "userName": "Mason !!"
    },
    {
        "appVersion": "1.0",
        "at": "2023-10-08 12:21:59",
        "content": "I don't know what to say about it I haven't seen your app yet give me enough time",
        "repliedAt": null,
        "replyContent": null,
        "reviewCreatedVersion": "1.0",
        "reviewId": "82a1a864-1a67-4609-8c94-781a891be2e1",
        "score": 5,
        "thumbsUpCount": 0,
        "userImage": "https://play-lh.googleusercontent.com/a/ACg8ocKLwMBjcIwbMk1X5QPmUwdycy5cTDBxIaH17rjlJrTT=mo",
        "userName": "Muyendekwa Silowa"
    },
    {
        "appVersion": "1.0",
        "at": "2023-09-26 05:39:23",
        "content": "It's to good",
        "repliedAt": null,
        "replyContent": null,
        "reviewCreatedVersion": "1.0",
        "reviewId": "3b183e69-69a1-44bf-9e23-85411c2520a8",
        "score": 5,
        "thumbsUpCount": 0,
        "userImage": "https://play-lh.googleusercontent.com/a-/ALV-UjUHqi_Pfvj_NM_SoVB089rXqK5kiLgPZFvWEb_j8MdECw",
        "userName": "Tru Love"
    },
    {
        "appVersion": "1.0",
        "at": "2023-09-24 22:11:52",
        "content": "this my first time to use but not use and to cam",
        "repliedAt": null,
        "replyContent": null,
        "reviewCreatedVersion": "1.0",
        "reviewId": "d6f612bb-a507-4476-a6e7-de4030acca12",
        "score": 1,
        "thumbsUpCount": 0,
        "userImage": "https://play-lh.googleusercontent.com/a-/ALV-UjWbRwGLgIUOjGDDeJXlpV2Drw_BHQvq8_Gxu5f-F9EkMg",
        "userName": "ELMER ABAD UNGAJAN"
    },
    {
        "appVersion": "1.0",
        "at": "2023-09-20 02:02:12",
        "content": "ok",
        "repliedAt": null,
        "replyContent": null,
        "reviewCreatedVersion": "1.0",
        "reviewId": "8c323924-3b9d-4f40-a059-3085d07c3232",
        "score": 5,
        "thumbsUpCount": 0,
        "userImage": "https://play-lh.googleusercontent.com/a-/ALV-UjURyfZJZiroxflZppqkdVTn53j9ka66h6gfOuyBEBiSX4k",
        "userName": "Zaw Myo lwin"
    },
    {
        "appVersion": "1.0",
        "at": "2023-09-15 13:03:24",
        "content": "It is an advertising app .This is not a dual camera enabled app.",
        "repliedAt": null,
        "replyContent": null,
        "reviewCreatedVersion": "1.0",
        "reviewId": "500707c7-0cd8-4a74-9175-65555f514eb2",
        "score": 1,
        "thumbsUpCount": 1,
        "userImage": "https://play-lh.googleusercontent.com/a-/ALV-UjUjCgpZfQ-j6QS-zS9OOJswg-IjxG1XPEkTUxI7HlnnCPA",
        "userName": "Laltu Rana"
    },
    {
        "appVersion": "1.0",
        "at": "2023-09-13 04:38:49",
        "content": "useless",
        "repliedAt": null,
        "replyContent": null,
        "reviewCreatedVersion": "1.0",
        "reviewId": "5b8a21ff-1437-45f6-b459-204bc166f61b",
        "score": 1,
        "thumbsUpCount": 0,
        "userImage": "https://play-lh.googleusercontent.com/a-/ALV-UjV_9rZMTtbNG7u7YmCkrmAz2QPGKHbygoD3P99WWQ34nQ",
        "userName": "Carlit Channel"
    },
    {
        "appVersion": "1.0",
        "at": "2023-09-08 02:19:34",
        "content": "Fake app now working. While deploying in Play Store . It was not tested. I don't know how it will deploying",
        "repliedAt": null,
        "replyContent": null,
        "reviewCreatedVersion": "1.0",
        "reviewId": "5516544e-e9a8-4bf1-bb31-1755127c050e",
        "score": 1,
        "thumbsUpCount": 1,
        "userImage": "https://play-lh.googleusercontent.com/a-/ALV-UjVUcLNhlXUxVHNxxBzSnO3YfMlSXJpcLUgw06mma1FlHqs",
        "userName": "Rajesh Rajput"
    },
    {
        "appVersion": "1.0",
        "at": "2023-08-22 10:11:42",
        "content": "Yes ma yes",
        "repliedAt": null,
        "replyContent": null,
        "reviewCreatedVersion": "1.0",
        "reviewId": "41d92203-3564-451e-9f31-9314c44abd5a",
        "score": 5,
        "thumbsUpCount": 0,
        "userImage": "https://play-lh.googleusercontent.com/a/ACg8ocJXsM7EqOdKzAY1tlnnL7zswJXB2BFbNQDI_rABW_GU=mo",
        "userName": "Chandy Compendio"
    },
    {
        "appVersion": "1.0",
        "at": "2023-08-19 22:20:57",
        "content": "Best",
        "repliedAt": null,
        "replyContent": null,
        "reviewCreatedVersion": "1.0",
        "reviewId": "d9f568c1-62f0-4b23-ac27-7e586df87ed4",
        "score": 5,
        "thumbsUpCount": 0,
        "userImage": "https://play-lh.googleusercontent.com/a-/ALV-UjWiqJp8aqKD26cm-0zWHqBKu87cTRSw6nYpaYolLbPG",
        "userName": "Priyansh Chaurasiya"
    },
    {
        "appVersion": null,
        "at": "2023-08-13 10:14:22",
        "content": "It doesn't work. Even 1 star not deserves it.",
        "repliedAt": null,
        "replyContent": null,
        "reviewCreatedVersion": null,
        "reviewId": "61640515-f215-4b30-a682-06643e716a69",
        "score": 1,
        "thumbsUpCount": 0,
        "userImage": "https://play-lh.googleusercontent.com/a-/ALV-UjXSgKryS91fuMPWUkVJsv7EAvK5GwMfsP3K-GhVLHEL2zs",
        "userName": "Iyv Lacubtan"
    },
    {
        "appVersion": "1.0",
        "at": "2023-08-07 05:29:35",
        "content": "I WISH COULD GIVE THIS EVIL AND WICKED APP - 0 STARS AND THRASH THE DEVELOPERS OF THIS APP BLACK AND BLUE. I HIGHLY CRITICISE GOOGLE PLAY STORE FOR ALLOWING SUCH USELESS APPS UPLOADED BY CRIMINALS ON PLAY STORE!",
        "repliedAt": null,
        "replyContent": null,
        "reviewCreatedVersion": "1.0",
        "reviewId": "3f28e8fd-92d8-4450-b023-7b0092e1bd65",
        "score": 1,
        "thumbsUpCount": 3,
        "userImage": "https://play-lh.googleusercontent.com/a/ACg8ocIV4jPsBLuLDFjUpksZN1-vQb-gLRFm5uzqK4VmzqIRzTs=mo",
        "userName": "GoodBad&Ugly"
    },
    {
        "appVersion": "1.0",
        "at": "2023-07-23 04:30:16",
        "content": "Best app",
        "repliedAt": null,
        "replyContent": null,
        "reviewCreatedVersion": "1.0",
        "reviewId": "23558f2c-85f2-4376-8e8e-bbfb7ea5ccb0",
        "score": 5,
        "thumbsUpCount": 0,
        "userImage": "https://play-lh.googleusercontent.com/a-/ALV-UjWn7MRBCcZ2RVjbctd4CNAO-QMWUqlEYmYdkio7vCHoBQ",
        "userName": "Joy Dutta"
    },
    {
        "appVersion": "1.0",
        "at": "2023-07-04 02:59:04",
        "content": "Camera does not even launch.",
        "repliedAt": null,
        "replyContent": null,
        "reviewCreatedVersion": "1.0",
        "reviewId": "2aca780d-ce24-4e95-bf89-6387d34eaa77",
        "score": 1,
        "thumbsUpCount": 0,
        "userImage": "https://play-lh.googleusercontent.com/a/ACg8ocIs3hYglPlwyJXjyrKlRchal7gaUjpxCQUVOw6R6sCX=mo",
        "userName": "Simply Kat"
    },
    {
        "appVersion": "1.0",
        "at": "2023-06-23 03:51:52",
        "content": "Awesome",
        "repliedAt": null,
        "replyContent": null,
        "reviewCreatedVersion": "1.0",
        "reviewId": "b94a2416-b9a0-4f72-8512-e28a96efe4fe",
        "score": 5,
        "thumbsUpCount": 0,
        "userImage": "https://play-lh.googleusercontent.com/a-/ALV-UjUbIfGqFeu7_bXmGVOCPSz3EmwRqEJCtOnfDDv7_yXeJvk",
        "userName": "Prince Nnadi"
    },
    {
        "appVersion": "1.0",
        "at": "2023-06-23 01:37:59",
        "content": "vogus app it does not work. i wish to rate it negative. guys don't try",
        "repliedAt": null,
        "replyContent": null,
        "reviewCreatedVersion": "1.0",
        "reviewId": "7efddad1-2266-48e2-8997-4a227fd8f453",
        "score": 1,
        "thumbsUpCount": 2,
        "userImage": "https://play-lh.googleusercontent.com/a-/ALV-UjVBJpz_4dzDCepaQaJ48iTNnZ8RLSSRVx0Etcfh72jHuQ",
        "userName": "BIKASH MANNA"
    },
    {
        "appVersion": "1.0",
        "at": "2023-06-19 04:17:59",
        "content": "Nice",
        "repliedAt": null,
        "replyContent": null,
        "reviewCreatedVersion": "1.0",
        "reviewId": "6f6c7538-c4d5-4f49-9f1f-eed33f368549",
        "score": 5,
        "thumbsUpCount": 0,
        "userImage": "https://play-lh.googleusercontent.com/a/ACg8ocKS1TVR1Owm85I8R7KlFh5ffzK8C7dab7dewmEEp1t7=mo",
        "userName": "Flordeliza Dupalco"
    },
    {
        "appVersion": "1.0",
        "at": "2023-06-18 15:15:54",
        "content": "Will not work even after rating five stars still not working",
        "repliedAt": null,
        "replyContent": null,
        "reviewCreatedVersion": "1.0",
        "reviewId": "b0efdeec-cf73-44f7-89e2-c00aeaf3048d",
        "score": 1,
        "thumbsUpCount": 2,
        "userImage": "https://play-lh.googleusercontent.com/a/ACg8ocIsDkoxVk4cT4qPrw2yKPEnEA-TPK4tCgNYyptEqCY=mo",
        "userName": "Raymond Lassor"
    },
    {
        "appVersion": "1.0",
        "at": "2023-06-18 02:06:17",
        "content": "Good apps Berry afrshet",
        "repliedAt": null,
        "replyContent": null,
        "reviewCreatedVersion": "1.0",
        "reviewId": "0fdbf784-0bc5-4f33-8252-e13badf46cfd",
        "score": 5,
        "thumbsUpCount": 1,
        "userImage": "https://play-lh.googleusercontent.com/a-/ALV-UjUOqc2SDtJ-V1GLvqLWNDGE_MpDUEl2lSm1hqMdlB-oIg",
        "userName": "jay-ann francis celones"
    },
    {
        "appVersion": null,
        "at": "2023-06-17 21:45:57",
        "content": "Garbage won't open. Total con.",
        "repliedAt": null,
        "replyContent": null,
        "reviewCreatedVersion": null,
        "reviewId": "c9399a1d-3b02-45f7-882f-1cb0e1b94bbc",
        "score": 1,
        "thumbsUpCount": 0,
        "userImage": "https://play-lh.googleusercontent.com/a-/ALV-UjU1mXgbkX1zzcujD427fLjVHcjuF902Hnokr7_4_8f_GTo",
        "userName": "AWELON Studio"
    },
    {
        "appVersion": "1.0",
        "at": "2023-06-11 09:08:19",
        "content": "Good",
        "repliedAt": null,
        "replyContent": null,
        "reviewCreatedVersion": "1.0",
        "reviewId": "64834709-fbab-4251-b845-f07f238a98f6",
        "score": 2,
        "thumbsUpCount": 0,
        "userImage": "https://play-lh.googleusercontent.com/a-/ALV-UjVvhaCmUm_5Qt2YrHGNQGelT_nR9eJbqCrme_7aPweVng",
        "userName": "Feddie ven Montinola"
    },
    {
        "appVersion": "1.0",
        "at": "2023-06-11 07:43:36",
        "content": "nice",
        "repliedAt": null,
        "replyContent": null,
        "reviewCreatedVersion": "1.0",
        "reviewId": "610148c2-9ee1-45d8-b1a3-a1bf79d2c3ee",
        "score": 5,
        "thumbsUpCount": 0,
        "userImage": "https://play-lh.googleusercontent.com/a/ACg8ocLYofiUnIWdWT27BSp6BACm8Q4AXkjsQgbHpypikUZm=mo",
        "userName": "myla malaylay"
    },
    {
        "appVersion": "1.0",
        "at": "2023-06-05 04:45:57",
        "content": "Bad app",
        "repliedAt": null,
        "replyContent": null,
        "reviewCreatedVersion": "1.0",
        "reviewId": "dc6ecc89-0606-4f98-9210-f296663c4321",
        "score": 1,
        "thumbsUpCount": 0,
        "userImage": "https://play-lh.googleusercontent.com/a-/ALV-UjXEAMjT0bn8TYFo2RLjZRxG63p0EfhEDy2F1b_NW7B4rn8",
        "userName": "Kalpesh Kushte"
    },
    {
        "appVersion": "1.0",
        "at": "2023-06-04 10:43:22",
        "content": "Spam apps \ud83d\ude1e",
        "repliedAt": null,
        "replyContent": null,
        "reviewCreatedVersion": "1.0",
        "reviewId": "c2956736-9694-45d6-b021-040171035929",
        "score": 1,
        "thumbsUpCount": 0,
        "userImage": "https://play-lh.googleusercontent.com/a-/ALV-UjWHkRGz5s12ml_zD_7Kdi17OB8rX8iHEAlE-Aq44kFY-qM",
        "userName": "John Red"
    },
    {
        "appVersion": "1.0",
        "at": "2023-06-02 05:14:00",
        "content": "Dammmm",
        "repliedAt": null,
        "replyContent": null,
        "reviewCreatedVersion": "1.0",
        "reviewId": "ac7bf827-d6fc-4c3d-a235-291f67c2bbbf",
        "score": 1,
        "thumbsUpCount": 0,
        "userImage": "https://play-lh.googleusercontent.com/a/ACg8ocKTcFuXvwpbemahGxJHN_6JKNTNUIjMtWHsdOo2fX_c=mo",
        "userName": "Nathaniel Macaraya"
    },
    {
        "appVersion": "1.0",
        "at": "2023-06-01 06:00:33",
        "content": "Most worst app",
        "repliedAt": null,
        "replyContent": null,
        "reviewCreatedVersion": "1.0",
        "reviewId": "ae3a865f-385f-4d98-9696-151f0158fa8f",
        "score": 1,
        "thumbsUpCount": 0,
        "userImage": "https://play-lh.googleusercontent.com/a-/ALV-UjW6g4wCXhFg1hOHANzOEXAOTTpl4J66R_i_kRjTDHqplp8r",
        "userName": "Rajiv Raj"
    },
    {
        "appVersion": "1.0",
        "at": "2023-05-28 08:57:28",
        "content": "Not opening cemara",
        "repliedAt": null,
        "replyContent": null,
        "reviewCreatedVersion": "1.0",
        "reviewId": "5bb17b99-818e-48a1-99a9-7c53d5477f8b",
        "score": 1,
        "thumbsUpCount": 0,
        "userImage": "https://play-lh.googleusercontent.com/a-/ALV-UjWo-ypC-UnQygPLKM6LO_N0YzNRnK24TZdvfbXAYcs1cQ4",
        "userName": "Nagoor Basha"
    },
    {
        "appVersion": "1.0",
        "at": "2023-05-22 09:17:57",
        "content": "Nice",
        "repliedAt": null,
        "replyContent": null,
        "reviewCreatedVersion": "1.0",
        "reviewId": "580b6752-5260-4129-a7a0-658964c16ed4",
        "score": 5,
        "thumbsUpCount": 0,
        "userImage": "https://play-lh.googleusercontent.com/a/ACg8ocIWXZeG-coxjNqWndQh9a-sbmz4wvT7fjsDRgFo7ICo=mo",
        "userName": "Ajay Rajput"
    },
    {
        "appVersion": "1.0",
        "at": "2023-05-20 03:41:18",
        "content": "Nice",
        "repliedAt": null,
        "replyContent": null,
        "reviewCreatedVersion": "1.0",
        "reviewId": "0784ef9c-8a2c-49a9-b60f-4d015fa4d72f",
        "score": 5,
        "thumbsUpCount": 0,
        "userImage": "https://play-lh.googleusercontent.com/a-/ALV-UjUt0FHzwvnqc1jHov7aKVxxdiJILnwq_L0r95CUSd9zVl4",
        "userName": "Rosalyn Alcid"
    },
    {
        "appVersion": "1.0",
        "at": "2023-05-19 06:47:46",
        "content": "Good",
        "repliedAt": null,
        "replyContent": null,
        "reviewCreatedVersion": "1.0",
        "reviewId": "f93df6ff-f8cc-465f-9b93-3e5bb28d78eb",
        "score": 5,
        "thumbsUpCount": 0,
        "userImage": "https://play-lh.googleusercontent.com/a/ACg8ocK7wr-ggLOk6jMyCG2wta9HbMlcfo_MMX3zRYSUwrBY=mo",
        "userName": "Mary Ann Genita"
    },
    {
        "appVersion": null,
        "at": "2023-05-18 06:51:59",
        "content": "not working, fake",
        "repliedAt": null,
        "replyContent": null,
        "reviewCreatedVersion": null,
        "reviewId": "c27fc03a-8e27-46be-862a-efb7aa6beb2a",
        "score": 1,
        "thumbsUpCount": 0,
        "userImage": "https://play-lh.googleusercontent.com/a-/ALV-UjXR8arLAzxMGd8wNy9dip-w62B0aBNibBt4l3uXE2v_WQ",
        "userName": "Zulfahmy Madjani"
    },
    {
        "appVersion": "1.0",
        "at": "2023-05-12 12:01:41",
        "content": "Nice",
        "repliedAt": null,
        "replyContent": null,
        "reviewCreatedVersion": "1.0",
        "reviewId": "36d5f62d-4961-40f1-a7fd-f22e744f9560",
        "score": 5,
        "thumbsUpCount": 0,
        "userImage": "https://play-lh.googleusercontent.com/a-/ALV-UjVdA1IbqXSLuSL2zzlWwgdIznE--WcKfQbGwA_pCZ9gxmFD",
        "userName": "Vishal & Sneha Bhanushali"
    },
    {
        "appVersion": "1.0",
        "at": "2023-05-12 08:49:34",
        "content": "Try it dual video",
        "repliedAt": null,
        "replyContent": null,
        "reviewCreatedVersion": "1.0",
        "reviewId": "821831b6-2e4b-42a0-9edf-83575aff464a",
        "score": 2,
        "thumbsUpCount": 0,
        "userImage": "https://play-lh.googleusercontent.com/a-/ALV-UjVeIJ9-jbY3eh_hD1j72vVMXQEuDqvE7wTNUqeUHI9GmA",
        "userName": "arnold ramos"
    },
    {
        "appVersion": "1.0",
        "at": "2023-05-07 10:40:49",
        "content": "meh, this doesn't work, waste if time to download or use.",
        "repliedAt": null,
        "replyContent": null,
        "reviewCreatedVersion": "1.0",
        "reviewId": "4d8769d0-85ea-4488-88b0-0a117286437f",
        "score": 1,
        "thumbsUpCount": 2,
        "userImage": "https://play-lh.googleusercontent.com/a-/ALV-UjX8RZUdYYmqtr-I7hN-lEr9ZrlBBBy-yOLKdGzRMzSMDQ",
        "userName": "Alvin Conwi"
    },
    {
        "appVersion": "1.0",
        "at": "2023-05-07 04:00:28",
        "content": "Not working",
        "repliedAt": null,
        "replyContent": null,
        "reviewCreatedVersion": "1.0",
        "reviewId": "f68a707c-955e-401f-b7ce-f453c6af61d3",
        "score": 1,
        "thumbsUpCount": 0,
        "userImage": "https://play-lh.googleusercontent.com/a/ACg8ocL2SOLKHSLXrufmDX18O5LK9CcJYvEGtOub3TG-vZjTgw=mo",
        "userName": "Prakash Deore"
    },
    {
        "appVersion": "1.0",
        "at": "2023-04-30 06:16:14",
        "content": "Nice",
        "repliedAt": null,
        "replyContent": null,
        "reviewCreatedVersion": "1.0",
        "reviewId": "b57bbed2-6fb6-4383-a50e-4e4f6b73ec03",
        "score": 5,
        "thumbsUpCount": 0,
        "userImage": "https://play-lh.googleusercontent.com/a/ACg8ocLpTPd-Tub9QkzUD8m6WACo3Zuqz2y6KHAdGYbqrHe5=mo",
        "userName": "Lamesgin Getnet"
    },
    {
        "appVersion": "1.0",
        "at": "2023-04-23 16:26:18",
        "content": "Fake",
        "repliedAt": null,
        "replyContent": null,
        "reviewCreatedVersion": "1.0",
        "reviewId": "c8e24c6e-7941-4c09-8096-0cb583906f34",
        "score": 1,
        "thumbsUpCount": 0,
        "userImage": "https://play-lh.googleusercontent.com/a-/ALV-UjVC4Hm6MUal5Ldlwm89jbNceIw3qnBuV7MrCTNzzzEosA",
        "userName": "Manas Ranjan Meher"
    },
    {
        "appVersion": "1.0",
        "at": "2023-04-14 19:59:33",
        "content": "Very bad",
        "repliedAt": null,
        "replyContent": null,
        "reviewCreatedVersion": "1.0",
        "reviewId": "db48aa09-a6cb-4fa4-bf04-ead4b569c7da",
        "score": 1,
        "thumbsUpCount": 0,
        "userImage": "https://play-lh.googleusercontent.com/a-/ALV-UjUx_oFHYz6xusxNmBbK1i9hORWeqDwfoQs_p7uZIoRycNU",
        "userName": "Koketso Otsheleng (The!50.O.G&Coosh)"
    },
    {
        "appVersion": "1.0",
        "at": "2023-04-07 01:43:20",
        "content": "another 5 star beggar...",
        "repliedAt": null,
        "replyContent": null,
        "reviewCreatedVersion": "1.0",
        "reviewId": "460e540c-9d49-4cc5-8454-cefccb090956",
        "score": 1,
        "thumbsUpCount": 0,
        "userImage": "https://play-lh.googleusercontent.com/a-/ALV-UjVRjBL5i6d8IZOFJBm0kadn1ShJ21y2qiJ_9tDj8Gbh48w",
        "userName": "Kiril Yonov"
    },
    {
        "appVersion": "1.0",
        "at": "2023-04-04 04:28:54",
        "content": "Very nice \ud83d\udc4d",
        "repliedAt": null,
        "replyContent": null,
        "reviewCreatedVersion": "1.0",
        "reviewId": "13194a5f-f891-4f11-a0fe-05b143fcc166",
        "score": 5,
        "thumbsUpCount": 0,
        "userImage": "https://play-lh.googleusercontent.com/a-/ALV-UjVNNV46rUWtBjEbaRmHotlBHgeVCyAwNe7RpFl4_EYfpA",
        "userName": "abdur Rahman"
    },
    {
        "appVersion": "1.0",
        "at": "2023-03-31 02:13:45",
        "content": "Not working don't download",
        "repliedAt": null,
        "replyContent": null,
        "reviewCreatedVersion": "1.0",
        "reviewId": "ff8d6e1d-098d-4c11-ba4e-7621a02a9bc2",
        "score": 1,
        "thumbsUpCount": 4,
        "userImage": "https://play-lh.googleusercontent.com/a-/ALV-UjXppqENj70I1JIBpvp-pAkeKamunaw2bxHFh3fm6C7xf0g",
        "userName": "Yasir Ali"
    },
    {
        "appVersion": "1.0",
        "at": "2023-03-28 07:30:59",
        "content": "Fake camera",
        "repliedAt": null,
        "replyContent": null,
        "reviewCreatedVersion": "1.0",
        "reviewId": "a8cf147d-ab3c-4501-be33-53aee0ac186e",
        "score": 1,
        "thumbsUpCount": 0,
        "userImage": "https://play-lh.googleusercontent.com/a-/ALV-UjUxpvkWyi8YPJsYgwOGx3O5dXygT7d2-O9df2L1WbpM2iU",
        "userName": "ZAID SHAR"
    },
    {
        "appVersion": "1.0",
        "at": "2023-03-21 06:28:12",
        "content": "No good",
        "repliedAt": null,
        "replyContent": null,
        "reviewCreatedVersion": "1.0",
        "reviewId": "e48bfc5f-1ea9-4781-9191-f26c304bab3e",
        "score": 1,
        "thumbsUpCount": 0,
        "userImage": "https://play-lh.googleusercontent.com/a-/ALV-UjWGlOCpApeEU72W9M44OgEoHO_GbjJBiMaV2Olfv6qVolw",
        "userName": "X Mutant"
    },
    {
        "appVersion": null,
        "at": "2023-03-13 10:10:31",
        "content": "Useless",
        "repliedAt": null,
        "replyContent": null,
        "reviewCreatedVersion": null,
        "reviewId": "101efd32-eac6-405f-932d-392bba5c275a",
        "score": 3,
        "thumbsUpCount": 0,
        "userImage": "https://play-lh.googleusercontent.com/a/ACg8ocINPN_zTp0yZn_iTJbt9PxmOtsNJGVibtXe0lSZUwlo=mo",
        "userName": "Themultitalented Boy"
    },
    {
        "appVersion": "1.0",
        "at": "2023-03-12 06:42:01",
        "content": "\ud83d\udc4d good",
        "repliedAt": null,
        "replyContent": null,
        "reviewCreatedVersion": "1.0",
        "reviewId": "2c421a93-e692-4af2-85ec-970f4a5a30c8",
        "score": 5,
        "thumbsUpCount": 0,
        "userImage": "https://play-lh.googleusercontent.com/a-/ALV-UjW6OI67snIUILvcQqPGZoIFwbZABYYNa6jUdBRJP-CGSPU",
        "userName": "\uc81c\ub2c8\uc564\ube44\uc218\ube0c\ub9ac\uc624"
    },
    {
        "appVersion": "1.0",
        "at": "2023-03-10 08:28:22",
        "content": "doesn't work",
        "repliedAt": null,
        "replyContent": null,
        "reviewCreatedVersion": "1.0",
        "reviewId": "ea2c01ed-f214-479f-b5c6-750672a8ff8d",
        "score": 1,
        "thumbsUpCount": 0,
        "userImage": "https://play-lh.googleusercontent.com/a/ACg8ocJG6rKonOLhM_JT60B5bg22zX-VdyQG8B17F2umrYk8ng=mo",
        "userName": "Creven Taladro"
    },
    {
        "appVersion": "1.0",
        "at": "2023-03-10 06:12:34",
        "content": "Not working. Samsung A71.",
        "repliedAt": null,
        "replyContent": null,
        "reviewCreatedVersion": "1.0",
        "reviewId": "9f44cc04-3d7c-40b1-809c-92a775d7e29d",
        "score": 1,
        "thumbsUpCount": 1,
        "userImage": "https://play-lh.googleusercontent.com/a-/ALV-UjU58znKAzZqBcqAKycHCa5tjPrPfE8Lm_OErnUxN3J3qi8",
        "userName": "Gerard Fontanilla"
    },
    {
        "appVersion": "1.0",
        "at": "2023-02-25 02:17:27",
        "content": "Good",
        "repliedAt": null,
        "replyContent": null,
        "reviewCreatedVersion": "1.0",
        "reviewId": "609dfc40-b095-4f65-a4d5-94bae8bdd968",
        "score": 5,
        "thumbsUpCount": 0,
        "userImage": "https://play-lh.googleusercontent.com/a/ACg8ocKOa00YXXhR5Mxax-sdBJ-buuKbwEFA6XnQ6gMm1nGz=mo",
        "userName": "RUKMANI KANTARI"
    }
]