[
    {
        "appVersion": null,
        "at": "2022-03-25 06:21:09",
        "content": "best",
        "repliedAt": null,
        "replyContent": null,
        "reviewCreatedVersion": null,
        "reviewId": "dcbd1cf9-d737-4c01-b39a-1f7f5db0e7b2",
        "score": 5,
        "thumbsUpCount": 0,
        "userImage": "https://play-lh.googleusercontent.com/a/ACg8ocLINCHOrpM1P5J4PGQA4FGYStgY43Bsrizy8T0Hfzwz=mo",
        "userName": "Sentayhu Tatek"
    },
    {
        "appVersion": "1.1",
        "at": "2022-02-25 19:57:41",
        "content": "La vitoria Beaconsfield tce Brighton unnasigned and self defence anyway vs Taekwondo",
        "repliedAt": null,
        "replyContent": null,
        "reviewCreatedVersion": "1.1",
        "reviewId": "21361eab-69ae-4341-9fb8-b202b4e6b330",
        "score": 5,
        "thumbsUpCount": 0,
        "userImage": "https://play-lh.googleusercontent.com/a/ACg8ocIURmulsNAAdHNGpapsQb3YCg6-DiX5DlM6u0lofQSM=mo",
        "userName": "Anthony Mascali"
    },
    {
        "appVersion": "1.1",
        "at": "2021-02-11 16:29:48",
        "content": "Kicks and flips Taekwondo \ud83e\udd4b kickboxing \ud83e\udd4a\ud83d\udc4a judo throws.",
        "repliedAt": null,
        "replyContent": null,
        "reviewCreatedVersion": "1.1",
        "reviewId": "6939b6f8-16ff-4cf3-b7f9-c8c9f2709ac9",
        "score": 5,
        "thumbsUpCount": 3,
        "userImage": "https://play-lh.googleusercontent.com/a/ACg8ocK68NBk_9tLdrYoMbDSyEi2gFs9n49ASKOvjnfnrY2P=mo",
        "userName": "Johnleft Jr"
    },
    {
        "appVersion": null,
        "at": "2020-12-02 14:57:43",
        "content": "Bad Never Download \ud83d\ude24\ud83d\ude24\ud83d\ude24\ud83d\ude24\ud83d\ude24\ud83d\ude24\ud83d\ude24\ud83d\ude21\ud83d\ude21\ud83d\ude21\ud83d\ude21\ud83c\udf9b\ufe0f\ud83d\udd19\ud83d\udd19\ud83d\udd19\ud83d\udd19\ud83d\udd19\ud83d\udd19\ud83d\udc4e\ud83d\udc4e\ud83d\udc4e\ud83d\udc4e\ud83d\udc4e\ud83d\udc4f\ud83d\udc4e\ud83d\udc4e\ud83d\udc4e\ud83d\udc4e\ud83d\udc4e\ud83d\udc4e\ud83d\udc4e\ud83d\udc4e\ud83d\udc4e\ud83d\udc4e\ud83d\udc4a\ud83d\udc4a",
        "repliedAt": null,
        "replyContent": null,
        "reviewCreatedVersion": null,
        "reviewId": "983a191f-e5d5-4844-b71d-848575fc1ce6",
        "score": 1,
        "thumbsUpCount": 4,
        "userImage": "https://play-lh.googleusercontent.com/a/ACg8ocJF8H0S2XTUISZeb8eJw3dFTCH2Cwfac1M360BJfxxY=mo",
        "userName": "E Kahoro"
    },
    {
        "appVersion": "1.1",
        "at": "2020-10-17 06:53:03",
        "content": "Nice",
        "repliedAt": null,
        "replyContent": null,
        "reviewCreatedVersion": "1.1",
        "reviewId": "82fcf228-b8e1-49c4-a871-73c6a9f65a9b",
        "score": 5,
        "thumbsUpCount": 4,
        "userImage": "https://play-lh.googleusercontent.com/a/ACg8ocKvCTQiQtxmvMusUEuUAYBJ6Yx5RqhYwZ1cI1XtmqSI=mo",
        "userName": "Jagan Reddy"
    },
    {
        "appVersion": "1.1",
        "at": "2020-01-18 13:02:17",
        "content": "Average teaching.",
        "repliedAt": null,
        "replyContent": null,
        "reviewCreatedVersion": "1.1",
        "reviewId": "00ae9b3e-1bc5-41a1-9525-3d176771c920",
        "score": 3,
        "thumbsUpCount": 3,
        "userImage": "https://play-lh.googleusercontent.com/EGemoI2NTXmTsBVtJqk8jxF9rh8ApRWfsIMQSt2uE4OcpQqbFu7f7NbTK05lx80nuSijCz7sc3a277R67g",
        "userName": "A Google user"
    },
    {
        "appVersion": null,
        "at": "2019-05-16 05:30:33",
        "content": "Awesome",
        "repliedAt": null,
        "replyContent": null,
        "reviewCreatedVersion": null,
        "reviewId": "d55ad520-34fc-475c-81b7-528de761a882",
        "score": 5,
        "thumbsUpCount": 2,
        "userImage": "https://play-lh.googleusercontent.com/EGemoI2NTXmTsBVtJqk8jxF9rh8ApRWfsIMQSt2uE4OcpQqbFu7f7NbTK05lx80nuSijCz7sc3a277R67g",
        "userName": "A Google user"
    },
    {
        "appVersion": "1.0",
        "at": "2018-04-08 19:29:43",
        "content": "Too much publicity",
        "repliedAt": null,
        "replyContent": null,
        "reviewCreatedVersion": "1.0",
        "reviewId": "890f971c-0777-4071-abf1-5ccb5c684a78",
        "score": 2,
        "thumbsUpCount": 10,
        "userImage": "https://play-lh.googleusercontent.com/EGemoI2NTXmTsBVtJqk8jxF9rh8ApRWfsIMQSt2uE4OcpQqbFu7f7NbTK05lx80nuSijCz7sc3a277R67g",
        "userName": "A Google user"
    }
]