[
    {
        "appVersion": null,
        "at": "2023-11-18 08:16:38",
        "content": "Needs more materials",
        "repliedAt": null,
        "replyContent": null,
        "reviewCreatedVersion": null,
        "reviewId": "cc247f02-c640-4fa0-874e-178006bbed5d",
        "score": 2,
        "thumbsUpCount": 0,
        "userImage": "https://play-lh.googleusercontent.com/a/ACg8ocL-Vz_q0LQTYP5l0IKemZ5L9T19pNCvHPKTPLZO6WyD1w=mo",
        "userName": "David T. \u201cTim\u201d Carroll"
    },
    {
        "appVersion": "1.0.018",
        "at": "2023-10-21 07:33:23",
        "content": "\ud83d\udef8\ud83e\udd33",
        "repliedAt": null,
        "replyContent": null,
        "reviewCreatedVersion": "1.0.018",
        "reviewId": "d5d316d5-b520-43b6-85fa-80025b4d765c",
        "score": 5,
        "thumbsUpCount": 0,
        "userImage": "https://play-lh.googleusercontent.com/a-/ALV-UjUUMYYjhSNnpS6-K4tWg1AvaFIRoGlESCwZCj43LHawQT0",
        "userName": "L\u016b\u00e7!f3r"
    }
]