[
    {
        "appVersion": null,
        "at": "2023-11-06 11:08:23",
        "content": "Sadiqshah",
        "repliedAt": null,
        "replyContent": null,
        "reviewCreatedVersion": null,
        "reviewId": "33e43ca6-6270-435b-9f33-c963b68e6939",
        "score": 5,
        "thumbsUpCount": 0,
        "userImage": "https://play-lh.googleusercontent.com/a-/ALV-UjVr9JVw3dltDZJcjcsnGwbqW08Vya8eeofFl2hpSnVJcg",
        "userName": "sadiq khan"
    },
    {
        "appVersion": "3.0",
        "at": "2023-04-05 12:58:47",
        "content": "Great!",
        "repliedAt": null,
        "replyContent": null,
        "reviewCreatedVersion": "3.0",
        "reviewId": "cabd06f2-9c46-437e-b4f0-72f6aa50dfa6",
        "score": 5,
        "thumbsUpCount": 0,
        "userImage": "https://play-lh.googleusercontent.com/a/ACg8ocJ8-orjGNN_XEp4eULKNmPbIZ92iWXR_MJ3txgrJQNn=mo",
        "userName": "Frankie Ortega"
    },
    {
        "appVersion": null,
        "at": "2023-03-05 13:15:27",
        "content": "Good App",
        "repliedAt": null,
        "replyContent": null,
        "reviewCreatedVersion": null,
        "reviewId": "f95cc2db-dcbe-4f0e-ab6e-d72b3b4a9e53",
        "score": 5,
        "thumbsUpCount": 0,
        "userImage": "https://play-lh.googleusercontent.com/a/ACg8ocLhgloIQnRnV5jX5FgFgIGw1UXEDoM0R5Xy4CLK8h9Z=mo",
        "userName": "Ali Fredrick Ali Fredrick"
    },
    {
        "appVersion": "3.0",
        "at": "2023-01-06 22:14:07",
        "content": "Way way too many ads",
        "repliedAt": null,
        "replyContent": null,
        "reviewCreatedVersion": "3.0",
        "reviewId": "8d53d918-4299-4c9e-b401-e7089c2f1f45",
        "score": 1,
        "thumbsUpCount": 1,
        "userImage": "https://play-lh.googleusercontent.com/a/ACg8ocKyDxCNJTfE8EYATMvB-YhreaOUjnCIcP0AHlXmtNkZ=mo",
        "userName": "spiffy pictures and fnaf fan the object thingy"
    },
    {
        "appVersion": "2.0",
        "at": "2023-01-03 21:43:28",
        "content": "Ads are hard to rid of and are too frequent. Very difficult to use.",
        "repliedAt": null,
        "replyContent": null,
        "reviewCreatedVersion": "2.0",
        "reviewId": "ed36be14-c7fa-4529-b7bc-3d7832bf8a33",
        "score": 1,
        "thumbsUpCount": 2,
        "userImage": "https://play-lh.googleusercontent.com/a/ACg8ocKTdTbnYXtWc5SfCCjBpHwkOFOT_C_iZqqjDUJmY6jG=mo",
        "userName": "cyanide jack"
    },
    {
        "appVersion": null,
        "at": "2022-12-29 10:13:20",
        "content": "Ok I think it could be more recent",
        "repliedAt": null,
        "replyContent": null,
        "reviewCreatedVersion": null,
        "reviewId": "c561eb99-8230-4077-b503-70283d9a1ae7",
        "score": 4,
        "thumbsUpCount": 0,
        "userImage": "https://play-lh.googleusercontent.com/a-/ALV-UjU45k--HFpErJC28K6kKFA_gw7Gw3Tv88mRhwPJwBQOAKs",
        "userName": "Tyson Ross"
    },
    {
        "appVersion": "2.0",
        "at": "2022-12-27 22:36:01",
        "content": "To all my phone \ud83d\udcf1 friends and who ever else is reading this Don't waste your time with this app it doesn't work at all, so don't waste your time in telling you I wish someone would have told me before I wasted my time with this no good app,. So if you run across any like this drop me a thumbs down before I waste any more of my time... Thank you and may this year be better than your last... Over and Out... Bye-bye and so long.",
        "repliedAt": null,
        "replyContent": null,
        "reviewCreatedVersion": "2.0",
        "reviewId": "f8a8ad37-bd08-4637-87f7-3d8d29b25143",
        "score": 1,
        "thumbsUpCount": 3,
        "userImage": "https://play-lh.googleusercontent.com/a-/ALV-UjUw28J8Oh_CXrmPryp6w__NLUwMXW5Gto7oKwJbH8kE_vg",
        "userName": "Tyrone"
    },
    {
        "appVersion": null,
        "at": "2022-11-26 18:36:31",
        "content": "Cool \ud83d\ude0e",
        "repliedAt": null,
        "replyContent": null,
        "reviewCreatedVersion": null,
        "reviewId": "23ed26e1-e447-419d-b5ec-1602af1681e7",
        "score": 3,
        "thumbsUpCount": 0,
        "userImage": "https://play-lh.googleusercontent.com/a-/ALV-UjVHDDtjaqGh1FgVZMz9-WiuqWNI6FscQSYWJguhKQBphAY",
        "userName": "Chris Osborne"
    },
    {
        "appVersion": "1.0",
        "at": "2022-10-28 08:53:41",
        "content": "I gave it two stars instead of five because of too many ads when being used but all in all it's actually good",
        "repliedAt": null,
        "replyContent": null,
        "reviewCreatedVersion": "1.0",
        "reviewId": "46b0b14a-0566-4bcd-921e-bd4e8b99daef",
        "score": 2,
        "thumbsUpCount": 6,
        "userImage": "https://play-lh.googleusercontent.com/a-/ALV-UjUFEOU9YVbaNNw_zYU97SvDen8JzZgFFYFIz01ZcJKqAw",
        "userName": "Augustino Lyatuu"
    },
    {
        "appVersion": "1.0",
        "at": "2022-10-21 03:06:58",
        "content": "It ok it always fun it use.but also I'm a noose person",
        "repliedAt": null,
        "replyContent": null,
        "reviewCreatedVersion": "1.0",
        "reviewId": "2070a1cd-ca60-4d91-9cb6-445308d024e4",
        "score": 4,
        "thumbsUpCount": 2,
        "userImage": "https://play-lh.googleusercontent.com/a-/ALV-UjV8ZCmDGXu_yyqzmS3FcTMtFr70SgKz8Do05l7eYNtVnpM",
        "userName": "Ryan"
    },
    {
        "appVersion": null,
        "at": "2022-09-14 09:41:18",
        "content": "HAARP",
        "repliedAt": null,
        "replyContent": null,
        "reviewCreatedVersion": null,
        "reviewId": "77c54a86-7f57-44d4-a576-62c665b243b1",
        "score": 5,
        "thumbsUpCount": 1,
        "userImage": "https://play-lh.googleusercontent.com/a-/ALV-UjUvPmlMXnDMhb-dbKMHrZUf9_81gRwb9MBz3SkEkHzBnDA",
        "userName": "ARDA CINNATI"
    },
    {
        "appVersion": null,
        "at": "2022-09-09 08:39:08",
        "content": "\u0639\u0644\u06cc \u0634\u0647\u0631\u0633\u062a\u0627\u0646\u06cc",
        "repliedAt": null,
        "replyContent": null,
        "reviewCreatedVersion": null,
        "reviewId": "72f52f33-22f8-4df1-aa3e-76330dc8b015",
        "score": 5,
        "thumbsUpCount": 1,
        "userImage": "https://play-lh.googleusercontent.com/a-/ALV-UjW5oMXus5vVDRso0ij9e3s9-4-T-of7H5AiuNdDRfYpXA",
        "userName": "mohammad Ali shahristani"
    }
]