[
    {
        "appVersion": null,
        "at": "2023-11-20 09:25:30",
        "content": "Wow, this so great app.to learn Football",
        "repliedAt": null,
        "replyContent": null,
        "reviewCreatedVersion": null,
        "reviewId": "faaa6d89-6826-4ab7-ab11-67b8916cf70b",
        "score": 5,
        "thumbsUpCount": 0,
        "userImage": "https://play-lh.googleusercontent.com/a-/ALV-UjXfHWgtV2XFkVE7395aSPHM83TOUOKaxdWVy7Chyf6W1w",
        "userName": "Archona Rani"
    },
    {
        "appVersion": null,
        "at": "2023-10-13 08:49:31",
        "content": "Nice",
        "repliedAt": null,
        "replyContent": null,
        "reviewCreatedVersion": null,
        "reviewId": "a5b17f69-89f4-43c1-8384-654f9944c4c2",
        "score": 5,
        "thumbsUpCount": 2,
        "userImage": "https://play-lh.googleusercontent.com/a/ACg8ocKNn43o-WlXnSdhtPJlgNfIsQK0nyWZsdedBNaDvBAW=mo",
        "userName": "Favour Chinedu"
    },
    {
        "appVersion": null,
        "at": "2023-10-07 13:37:51",
        "content": "It's beautiful app\ud83d\ude0d",
        "repliedAt": null,
        "replyContent": null,
        "reviewCreatedVersion": null,
        "reviewId": "8277183c-08a6-4558-ba1f-6a5631c2fc9a",
        "score": 5,
        "thumbsUpCount": 19,
        "userImage": "https://play-lh.googleusercontent.com/a-/ALV-UjWkAO5Dky4LvtFW1qQmEQKQTc9RIibn9pKDo3j1CMPSuwo",
        "userName": "Popal Khan"
    },
    {
        "appVersion": null,
        "at": "2023-10-03 22:49:21",
        "content": "It is realy a very good app for those who are learning football",
        "repliedAt": null,
        "replyContent": null,
        "reviewCreatedVersion": null,
        "reviewId": "8c8f0c98-4246-4c57-85ee-77064839c0f8",
        "score": 5,
        "thumbsUpCount": 19,
        "userImage": "https://play-lh.googleusercontent.com/a/ACg8ocLZW7_hpmJI4w6bQjKSqeEl8QuxAAJX8lBxppdvCsSw=mo",
        "userName": "sneha Ghule"
    },
    {
        "appVersion": null,
        "at": "2023-09-21 14:45:03",
        "content": "I really like the app \ud83d\ude00",
        "repliedAt": null,
        "replyContent": null,
        "reviewCreatedVersion": null,
        "reviewId": "2c19cc80-6f74-48f2-8b88-0b31344d0aab",
        "score": 5,
        "thumbsUpCount": 28,
        "userImage": "https://play-lh.googleusercontent.com/a-/ALV-UjX4QRrgYXb1AUtd5kZMNKC6H2ihFLa9oSjxGhydPI9GO5I",
        "userName": "riddle property"
    },
    {
        "appVersion": null,
        "at": "2023-09-13 00:17:13",
        "content": "Good",
        "repliedAt": null,
        "replyContent": null,
        "reviewCreatedVersion": null,
        "reviewId": "db7e6966-e6db-46d0-b3d0-05bdc37ca284",
        "score": 5,
        "thumbsUpCount": 7,
        "userImage": "https://play-lh.googleusercontent.com/a/ACg8ocLgQaHhv3xHSRlKnKlJ43Zs9fes5r8rvbJpTj6xOsQ_=mo",
        "userName": "Paul Adegbusi"
    },
    {
        "appVersion": null,
        "at": "2023-07-17 10:33:42",
        "content": "Wow",
        "repliedAt": null,
        "replyContent": null,
        "reviewCreatedVersion": null,
        "reviewId": "54f025c0-bc37-49cc-b2ae-0d2be7dfee0a",
        "score": 5,
        "thumbsUpCount": 7,
        "userImage": "https://play-lh.googleusercontent.com/a/ACg8ocJZjDLXyWUcYRylzOzxYjmcuyN8gRgkDWHZGd7H2zrb=mo",
        "userName": "Tsion Bizuneh"
    },
    {
        "appVersion": null,
        "at": "2023-06-28 02:23:42",
        "content": "I. Learn. I lot. Of. Skills",
        "repliedAt": null,
        "replyContent": null,
        "reviewCreatedVersion": null,
        "reviewId": "2db72a1c-4aa4-42c7-8b0d-eecb7b67dcad",
        "score": 5,
        "thumbsUpCount": 1,
        "userImage": "https://play-lh.googleusercontent.com/a-/ALV-UjUYQGU2tHLuPaWXOYsn__2JiUjGjBf7OyZ-fOIohEV0_g",
        "userName": "Filmon Belay"
    },
    {
        "appVersion": null,
        "at": "2023-06-23 11:02:52",
        "content": "Good \ud83d\ude0a",
        "repliedAt": null,
        "replyContent": null,
        "reviewCreatedVersion": null,
        "reviewId": "b14c1b7a-ffe3-4cfe-aa7b-f9b88b60237d",
        "score": 3,
        "thumbsUpCount": 25,
        "userImage": "https://play-lh.googleusercontent.com/a/ACg8ocJ00LkJqg55_81bxCIw0d21gkQwb3sQsZLzGzLTxeoq=mo",
        "userName": "Dawit Eyasu"
    },
    {
        "appVersion": null,
        "at": "2023-05-31 21:16:26",
        "content": "\u0631\u06cc\u0627\u0646",
        "repliedAt": null,
        "replyContent": null,
        "reviewCreatedVersion": null,
        "reviewId": "7919f958-38d9-4889-a56e-2b0b2370a65a",
        "score": 4,
        "thumbsUpCount": 17,
        "userImage": "https://play-lh.googleusercontent.com/a/ACg8ocKhwmA8vgGMpowjZ7qd9XVOF5myFQm1M_yOhYhD7O9D=mo",
        "userName": "Kharanijan Kharanijann"
    },
    {
        "appVersion": null,
        "at": "2023-04-30 06:07:17",
        "content": "Good app",
        "repliedAt": null,
        "replyContent": null,
        "reviewCreatedVersion": null,
        "reviewId": "2feaca3d-1f56-43e4-8f6a-945814ed467a",
        "score": 5,
        "thumbsUpCount": 30,
        "userImage": "https://play-lh.googleusercontent.com/a/ACg8ocJqaZaofx5OAJEnqdS941N5PbJ0x8YkiEfKTQji3SOn=mo",
        "userName": "Namugenyi Dorcus"
    }
]