[
    {
        "appVersion": "1.0",
        "at": "2023-06-28 13:45:33",
        "content": "Not working",
        "repliedAt": null,
        "replyContent": null,
        "reviewCreatedVersion": "1.0",
        "reviewId": "a2b98baa-f905-4288-bfe5-0e5bffb713ed",
        "score": 1,
        "thumbsUpCount": 0,
        "userImage": "https://play-lh.googleusercontent.com/a/ACg8ocJLL5X7YOFTQj022Mop0qwIw9kUW6bcYKANO3H226lM=mo",
        "userName": "Vikramaditya Chatterjee"
    },
    {
        "appVersion": "1.0",
        "at": "2023-04-26 21:31:15",
        "content": "Plt legend",
        "repliedAt": null,
        "replyContent": null,
        "reviewCreatedVersion": "1.0",
        "reviewId": "536dfcc2-6f30-4142-9437-cbfd75fd4f5c",
        "score": 4,
        "thumbsUpCount": 0,
        "userImage": "https://play-lh.googleusercontent.com/a/ACg8ocI1iTwLi-EWAN7Yva2raokEmngZyOEfMaP-xTKlTjMU=mo",
        "userName": "Vijay Kumar Bhaai"
    },
    {
        "appVersion": "1.0",
        "at": "2023-04-25 14:57:02",
        "content": "nic",
        "repliedAt": null,
        "replyContent": null,
        "reviewCreatedVersion": "1.0",
        "reviewId": "e012a0db-0032-4cd4-ae82-6341550b083d",
        "score": 5,
        "thumbsUpCount": 0,
        "userImage": "https://play-lh.googleusercontent.com/a-/ALV-UjUyO07iuqDc1qLBBpNFrLhs-iQDEcX5m-q3_At497sWuTk",
        "userName": "SAYFUL ALAM"
    }
]