[
    {
        "appVersion": "1.0.0",
        "at": "2022-11-28 14:42:37",
        "content": "no option to pay to remove ads? they're super annoying. :(",
        "repliedAt": null,
        "replyContent": null,
        "reviewCreatedVersion": "1.0.0",
        "reviewId": "4a4e34a4-27ad-478b-b63b-6085b92c4a3e",
        "score": 2,
        "thumbsUpCount": 1,
        "userImage": "https://play-lh.googleusercontent.com/a-/ALV-UjVEnBZtwR1E9CmvC4QWvdscYFjL8qCNz6eTZPbFJUCa518",
        "userName": "Sara Spelbring"
    }
]