[
    {
        "appVersion": "2.2",
        "at": "2023-11-18 15:17:18",
        "content": "Everyone should",
        "repliedAt": null,
        "replyContent": null,
        "reviewCreatedVersion": "2.2",
        "reviewId": "d02e9eca-f226-4772-ab21-e3d4c2201017",
        "score": 5,
        "thumbsUpCount": 0,
        "userImage": "https://play-lh.googleusercontent.com/a/ACg8ocK1eQ33PNzbls-RqZSvqJfe9P_JaZnBcfCkTc0V91J0=mo",
        "userName": "Christi Kelly"
    },
    {
        "appVersion": null,
        "at": "2023-11-18 10:53:43",
        "content": "No good",
        "repliedAt": null,
        "replyContent": null,
        "reviewCreatedVersion": null,
        "reviewId": "7e9ebc0f-c63b-4c16-84a6-78f3915b03e0",
        "score": 1,
        "thumbsUpCount": 0,
        "userImage": "https://play-lh.googleusercontent.com/a-/ALV-UjVI_vqDHIrayGagAG_nxSaiXDpDDrWc7uOTZe_ha6Lyd42t",
        "userName": "Stuart Pennington"
    },
    {
        "appVersion": "2.2",
        "at": "2023-11-18 08:44:38",
        "content": "good",
        "repliedAt": null,
        "replyContent": null,
        "reviewCreatedVersion": "2.2",
        "reviewId": "714e2ba4-dc5c-4d45-83b4-dfc3b6c885cf",
        "score": 5,
        "thumbsUpCount": 0,
        "userImage": "https://play-lh.googleusercontent.com/a-/ALV-UjX0q5tfjc4NkLmXGJAtkqxJX9_lqRy5YTUnmFTLiWCdlA",
        "userName": "HashamAzeemi"
    },
    {
        "appVersion": "2.2",
        "at": "2023-11-13 15:18:58",
        "content": "I can't log in",
        "repliedAt": null,
        "replyContent": null,
        "reviewCreatedVersion": "2.2",
        "reviewId": "beab2956-0754-46fa-977a-529d99055fc6",
        "score": 1,
        "thumbsUpCount": 0,
        "userImage": "https://play-lh.googleusercontent.com/a-/ALV-UjU-fOCKD6qWDTPwmvnWBcddSIFpvuPqhfBnVxxdebcPBw",
        "userName": "Rodin Delaroca"
    },
    {
        "appVersion": "2.2",
        "at": "2023-11-11 05:42:11",
        "content": "It's super easy and it doesn't take much out of my daily time.",
        "repliedAt": null,
        "replyContent": null,
        "reviewCreatedVersion": "2.2",
        "reviewId": "7d12a7a9-7e33-452d-af37-3de7f78e0d50",
        "score": 5,
        "thumbsUpCount": 1,
        "userImage": "https://play-lh.googleusercontent.com/a/ACg8ocI7WGigw8_9uISxGP0BCcHpWcjXUIM9xi35LRuMk3R4=mo",
        "userName": "Wes Hackensmith"
    },
    {
        "appVersion": "2.2",
        "at": "2023-11-09 22:04:57",
        "content": "is this legit or what?? there's no response to code referral",
        "repliedAt": null,
        "replyContent": null,
        "reviewCreatedVersion": "2.2",
        "reviewId": "1802999e-da74-4a54-9778-4e84a0680fdf",
        "score": 1,
        "thumbsUpCount": 1,
        "userImage": "https://play-lh.googleusercontent.com/a-/ALV-UjWMqPaXdd9yofOQDrSwqYs-N2c9MFIj312xGBLUJ7lEwYE",
        "userName": "rein ortiz"
    },
    {
        "appVersion": "2.2",
        "at": "2023-11-09 08:23:08",
        "content": "Worst app.",
        "repliedAt": null,
        "replyContent": null,
        "reviewCreatedVersion": "2.2",
        "reviewId": "3eebd27c-3bf8-4ec0-aad5-d6e911439abb",
        "score": 1,
        "thumbsUpCount": 0,
        "userImage": "https://play-lh.googleusercontent.com/a-/ALV-UjU4lOT63rXeuVqq9BQTnWTxVl9QZmTXGudBcopWnq7jHA",
        "userName": "Sourav Bhattacharjee"
    },
    {
        "appVersion": "2.2",
        "at": "2023-11-08 22:34:18",
        "content": "fake app do not download zero star for me",
        "repliedAt": null,
        "replyContent": null,
        "reviewCreatedVersion": "2.2",
        "reviewId": "34393bdb-4256-4c98-aa4a-0250e90f2c83",
        "score": 1,
        "thumbsUpCount": 2,
        "userImage": "https://play-lh.googleusercontent.com/a-/ALV-UjXfoblU7CfVxCmtiz4BVS4VQM9ei5sFbKXQDY1d9olz1Q",
        "userName": "Andi Luna"
    },
    {
        "appVersion": "2.2",
        "at": "2023-11-07 07:50:14",
        "content": "This is a good application. is the best app you are download this app now@",
        "repliedAt": null,
        "replyContent": null,
        "reviewCreatedVersion": "2.2",
        "reviewId": "9726ea81-4c0e-4171-98a7-7b0e3be631c6",
        "score": 5,
        "thumbsUpCount": 1,
        "userImage": "https://play-lh.googleusercontent.com/a/ACg8ocLyYtx3IalcMoY7tbWx0QoUI1_PlaNHNRr0x9dMIXml=mo",
        "userName": "Shubham kumar"
    },
    {
        "appVersion": null,
        "at": "2023-11-07 05:22:50",
        "content": "very nice and useful application...superb experience@",
        "repliedAt": null,
        "replyContent": null,
        "reviewCreatedVersion": null,
        "reviewId": "462b4d5c-b595-47fd-a4cc-a980917f8a22",
        "score": 5,
        "thumbsUpCount": 0,
        "userImage": "https://play-lh.googleusercontent.com/a/ACg8ocKxf9ytnU24KVF_faa_1Brbsfxa1ChxcRQ5XUnM98o5=mo",
        "userName": "Rohit Kevat"
    },
    {
        "appVersion": "2.2",
        "at": "2023-11-07 04:37:46",
        "content": "The easiest way to earn money is to download Bitcoin mining cloud BTC miner@@@@@",
        "repliedAt": null,
        "replyContent": null,
        "reviewCreatedVersion": "2.2",
        "reviewId": "d255f9e2-6178-472d-8fef-e8911c34158a",
        "score": 5,
        "thumbsUpCount": 1,
        "userImage": "https://play-lh.googleusercontent.com/a/ACg8ocIYWiuXLU_rn2_CN07sVOMPIvIy7pfS4OEhFECZzXsO=mo",
        "userName": "Pramod Kadam"
    },
    {
        "appVersion": "2.2",
        "at": "2023-11-07 03:34:20",
        "content": "I really surprised that I can earn very easily by this Bitcoin app@@@@",
        "repliedAt": null,
        "replyContent": null,
        "reviewCreatedVersion": "2.2",
        "reviewId": "b8aeccce-fca8-42d5-a44b-1ccbc3eab81c",
        "score": 5,
        "thumbsUpCount": 1,
        "userImage": "https://play-lh.googleusercontent.com/a/ACg8ocKyee77J_Qys4KZH2lEG8k0YdAdpGt4Dx0xsuYBRrYAxA=mo",
        "userName": "Aaditya Kadam"
    },
    {
        "appVersion": "2.2",
        "at": "2023-11-07 00:45:26",
        "content": "best mining app @@",
        "repliedAt": null,
        "replyContent": null,
        "reviewCreatedVersion": "2.2",
        "reviewId": "ba7bc01f-ba7d-42cd-9c6c-f14bcadd8aae",
        "score": 5,
        "thumbsUpCount": 1,
        "userImage": "https://play-lh.googleusercontent.com/a-/ALV-UjWaJFq3GIAa3b4DO3nsExZXAXYCTwmaXz0zcIhLEvVRrQ",
        "userName": "Technically Rakesh Rakesh"
    },
    {
        "appVersion": null,
        "at": "2023-11-06 14:10:33",
        "content": "Works great but I can't change PW or change info tried support get the unmanned email something any fix would be great thanks no other issues works as said in my opinion",
        "repliedAt": null,
        "replyContent": null,
        "reviewCreatedVersion": null,
        "reviewId": "af921ffa-c543-4240-a759-34886ae88914",
        "score": 4,
        "thumbsUpCount": 1,
        "userImage": "https://play-lh.googleusercontent.com/a-/ALV-UjXrXliKFqfNy9Jd_WlBIKOeSXXTUU6oyQI25OuyyptQRVQ",
        "userName": "Louis Robert"
    },
    {
        "appVersion": "2.2",
        "at": "2023-11-05 01:24:12",
        "content": "\ud83e\udd11\ud83e\udd11\ud83e\udd22\ud83e\udd11\ud83e\udd11\ud83e\udd11\ud83e\udd11",
        "repliedAt": null,
        "replyContent": null,
        "reviewCreatedVersion": "2.2",
        "reviewId": "d7a51477-ed9e-4d17-a78a-60fb1662dac2",
        "score": 5,
        "thumbsUpCount": 2,
        "userImage": "https://play-lh.googleusercontent.com/a-/ALV-UjUJClrggyzFfQ5ASASR-zrkFjzxaqHNhqBMR3oEfpnZrqQ",
        "userName": "Keith Mickel"
    },
    {
        "appVersion": "1.1",
        "at": "2023-11-03 00:51:34",
        "content": "I like this platform very easy-to-use. U have an option to mine for free or invest a little of your own money. Has different lower amounts to invest. There is little to no risk in losing anything.",
        "repliedAt": null,
        "replyContent": null,
        "reviewCreatedVersion": "1.1",
        "reviewId": "59fe7fb1-4a43-4e74-9e98-aca8215ffc8b",
        "score": 5,
        "thumbsUpCount": 3,
        "userImage": "https://play-lh.googleusercontent.com/a-/ALV-UjWyg1j_v1fF8QiozFsaTLtKUt7pOwATYRdQq8pqUjIX6g",
        "userName": "KC Diggins"
    },
    {
        "appVersion": null,
        "at": "2023-10-31 00:15:09",
        "content": "This app is 100 % fake scam don't even try it it just want record your email account when you put email already registered when you put another one username slready taken fake scamer",
        "repliedAt": null,
        "replyContent": null,
        "reviewCreatedVersion": null,
        "reviewId": "0c697361-ef65-4e2c-ab6e-09e436204e27",
        "score": 1,
        "thumbsUpCount": 4,
        "userImage": "https://play-lh.googleusercontent.com/a/ACg8ocIEGJ9DV22gzzUyZL21DLKTgR-40oDGYWntukV1hhsY=mo",
        "userName": "Abdella Ababillo"
    },
    {
        "appVersion": null,
        "at": "2023-10-28 12:17:50",
        "content": "Doesn't work.",
        "repliedAt": null,
        "replyContent": null,
        "reviewCreatedVersion": null,
        "reviewId": "1d846471-2d82-4df6-95f3-5d91321321a8",
        "score": 1,
        "thumbsUpCount": 0,
        "userImage": "https://play-lh.googleusercontent.com/a-/ALV-UjWdlpM0HlLRP3-pUfw7PcWba-SjOiFGiZsFL9Co_dR-Fbgm",
        "userName": "Darren Mundy"
    },
    {
        "appVersion": null,
        "at": "2023-10-26 12:36:04",
        "content": "Think",
        "repliedAt": null,
        "replyContent": null,
        "reviewCreatedVersion": null,
        "reviewId": "7e1a4b69-9e62-496f-a754-6d4477091d4e",
        "score": 3,
        "thumbsUpCount": 2,
        "userImage": "https://play-lh.googleusercontent.com/a-/ALV-UjVEmtSU73_2vKmvpRsL5aStB9Sig6KhSCEczHDJ-RCNLBU",
        "userName": "Prakashkumar Joshi P,H,Joshi"
    },
    {
        "appVersion": "1.1",
        "at": "2023-10-26 05:00:47",
        "content": "Well it's okay the app is good",
        "repliedAt": null,
        "replyContent": null,
        "reviewCreatedVersion": "1.1",
        "reviewId": "e0a8b3dd-f28e-4ff9-bad0-573f5d8975c5",
        "score": 2,
        "thumbsUpCount": 3,
        "userImage": "https://play-lh.googleusercontent.com/a/ACg8ocIRCZzXUQ99FYceEEStbdzRsD5kyXJrxiSQc0ziZify=mo",
        "userName": "\uc74c\uc545\uc740 \uc778\uc0dd\uc774\ub2e4Sugabts"
    },
    {
        "appVersion": "1.1",
        "at": "2023-10-26 01:27:19",
        "content": "As this app real? I think it's not real. They will not pay. With in estimate they show that they will give you minimum 2.5 BTC while need 2500000 token which will complete in 28 years. So with in a year or two the app will disappear.",
        "repliedAt": null,
        "replyContent": null,
        "reviewCreatedVersion": "1.1",
        "reviewId": "81d87281-2e49-4ff5-bfc4-b6aa2f6f8e92",
        "score": 1,
        "thumbsUpCount": 25,
        "userImage": "https://play-lh.googleusercontent.com/a/ACg8ocK54Sr84ZklnNwGLe9vMBnLtxdEGSbNJy_KEIr637r8=mo",
        "userName": "Sajidullah Mashwani"
    },
    {
        "appVersion": null,
        "at": "2023-10-25 21:23:13",
        "content": "It does take time but mostly runs while I'm at work anyway. It is an amazing platform tho",
        "repliedAt": null,
        "replyContent": null,
        "reviewCreatedVersion": null,
        "reviewId": "35d006eb-6ed5-43b4-9ad1-26360c38914d",
        "score": 5,
        "thumbsUpCount": 2,
        "userImage": "https://play-lh.googleusercontent.com/a-/ALV-UjUGc_vHPDxa-uHFWhfjBsYxgJnIOftEGrvAmiISoobMT8wN",
        "userName": "Jason"
    },
    {
        "appVersion": "1.1",
        "at": "2023-10-25 06:10:46",
        "content": "i like this app but very slowly",
        "repliedAt": null,
        "replyContent": null,
        "reviewCreatedVersion": "1.1",
        "reviewId": "3c133f21-9c46-4e35-b137-de9576f28c6f",
        "score": 2,
        "thumbsUpCount": 3,
        "userImage": "https://play-lh.googleusercontent.com/a/ACg8ocJpRCe4MWQXc0JXhRevPj5A8IGvlNvjWJGN8ZwKmWDk=mo",
        "userName": "Sai Aye"
    },
    {
        "appVersion": "1.1",
        "at": "2023-10-24 07:15:38",
        "content": "Great apk nice one",
        "repliedAt": null,
        "replyContent": null,
        "reviewCreatedVersion": "1.1",
        "reviewId": "c0bed919-cb71-4574-9301-52e5f6ae3ace",
        "score": 5,
        "thumbsUpCount": 1,
        "userImage": "https://play-lh.googleusercontent.com/a/ACg8ocIdz2jASA7nSsHMEn458-no9nZU-WP6taOIML-ry_yf=mo",
        "userName": "Femzy Daniel"
    },
    {
        "appVersion": null,
        "at": "2023-10-22 01:37:04",
        "content": "App doesnt work",
        "repliedAt": null,
        "replyContent": null,
        "reviewCreatedVersion": null,
        "reviewId": "4626cba6-b665-47cf-9961-4159885a0acf",
        "score": 1,
        "thumbsUpCount": 1,
        "userImage": "https://play-lh.googleusercontent.com/a-/ALV-UjXBuEudS8l46XeRRfEOU4opsRd3cO8Gdx-mbGWvfBS3RII",
        "userName": "Mark Heading"
    },
    {
        "appVersion": null,
        "at": "2023-10-21 11:34:34",
        "content": "Very outclass and interesting application and I recommend it \ud83c\udfaf",
        "repliedAt": null,
        "replyContent": null,
        "reviewCreatedVersion": null,
        "reviewId": "ec36522f-9a02-42d8-9f0a-d7ecd5a8ad85",
        "score": 5,
        "thumbsUpCount": 2,
        "userImage": "https://play-lh.googleusercontent.com/a/ACg8ocJK1_9e7Gn3or7WygW7bvbEWJZUZEkfExNKbkc70GLJ=mo",
        "userName": "SH MEHMOOD"
    },
    {
        "appVersion": null,
        "at": "2023-10-21 01:18:08",
        "content": "Something seems Sus. I'm out.",
        "repliedAt": null,
        "replyContent": null,
        "reviewCreatedVersion": null,
        "reviewId": "cd960443-6249-4470-85de-4c1091cd6a7b",
        "score": 1,
        "thumbsUpCount": 1,
        "userImage": "https://play-lh.googleusercontent.com/a-/ALV-UjUkxJ0gIO_a-vcPwwev2DIAGYwFRosfJ-ABUWpGLGcgh7w",
        "userName": "Travis McAndrews"
    },
    {
        "appVersion": "1.1",
        "at": "2023-10-20 23:34:17",
        "content": "I subscribed for executive plan and up till now still in Free plan. Whats goin on.",
        "repliedAt": null,
        "replyContent": null,
        "reviewCreatedVersion": "1.1",
        "reviewId": "d6a13516-b7ef-454e-b072-ec7b33dbd127",
        "score": 1,
        "thumbsUpCount": 2,
        "userImage": "https://play-lh.googleusercontent.com/a-/ALV-UjWGZyeOa9R9pVITyKE6617R9Sl1THaMFm1i_THQHS6Gnkw",
        "userName": "Ogechi Madu"
    },
    {
        "appVersion": null,
        "at": "2023-10-20 09:50:50",
        "content": "It is outstanding application. It is excellent application. I like this application \ud83e\ude82",
        "repliedAt": null,
        "replyContent": null,
        "reviewCreatedVersion": null,
        "reviewId": "a6e8ddb1-85f1-4d54-8c1e-4aa935da10d5",
        "score": 5,
        "thumbsUpCount": 1,
        "userImage": "https://play-lh.googleusercontent.com/a-/ALV-UjUqfe6sfviuOXyt9d2yDSOQXY8W4rGv5Hq_L5mliOcgtQ",
        "userName": "Raghv Bishnoi Zz"
    },
    {
        "appVersion": null,
        "at": "2023-10-17 14:01:45",
        "content": "Bitcoin Mining Cloud BTC Miner is a useful and fast working application \ud83c\udf34",
        "repliedAt": null,
        "replyContent": null,
        "reviewCreatedVersion": null,
        "reviewId": "60f2b61f-3279-4e14-917f-199b3ecde30d",
        "score": 5,
        "thumbsUpCount": 2,
        "userImage": "https://play-lh.googleusercontent.com/a-/ALV-UjX1ReSMHGIlXooZGW2Vg0FYaJf_BZ5N8YpYXrP9PTK4UmGo",
        "userName": "Anum Shafique #1"
    },
    {
        "appVersion": "1.1",
        "at": "2023-10-17 13:24:47",
        "content": "\u09ab\u09c7\u0995 \u09aa\u09cd\u09b0\u099c\u09c7\u0995\u09cd\u099f, \u09af\u09c7\u09ae\u09a8: \u099f\u09c7\u09b2\u09bf\u0997\u09cd\u09b0\u09be\u09ae \u0997\u09cd\u09b0\u09c1\u09aa \u0993 \u099f\u09c1\u0987\u099f\u09be\u09b0 \u0997\u09cd\u09b0\u09c1\u09aa \u09a8\u09c7\u0987\u0964",
        "repliedAt": null,
        "replyContent": null,
        "reviewCreatedVersion": "1.1",
        "reviewId": "1a81ac8a-2af2-4b4a-9a4c-09b0842bb51d",
        "score": 1,
        "thumbsUpCount": 1,
        "userImage": "https://play-lh.googleusercontent.com/a-/ALV-UjUR9LWN_osd1TW8BkwHD92F23-TN49p1WxRGYt7HbekD-I",
        "userName": "MD. SURUJ MIA"
    },
    {
        "appVersion": null,
        "at": "2023-10-17 13:07:10",
        "content": "Scam",
        "repliedAt": null,
        "replyContent": null,
        "reviewCreatedVersion": null,
        "reviewId": "e9ebe366-7523-4357-8a09-7ed9efbf073c",
        "score": 1,
        "thumbsUpCount": 1,
        "userImage": "https://play-lh.googleusercontent.com/a-/ALV-UjVytjZlQkojckGX5AC0zMHEwYrdp_D2b49yP-yW8HXhy74",
        "userName": "Mohammad Hamdan"
    },
    {
        "appVersion": null,
        "at": "2023-10-17 12:39:44",
        "content": "Bitcoin Cloud Mining is a brilliant application to mine btc coins.\ud83c\udf34",
        "repliedAt": null,
        "replyContent": null,
        "reviewCreatedVersion": null,
        "reviewId": "8169fed4-4a4c-491c-9d72-aba4279af90e",
        "score": 5,
        "thumbsUpCount": 1,
        "userImage": "https://play-lh.googleusercontent.com/a-/ALV-UjWXmX4QHMvJVlrTWJfXXRzw0kl_bZyMG71jT2f6LoGJweA",
        "userName": "Dale Steyn MW"
    },
    {
        "appVersion": null,
        "at": "2023-10-17 12:32:09",
        "content": "Very excellent application\ud83c\udf34",
        "repliedAt": null,
        "replyContent": null,
        "reviewCreatedVersion": null,
        "reviewId": "394ec6d5-94fb-452f-99bd-e33cc13b53c7",
        "score": 5,
        "thumbsUpCount": 1,
        "userImage": "https://play-lh.googleusercontent.com/a/ACg8ocJ4kLcQjDVbbEpax6N6NNo4wJrpw-u68JH7t-9l6SsLLQ=mo",
        "userName": "Aimaa 26un"
    },
    {
        "appVersion": null,
        "at": "2023-10-17 09:59:19",
        "content": "This mining application is my favourite \ud83c\udf34",
        "repliedAt": null,
        "replyContent": null,
        "reviewCreatedVersion": null,
        "reviewId": "2524abbc-a52a-4f4d-980d-27a811a2f554",
        "score": 5,
        "thumbsUpCount": 1,
        "userImage": "https://play-lh.googleusercontent.com/a/ACg8ocIwaUU8tiunFPWL0YCcGD0ZI091sJQnlFWK4SYFXOzn=mo",
        "userName": "Zaki 294h"
    },
    {
        "appVersion": null,
        "at": "2023-10-16 19:05:38",
        "content": "Good Good app\ud83d\udcaa\ud83d\udcaa",
        "repliedAt": null,
        "replyContent": null,
        "reviewCreatedVersion": null,
        "reviewId": "c1dbb0fe-f307-4c85-a5e1-95d865507b1a",
        "score": 5,
        "thumbsUpCount": 1,
        "userImage": "https://play-lh.googleusercontent.com/a-/ALV-UjUNHojOyWKlL_JPzCvAAXXezQpEM95KkNcvtP7F1IjHww",
        "userName": "MTHOKOZISI MHLALEKHO"
    },
    {
        "appVersion": "1.1",
        "at": "2023-10-15 11:27:26",
        "content": "Will the dream finally become reality?",
        "repliedAt": null,
        "replyContent": null,
        "reviewCreatedVersion": "1.1",
        "reviewId": "ea622497-fe4c-467c-9b3a-bce3fb2d9733",
        "score": 5,
        "thumbsUpCount": 1,
        "userImage": "https://play-lh.googleusercontent.com/a/ACg8ocJ2t1beApJD_zIGtyU7_aiX2AqVBAAbz6aT_vtR5_St=mo",
        "userName": "Yaqoub Sedghi"
    },
    {
        "appVersion": "1.1",
        "at": "2023-10-14 01:45:53",
        "content": "Making \ud83e\udd11\ud83d\udcb0 All day 24/7",
        "repliedAt": null,
        "replyContent": null,
        "reviewCreatedVersion": "1.1",
        "reviewId": "2cbc2b56-366a-4055-bc46-dd328bfc9cc6",
        "score": 5,
        "thumbsUpCount": 3,
        "userImage": "https://play-lh.googleusercontent.com/a-/ALV-UjVsYY0pDLyoAa3CLpsjoFSZdpnVC044bZoaj9pyVXkGU5g",
        "userName": "Raul Perez"
    },
    {
        "appVersion": null,
        "at": "2023-10-13 22:18:48",
        "content": "Awesomely awesome thank you",
        "repliedAt": null,
        "replyContent": null,
        "reviewCreatedVersion": null,
        "reviewId": "5839a8be-e040-436c-bb7c-a7ed3e34809e",
        "score": 5,
        "thumbsUpCount": 2,
        "userImage": "https://play-lh.googleusercontent.com/a-/ALV-UjVBHjwMroumhrrnbBblgq0x0wGjFezhzP61a57kx-hiuA",
        "userName": "Kela Wright"
    },
    {
        "appVersion": "1.1",
        "at": "2023-10-10 18:49:28",
        "content": "Ok",
        "repliedAt": null,
        "replyContent": null,
        "reviewCreatedVersion": "1.1",
        "reviewId": "c66e1353-afde-479f-b2a3-5bbe2ecfcb8d",
        "score": 4,
        "thumbsUpCount": 2,
        "userImage": "https://play-lh.googleusercontent.com/a/ACg8ocJ_KUKyhR6O5CZ_Y9N8QakH8bscayI2QWQWI7LhrRVG=mo",
        "userName": "Joseph Leger"
    },
    {
        "appVersion": "1.1",
        "at": "2023-10-10 10:51:03",
        "content": "I love Bitcoln mining, it's a win, win, situation.",
        "repliedAt": null,
        "replyContent": null,
        "reviewCreatedVersion": "1.1",
        "reviewId": "db36adf3-9c47-4c9b-bfed-bda2558e1167",
        "score": 5,
        "thumbsUpCount": 1,
        "userImage": "https://play-lh.googleusercontent.com/a-/ALV-UjWQVpDpZ0xODbS21FzEwQSi_ZHFoxEk5Kri68_BMrJs5K8",
        "userName": "Patricia Blakley"
    },
    {
        "appVersion": null,
        "at": "2023-10-08 01:03:01",
        "content": "No mani",
        "repliedAt": null,
        "replyContent": null,
        "reviewCreatedVersion": null,
        "reviewId": "12c39c99-4e5c-4979-9d10-07aa2bd6f5c4",
        "score": 1,
        "thumbsUpCount": 2,
        "userImage": "https://play-lh.googleusercontent.com/a/ACg8ocKby1wrpKLgQ4seoTe-ysBJIHMmLUUjgBLN7VQ8zaA-=mo",
        "userName": "\u0645\u062d\u0633\u0646 \u0627\u0647\u0648\u0627\u0632\u06cc"
    },
    {
        "appVersion": "1.1",
        "at": "2023-10-07 04:57:44",
        "content": "\ud835\udd43\ud835\udd60\ud835\udd60\ud835\udd5c\ud835\udd5a\ud835\udd5f\ud835\udd58",
        "repliedAt": null,
        "replyContent": null,
        "reviewCreatedVersion": "1.1",
        "reviewId": "075ed69f-a922-4793-9447-a86b05dce9cb",
        "score": 3,
        "thumbsUpCount": 1,
        "userImage": "https://play-lh.googleusercontent.com/a/ACg8ocKLmD-FWEnF4lRZvthwXn1RwpavXYIHbloXR0ouQlE=mo",
        "userName": "James Amponsah"
    },
    {
        "appVersion": "1.1",
        "at": "2023-10-07 03:53:34",
        "content": "Learning lots",
        "repliedAt": null,
        "replyContent": null,
        "reviewCreatedVersion": "1.1",
        "reviewId": "f31b419f-f618-4508-b55e-971ebfa9b2fd",
        "score": 5,
        "thumbsUpCount": 2,
        "userImage": "https://play-lh.googleusercontent.com/a-/ALV-UjWYsO12orSDjiriqc78ejN_vcnrNZqFp8hNgVqjckULRI8y",
        "userName": "Sara Trosper"
    },
    {
        "appVersion": null,
        "at": "2023-10-06 14:39:41",
        "content": "great job best application very nice",
        "repliedAt": null,
        "replyContent": null,
        "reviewCreatedVersion": null,
        "reviewId": "c76650a5-66fd-42a4-b381-5d78ff7719d6",
        "score": 3,
        "thumbsUpCount": 2,
        "userImage": "https://play-lh.googleusercontent.com/a/ACg8ocI6HFzDnvdGJOioPSKA2kH8z1kiSyAbLZWqY_IP4FOl=mo",
        "userName": "Lakshitha Sadamal"
    },
    {
        "appVersion": "1.1",
        "at": "2023-10-05 15:06:09",
        "content": "This the world big scaming app",
        "repliedAt": null,
        "replyContent": null,
        "reviewCreatedVersion": "1.1",
        "reviewId": "4c32c2f3-86d1-4e88-9e6b-1764b67dd53c",
        "score": 1,
        "thumbsUpCount": 1,
        "userImage": "https://play-lh.googleusercontent.com/a/ACg8ocLANVIiEjS_evDtdXFEjyOerwURrya2bJODoIKE-1Hb=mo",
        "userName": "Tayyab Xaab"
    },
    {
        "appVersion": null,
        "at": "2023-10-05 00:42:50",
        "content": "Like",
        "repliedAt": null,
        "replyContent": null,
        "reviewCreatedVersion": null,
        "reviewId": "d2022586-fdc1-4628-826b-ea6bb7708899",
        "score": 4,
        "thumbsUpCount": 3,
        "userImage": "https://play-lh.googleusercontent.com/a-/ALV-UjVOThiUZHXv6dzz1sP3ivm7SygN5zvWC4wrq1GoHLqkVQ",
        "userName": "Tricia Arthurs"
    },
    {
        "appVersion": null,
        "at": "2023-10-04 03:58:29",
        "content": "Nice",
        "repliedAt": null,
        "replyContent": null,
        "reviewCreatedVersion": null,
        "reviewId": "8bd89d6b-541c-47ac-af1c-b734588a1ce6",
        "score": 5,
        "thumbsUpCount": 3,
        "userImage": "https://play-lh.googleusercontent.com/a/ACg8ocKqXrfj69xa8IdoZ1VREKuansxM-9H1fYJfa_SgXLSa=mo",
        "userName": "Kwaw Monies"
    },
    {
        "appVersion": "1.1",
        "at": "2023-10-03 21:34:18",
        "content": "Awesome",
        "repliedAt": null,
        "replyContent": null,
        "reviewCreatedVersion": "1.1",
        "reviewId": "80101122-b707-4c8c-ac9e-9993ae4513ca",
        "score": 5,
        "thumbsUpCount": 0,
        "userImage": "https://play-lh.googleusercontent.com/a-/ALV-UjVSb6CkyDGFCF1pSHsMiKFYXThrlwyKoVpfHOF85Vaqsg",
        "userName": "Edward Blackned"
    },
    {
        "appVersion": null,
        "at": "2023-10-02 00:54:50",
        "content": "As this app real?",
        "repliedAt": null,
        "replyContent": null,
        "reviewCreatedVersion": null,
        "reviewId": "0fe18656-7feb-4944-a866-91e127a73e92",
        "score": 5,
        "thumbsUpCount": 2,
        "userImage": "https://play-lh.googleusercontent.com/a/ACg8ocJH0HlycFa2ZSjjeVH04F69VvempVtbesdY5Q7LJioH=mo",
        "userName": "Sharafat Mastan"
    },
    {
        "appVersion": "1.1",
        "at": "2023-10-01 15:22:39",
        "content": "To meany ads",
        "repliedAt": null,
        "replyContent": null,
        "reviewCreatedVersion": "1.1",
        "reviewId": "5128dc77-7487-43c5-9193-cbfe9676c329",
        "score": 3,
        "thumbsUpCount": 4,
        "userImage": "https://play-lh.googleusercontent.com/a/ACg8ocL5kXoxGgborHvvmJnbSdnMzwMZ1bMV6QhFRSN_4Gy1=mo",
        "userName": "Bo Goodall"
    },
    {
        "appVersion": "1.1",
        "at": "2023-09-29 21:24:37",
        "content": "Too many ads. Every time I hit a button I have to watch an ad.",
        "repliedAt": null,
        "replyContent": null,
        "reviewCreatedVersion": "1.1",
        "reviewId": "b7ca3f5b-3419-4edc-8a18-b9af2357ffc3",
        "score": 3,
        "thumbsUpCount": 11,
        "userImage": "https://play-lh.googleusercontent.com/a-/ALV-UjUWBPpZjdmI4RzwHpB9nlM8sSMv3d9sAigZvaO54KaFqw",
        "userName": "Dianna \u201cDee Dee Schumann\u201d Rodgers"
    },
    {
        "appVersion": null,
        "at": "2023-09-28 05:11:30",
        "content": "Good app",
        "repliedAt": null,
        "replyContent": null,
        "reviewCreatedVersion": null,
        "reviewId": "5fb5b598-5569-486c-94eb-01a7268d3924",
        "score": 5,
        "thumbsUpCount": 2,
        "userImage": "https://play-lh.googleusercontent.com/a-/ALV-UjXtyWQUJ9t11aj0J7mPZa2AGptf95q1nCcYW6C5HAA_bQ",
        "userName": "Wajid Hussain"
    },
    {
        "appVersion": "1.1",
        "at": "2023-09-27 09:32:10",
        "content": "Best BTC app I have used",
        "repliedAt": null,
        "replyContent": null,
        "reviewCreatedVersion": "1.1",
        "reviewId": "99ff325c-51ab-4463-a5f9-69d58f01fdc4",
        "score": 5,
        "thumbsUpCount": 3,
        "userImage": "https://play-lh.googleusercontent.com/a/ACg8ocLn67VtnNvp-dUNRs7cCQV-KslteLZfEQoj6Z-02YhYyw=mo",
        "userName": "Jason Byrd"
    },
    {
        "appVersion": "1.1",
        "at": "2023-09-27 02:52:19",
        "content": "Easy to get the just of and enjoy playing right away.",
        "repliedAt": null,
        "replyContent": null,
        "reviewCreatedVersion": "1.1",
        "reviewId": "d9fbc28a-9a43-462f-9b90-ab9d4dfaf45d",
        "score": 5,
        "thumbsUpCount": 5,
        "userImage": "https://play-lh.googleusercontent.com/a/ACg8ocIABor0n4HUYZJH2v3vdGDtjKOWfKkY_BsBUWEj9WVQ=mo",
        "userName": "steven Grosjean"
    },
    {
        "appVersion": "1.1",
        "at": "2023-09-26 22:46:46",
        "content": "To much ads",
        "repliedAt": null,
        "replyContent": null,
        "reviewCreatedVersion": "1.1",
        "reviewId": "03800369-f649-493d-9ebe-07bded36dbc5",
        "score": 1,
        "thumbsUpCount": 3,
        "userImage": "https://play-lh.googleusercontent.com/a-/ALV-UjVLf9BmJO93xGaKuXnEV0qaW9TkalQdrkZKNW5nkepVtDQ",
        "userName": "Blue Wallpaper"
    },
    {
        "appVersion": "1.1",
        "at": "2023-09-26 11:03:51",
        "content": "Giving two star first because i don't understand at all about d app until i fingure it out well",
        "repliedAt": null,
        "replyContent": null,
        "reviewCreatedVersion": "1.1",
        "reviewId": "7597e277-744a-4812-85ec-04b676302c96",
        "score": 2,
        "thumbsUpCount": 5,
        "userImage": "https://play-lh.googleusercontent.com/a/ACg8ocKekg674nKAFfxMv1zzy90z-tKXmiE-bBisIlivo3Wk=mo",
        "userName": "FAVOUR ANYIAH"
    },
    {
        "appVersion": "1.1",
        "at": "2023-09-24 12:33:36",
        "content": "Good",
        "repliedAt": null,
        "replyContent": null,
        "reviewCreatedVersion": "1.1",
        "reviewId": "b29239c8-5dfc-4953-bd48-64e65571dfb8",
        "score": 4,
        "thumbsUpCount": 2,
        "userImage": "https://play-lh.googleusercontent.com/a-/ALV-UjVFo3EuPEPNtHSYyqnPKQCUsmMV2BpaNNerVk4v0SpQIqU",
        "userName": "Abdollah Maleki"
    },
    {
        "appVersion": "1.1",
        "at": "2023-09-24 04:15:11",
        "content": "Enjoy it \ud83e\udd11",
        "repliedAt": null,
        "replyContent": null,
        "reviewCreatedVersion": "1.1",
        "reviewId": "295a97ff-538f-4f02-b83e-fdf24249c65e",
        "score": 5,
        "thumbsUpCount": 0,
        "userImage": "https://play-lh.googleusercontent.com/a-/ALV-UjU27TK_Ail3rPep1OhsmWM-cl2MHH4rsqy9Lt46yp7kdf5i",
        "userName": "James Garrett"
    },
    {
        "appVersion": "1.1",
        "at": "2023-09-22 12:22:24",
        "content": "Very easy to understand It's a easy way to earn money online \ud83d\udc4d\ud83d\ude04",
        "repliedAt": null,
        "replyContent": null,
        "reviewCreatedVersion": "1.1",
        "reviewId": "796743ea-8432-488e-b718-2e5403969d48",
        "score": 4,
        "thumbsUpCount": 7,
        "userImage": "https://play-lh.googleusercontent.com/a/ACg8ocLxV_Q1wCY4hRVDndwAwPjCkLJsMqp0C2jq5dVNLtL2-7E=mo",
        "userName": "Claudette Sonia Leitsamo"
    },
    {
        "appVersion": "1.1",
        "at": "2023-09-22 07:58:58",
        "content": "Only been using for a few days, but still unsure how legit it is.. seems a good app looks proffesional. But messaged them about something and had no reply yet. if anyone has used this app and has good or bad feedback let me know please..",
        "repliedAt": null,
        "replyContent": null,
        "reviewCreatedVersion": "1.1",
        "reviewId": "4488f61d-b78a-4e1d-ba15-aa0736f58603",
        "score": 3,
        "thumbsUpCount": 25,
        "userImage": "https://play-lh.googleusercontent.com/a/ACg8ocKrpA8UXq2J2zU2YHrP3l8Dpfvxg19vTki4_rZqEKyT=mo",
        "userName": "Barrie Davies"
    },
    {
        "appVersion": "1.1",
        "at": "2023-09-21 05:41:52",
        "content": "The slowest mining rate out of any app I've ever used and then they have these little gambling games that you never win on and it takes all your earn Bitcoin away... Lame!",
        "repliedAt": null,
        "replyContent": null,
        "reviewCreatedVersion": "1.1",
        "reviewId": "76ad4dcb-b358-4613-b606-eeac678bce4b",
        "score": 1,
        "thumbsUpCount": 22,
        "userImage": "https://play-lh.googleusercontent.com/a-/ALV-UjW9c2srh2Vz2xsDa5t5mpuKzZ8dLclDzRqSDEB0-81HUA",
        "userName": "Jerl Spinelli Jr"
    },
    {
        "appVersion": "1.1",
        "at": "2023-09-19 23:46:17",
        "content": "So far seems easy now we shall see if this is legit",
        "repliedAt": null,
        "replyContent": null,
        "reviewCreatedVersion": "1.1",
        "reviewId": "41983297-e244-4428-83ec-654caafda017",
        "score": 5,
        "thumbsUpCount": 4,
        "userImage": "https://play-lh.googleusercontent.com/a/ACg8ocLuFYWvHyA0LdkDf5Z2Jzsaz9u0stMNBmmseeIHujYN=mo",
        "userName": "Amy Alvarez"
    },
    {
        "appVersion": "1.1",
        "at": "2023-09-19 10:21:14",
        "content": "as of now 5 star. just starting the app. its easy to use...",
        "repliedAt": null,
        "replyContent": null,
        "reviewCreatedVersion": "1.1",
        "reviewId": "afe1fb87-ffa9-45b3-ac46-69fb1ec750b8",
        "score": 5,
        "thumbsUpCount": 5,
        "userImage": "https://play-lh.googleusercontent.com/a/ACg8ocJ4YyfWHLnoOvPNuartfcaDE3d3T6uy97EpKrE23822=mo",
        "userName": "Pipoy Palaboy"
    },
    {
        "appVersion": "1.1",
        "at": "2023-09-16 03:49:15",
        "content": "Good app",
        "repliedAt": null,
        "replyContent": null,
        "reviewCreatedVersion": "1.1",
        "reviewId": "368b1f62-6dd6-4dfd-8c17-ac5e546ab1ef",
        "score": 5,
        "thumbsUpCount": 2,
        "userImage": "https://play-lh.googleusercontent.com/a/ACg8ocLhuK91DT51lddr7eyzYPjF1bqdy2dE6Y2lKFO6AbTu=mo",
        "userName": "Kate Saki"
    }
]