[
    {
        "appVersion": "9.8.5",
        "at": "2023-10-13 13:19:29",
        "content": "Easy to use.",
        "repliedAt": null,
        "replyContent": null,
        "reviewCreatedVersion": "9.8.5",
        "reviewId": "fb36f93e-ce95-4b85-9b86-5b6a8d93755b",
        "score": 5,
        "thumbsUpCount": 0,
        "userImage": "https://play-lh.googleusercontent.com/a-/ALV-UjUa3l6_zGfWUF-kQ08JHEXewj5R_WGGsWeAZ3D9bqfODsY",
        "userName": "Graylin Presbury"
    },
    {
        "appVersion": "9.8.5",
        "at": "2023-08-10 18:34:55",
        "content": "Check Mobile deposit status is not communicated to the user, neither rejected nor accepted/credited. It's only shows if logged into Mobile app. Also auto capture of the check is not working properly, always says too bright. The total software upgrade recently done is not at all user friendly. No statements available, none of the previously deposited/issued check images are not shown. It is hard to get previous statements with images of checks. Customer service is very very inefficient,long wait",
        "repliedAt": null,
        "replyContent": null,
        "reviewCreatedVersion": "9.8.5",
        "reviewId": "47dab6d6-177a-47e2-8064-6eb45e5a056c",
        "score": 2,
        "thumbsUpCount": 0,
        "userImage": "https://play-lh.googleusercontent.com/a/ACg8ocJuKo0g6ACpUEpwkhbu3Nt1sKDN0Lr9iXHyWYsogDxe=mo",
        "userName": "vijayamohan kokatam"
    }
]