[
    {
        "appVersion": "1.1",
        "at": "2021-08-15 04:05:28",
        "content": "I should have selected: \" remind me later:can't judge by the cover",
        "repliedAt": null,
        "replyContent": null,
        "reviewCreatedVersion": "1.1",
        "reviewId": "e733261d-da6a-4735-b3e7-452bf04d6f68",
        "score": 3,
        "thumbsUpCount": 1,
        "userImage": "https://play-lh.googleusercontent.com/a-/ALV-UjUC043JZy_V9h-YFnzQ9jVLi1yhe1vLxKclLoIJzyeXRQ",
        "userName": "Elwood Sacks"
    },
    {
        "appVersion": null,
        "at": "2021-05-04 15:42:19",
        "content": "I cool",
        "repliedAt": null,
        "replyContent": null,
        "reviewCreatedVersion": null,
        "reviewId": "7c87e5a5-96c8-40fa-a18c-b5bd52fd07f9",
        "score": 4,
        "thumbsUpCount": 2,
        "userImage": "https://play-lh.googleusercontent.com/a-/ALV-UjUrDRF1_FMRWU_0wHuvxDWYlnHgiAN8hJrlZ6jelj6WaQ",
        "userName": "Shalmon Robinson"
    }
]