[
    {
        "appVersion": null,
        "at": "2023-11-20 11:30:34",
        "content": "Very perfect application \ud83d\udce2",
        "repliedAt": null,
        "replyContent": null,
        "reviewCreatedVersion": null,
        "reviewId": "63c4fc92-1d5c-454b-9052-97dec237038c",
        "score": 5,
        "thumbsUpCount": 0,
        "userImage": "https://play-lh.googleusercontent.com/a/ACg8ocLvBhHysinbEcgkVx83Ip5WBEot514e9TCv7rKLP_nZ=mo",
        "userName": "KASHIF KASHIF 02"
    },
    {
        "appVersion": "6.6",
        "at": "2023-11-20 11:12:21",
        "content": "They took payment for my subscription for the second week of mining then put me back onto the free mine plan so I would say it's a scam",
        "repliedAt": null,
        "replyContent": null,
        "reviewCreatedVersion": "6.6",
        "reviewId": "2c77c52d-2a65-4797-ad37-d5fc7890c15e",
        "score": 1,
        "thumbsUpCount": 0,
        "userImage": "https://play-lh.googleusercontent.com/a/ACg8ocL3jMG_6CYm6YqC3OpiNWsYiBv4cjQ2MaYQV58nJmZh=mo",
        "userName": "Paul Williams"
    },
    {
        "appVersion": "6.6",
        "at": "2023-11-19 06:59:37",
        "content": "I can't believe how easy",
        "repliedAt": null,
        "replyContent": null,
        "reviewCreatedVersion": "6.6",
        "reviewId": "5d5b0a0b-bf23-453c-a5af-6b22ec5b8709",
        "score": 5,
        "thumbsUpCount": 0,
        "userImage": "https://play-lh.googleusercontent.com/a-/ALV-UjUJ25fsvn17yC53QtT_cHN6q3plXBFUOFYx5LhqFIVSxoY",
        "userName": "Ra Jones"
    },
    {
        "appVersion": null,
        "at": "2023-11-19 03:53:23",
        "content": "Awesome app \ud83d\udce2",
        "repliedAt": null,
        "replyContent": null,
        "reviewCreatedVersion": null,
        "reviewId": "29d7bad2-eff6-4f9e-b94d-cb6c7938d5f8",
        "score": 5,
        "thumbsUpCount": 0,
        "userImage": "https://play-lh.googleusercontent.com/a-/ALV-UjUo0dYDy9raFOQKGtuTaLmtTFaDABYRa8aPoyivwt9AqQ",
        "userName": "Levis Super Anila"
    },
    {
        "appVersion": null,
        "at": "2023-11-18 15:58:26",
        "content": "ETH cloud miner is the well and goood and perfect mining app etherium can easily be mined by using this app \ud83c\udf34",
        "repliedAt": null,
        "replyContent": null,
        "reviewCreatedVersion": null,
        "reviewId": "fd7c3107-5383-4ecf-bfb3-191870f60c50",
        "score": 5,
        "thumbsUpCount": 0,
        "userImage": "https://play-lh.googleusercontent.com/a/ACg8ocIekg46KzGs__RPokk5vrgn8iqS37SIzSBhHznXwSfZ=mo",
        "userName": "Jaweria Tariq"
    },
    {
        "appVersion": "6.6",
        "at": "2023-11-18 15:38:59",
        "content": "I can't find my withdraw address to withdraw amount from app! Any help please?",
        "repliedAt": null,
        "replyContent": null,
        "reviewCreatedVersion": "6.6",
        "reviewId": "497ee639-7877-4767-9bae-0d91f5b4379c",
        "score": 5,
        "thumbsUpCount": 0,
        "userImage": "https://play-lh.googleusercontent.com/a/ACg8ocJ3bKGvoN7sHSc6d8ja9pHKFL4p3BDmZmoWRc3sr1Vc=mo",
        "userName": "Ilir Krasniqi"
    },
    {
        "appVersion": null,
        "at": "2023-11-18 11:53:26",
        "content": "It is great application. I like this application very much. It is awesome application \ud83d\ude18",
        "repliedAt": null,
        "replyContent": null,
        "reviewCreatedVersion": null,
        "reviewId": "d225cdf8-4c18-42ae-9095-4b19cd3ced4c",
        "score": 5,
        "thumbsUpCount": 0,
        "userImage": "https://play-lh.googleusercontent.com/a-/ALV-UjV5hOpxiiOtyV6fwtLxfpI9XZBwdvxdTu7j-hVKsjNnVQ",
        "userName": "Sultan Gujjar Zz"
    },
    {
        "appVersion": null,
        "at": "2023-11-18 05:08:20",
        "content": "ETH cloud miner is best application to use and download it's really awesome application to use and install \ud83c\udf34",
        "repliedAt": null,
        "replyContent": null,
        "reviewCreatedVersion": null,
        "reviewId": "161420d0-40b9-420c-86ec-2eb76f4653d5",
        "score": 5,
        "thumbsUpCount": 0,
        "userImage": "https://play-lh.googleusercontent.com/a/ACg8ocKGwvlUMheI5ZgCHIQ_4pPOTWbD1bB7FqSn-VxmwYdA=mo",
        "userName": "Urooj Rasheed (Fur)"
    },
    {
        "appVersion": null,
        "at": "2023-11-17 10:37:37",
        "content": "It is excellent application. It is outstanding application \ud83d\ude18",
        "repliedAt": null,
        "replyContent": null,
        "reviewCreatedVersion": null,
        "reviewId": "8c349c13-58ae-4119-87aa-598c2bb597f1",
        "score": 5,
        "thumbsUpCount": 0,
        "userImage": "https://play-lh.googleusercontent.com/a-/ALV-UjXsRraOX3eIdKc0Aji8dJxW8Lt60O1kCoyol2JFpRkhhQ",
        "userName": "Robot Reloaded Zz"
    },
    {
        "appVersion": null,
        "at": "2023-11-17 07:16:40",
        "content": "Good app \ud83d\udce2",
        "repliedAt": null,
        "replyContent": null,
        "reviewCreatedVersion": null,
        "reviewId": "c1562566-18b0-49f2-8821-1b243c070565",
        "score": 5,
        "thumbsUpCount": 0,
        "userImage": "https://play-lh.googleusercontent.com/a/ACg8ocJM5YcgqrVU75_nfF_Tq12YPjK-pwGjnQdVaItJBlIY=mo",
        "userName": "Levis Afridi Bundhu"
    },
    {
        "appVersion": null,
        "at": "2023-11-17 06:12:06",
        "content": "best app i ever use this app easy and fastest app\ud83d\udce2",
        "repliedAt": null,
        "replyContent": null,
        "reviewCreatedVersion": null,
        "reviewId": "c3c14920-d60b-498e-84ce-186cca7b09b0",
        "score": 5,
        "thumbsUpCount": 0,
        "userImage": "https://play-lh.googleusercontent.com/a/ACg8ocJh2fG15t_bW-qypdz_gOPgCBzheS8MJifj3iBALUsf=mo",
        "userName": "Eva Reem"
    },
    {
        "appVersion": "6.6",
        "at": "2023-11-16 23:51:45",
        "content": "Bogus concept and fake reviews all within 3 days, same statements and grammar level / errors + use a '@' wherever they'd put a '!', which is almost every recent review . Anyone with such hardware would just mine themselves - why pay u to do nothing? + Min withdrawal looks to be roughly $500 equivalent? I dl it literally so you don't have to. They also explicitly state they will take your data + contacts & trade / sell / value their business with it unlike what the summary says (c privacy note)",
        "repliedAt": null,
        "replyContent": null,
        "reviewCreatedVersion": "6.6",
        "reviewId": "91f40212-aa59-4ad3-aea9-ac806636ec55",
        "score": 1,
        "thumbsUpCount": 6,
        "userImage": "https://play-lh.googleusercontent.com/a-/ALV-UjXww1Tqprh8Y9VCPuW75SALrnpJK7ZYFMKncQMGswcghhQ6",
        "userName": "Giovanni Finney-Long"
    },
    {
        "appVersion": null,
        "at": "2023-11-16 12:48:10",
        "content": "Outclass and perfect application \ud83d\udce2",
        "repliedAt": null,
        "replyContent": null,
        "reviewCreatedVersion": null,
        "reviewId": "4a533900-1483-43c8-9d1d-fe8236cf0449",
        "score": 5,
        "thumbsUpCount": 0,
        "userImage": "https://play-lh.googleusercontent.com/a/ACg8ocISfSuKyQnlVSYjIrmC3SFRKTdwdGNjVGvUoDvneVAq=mo",
        "userName": "SH SAKARAM"
    },
    {
        "appVersion": "6.6",
        "at": "2023-11-15 11:31:55",
        "content": "ETH cloud miner is very good application it is very useful application the bestest app i have ever used \ud83c\udf34",
        "repliedAt": null,
        "replyContent": null,
        "reviewCreatedVersion": "6.6",
        "reviewId": "46cdf967-97c4-4b8a-96e6-5b039c550879",
        "score": 5,
        "thumbsUpCount": 0,
        "userImage": "https://play-lh.googleusercontent.com/a-/ALV-UjWbx9MC9BXHwrjS8e0VRVyJDxjHTyXZGZB6kmN3-WtSHw",
        "userName": "Jaweriya Tariq"
    },
    {
        "appVersion": "6.6",
        "at": "2023-11-15 11:21:38",
        "content": "Has anyone withdrawan any amount?? It will took around 8 years to complete the minimum amount to withdraw. ITS A BIG SCAM.",
        "repliedAt": null,
        "replyContent": null,
        "reviewCreatedVersion": "6.6",
        "reviewId": "d82f0f4e-f0b0-47ed-857f-1ed8ed9cbce1",
        "score": 1,
        "thumbsUpCount": 3,
        "userImage": "https://play-lh.googleusercontent.com/a/ACg8ocIJkQbB5Ssf3xO0CI6rtbDspUCcc2tClPZ4klZAqUoJ=mo",
        "userName": "Sandeep singh"
    },
    {
        "appVersion": null,
        "at": "2023-11-15 07:42:40",
        "content": "ETH Cloud miner - earn Ethereum app is a user-friendly and efficient way to mine Ethereum on your mobile device. With its simple interface and high payout, it's a great option for those looking to earn cryptocurrency.\ud83c\udf34",
        "repliedAt": null,
        "replyContent": null,
        "reviewCreatedVersion": null,
        "reviewId": "169b95d1-54c8-4e60-9c24-ff833723d9a8",
        "score": 5,
        "thumbsUpCount": 0,
        "userImage": "https://play-lh.googleusercontent.com/a/ACg8ocIXHHS-44iB3RvZidTVC6bcN2Bd9DHBbC9mwuLqhWmD=mo",
        "userName": "insha khan"
    },
    {
        "appVersion": null,
        "at": "2023-11-15 07:23:46",
        "content": "This application is very easy to use \ud83d\udcaa\ud83d\udcaf\ud83c\udf39",
        "repliedAt": null,
        "replyContent": null,
        "reviewCreatedVersion": null,
        "reviewId": "75739951-199c-4088-89fa-2f3ee726c1c1",
        "score": 5,
        "thumbsUpCount": 0,
        "userImage": "https://play-lh.googleusercontent.com/a/ACg8ocK6bzh3595nQMceK9qE0pB53yg0c69LQORF29yQ-T1w=mo",
        "userName": "Pakistan zindabad"
    },
    {
        "appVersion": "6.6",
        "at": "2023-11-13 14:21:25",
        "content": "\"I love that I can choose from a variety of tasks on Earn app, from surveys to watching videos. It's a great way to earn money without feeling like I'm doing actual work.\"@",
        "repliedAt": null,
        "replyContent": null,
        "reviewCreatedVersion": "6.6",
        "reviewId": "d47128ee-af85-4a39-b9ff-25fbd54f9182",
        "score": 5,
        "thumbsUpCount": 0,
        "userImage": "https://play-lh.googleusercontent.com/a-/ALV-UjWGf4iUDVSCi12nx-OQnGcLSdCpM_mVSwjtK009O92IPw",
        "userName": "MK.k\u00efsh\u00f6r\u00e8 K\u00fam\u00e1r"
    },
    {
        "appVersion": "6.6",
        "at": "2023-11-13 12:42:24",
        "content": "Nice app@",
        "repliedAt": null,
        "replyContent": null,
        "reviewCreatedVersion": "6.6",
        "reviewId": "c44ab067-ec02-414e-b6c6-26554d70c336",
        "score": 4,
        "thumbsUpCount": 0,
        "userImage": "https://play-lh.googleusercontent.com/a/ACg8ocLbiN63__Dqbe7J1poQ0Ys3QAsgWweXlGaukypTfazp=mo",
        "userName": "shrishti poddar"
    },
    {
        "appVersion": "6.6",
        "at": "2023-11-13 11:28:49",
        "content": "An amazing app with fantastic features and nicely managed@",
        "repliedAt": null,
        "replyContent": null,
        "reviewCreatedVersion": "6.6",
        "reviewId": "fae0b90e-bbf4-40f9-8702-9dd5dbbab261",
        "score": 5,
        "thumbsUpCount": 0,
        "userImage": "https://play-lh.googleusercontent.com/a/ACg8ocIw9SGKsaM4mVvzT2wV2_r-BTRZYBY9ih4cpW166VQB=mo",
        "userName": "Munmun Singh"
    },
    {
        "appVersion": "6.6",
        "at": "2023-11-13 08:40:57",
        "content": "Efficient Ethereum mining app maximizes profits with user-friendly interface, robust features, and optimal performance.@",
        "repliedAt": null,
        "replyContent": null,
        "reviewCreatedVersion": "6.6",
        "reviewId": "9cc538c0-3b93-45ab-a346-f4b57045f475",
        "score": 5,
        "thumbsUpCount": 1,
        "userImage": "https://play-lh.googleusercontent.com/a/ACg8ocJJrLuJluGY_c9qkCKvpjROJSw-uSMelqEVn1_SlZVd=mo",
        "userName": "Nothing"
    },
    {
        "appVersion": "6.6",
        "at": "2023-11-13 08:20:29",
        "content": "ETH is good application@",
        "repliedAt": null,
        "replyContent": null,
        "reviewCreatedVersion": "6.6",
        "reviewId": "5008fcf2-f76c-44ab-8aff-29ba6a37459d",
        "score": 5,
        "thumbsUpCount": 0,
        "userImage": "https://play-lh.googleusercontent.com/a-/ALV-UjUMdXt5oNQ9U7vbcmfN9mN2fXpPThJM5GCTWlMgxEbooTI",
        "userName": "bablu kumar"
    },
    {
        "appVersion": "6.6",
        "at": "2023-11-13 08:20:02",
        "content": "This is the latest and digital cryptocurrency mining app which helps you to get ethereum easily. Ethereum is a latest and fastest growing crypto currency and you can earn a lot of money by it @",
        "repliedAt": null,
        "replyContent": null,
        "reviewCreatedVersion": "6.6",
        "reviewId": "62cda8a5-afb7-435e-9116-0d5d92a5a9b4",
        "score": 5,
        "thumbsUpCount": 1,
        "userImage": "https://play-lh.googleusercontent.com/a/ACg8ocLo0ro2VlwG4NUcWVWgbf0_AMSwTbhPsifxa_ifjZYv=mo",
        "userName": "Farooq Ahmad"
    },
    {
        "appVersion": "6.6",
        "at": "2023-11-13 07:14:28",
        "content": "This app is very very beautiful app very interesting app best and good app and I'm best@",
        "repliedAt": null,
        "replyContent": null,
        "reviewCreatedVersion": "6.6",
        "reviewId": "b8840cf6-156e-4a97-886c-a1ffb7fe3b92",
        "score": 5,
        "thumbsUpCount": 0,
        "userImage": "https://play-lh.googleusercontent.com/a-/ALV-UjVKtc85phaD5Co0gTBdCe6gMRbMk8pHf-1X-PRW2fxPgZ8",
        "userName": "Abhishek Kumar"
    },
    {
        "appVersion": "6.6",
        "at": "2023-11-13 05:31:03",
        "content": "@The eth cloud miner app has been a game changer for me, making cryptocurrency mining accessible and hassle-free. Highly recommended",
        "repliedAt": null,
        "replyContent": null,
        "reviewCreatedVersion": "6.6",
        "reviewId": "417e7ccc-1960-45a3-bc06-32c2051c0fa5",
        "score": 5,
        "thumbsUpCount": 0,
        "userImage": "https://play-lh.googleusercontent.com/a-/ALV-UjU94fvlxxH5QLk7JCtm3cgF9e1OIbymC2FBiZn7qnuhFA",
        "userName": "Aditya Waman"
    },
    {
        "appVersion": null,
        "at": "2023-11-13 04:41:32",
        "content": "This app is very very beautiful app and very interesting app and so good app for this app and best app@",
        "repliedAt": null,
        "replyContent": null,
        "reviewCreatedVersion": null,
        "reviewId": "b1643ecd-c23d-490f-a91a-db76df71e1e9",
        "score": 5,
        "thumbsUpCount": 0,
        "userImage": "https://play-lh.googleusercontent.com/a/ACg8ocJtO4XhV4iRnQG8zDcw-4tQuEf4EpXeHHgBwt-yHsVy=mo",
        "userName": "S KUmar"
    },
    {
        "appVersion": "6.6",
        "at": "2023-11-13 04:32:13",
        "content": "ETH cloud miner is very well nice app. I can earn money in my portfolio very easily. Very unique and beautiful in use. I just love it @",
        "repliedAt": null,
        "replyContent": null,
        "reviewCreatedVersion": "6.6",
        "reviewId": "c3c3efb8-3327-4f29-9c77-f6399b9821f8",
        "score": 5,
        "thumbsUpCount": 1,
        "userImage": "https://play-lh.googleusercontent.com/a-/ALV-UjW-chMqPRuO-53A93u2DC9LSyDunIkqxCn5xcbiLXnEKA",
        "userName": "Shubham Verma"
    },
    {
        "appVersion": "6.6",
        "at": "2023-11-13 04:29:31",
        "content": "Very good app for mining etherium on cloud no and good with kyc and easy withdrawal @",
        "repliedAt": null,
        "replyContent": null,
        "reviewCreatedVersion": "6.6",
        "reviewId": "04da7e0d-cbb3-4dec-9280-01ef26bded8b",
        "score": 5,
        "thumbsUpCount": 0,
        "userImage": "https://play-lh.googleusercontent.com/a-/ALV-UjVtFDeDTV5DQz9jGwyYJ2dx4Ep6vgDCJjDHGGGtqB2g1w",
        "userName": "Memes Gayak"
    },
    {
        "appVersion": "6.6",
        "at": "2023-11-13 04:26:27",
        "content": "This app is literally awesome to mine eth on mobile. @",
        "repliedAt": null,
        "replyContent": null,
        "reviewCreatedVersion": "6.6",
        "reviewId": "1a57841f-96dc-484e-9688-9e7f8e239a34",
        "score": 5,
        "thumbsUpCount": 0,
        "userImage": "https://play-lh.googleusercontent.com/a/ACg8ocLulmeIeIh2IFq08bV2wbzwJ8QHQDXUTDEp1Tf253XQ=mo",
        "userName": "Vishal Kumar Nishad"
    },
    {
        "appVersion": null,
        "at": "2023-11-12 23:06:04",
        "content": "No action in app boton. Working or not working not show. I think this app created for cheat our hard money. We aweare before investment.",
        "repliedAt": null,
        "replyContent": null,
        "reviewCreatedVersion": null,
        "reviewId": "9ff2834f-f394-438c-8972-f3c9afa8935a",
        "score": 1,
        "thumbsUpCount": 5,
        "userImage": "https://play-lh.googleusercontent.com/a-/ALV-UjW_eqL577euZeiXjKFiXbvn3EoqNeRlRGIBvHzczvXzJvw",
        "userName": "Ishtiyaq Ali"
    },
    {
        "appVersion": "6.6",
        "at": "2023-11-11 17:19:55",
        "content": "Easy to navigate",
        "repliedAt": null,
        "replyContent": null,
        "reviewCreatedVersion": "6.6",
        "reviewId": "396c7ad7-54db-46f8-8c81-d4b6bf63a436",
        "score": 5,
        "thumbsUpCount": 0,
        "userImage": "https://play-lh.googleusercontent.com/a/ACg8ocJA4rz5CSZh8FhMjmS4gaanuQ3iFu0QFqRMCVWEZ5GU=mo",
        "userName": "Akinjide Ibrahim"
    },
    {
        "appVersion": null,
        "at": "2023-11-11 03:46:04",
        "content": "ETH Cloud Miner- Earn Ethereum is best and amazing app \ud83d\udce2",
        "repliedAt": null,
        "replyContent": null,
        "reviewCreatedVersion": null,
        "reviewId": "060fc7b0-6165-40aa-a325-e99d4410714e",
        "score": 5,
        "thumbsUpCount": 0,
        "userImage": "https://play-lh.googleusercontent.com/a/ACg8ocKnxYh5wVPd05kG-mqvR08OiRp98VeEbkk79LGxfo1a=mo",
        "userName": "Simi SH"
    },
    {
        "appVersion": null,
        "at": "2023-11-11 00:01:16",
        "content": "It is good working application. It is great application. It is amazing application \ud83d\ude18",
        "repliedAt": null,
        "replyContent": null,
        "reviewCreatedVersion": null,
        "reviewId": "46456b8f-0bb5-4900-878f-db24ae2fa9b7",
        "score": 5,
        "thumbsUpCount": 0,
        "userImage": "https://play-lh.googleusercontent.com/a-/ALV-UjW9T8rSADsUw4419Em7aTXUhSkBdy7UZWN9aSph_P-0cw",
        "userName": "Lincoln Green Lincoln"
    },
    {
        "appVersion": null,
        "at": "2023-11-10 04:52:59",
        "content": "ETH Cloud Miner Earn Ethereum is best and most best app\ud83d\udce2",
        "repliedAt": null,
        "replyContent": null,
        "reviewCreatedVersion": null,
        "reviewId": "75a05a14-71aa-42fc-bc8a-86063a1077a5",
        "score": 5,
        "thumbsUpCount": 1,
        "userImage": "https://play-lh.googleusercontent.com/a/ACg8ocKU91kCwBInTIhNDkOGsowVzfxIhzQ-1hdjz8lfdRoo=mo",
        "userName": "Ramzi Arhan SH"
    },
    {
        "appVersion": null,
        "at": "2023-11-10 04:23:42",
        "content": "Eth cloud minier Earn Ethereum application is very nice \ud83d\udc4d to use \ud83c\udf34",
        "repliedAt": null,
        "replyContent": null,
        "reviewCreatedVersion": null,
        "reviewId": "0b741d1d-8a90-43e3-b38e-b8e40164d911",
        "score": 5,
        "thumbsUpCount": 2,
        "userImage": "https://play-lh.googleusercontent.com/a/ACg8ocJSiNbk3FiFghdzMuo6YPaJlSLDzqrCuAwj2udgSMdt=mo",
        "userName": "Motu Patlu"
    },
    {
        "appVersion": null,
        "at": "2023-11-09 22:19:59",
        "content": "It is vary Antaresting best mobile application helping app I use full application v bestd app \ud83d\udce2",
        "repliedAt": null,
        "replyContent": null,
        "reviewCreatedVersion": null,
        "reviewId": "fcaef239-e166-4a45-9031-f42b579ed1b7",
        "score": 5,
        "thumbsUpCount": 1,
        "userImage": "https://play-lh.googleusercontent.com/a/ACg8ocIOSOV2OO3XE4CgqcYTa12RYO1PyfJZj-CP6AiRLMpI=mo",
        "userName": "Rajesh Kumar Singh"
    },
    {
        "appVersion": null,
        "at": "2023-11-09 13:11:49",
        "content": "Eth cloud is very wonderful and outclass application. I highly recommend this application very unique \ud83d\udce2",
        "repliedAt": null,
        "replyContent": null,
        "reviewCreatedVersion": null,
        "reviewId": "bcad7dce-3178-4e86-8229-4bea90be1e33",
        "score": 5,
        "thumbsUpCount": 1,
        "userImage": "https://play-lh.googleusercontent.com/a/ACg8ocJzaFJ4OZEjhfgYZ5-rk2w8hRor-aYnsTj2eXKBOdpP=mo",
        "userName": "Superb 05superb"
    },
    {
        "appVersion": null,
        "at": "2023-11-09 10:52:19",
        "content": "ETH Cloud Miner is an amazing application. It's all features are superb. It's mining process is wonderful. It is highly recommended application.\ud83c\udf34",
        "repliedAt": null,
        "replyContent": null,
        "reviewCreatedVersion": null,
        "reviewId": "b660b940-62bc-4fb0-a9be-300186ee46d4",
        "score": 5,
        "thumbsUpCount": 2,
        "userImage": "https://play-lh.googleusercontent.com/a/ACg8ocJ_M8M7xFNyRjN-FXY8-wPaiMgCIoDzTcPSgD9zkIjx=mo",
        "userName": "The Ayesha"
    },
    {
        "appVersion": null,
        "at": "2023-11-09 05:28:54",
        "content": "ETH Cloud Miner Earn Ethereum is best and amazing app i love it \ud83d\udce2",
        "repliedAt": null,
        "replyContent": null,
        "reviewCreatedVersion": null,
        "reviewId": "146d3a9c-bef2-4016-921c-d79e29c171b2",
        "score": 5,
        "thumbsUpCount": 1,
        "userImage": "https://play-lh.googleusercontent.com/a/ACg8ocImNYdpZdx-WRMDW5QS5yaH6v8sZQHuYgYTI-9Ie6vk=mo",
        "userName": "Suno Chanda SH"
    },
    {
        "appVersion": null,
        "at": "2023-11-08 13:11:53",
        "content": "ETH CLOUD MINER - EARN ETHEREUM APP IS A REAL TIME EARNING APPLICATION \ud83c\udf34",
        "repliedAt": null,
        "replyContent": null,
        "reviewCreatedVersion": null,
        "reviewId": "aeecb90b-196b-4825-8451-3d685225cd39",
        "score": 5,
        "thumbsUpCount": 2,
        "userImage": "https://play-lh.googleusercontent.com/a/ACg8ocIUHy0qj05bVkU0OZFysvad1krFZf_cMJ9P65C8Ar8U=mo",
        "userName": "Online Typing013 az"
    },
    {
        "appVersion": null,
        "at": "2023-11-08 13:08:45",
        "content": "Bakwas mene kya ... aur kuch din baad band ho gaya..",
        "repliedAt": null,
        "replyContent": null,
        "reviewCreatedVersion": null,
        "reviewId": "c4c2f8f3-9a28-4523-baa7-8b8b347778f7",
        "score": 1,
        "thumbsUpCount": 0,
        "userImage": "https://play-lh.googleusercontent.com/a/ACg8ocIOabJzzA6wXh5RE9wK_N_Enb9WNGW0NPakDs3RmJ3C=mo",
        "userName": "Arbaz Khan"
    },
    {
        "appVersion": null,
        "at": "2023-11-08 05:53:39",
        "content": "This is a best application for earn ETH coins.This is a secure and easy application.. Really amazing \ud83c\udf34",
        "repliedAt": null,
        "replyContent": null,
        "reviewCreatedVersion": null,
        "reviewId": "b3206894-4059-4180-8372-5f27bace7d2e",
        "score": 5,
        "thumbsUpCount": 2,
        "userImage": "https://play-lh.googleusercontent.com/a/ACg8ocJc5dkwk34fXwaWRZ-ySmhWc2dvWxFcKvPKulqizmei=mo",
        "userName": "Online earning 1 A M"
    },
    {
        "appVersion": "6.6",
        "at": "2023-11-08 05:51:09",
        "content": "It's not working after a day",
        "repliedAt": null,
        "replyContent": null,
        "reviewCreatedVersion": "6.6",
        "reviewId": "11681242-5969-455f-829c-752d18fcf86c",
        "score": 1,
        "thumbsUpCount": 3,
        "userImage": "https://play-lh.googleusercontent.com/a-/ALV-UjUyQIxiUWfVsn_VzrAAEtBfu93ZsJdoWdfEDS3qfwOn9Uz6",
        "userName": "Kalpesh Meghwal"
    },
    {
        "appVersion": null,
        "at": "2023-11-08 04:39:02",
        "content": "ETH cloud Miner app is a unique application with excellent features \ud83c\udf34",
        "repliedAt": null,
        "replyContent": null,
        "reviewCreatedVersion": null,
        "reviewId": "8dde988b-0a38-436c-9dba-01ea5ada8949",
        "score": 5,
        "thumbsUpCount": 2,
        "userImage": "https://play-lh.googleusercontent.com/a/ACg8ocJfltwebtoJABr_wIKC3D1CBuA59uPAgyVEfn7vAL6f=mo",
        "userName": "Online earning 12 A.M"
    },
    {
        "appVersion": null,
        "at": "2023-11-08 03:04:14",
        "content": "ETH cloud minner is a helpful application \ud83c\udf34",
        "repliedAt": null,
        "replyContent": null,
        "reviewCreatedVersion": null,
        "reviewId": "5bbd3854-bea4-4acb-894c-4e9950587ca3",
        "score": 5,
        "thumbsUpCount": 2,
        "userImage": "https://play-lh.googleusercontent.com/a/ACg8ocLc3veIiQhY-pOUC-3B-gYbVgf-VJ2jLD1B4mxyvpja=mo",
        "userName": "Online earning 28 A.M"
    },
    {
        "appVersion": null,
        "at": "2023-11-08 02:35:29",
        "content": "is the most popular appp easy to use this app like futures\ud83d\udce2",
        "repliedAt": null,
        "replyContent": null,
        "reviewCreatedVersion": null,
        "reviewId": "351ec843-3c88-48dd-995d-92932b511d79",
        "score": 5,
        "thumbsUpCount": 1,
        "userImage": "https://play-lh.googleusercontent.com/a/ACg8ocJZ3wE4-VuFtytNL61gByFD1rNtrZhXWX8wq5AG8BVW=mo",
        "userName": "Yukti Kapoor"
    },
    {
        "appVersion": null,
        "at": "2023-11-08 00:52:53",
        "content": "Good app \ud83d\udce2",
        "repliedAt": null,
        "replyContent": null,
        "reviewCreatedVersion": null,
        "reviewId": "29cfa5b2-0868-4e1f-b6e4-2455b2da3481",
        "score": 5,
        "thumbsUpCount": 1,
        "userImage": "https://play-lh.googleusercontent.com/a/ACg8ocJoYArH22Rd1xJQNEe_SwTpnpiO1xKJmDkgKenSIfG3=mo",
        "userName": "Levis Iqra Mirza"
    },
    {
        "appVersion": null,
        "at": "2023-11-07 22:38:36",
        "content": "ETH Cloud Miner- Earn Ethereum I really interested in this application so good and best working in this application I really like it very much so cool and famous this application \ud83d\udce2",
        "repliedAt": null,
        "replyContent": null,
        "reviewCreatedVersion": null,
        "reviewId": "82886af9-25ba-43af-84e5-cb9be4232a21",
        "score": 5,
        "thumbsUpCount": 2,
        "userImage": "https://play-lh.googleusercontent.com/a/ACg8ocJmahg7mMeKE6Ujvej2sYZu0FXCBJ1U8o5TgbYJmSNb=mo",
        "userName": "Johny Sins K S"
    },
    {
        "appVersion": "6.6",
        "at": "2023-11-07 20:11:48",
        "content": "Scam....\u26a0\ufe0f\u26a0\ufe0f",
        "repliedAt": null,
        "replyContent": null,
        "reviewCreatedVersion": "6.6",
        "reviewId": "4a850d96-98ce-4525-9852-66db0aaeaf83",
        "score": 1,
        "thumbsUpCount": 2,
        "userImage": "https://play-lh.googleusercontent.com/a/ACg8ocIQ4d7eYk-_kUYIsrzfMjEhFMnOJ60kdVVm4QpeuHwL=mo",
        "userName": "sina Triple s"
    },
    {
        "appVersion": "6.6",
        "at": "2023-11-07 15:18:17",
        "content": "So far, it is cool, waiting for withdrawal",
        "repliedAt": null,
        "replyContent": null,
        "reviewCreatedVersion": "6.6",
        "reviewId": "ed900001-2a40-4dc8-a8e4-0ff74a922954",
        "score": 4,
        "thumbsUpCount": 0,
        "userImage": "https://play-lh.googleusercontent.com/a-/ALV-UjVsOkjEzRNilvdcXOJCUyFjBc7Dqezvsdk1R-xphZ3G2Q",
        "userName": "Methz Maz"
    },
    {
        "appVersion": null,
        "at": "2023-11-07 09:17:20",
        "content": "Eth cloud miner is very unique and amazing application m I highly recommend this application very unique \ud83d\udce2",
        "repliedAt": null,
        "replyContent": null,
        "reviewCreatedVersion": null,
        "reviewId": "96be7df2-fe11-4de7-be21-fe35f7e16e47",
        "score": 5,
        "thumbsUpCount": 1,
        "userImage": "https://play-lh.googleusercontent.com/a/ACg8ocLtiFKVz5v36G88oLohyDylvU8kqIw71HHG7tJ1-Tqb=mo",
        "userName": "Hut Son"
    },
    {
        "appVersion": null,
        "at": "2023-11-06 08:22:34",
        "content": "Awesome good app \ud83d\udce2",
        "repliedAt": null,
        "replyContent": null,
        "reviewCreatedVersion": null,
        "reviewId": "71081407-93e5-4898-89f0-534fde6b437e",
        "score": 5,
        "thumbsUpCount": 1,
        "userImage": "https://play-lh.googleusercontent.com/a/ACg8ocIqDI0r6LO1KuuLa0SHMzGeufJ5d4TV09-xnXtz_347=mo",
        "userName": "Levis Wali"
    },
    {
        "appVersion": null,
        "at": "2023-11-05 21:21:01",
        "content": "Just trying this app. If it works I'll update this review to 5 stars or else I'll give it 1 star+report.",
        "repliedAt": null,
        "replyContent": null,
        "reviewCreatedVersion": null,
        "reviewId": "5e2b9c32-5b43-4881-b268-06acb3dd7cf8",
        "score": 3,
        "thumbsUpCount": 1,
        "userImage": "https://play-lh.googleusercontent.com/a/ACg8ocKJwziiEepGgruccjkw4uMGdxzjUfU0KNEA5KIhPu0n=mo",
        "userName": "Amos Marwein"
    },
    {
        "appVersion": "6.6",
        "at": "2023-11-05 13:34:49",
        "content": "Amazing ETH Cloud Miner",
        "repliedAt": null,
        "replyContent": null,
        "reviewCreatedVersion": "6.6",
        "reviewId": "635e36ca-14ef-450a-988b-48c0300f601b",
        "score": 5,
        "thumbsUpCount": 1,
        "userImage": "https://play-lh.googleusercontent.com/a-/ALV-UjVkWFAvmnlSUQiyjMtEfA2lzepH4YrdIOzzl1kNWkqUI20",
        "userName": "Abdulzx"
    },
    {
        "appVersion": "3.3",
        "at": "2023-10-31 18:15:40",
        "content": "When it let's me withdraw then it will get 5 stars",
        "repliedAt": null,
        "replyContent": null,
        "reviewCreatedVersion": "3.3",
        "reviewId": "f6737ccc-d994-41dd-a167-7074a837661b",
        "score": 1,
        "thumbsUpCount": 2,
        "userImage": "https://play-lh.googleusercontent.com/a/ACg8ocJr_WWwGH7pNZIsX58sU09TFWt0qAreepFY5GozEf7X4Io=mo",
        "userName": "Travis Lyon"
    },
    {
        "appVersion": null,
        "at": "2023-10-30 11:31:20",
        "content": "Nice app",
        "repliedAt": null,
        "replyContent": null,
        "reviewCreatedVersion": null,
        "reviewId": "05247a03-6dc0-41b0-a4b2-9bb173bee775",
        "score": 5,
        "thumbsUpCount": 1,
        "userImage": "https://play-lh.googleusercontent.com/a/ACg8ocLxCPj9PKOhh2Mqjq7qpN2D5TdkOte7sTHcdG7mmil0=mo",
        "userName": "Bulbul kar"
    },
    {
        "appVersion": "3.3",
        "at": "2023-10-27 04:31:38",
        "content": "Like the way this app is working \u2764\ufe0f Are you updating or is the server down?",
        "repliedAt": null,
        "replyContent": null,
        "reviewCreatedVersion": "3.3",
        "reviewId": "7cacfc78-55ae-4b8e-8c07-26a2ff297d7b",
        "score": 4,
        "thumbsUpCount": 13,
        "userImage": "https://play-lh.googleusercontent.com/a/ACg8ocJ5sCFGNe4-HR8TkXzn0IW5NemElZ5evkJIYB-kkd14=mo",
        "userName": "Taro Van Rooyen"
    },
    {
        "appVersion": "3.3",
        "at": "2023-10-25 17:12:42",
        "content": "I like it",
        "repliedAt": null,
        "replyContent": null,
        "reviewCreatedVersion": "3.3",
        "reviewId": "be1b287b-6276-49cc-aa95-f10e25c49972",
        "score": 3,
        "thumbsUpCount": 0,
        "userImage": "https://play-lh.googleusercontent.com/a-/ALV-UjVmgw3PTSie_f-l4SfZQxP3wgR_yi5-NlABj5GTL3Vo-Fs",
        "userName": "Hillary Vwede"
    },
    {
        "appVersion": "3.3",
        "at": "2023-10-24 09:38:58",
        "content": "ETH Cloud Min...",
        "repliedAt": null,
        "replyContent": null,
        "reviewCreatedVersion": "3.3",
        "reviewId": "3c35d70b-765f-435f-ac2e-82f3816c512a",
        "score": 5,
        "thumbsUpCount": 1,
        "userImage": "https://play-lh.googleusercontent.com/a-/ALV-UjUzMZah69VwqY3EZJv9CnlVj8NdqMAHmf1fqT7ecrbYCg",
        "userName": "Mohamed Gaani"
    },
    {
        "appVersion": "3.3",
        "at": "2023-10-21 09:32:40",
        "content": "SCAM ALERT \u26a0\ufe0f Min 2.5 eth withdrawal 0.00086400 daily reward = about 7.9 years for payment SCAM ALERT \u26a0\ufe0f",
        "repliedAt": null,
        "replyContent": null,
        "reviewCreatedVersion": "3.3",
        "reviewId": "16aaee36-5cc9-4e42-a1ca-740b606aaf12",
        "score": 1,
        "thumbsUpCount": 24,
        "userImage": "https://play-lh.googleusercontent.com/a-/ALV-UjUw6jmLSGYtfn3lYP2iWZu702IvKgvi-nnTlXQuK7R41II",
        "userName": "Max Mattson"
    },
    {
        "appVersion": null,
        "at": "2023-10-20 21:57:50",
        "content": "good",
        "repliedAt": null,
        "replyContent": null,
        "reviewCreatedVersion": null,
        "reviewId": "3e031032-59bd-4ad6-8a5b-77e13d62e43b",
        "score": 5,
        "thumbsUpCount": 1,
        "userImage": "https://play-lh.googleusercontent.com/a/ACg8ocLEoLHG47WOq_NMrIs-fodIeoOg7IE_6gFXaSp0Cm1y=mo",
        "userName": "mehdi mohamadi"
    },
    {
        "appVersion": "3.3",
        "at": "2023-10-20 11:55:45",
        "content": "Nice app",
        "repliedAt": null,
        "replyContent": null,
        "reviewCreatedVersion": "3.3",
        "reviewId": "598ee098-3cd1-41ed-890c-16207ff3b0e7",
        "score": 5,
        "thumbsUpCount": 1,
        "userImage": "https://play-lh.googleusercontent.com/a/ACg8ocK3y6p3k8hRo1L5rKvc3u-MyU9uIVnwmZFD2HI7JaA=mo",
        "userName": "Omar faruk"
    },
    {
        "appVersion": null,
        "at": "2023-10-19 06:22:18",
        "content": "Not good",
        "repliedAt": null,
        "replyContent": null,
        "reviewCreatedVersion": null,
        "reviewId": "e7d7be20-8590-4ee9-a6cf-bbf660c1befc",
        "score": 1,
        "thumbsUpCount": 2,
        "userImage": "https://play-lh.googleusercontent.com/a/ACg8ocINSp5hqFgFiI-pxqO_KPZP943Li6bvq71M2tcXK1ZY=mo",
        "userName": "Smart Rahul"
    },
    {
        "appVersion": "3.3",
        "at": "2023-10-17 09:59:16",
        "content": "I'm loving the gui. It's easy to learn and calculate. I'm curious to know if you are paying out within 1 day of withdrawal?",
        "repliedAt": null,
        "replyContent": null,
        "reviewCreatedVersion": "3.3",
        "reviewId": "dc55dcf8-72bf-4b84-b3df-771f272e9e85",
        "score": 3,
        "thumbsUpCount": 6,
        "userImage": "https://play-lh.googleusercontent.com/a-/ALV-UjVaYL8hTSzclAZ2iIM6iRnUF9ZhGjPl2veFa7WPnJOCfVg",
        "userName": "Suad H"
    },
    {
        "appVersion": "3.3",
        "at": "2023-10-13 22:40:12",
        "content": "Hello devs,seems like the timing for starting gone mad! It shows negative time remaining!fix soon please",
        "repliedAt": null,
        "replyContent": null,
        "reviewCreatedVersion": "3.3",
        "reviewId": "989a73b4-6af7-4f62-a878-b592283b1e2d",
        "score": 2,
        "thumbsUpCount": 13,
        "userImage": "https://play-lh.googleusercontent.com/a-/ALV-UjWNHO4LF3A5Zubg73U5K8qBbG9E4s2NAaqcllsfUX2dc-Q",
        "userName": "Cyberamboi"
    },
    {
        "appVersion": "1.1",
        "at": "2023-09-29 03:06:57",
        "content": "Good",
        "repliedAt": null,
        "replyContent": null,
        "reviewCreatedVersion": "1.1",
        "reviewId": "dfbfd063-fb1e-4c88-b8c2-391862030f48",
        "score": 3,
        "thumbsUpCount": 0,
        "userImage": "https://play-lh.googleusercontent.com/a/ACg8ocIJolD3d420JsXJhnbPfUQANCyCrfNBYvsk24aHr4TX=mo",
        "userName": "Imran Khalid"
    },
    {
        "appVersion": "1.1",
        "at": "2023-09-26 20:25:34",
        "content": "mdidarhossen",
        "repliedAt": null,
        "replyContent": null,
        "reviewCreatedVersion": "1.1",
        "reviewId": "9004e489-1b5f-4635-bdf9-830df2e01570",
        "score": 5,
        "thumbsUpCount": 1,
        "userImage": "https://play-lh.googleusercontent.com/a-/ALV-UjWzFqmjWd0d1ARjWSndt6akZq87g53i_gZ1WxObXqBNoQ",
        "userName": "Md DIDAR HOSSEN"
    }
]